Date,AAPL,MSFT,NVDA,AVGO,CRM,JPM,BAC,GS,MS,BLK,WFC,JNJ,UNH,LLY,ABBV,MRK,PFE,AMZN,TSLA,HD,MCD,NKE,LOW,CAT,HON,UNP,RTX,GE,DE,GOOGL,META,DIS,NFLX,T,PG,KO,PEP,WMT,COST,CL,XOM,CVX,COP,SLB,EOG,NEE,DUK,SO,AEP,EXC,PLD,AMT,EQIX,SPG,PSA,LIN,APD,NEM,FCX,SHW
2018-01-01,0.30849448515424804,0.1883520636101506,2.7309602713996046,0.5644357021407732,0.4650895966951797,0.29951431811548146,0.545247933154817,0.2914837719367649,0.4750474814701514,0.34129832153330214,-0.14618582154808046,-0.5705177471275784,-0.1239768906331829,-0.7960795785118497,0.5940533215012798,-0.2660790340023639,-0.2720090474791861,1.1654527838777518,0.14181024678502147,-0.017179179706447327,-0.12645164345955312,-0.1428141052274941,0.21755667607662385,0.5546159866983267,-0.06752291968174827,-0.04767453337127124,-0.3667294394114784,-0.30232031023519884,0.32598303536143125,0.01408685212180693,-0.2715867156819577,-0.03000005031355106,1.5050737401884646,-0.289642654016976,-0.8201261625754783,-0.8823522368184599,-0.6026552618766092,-0.8215223114703888,0.3102749720925362,-0.38765986907036054,-0.8601884615873767,-0.17227081646669473,0.14518940485805684,-0.24285377125753543,0.07720769210983841,-0.6713019555062961,-0.7913841642723921,-0.8547854641541044,-0.5648987079626885,-0.5594298926683401,-0.2495524829983115,-0.031147368934264286,0.06664513920988319,-0.49824684476109105,-0.5667227835365556,-0.17294087190456164,-0.257144478943071,-0.2901728663024037,1.6960885927565983,0.38137853037328057
2018-02-01,-0.0289704195166941,0.055924095569370405,2.3501851914362692,0.2916768741296343,0.2555011969282075,0.16262320043911582,0.3010999707755698,0.07598269232835791,0.26118927598003244,0.2653153226907754,-0.020671415220745948,-0.5673654259107108,-0.051639886129016585,-0.7313199860457261,0.4823811822315402,-0.2580672675004565,-0.39744748621128473,0.9145020492605995,0.14342835315011687,0.16221136527760205,-0.005338574301590567,-0.08242672749866764,0.5338568709597356,0.5700193513799705,-0.026405415049647052,-0.08364208893598499,-0.30894991355872287,-0.4252875289308529,0.3798966472154711,0.07836363614006103,-0.19274171041037214,-0.17520063422402316,1.4203203311767203,-0.2835591412704388,-0.6958462158250379,-0.5844843984286653,-0.42916774565504956,-0.1938940903093126,0.17667929063744686,-0.43822134044232564,-0.5511727334436273,-0.1123351779461234,0.12440106987116711,-0.1555022229312864,0.18172814041996152,-0.5235586887941444,-0.7393600483173256,-0.7811526751313589,-0.4905325337812734,-0.48429941135495863,-0.08861881664619749,-0.018666855760317264,0.31330186743031485,-0.42951115185459127,-0.5825353384282621,-0.055118169743922515,-0.17834983790432812,-0.1389718535939528,1.052556854144779,0.2727161727828712
2018-03-01,-0.16785836419659902,0.21867807022811273,2.325691242842813,0.07513350843579703,0.005537240035983465,0.21325074611802616,0.42366526769325097,-0.0016896121659861763,0.18835080875698867,0.13217336119657158,0.0524325428885066,-0.41833544098138453,0.07142846205919406,-0.5960230852197085,0.6453325769036283,-0.06911113865233384,-0.43948880367988685,1.1734882183508863,0.3153186412337305,0.1316213299690036,-0.04612469643871761,-0.16182661437573603,0.29587238080852696,0.38795627351763984,-0.017656487915327576,-0.26503650836137016,-0.2864237249149857,-0.3508665051264442,0.20203832578150535,0.28778552176193817,0.16377834929965795,-0.2355317509843258,1.326825019283147,-0.22260182091809386,-0.5570236949824985,-0.5061214804113441,-0.3670293332857524,-0.25829662458250024,0.04960971740136731,-0.45080861036948094,-0.41437940972629067,-0.10597514366300487,-0.0646140156568325,-0.1382174207394481,0.12462085962823255,-0.3511172038651196,-0.6089716078657091,-0.5839501090699313,-0.4173077524872876,-0.43855348030885255,0.01086644895919231,-0.09487588503744303,0.43217578586925764,-0.4406401926728799,-0.5057254207126765,-0.14271141033502782,-0.3048713364842509,-0.22414283090956005,0.5463675576952527,0.1010626078821912
2018-04-01,0.010109628441095586,0.2659487240691412,2.463597424800671,0.053079901999791984,-0.011400584235615421,0.19149674964322044,0.4146513999968284,-0.04479393158031572,0.16672981052598432,0.11366408530944556,0.1333124142852704,-0.46932260986305474,0.019541427039422632,-0.6912019085736324,0.9030285584656662,-0.020984433399801578,-0.4853825592339501,1.2850359804178224,0.6505929133469691,0.06971474367708169,-0.15474905560019447,-0.18868284914361866,0.3480712630523037,0.30232110995182326,-0.1450836222970559,-0.2841107805574703,-0.26189791593444633,-0.23316622843160822,0.35398289633783386,0.26824037751717,0.18649164391738918,-0.20704033365840624,1.5947755166109405,-0.1692820041858173,-0.5444504733559448,-0.5603745921360571,-0.36124442056880035,-0.24581166547120986,0.022587041532699234,-0.4619827580780689,-0.382413923003274,-0.09858298576859095,-0.034226672281239406,-0.07246151799047919,0.15184079469505338,-0.5367353613502022,-0.6879170880078631,-0.6818162426043977,-0.523983493496743,-0.6087848749922862,-0.15937573224140458,-0.11160270698288921,0.23821649932379985,-0.5432303086696312,-0.6780884581140243,-0.18337658870263074,-0.43557075465112455,-0.2180683501491216,0.8770185996838498,0.06804485163171028
2018-05-01,0.2500000033945007,0.16751340634664735,2.155423359298584,0.22629295903799831,-0.09824447347972959,0.08594359460583986,0.3736292937191454,-0.16655641735274734,0.07554227198133832,0.0027374315140118455,0.24504073996584272,-0.5042233375975383,0.1373949126241899,-0.7652615827063103,0.9711013382304811,0.04835912160824011,-0.601952198984713,1.3808239955841397,0.8154461875715123,0.20877773695469298,-0.14850471290555864,-0.19741237130182795,0.7114729763977868,0.19858982227283734,-0.20025695340815206,-0.2686361620830672,-0.25044232512154535,-0.18242669508251858,0.4100323915636205,0.47280737085633767,0.5127453443998291,-0.23127924159816818,1.6126952953143785,-0.1834982395728802,-0.5161637749075694,-0.6651885898334685,-0.38524335449788516,-0.02383161233899922,0.13881492184307265,-0.5661350369611992,-0.3000319917398766,-0.09776717371086588,-0.11170690492926,-0.03277838362782126,0.2033850941137123,-0.6566141536803385,-0.8159772306252021,-0.786272424462927,-0.6556988918680711,-0.7980923526709421,-0.1335488611584275,-0.13087260590984467,0.21207046730355544,-0.6379887679947197,-0.7782560967148467,-0.2730771434751061,-0.5805118543802172,-0.39056719613817614,1.0830000071868082,0.06133880320103288
2018-06-01,0.15829832063556723,0.26827202107954073,2.018082327079627,-0.008471975176327945,-0.014148501110335013,-0.0014323418515551911,0.2908358059582792,-0.18681094987470725,0.08483246664362168,0.18104601348853708,0.06861297506565442,-0.379451352832987,0.08361352487362167,-0.6654179128133355,0.7341608772603554,-0.003088015559336751,-0.4104481393558356,1.1497209876986474,0.531877882610656,0.14656526656002408,-0.0498198699418739,-0.18668428849516233,0.40330517457951126,0.41347952365451196,-0.12712474169565746,-0.14409156418069996,-0.20107826236432166,-0.32142882824697344,0.29311332787574396,0.3720092386349439,0.38639334070476705,-0.19443167285246227,1.0564368481404507,-0.25683110857001057,-0.39242277897865374,-0.4692195886621794,-0.24633366643599347,-0.06386604688511477,-0.03589758566930669,-0.44555252284054236,-0.23447268642991195,-0.002236501782641037,-0.031187418882345386,-0.11438133939021686,0.19028912313892984,-0.4500818096347476,-0.6281883637796667,-0.656791899515923,-0.5261825963878533,-0.5830339753936196,-0.05427034459352814,-0.06512078857005685,0.12310456228386593,-0.49589599943970586,-0.5557821630675581,-0.14182932604104376,-0.3666574284793265,-0.3640447143043179,0.7344128611860867,0.04475929840438202
2018-07-01,0.25781286291732775,0.3264761693258994,2.024556105510925,0.10599462500018039,-0.037568629685637345,0.055911770086803654,0.2101773749289712,-0.2781962537090144,-0.06226312035501411,0.047619767912237654,0.053636369003592435,-0.26016925857014017,0.13288825757808725,-0.37718689951523054,0.7557069343632754,0.03176220868021321,-0.38857031428919575,1.1300933447120598,0.6271468034016638,0.08388861182298801,-0.10832343460224361,-0.07758757895043739,0.4278742991703273,0.358197659087704,-0.132017103516199,-0.21889825295005128,-0.2067182732087389,-0.3303956351795347,0.3233367246707709,0.35327487062716545,0.4862748823880627,-0.21358105054326498,1.324653364403205,-0.2518970860233019,-0.3522395551195986,-0.42819158755485626,-0.21972383249642896,0.06913412124361096,-0.13329642440984713,-0.49437596201607176,-0.18483926583723861,-0.016417114256732285,-0.023021145504432683,-0.11134444521085644,0.1927043881301896,-0.4368706649183077,-0.5831898627785127,-0.6135893561364187,-0.4903547001317895,-0.5768423454672961,-0.18616838499301125,-0.13125297171166883,0.0492505922041766,-0.5444488873115727,-0.5432194584734014,-0.22671890126932676,-0.4736708565318404,-0.5338152325443146,0.6272222027995988,-0.09686848593217501
2018-08-01,0.29686730415552315,0.3992099981512167,2.0488145937581486,0.09125588114204192,0.1935735695551617,0.09811791965193012,0.26246505010048327,-0.18417167580477198,0.01664760034183102,0.2014709321219054,-0.059775083712356444,-0.2912516775769635,0.20152442882616045,-0.4083976609572396,0.5048063948809407,-0.07936148425052073,-0.2933394949403503,1.0121996993064346,0.1499520152393199,0.13876905360366087,-0.1166089038710692,-0.1987607776642099,0.2881453581335552,0.41355173861518335,-0.05289059613776813,-0.05754690823537856,-0.06567964436384532,-0.5086219175244624,0.12668945436813794,0.21617260105829228,0.2650473905716587,-0.28623116267823956,1.00933863666308,-0.39619971919744595,-0.41970381575893634,-0.4067761903173574,-0.2743228066224011,-0.14131521611958492,-0.022949147357857774,-0.5202914307852793,-0.22922042491112615,0.11472207486521233,0.18835135158287455,-0.2508243012471665,0.22507078544451964,-0.3677442981918687,-0.6284804571696421,-0.5920057844736496,-0.5554346758329691,-0.47129980875405336,-0.06489015660764524,-0.12071405460821957,-0.06455516048393534,-0.4542036281664071,-0.524235773369406,0.006204211631886693,-0.312868278472805,0.04240930335008902,0.5017103302056685,0.09001157377232533
2018-09-01,0.11896652472725443,0.3660896356537881,1.681421158907785,0.11295100822782989,0.13556151511289252,0.09574866671576943,0.13560364050220083,-0.25282391473732724,-0.10519441971059591,0.03158504579584859,-0.1428441671712243,-0.18666131856635346,0.25446091771574875,-0.15450976888420112,0.1707853163421127,-0.11069898596892791,-0.20971589253989265,0.8717977130092656,-0.05252650662982594,0.07228314879084152,-0.06057159417261879,-0.04097511240948784,0.1815672975867043,0.2600754682108787,-0.007619265187517127,0.06901879314948685,-0.06791547627495245,-0.5765612672390699,0.18513333000177024,0.14506027719582165,0.14776451443691724,-0.29290928320884346,0.8750905934042703,-0.30841484304631106,-0.2975881475985306,-0.2752911587597888,-0.21379449214759622,0.00042517957250984284,0.04058809834495403,-0.391006926179155,-0.2593387779971051,0.011826516414650509,0.154136525748181,-0.3259173940251254,0.2045487487927075,-0.12125279213838283,-0.36354735197029575,-0.29509365934503073,-0.2742213394451765,-0.20625311652796738,-0.05728851417959846,-0.13137879533484806,0.00794540272749078,-0.3177122608107582,-0.33627985916325176,0.006607866950992704,-0.2576236241238842,0.09823872244559412,0.040830607186978674,0.05151375665974256
2018-10-01,0.1719089444897758,0.43680041938453573,1.2890344788487051,0.06784439876746245,0.2619197013628323,0.15336265576425367,0.10852430022190215,-0.13586980604567664,-0.046834575026702296,-0.0143571996609171,-0.263124006700351,-0.009532384373132488,0.3308148284792152,-0.09266925460484993,-0.016555782996409696,-0.06538201992433317,-0.030903841597919444,0.6668790216928995,-0.5353371184684768,0.05237706266471691,0.08259772650945661,0.02780702362983034,-0.0947747648601664,0.16630684394506967,0.05964729943538676,0.09102573338398598,-0.04994244745673256,-0.5571434612721349,0.11385581846158033,0.07375053712289088,0.06903175270473733,-0.21034527634189149,0.459486649046668,-0.2287396158459511,-0.1964973612811257,-0.19172210337728648,-0.18050921674746034,-0.06147753656555563,0.10118847010672323,-0.27415436117221403,-0.23821806240787521,-0.012082183568402516,0.0193707874054794,-0.41597884102764515,-0.11693100513993455,0.17723973613089555,-0.13187594529357854,-0.24221187484667492,-0.07252563796249231,0.06313184569679463,0.13261468481057498,0.07210371663283992,0.01837877312016306,-0.19314978908567607,-0.243004533786089,0.021280348461482256,-0.02017346251810645,0.07821535901653237,-0.6379322251218793,0.1619292226459857
2018-11-01,0.09679405489730998,0.24698110056017225,0.9316530489649719,0.16851046055277194,0.2032061564993886,0.06016525967359934,-0.03638749969244906,-0.1925836019828639,-0.12484137435349332,-0.12115573130744248,-0.2839050775984989,-0.019059235955495732,0.2647361106727809,0.03374700192040851,-0.06676657852900453,0.028798661407936674,0.021094838105993954,0.4575229553492622,-0.24431922646316545,0.03969994039675298,0.05133863365711957,0.07957615348558378,-0.0026420450814094165,0.12466651114895581,0.05029771184486329,0.17427400383434363,-0.025362957734650797,-0.5618815783854498,0.15198250761588292,-0.032374162835730094,-0.029250267122845022,-0.14184287637923923,0.45940888489952403,-0.12344340797478565,-0.1060676200347459,-0.11061294445539656,-0.12596095731368134,0.06671654782505541,0.10559184284522166,-0.20145455385148342,-0.17233116331023954,-0.045417055391701475,0.05223130103312676,-0.3282910867182318,-0.04977323250221717,0.1533317217989231,-0.06206673645475395,-0.1308297134110365,-0.004369813419028437,0.11947418768445286,0.04838439100086435,0.00810008668420889,-0.019044838832747144,-0.130567236127139,-0.16995623729294532,0.0026127986665213307,-0.06162892958344565,0.0028816532179226084,-0.5239155182802442,0.03522369689021619
2018-12-01,0.10475701044773354,0.18485464197987367,0.7013361861954815,0.07131518038737047,0.17512092702352522,0.0681597765987544,0.024486621872246046,-0.10231077365632982,-0.029375090640371006,-0.1022081218078133,-0.2046485222826066,-0.06170204645981121,0.2933456408845276,0.08719060530963152,-0.07737021592832319,0.1394209583455118,0.05192561578020047,0.2360280288977719,-0.16252359933663624,-0.04148807601737314,0.04171762954096606,0.009303720383292746,0.018544122975081456,0.10806271303669296,0.06922928249446286,0.17609666951919328,-0.0205533671094225,-0.5052275142315337,0.10622666444585308,-0.060506613678941924,-0.1474022668229917,-0.12171736892065686,0.2836434432959868,-0.18071648138935034,-0.1345944462100809,-0.10618651990611781,-0.13225337971266776,0.046987226049689974,0.12034873180683439,-0.22343431418693038,-0.20526342251307333,-0.0901980625674772,0.15729198122977991,-0.35450460827004615,-0.06310147059024854,0.1320971575821947,-0.06261710945694504,-0.1595578224587927,-0.013467922146980935,0.15848011230259446,0.09477174783822365,0.08024693518106965,-0.0718488963549759,-0.023179104684554808,-0.165432258910436,0.07544772900226683,0.0012800334347342138,-0.0276908111785997,-0.20940795006738513,0.03654618459343617
2019-01-01,-0.06531697920088335,-0.07535728024248803,0.7990588186891601,-0.020192031679515138,0.17807975777450116,-0.052968548205445436,0.027917242834754614,-0.08141198267377325,-0.0429370768513823,-0.06556280647999453,-0.16213260608586377,-0.18835427678651584,0.21352379765352125,0.06276950716023472,0.1908743517712332,0.030307365940230112,-0.04084278112462261,0.24327642080670653,0.14624303559877616,-0.09204490548421898,-0.06694389540808526,-0.05520135176659035,0.13811011007085194,0.37518197720451124,0.13464643239227148,0.23339417035120483,-0.01285596347562825,-0.3297904860513787,0.2961040322620643,-0.20746953314718358,-0.2165345922950593,-0.3145667723984936,0.456122541353507,-0.3030597148381398,-0.2862578169933944,-0.22724277891694952,-0.16446570619075226,-0.14252907575627477,0.059080829962705125,-0.16836263415006214,-0.23812628490871524,-0.1221658165217778,0.1063956530105703,-0.17556221555978424,0.23116556393270696,-0.040220323870124475,-0.1539399461066966,-0.1334995057121091,-0.0685609117284808,0.11767405878376158,0.16320367548588077,0.014429430143718905,0.04464514635324027,-0.0685535420512669,-0.18591265193896916,-0.05194000451812081,-0.03038282070534188,0.0017502762265373117,0.1729502090343565,0.2042835886998214
2019-02-01,-0.18366337057833193,-0.10919974392153019,0.5838528079320774,0.04213030770874088,0.18920243475149273,-0.05949534392916318,0.0716375385285373,-0.06789891533611457,0.03898039441523725,0.012871263799831362,-0.17977022387531483,-0.22421516915638298,0.14618204456434986,0.09908495752476451,0.06263713937910602,0.01866792760616721,-0.015831345294461896,0.1312773091769308,-0.12822532495043762,-0.031722629816387134,-0.07971558500528167,0.003645059121048802,0.14106872926992775,0.31246141207602973,0.14442383502558578,0.215361966103325,-0.02344102076868298,-0.4045213041738784,0.21799918200532103,-0.16348059672371804,-0.2618764200228939,-0.21768118704586933,0.31888732995663893,-0.21807044265523684,-0.23901821873628182,-0.20623598789119285,-0.1777061970935449,-0.21755315498437963,0.06727335080210195,-0.0983646086542061,-0.2751338622377087,-0.12032567083122667,0.13850875175582567,-0.18300414203362594,0.14378258058514407,-0.03733494008041181,-0.04669277249132496,-0.07880851476408669,0.025495084123455067,0.2051343681998819,0.1629313207075111,0.02280486981708202,0.012696843736723015,0.02236610549346564,-0.04411659719916413,-0.010315962847411486,0.0799002544599895,-0.07002018459697121,0.30424625806508876,0.2158098869740122
2019-03-01,-0.15787867282223705,-0.1357293501963171,0.645800977462683,0.06477658769276394,0.24705736215971846,-0.08858180010210062,0.1450128166389226,-0.02858474145735772,-0.029052293528886164,-0.06898179026670316,-0.20051025175135462,-0.26100518972159564,0.1625867810499237,0.12513392806014012,-0.07021438037624662,-0.002550648287163077,-0.10030666793448227,0.25309598108844333,-0.08348499941205025,-0.049987803826730806,-0.11374091649069473,0.03848101309214376,0.19646295783185064,0.2740612907049588,0.12278996232230423,0.26698511928177926,-0.06728565764533306,-0.21292528811984712,0.2492801137974305,-0.17988181062766745,-0.12612036545168442,-0.2890472543309025,0.5303333941268467,-0.2912320090575704,-0.19168565422266315,-0.2339365616792726,-0.19670223644484752,-0.21549688753518462,0.018308150625888975,-0.11020710909784297,-0.25536189739030507,-0.1144347713219056,0.2192665860455142,-0.1455746133232302,0.239300508047449,-0.10762427034301483,-0.12025639503111508,-0.05215594301475175,-0.01873237575362549,0.13775949514129715,0.24372605766149122,0.07517636157516133,0.06953181618749701,0.01630334690522746,-0.11401490667051517,-0.05848847796118688,-0.0023241965674045476,-0.19533513361688098,0.13049500250559404,0.1832341573326774
2019-04-01,-0.2610263621849772,-0.16052387306312035,0.3399854523055823,-0.011910652215288746,0.22047522864677851,-0.1059958189737158,0.06720997161057032,-0.024402204732135092,0.011493066699603649,-0.024661969159692307,-0.10079051001660039,-0.21965846055765081,-0.0029417446753490784,0.2502084580181255,-0.0748862657604869,0.0890497012309458,-0.029566399927047935,-0.00429056191866465,-0.013685302256392935,-0.0642922855417116,-0.0778581765340424,0.10051466229634755,0.22631454052690358,0.18410061670094746,0.18599003341507672,0.25507303611318444,0.00863111596370015,-0.173936523540057,0.23458491737265022,-0.17369179700233436,-0.20131088593184543,-0.19417180895561612,0.32504159229184787,-0.20356355999805045,-0.1839278686384388,-0.27672843291701577,-0.167420867847101,-0.1793607154189373,0.050915643950045886,-0.08206636094239747,-0.16786989148496165,-0.13499036014747523,0.09398496882225055,-0.10218446751275315,0.11306526250139266,-0.06239128645459939,-0.055331456978817695,-0.007867551396475882,0.04264394048532767,0.1502707283205814,0.15143445235346023,0.025405670169747145,0.09678002272587782,0.07966557758033066,-0.06708422222991532,0.005511246446414882,0.10941316902505374,-0.128000677683556,0.0671135423965531,0.21542955751779416
2019-05-01,-0.10309216489549582,-0.0318963238612213,0.48169098463008597,0.09871331384795101,0.11301656701550125,-0.06539585989266478,0.06151720836641101,-0.020271940906577822,0.06632810367311417,0.003559617883376179,-0.11306370682908926,-0.15912001059798536,-0.020241279554146466,0.10187576213913727,-0.07434628898884435,-0.006123600190375653,-0.09154748063044495,0.033715217418558215,-0.19289285866200773,-0.029883004014313902,-0.06896942458944585,0.04034686065603072,0.19609862645283666,0.15388325008420922,0.1416173554448346,0.16930491850150065,0.022663101654868803,-0.24422004486344018,0.21389795410789436,-0.07741053033324582,-0.17263422044308724,-0.17686588234307238,0.33659552157054207,-0.1445264020449203,-0.06971681567938512,-0.19720644576477786,-0.07966094656119348,-0.13129504224652522,0.07481827534005918,-0.032075033240102184,-0.16273778045232426,-0.13328804985974416,-0.0079412024800836,-0.11471176667775596,0.03820911519238687,-0.02220471592311818,-0.06179490638891012,-0.03596528326079556,0.029503039109229315,0.11974066295637653,0.11316438489369363,0.09160707198403618,0.06824538971296129,0.008998413908038717,-0.06512511985178367,-0.01220248033188083,0.0942378711422949,-0.1631988553376365,0.0022327660063785615,0.1686807725978724
2019-06-01,-0.012170936934107096,0.0733499001076525,0.36016399646007197,0.16952075450260762,0.0782356990070703,0.0024991557768945342,0.0639669714902438,-0.04425530130240338,0.07716612225523434,-0.02377878825534393,-0.18620689117911204,-0.09688415136266859,-0.013593693632367426,0.0795356088723744,-0.08099591622285512,0.0036468195868113555,-0.08868658472492184,0.05976932696226918,-0.11021553263386595,-0.034330047840348946,0.02769376695403148,0.032048484224803706,0.03649073184824829,0.13015456902319156,0.0827258735509672,0.13960637983231816,-0.005061561270642306,-0.25474195366841446,0.16593574810763964,-0.08916016749914327,-0.09248421378800753,-0.012735065793543832,0.31988162688248706,-0.16317085746663584,-0.007767847164641656,-0.10179244142828042,-0.031957858177097995,-0.054378040624520556,0.04086333787200915,-0.04628586381776921,-0.1980618346237564,-0.12046376458312733,-0.019394461500370927,-0.26012463313324036,-0.0668073649482027,0.032576503473014926,-0.00621165872450629,-0.003815912034794167,0.053080461943289706,0.0972560984053448,0.07939052438520565,0.1381294414106291,0.001737894661136899,-0.06923601638922665,-0.07368624791177072,0.04542418461537771,0.1011353845714762,-0.10423715374437739,-0.10010113837476635,0.07179710360872138
2019-07-01,-0.18059344655999157,-0.007078573913728146,0.009815575070693527,-0.024541581140473265,0.03303065229939846,-0.038310019455693484,-0.03398390251769594,-0.06527626692281846,0.018126195010814306,-0.05398806221183937,-0.12100880645346165,-0.06893634829563537,-0.008176113873803924,0.13133229470207589,-0.059888422501224746,0.08008855986499248,0.019410666870468267,-0.1388473376556156,-0.2134788091933097,-0.04776361754998801,0.13497116217050442,-0.015119667560900829,-0.0444593234531813,-0.008833781134214671,0.1028439102060946,0.08246492046483046,-0.047907705390317974,-0.25335707998483603,0.061167137787476206,-0.08380735551255102,-0.17813601360519357,-0.012365418733709409,0.15054285946845747,-0.05204916221400818,0.05423443237398394,0.0008591427948993549,0.03682527514848848,0.005755185724659474,0.042364895027938235,0.03702584099328058,-0.1846957466717859,-0.07636317119951908,0.043843434205540904,-0.2933007583387025,-0.11175809075003416,0.1429661658781702,0.1060772017011897,0.10194014475459696,0.19759308537577866,0.1902744853540768,0.06926064794891318,0.18925507524282376,0.07843840876735814,0.035416692933898375,0.12134383393465126,0.11953036538838867,0.1802928370645037,-0.004882251883225863,-0.1606918611218076,0.05170126484277645
2019-08-01,-0.08239384868221311,0.06528995279584801,0.045565716467145245,-0.04775582093662391,0.04467492722323335,0.02346593101432598,0.01380344576201735,-0.06915561224725375,0.03019592170896504,-0.05314166024206794,-0.06593442621473783,-0.04079168244254941,0.05502753873862633,0.05499897259877799,-0.06388801529311806,0.059377655993348835,0.006979153602574719,-0.03469023399348409,-0.244679241323277,-0.01703509493236489,0.14510408280559742,0.010630061028048782,-0.0919016900424648,-0.02191166206295233,0.059676351630138985,0.03677782539365651,-0.060411255208204534,-0.34143152122339165,0.06259770052285367,-0.026798611115440796,-0.1464559540949872,-0.026331244048156083,0.20038503172680844,-0.043969802043074525,0.04238036649674433,0.034302635160467915,0.026744540567113194,0.05124971219958913,0.03532882478080289,-0.008629151123390418,-0.13634615484351464,-0.007883059227753942,0.10513003233922119,-0.3063381362432174,-0.0930735561529558,0.14905262003343991,0.07347501176296906,0.07077459994814393,0.14244276349186238,0.1314399102464816,0.020798010944941624,0.11941739144490118,0.012633477312283783,-0.0023625903589849784,0.08589581978876426,0.13884920681307128,0.11469838254919501,-0.029301846598704943,-0.21369374450893122,0.027021408674003718
2019-09-01,0.06438480792752332,0.1306498322160216,0.11431836761248096,-0.1376184858842174,0.08227633213715627,0.06189861654529328,0.028195918634884028,-0.06096430905867655,0.009374486737273036,-0.06072697309837273,0.0412447409614968,0.05194678803594282,0.11532466179948524,0.04869673173820804,-0.017611822026635658,0.012952938950678276,0.05685112561241238,0.13437580496527854,-0.20118935712490182,0.038555114688887684,0.07131131373418821,0.007174764136108517,-0.035344533780405085,-0.028182842499298824,0.005473309744510629,-0.007752740181766565,-0.0202960469570728,-0.30919307971834215,-0.054499071667839016,0.08588654879752788,-0.06675112627609224,-0.045406290115435385,0.15507105329529125,-0.019944157597109075,-0.0030570408972537474,0.031152372378134757,0.022375371958965995,0.09532862524563307,0.02711522770113534,-0.032918749166063056,-0.017625310863256485,0.032577410089791925,0.10297317340037543,-0.18691381881468117,-0.055002429537754374,0.09030938466636382,0.03311122351338873,-0.03184537930073726,0.03996622055168347,0.059593972538386754,-0.03776701091930503,-0.030155610154219692,-0.0599949777323838,0.0019982493082422344,-0.02265260677326967,0.04641055750808582,-0.03856243644037598,-0.14733897117649786,-0.16428656324860502,-0.003278256090617146
2019-10-01,0.2691251003047588,0.19875983931213972,0.3831638896789924,0.01957356764511466,0.10237610494615179,0.1173715640227962,0.12454189176050572,-0.015246863701079607,-0.008563223629530249,-0.021953745331107666,0.002992934595079079,0.047962619084994634,0.14546939635163747,-0.02599254735775624,0.07767791374736693,-0.038973812621908376,0.0500705890797635,0.2898808410690814,0.050154061903033884,0.04364048833962511,-0.0368598061320667,0.01618643902358352,-0.02162873859901848,0.0350050425429268,-0.06758167710943064,0.019242902963096727,0.01203479550357257,-0.03639346506245601,-0.013881278393124773,0.09301479461129808,0.08895674722682713,0.017357856703851027,0.30420948745398946,-0.07776717272004384,-0.07885002759227328,-0.0311309420666784,-0.05973830817826954,0.006643935888695451,-0.00962921194175632,-0.14803481647783234,0.03301968268235572,0.009586069958598377,0.04299609228856701,-0.030109482656352604,-0.03422079161630505,-0.06595221033420198,-0.12798992128060224,-0.17808638401303767,-0.16813521697957812,-0.12929669140138728,-0.07578786746871977,-0.10816787295791047,-0.1255981226092379,-0.13267927790715303,-0.19685719236887692,-0.06326831081721832,-0.15520383846010838,-0.1930604664749031,-0.07513394165335374,-0.06954109243110605
2019-11-01,0.3668368906512533,0.25921214011500127,0.35017401642633006,-0.020403613759535623,0.12075846436236169,0.1674608156707544,0.1591099686224639,-0.005148963794989218,0.02173574128174223,-0.04923210260525813,0.04328845246669566,0.12331795450051249,0.26178425989471843,0.033529613311281826,0.05547263222397151,0.005162659899710379,0.12581130486520314,0.35017380656524694,0.12040576836700173,0.015159861363225407,0.02303370560036644,-0.011248802935622599,-0.04611635547481558,-0.0006528782722624339,-0.07127948788071853,0.06200355008531588,-0.005128494337800809,-0.14110214188356818,-0.07534630440231563,0.1175691284616543,0.08450497828816696,0.05265917217824173,0.27052527018708084,-0.12903746778306444,-0.08310517585011629,-0.0030656023679962938,-0.06601691609309672,0.08568903462036988,0.02525972369470426,-0.22471042498435873,0.0643798405327931,0.007470940768422307,0.08827834726648125,-0.0652144250741992,-0.02906795412093886,-0.08152045491819408,-0.15563116299059443,-0.25282060640344045,-0.19954726374606957,-0.14507251118906567,-0.11181526721471322,-0.13712672784443955,-0.24923294616267028,-0.10322649400892833,-0.24959891723129374,-0.023400068589874798,-0.21832199401611066,-0.28354218245562457,-0.14082113377587718,-0.10754013483094821
2019-12-01,0.18312925933331187,0.30184502459152096,-0.023522974902094894,-0.03303661954894975,0.1469996607202951,0.11171745456826052,0.04867771381168517,-0.1677245710871001,-0.09440928222775243,-0.09406240014476266,0.0256827594190029,0.1865326979145632,0.21663689055561458,0.14760096837744124,0.10371020558198212,0.07346900998081451,0.16571654526752866,0.3800315768418161,0.04512311788821507,0.022247445330109115,0.11970230654512135,0.004958985273287364,-0.10172037944744335,-0.04011414555533875,-0.07333375375058317,0.03853454330559891,-0.0478180800113021,-0.3707763159508617,-0.0815451614605765,0.14504814408048394,0.007195814386998706,0.02611971168797385,0.1675133625852201,-0.0953349207084363,0.021640602048474913,0.09545364933827466,0.048909881120655294,0.1142592553256664,0.03450625858587285,-0.12180249314190236,0.06610633254623789,0.06467157575287319,0.024767166228067385,-0.18935668370950856,-0.11461916313270651,0.050383713846262085,-0.03801298638643907,-0.1378164331529555,-0.0715678914533825,-0.043070269093208324,-0.07891445618704675,-0.0042947863854697135,-0.17200081509914608,-0.05277618956922164,-0.15342669673301956,-0.025264466606374013,-0.17381038426180306,-0.2213541857340902,-0.2713923116628494,-0.0936415612363169
2020-01-01,0.16406519603410902,0.37958768670787246,-0.17425920292572938,0.010832196518343454,0.2829753185092792,0.06537838412809033,0.005398784091219048,-0.2174243121776129,-0.1479599636345984,-0.11741854620583433,-0.06599249237568519,0.19496100940651237,0.16801905137822137,0.16818573924023872,0.13047801421959682,0.11310348044118805,0.1996219580084871,0.5275269446453428,-0.10417523924611403,0.12197136163857436,0.16121166023534078,0.06357843439822726,-0.0631320443506794,-0.023102275573600783,-0.06224856024777053,0.06045431719195598,-0.058048764008202254,-0.4697980096123324,-0.039168789886625394,0.21873935525044735,0.06671086094300088,-0.06355923370368842,0.27558840849271693,-0.10994212904517268,0.07965704631497189,0.13548883393815708,0.07195833203378968,0.1901204404723489,0.0218894186353414,-0.08835581560391093,0.01663657016472822,0.03549003410363674,0.0044158707114591075,-0.33182623608074424,-0.1913366094584999,0.09997275945872637,-0.011029388553513871,-0.14999299700582236,-0.050807290684927814,-0.019054528339265,-0.0814011029547197,0.017882199421670575,-0.21774456038506354,-0.08163099284539117,-0.20955427034386684,0.018877333226477687,-0.1743698615530449,-0.2540693327307221,-0.41675436781094266,-0.06894736444848684
2020-02-01,0.38277733095716804,0.5526927647063427,-0.03235459878120069,0.1373405497194936,0.3810341047518312,0.14291537310218036,0.07987796715038553,-0.3382422957717769,-0.20300636406831774,-0.1304880744728466,-0.2169890722618502,0.11070521329769853,0.3635692525284162,0.23882625501119653,0.05168956566976909,0.06431408158590612,0.15937610177442152,0.6752455004052564,0.107878947535994,0.12512025278281966,0.1920220210720639,0.15028018141610897,-0.08942326935312292,-0.04496431900445169,-0.13753328879150142,0.09819184487132449,-0.12164908578557133,-0.525374878254885,0.006180816143306678,0.2260529884640602,0.1584825603898678,0.020922729934244155,0.462337297730572,-0.25084320841033725,0.06918374716191003,0.07502563425777511,-0.025045803887403906,0.2378233835481901,0.06112977815942497,-0.264139654021155,-0.13592076820959886,-0.055686566532553564,-0.00412239446383611,-0.5701744822984673,-0.3982624513090359,0.17766625066367067,-0.10000001924866779,-0.17811467974536857,-0.07709438016863572,-0.10357538863444724,0.03768891153232931,0.26774533394249406,-0.25107425627468577,-0.30897781318682066,-0.2605791679951194,0.06575615566762377,-0.13408429312973924,-0.25015068216159975,-0.5801832085309768,-0.08348873248072156
2020-03-01,0.27605501887537703,0.4935410479691935,0.1923787995895212,0.09201843855476985,0.3569867329103872,0.12694533779934658,0.1287020126501171,-0.24899899100684086,-0.1386563677551637,-0.029111257834247964,-0.11538692829919434,0.027843401717795674,0.17245425383592844,0.12192743331260451,-0.016087008810499515,-0.014418525061437482,0.029780383987106668,0.5435403208030801,0.12415077626607252,0.07231966138857376,0.06882742926719292,0.11384662894220826,0.03396838841735907,0.048770790148693524,-0.07414082783064233,0.1254238677221761,-0.0016214767611763123,-0.37026254698995315,0.03998801713514481,0.1623571617181014,0.1172723078207582,0.017758724335336498,0.469390718033068,-0.21708126382775902,-0.04317974373413082,-0.04793328912648865,-0.11192858815204729,0.12705415305181908,-0.02231061935380824,-0.2995105717422562,-0.0009715336642782679,-0.022502912420571897,0.08553762492844846,-0.21654095947328417,-0.14999779165987573,0.029755242726482528,-0.19873228654205716,-0.22567581104349968,-0.16260576730572995,-0.1586451227543524,-0.0009518814182785523,0.023196766270206712,-0.2074798721134411,-0.12046816435419375,-0.37178487469466404,0.030450100772468076,-0.09613871966926739,-0.30411128142141786,-0.22007945185289038,-0.049411180722790826
2020-04-01,0.20566894148418038,0.4598397001178157,0.18084164154480253,0.09076211580638015,0.3443388409974028,0.08067033488902783,0.09206481645861109,-0.21344991422543239,-0.09601599014089932,-0.06918253092909499,-0.1429024056788924,-0.03344891069887421,0.1389362575236704,0.06399081652279684,-0.06303516729379409,-0.039537013228522044,-0.03068550634964457,0.5014989999877062,-0.0841147199713845,0.08655929586099,0.09233505063719688,0.10862696972033266,0.04179198905645336,0.05964956989449376,-0.0040766610677350976,0.16662614359458827,0.024855869105914686,-0.43319136831128024,0.04200999827885378,0.1505887648843092,0.05165793020274498,-0.08625790448674854,0.39544586549774885,-0.2268575054828799,-0.056334482985713724,-0.05962075747985919,-0.1068951919759308,0.03523918694431197,0.07280418411480614,-0.2917520434273534,-0.020235044581907946,0.023079074219679613,0.10695543499056726,-0.23194255751210174,-0.08640277473921329,0.08027560345113963,-0.18111888623250855,-0.17827334867596084,-0.11277252643531674,-0.06552143533027387,0.03898720588536642,0.08762928913406944,-0.2081398635820419,-0.008830660065504259,-0.34635556174674986,0.06407016973505897,0.01807614438312133,-0.2593117455327712,-0.1792284950039335,0.007460334707046698
2020-05-01,0.1984674496163214,0.4721400455692919,0.22490765047032513,0.09105341456769318,0.37956687294546054,0.11991227675755345,0.1616708059525149,-0.1789705323718404,-0.012339835342355797,-0.028256894195284536,-0.2101769123117541,-0.15874891648370726,0.05368248710049703,0.024377124223078014,-0.09803164408891667,-0.1868272350880731,-0.11548923991464992,0.5579872051047101,0.17138034048747613,0.05544288724788841,0.03639176898767785,0.12770464744343757,0.11367303410935212,-0.055802922877398256,-0.05080785429181556,0.15778087189008425,0.0073985178661652995,-0.4633901286725429,0.03376012360850053,0.017622678315050183,0.01760206739154807,-0.045268688193217096,0.5118411747998094,-0.33359146649272275,-0.15339912881935408,-0.1654840824886141,-0.23549756437107508,-0.07879406160624214,-0.0276083939500577,-0.41355867137418967,-0.0668152923247897,0.0167351890232382,0.33586687494249945,0.024000119198010067,0.1907216399907988,0.042572947684028556,-0.2785344610930512,-0.214186266553823,-0.1350337197483589,-0.05710560841565626,0.004384179646962534,0.0406033652197198,-0.2863115081869548,0.31792658060488477,-0.36628283904633385,0.009568925780836998,0.07205682832448529,-0.19593131524269602,-0.003717345874314902,0.014086782814987937
2020-06-01,0.2519116166129649,0.5800179084007387,0.23180798348819287,-0.11186522567558405,0.35709928865090923,0.11271815574934631,0.10076048861360032,-0.1516658761401992,-0.02344976504292577,-0.06302761943777119,-0.3352388085397981,-0.18295459411112774,0.17464411552246928,0.16484922663397417,-0.0802801994207081,-0.2331815271687568,-0.020341167615659496,0.5710830446343242,0.6069739409773409,0.11746554804454956,-0.008896166605713976,0.1666679108776975,0.1873169793646639,-0.16768857713707203,-0.055804597538370235,0.21729518467876796,-0.09582876525327844,-0.717537299226373,-0.14896117463233982,-0.013627369891154317,0.02452892320071509,-0.04282158399026935,0.5409111572248471,-0.3148437867976867,-0.14472229141163348,-0.2329464888226081,-0.23409242405470615,-0.08016935882365209,0.0006703786072743377,-0.43801231171697386,-0.21783350499059695,-0.01514062516836111,0.340282265808145,-0.20884032231613456,0.030170794384884986,0.055073550591370604,-0.32242695956079975,-0.16090719257965974,-0.13980840865920105,-0.1438459489029536,0.10076343949508806,0.15604534618227411,-0.15772645845522917,0.185095070987555,-0.4052789202456494,0.00477057573758978,0.15830222456048512,0.051294275420369684,0.016010468354858327,0.15645322297743838
2020-07-01,0.28676433735005774,0.427219112822264,0.2468791958109562,-0.06536882747382483,0.28627502654673054,-0.035900681299477405,-0.0023774562327861827,-0.14074221080026011,-0.019085100875894434,-0.09168005054654971,-0.3629951650824808,-0.24389603334313387,0.07817570259822958,0.08645511348388962,-0.10987221539205606,-0.22140695253894832,-0.018854674725592255,0.4414303860061374,0.6993789415762741,0.12404152887594334,-0.058670553999093114,0.05832221406957523,0.26680967802179206,-0.17231862620499946,-0.09909997675477325,0.13053282680494827,-0.12496817651444625,-0.5310797370071902,-0.10950187891000782,-0.017798295478413162,0.03237862120641738,-0.019044385178992027,0.4154646771592092,-0.2828649749326326,-0.1663247486005412,-0.22308693820575948,-0.2541760453400358,-0.06310325319415189,0.0874671507152229,-0.37825107014725246,-0.20562011720516232,-0.024248552386723573,0.33481530012674476,-0.03209469777844126,0.1129784858854873,0.12443362826766649,-0.2587419431510114,-0.09684763010260915,-0.08521842123889173,-0.15371295445375446,0.012269360449593765,0.0813779975816743,-0.11084032242735015,0.20215434285469047,-0.30054850393629523,0.044187773683477774,0.20021881690844356,0.0964578532209491,0.08538372479643229,0.10840466023835492
2020-08-01,0.33284326153826915,0.4039648938762279,0.14906390678277506,-0.03483636315536253,0.37087355643432274,-0.00474877760811388,0.015878376462736786,-0.14786601735424107,-0.05727912862687462,-0.1008442164347564,-0.2873123133145182,-0.19541814849958764,0.042373396610703044,0.11041642619784134,-0.06716044947272234,-0.12599079247818482,-0.07596474261872097,0.4411751284005733,0.6032687877578051,0.1587275484287703,0.0020739088015322357,0.09606109453242546,0.19319222650572074,-0.1756781443465972,-0.06217609203730383,0.22371803950988317,-0.08813254762263217,-0.4916137012640041,-0.05851674936806836,0.022379251834399552,-0.004530203288252405,0.0030381215168264076,0.18935069402521848,-0.24721230636553287,-0.06491365560409448,-0.15169356500649248,-0.18227009189811022,-0.03232854049484839,0.15286975832990513,-0.27437425374202246,-0.18172474515664783,-0.05316530285498629,0.1715293892027974,-0.16804233348641334,-0.06618599374138348,0.08479023921805016,-0.24234250417395914,-0.10086604036852234,-0.080207430774848,-0.19761292563565894,0.02616475873413944,0.09597888219823537,-0.11719814373894667,0.09871285422445616,-0.22523838228037993,0.09254489359129706,0.2009802853186426,0.009489543624049218,-0.07096181990050807,0.13547046452121983
2020-09-01,0.19648491744818414,0.23135765776449396,0.13365385998564647,-0.07898421863979466,0.2752859543657572,-0.0547128004383346,-0.024861489311026122,-0.1020729929641702,-0.004807877005411777,-0.07250802808772948,-0.23356151883592166,-0.230753451128915,-0.07215554843373687,0.013109289044304528,-0.1382035109615492,-0.1443671275109925,-0.1068029269357336,0.29961749350461936,0.6654648365246005,0.12200249836184554,-0.028074718106352245,0.12903006750477736,0.271434397471107,-0.1640260144738896,-0.048200525732240235,0.1106251642364662,-0.08528758127144567,-0.3898312917688692,0.042248474249319455,-0.03385231326552227,-0.04204698290304461,0.01487369402676703,0.11054422176578838,-0.21459097516633302,-0.11361787643014101,-0.1487820102130265,-0.18004011003790854,-0.07119701670584352,0.14300179591928439,-0.2091700858482613,-0.16273197112546928,-0.06305271239358115,0.1648930465157259,-0.031206152359866117,0.0838923818787593,0.06262104666744059,-0.1862266587965632,-0.07282356440607277,-0.05301129509166258,-0.10023995372784361,0.029109852134093974,0.008822525064733147,-0.08542872790606429,0.18306386143738895,-0.1386539087452232,0.08856320464200736,0.20021154940822694,0.02608296020966422,0.08488009048956346,0.16956349165747858
2020-10-01,0.33041298343387443,0.1943409242213506,0.14905322629374126,-0.07365727661273361,0.406221853631701,-0.020854669349925116,0.03442943897311517,-0.07300825774506266,0.030901169020747084,-0.15277997316205935,-0.18247433297775276,-0.24097482919849805,-0.16706405400157992,-0.09411996695574826,-0.262928508047334,-0.21680289907041395,-0.16421926644675794,0.33265314915604804,1.0075590929414078,0.0774873187523322,-0.047375248551192455,0.17216586623877148,0.2698575681752351,-0.2512356405314945,-0.07229830281315709,0.05856377699320397,0.02217515313337664,-0.30994034407201987,0.008888595051739626,-0.00893789511308498,0.0240310160103554,0.08005168781718856,-0.00948428979725469,-0.26212591080158093,-0.1663554248670313,-0.1799018123816443,-0.23120298099795028,-0.1366492372351378,-0.0078030247375313055,-0.338097949282964,-0.07260658309310569,-0.018368668239452893,0.31702644814989983,0.2840132956462542,0.29244322587679417,0.009068904705292105,-0.2478289507971414,-0.13321469909424238,-0.08579175754049077,-0.14988533125552994,-0.06891361492295643,-0.0819188887229285,-0.18547852992725972,0.49195269819330417,-0.3206841340404365,-0.00833302109452215,0.10201974564808862,-0.09778432501439965,0.29051309955550975,0.10037806325684479
2020-11-01,0.45048624205697585,0.21461930459005452,0.1274280649383159,-0.08545852038796745,0.45188224957460055,0.03968675499914631,0.04600511970511572,-0.06656359842646227,0.09547254515835275,-0.25517676620231433,-0.08659498231611348,-0.3101977240593575,-0.1971134845779929,-0.0012637725268559094,-0.23620349807201246,-0.12296476541347462,-0.08101214129474699,0.3544795124458788,1.4811807915335093,0.037329953936320534,-0.15739896886854265,0.13187586295517806,0.27479207819117857,-0.4010992761580669,-0.07150235021859196,0.06543654893303644,0.16536284280144842,-0.1423534587280033,-0.06761127035361626,-0.028624709163490678,0.0344579689554764,0.15029837655823974,-0.13427254634414892,-0.26803946188217537,-0.18346859241169583,-0.22126704840378894,-0.2983538776454147,-0.22037859510419547,-0.06181450283975462,-0.5102428110660392,-0.04211830838429688,0.10794322652943719,0.5080903061109542,0.5180101699786143,0.429008523378418,-0.04498006692796738,-0.3873519397801035,-0.24692560755299636,-0.19840843420518414,-0.3798129697412405,-0.19466223815911982,-0.22921997633434849,-0.33352863513444336,0.7579268182091321,-0.4946078633974234,-0.024034729088180162,-0.043248949965078165,-0.07179905951557965,0.4151726792212957,-0.028315643594515716
2020-12-01,0.4758007305982414,0.206940364236269,0.1993921448069906,-0.0752722282693999,0.5070160453550315,0.014281086360314745,-0.001478692104942521,-0.07745514161255276,0.09204362705407221,-0.2363176527085029,-0.1077190087328869,-0.3214605607267707,-0.21060743096779,0.04275218634945867,-0.25194146200552203,-0.12024637204437452,-0.09875615949297312,0.3391700717018109,1.6130015217787266,-0.03279545084568536,-0.16486811964986783,0.11853513907576532,0.2782477065909563,-0.37893413586734503,-0.0973754260881052,0.013856678218277796,0.11136503498501807,-0.124937445158329,-0.09199734808154922,0.014004683930024103,0.04264184029720633,0.24259792947331094,-0.011311753930984214,-0.3697060078814809,-0.18822405381912255,-0.22144795230657446,-0.33373407286384105,-0.22527165639539576,-0.08368481488139506,-0.48162106409538563,-0.11889508925502831,0.026247632917442608,0.4568460334177734,0.39153212682632227,0.27572800211285386,0.030451720676277355,-0.3676360193441438,-0.19163289149567014,-0.17974358867867624,-0.35601070488828374,-0.1660427280802444,-0.21567043501864772,-0.2810597478639395,0.6535242225080156,-0.45217003696891045,-0.02645819659418308,0.01719738249214528,-0.011553462093466374,0.44385352829670194,0.014766341612666545
2021-01-01,0.6265533426392567,0.2691035513687205,0.18134617231992112,-0.01147510302776982,0.4886709170417176,0.08755565564073708,0.02160680091525386,-0.06080890606942461,0.13634847992252933,-0.24786215587484317,-0.11197406321677077,-0.24532753411824051,-0.15942991180245744,0.2514886833149004,-0.19340178968979044,-0.13611939713311336,-0.03239886162554127,0.43073960365639163,1.7081024371769553,-0.06973642623636599,-0.18847458864349723,0.09439034510105339,0.11553043168389439,-0.5718597254138861,-0.08750158702959436,-0.02889016934728242,0.11161996251777981,-0.027777848043607,-0.21503350675798294,0.06918047795993787,0.12251249287031228,0.2927516119733923,-0.06726023055844159,-0.40034720719423594,-0.15793262027652838,-0.13711954261994053,-0.308586763854518,-0.1864352390237044,-0.10129250754973239,-0.51436022096258,-0.02057791334331921,0.06839311392293027,0.46491823257067166,0.41760801312367624,0.29433740835019995,-0.005689490351795917,-0.3818361296753757,-0.23135881493942945,-0.26251680048605996,-0.4071481206829662,-0.2500957414249068,-0.2396286959321219,-0.35451566155553665,0.6509724107314969,-0.5365576287453512,-0.012042334324487591,-0.09842599251674408,-0.09018598925389631,0.2851415723873288,-0.09208090877803049
2021-02-01,0.4419802823180497,0.12309921108053717,0.11688772775397124,-0.06255442139555539,0.266167189395167,0.05424268631281391,0.030038752714105346,-0.01002355157600914,0.10416489630152406,-0.2856126378334426,0.06342833132539173,-0.16652291718599588,-0.15554475643264504,0.19035938102131633,-0.06834637969321816,-0.23103484982191827,-0.012613307369805732,0.2703737954623969,1.4576234555821046,-0.06741216538757118,-0.1631726791427067,-0.04070145461630466,0.02690219206479943,-0.34051654331952824,-0.1084754913942288,-0.11040103577067524,0.06452639967633098,0.16312875384497721,-0.09464733541964812,0.04941667457368383,0.11313234233053857,0.21246425030704438,-0.13378626391545073,-0.31292132101275316,-0.1715722108575045,-0.10575755944164145,-0.23388219864893636,-0.12345122118033353,-0.18910320438170974,-0.4126382716364635,0.11427967880961654,0.145209659536654,0.4252070505573394,0.47367892083996227,0.3573681130942194,-0.01374625588800308,-0.24850754997690694,-0.27939174297293784,-0.2651280396455732,-0.3254289018888434,-0.30378381330853105,-0.26487222200727223,-0.19516422467456362,0.6324529774557565,-0.3869315741546564,-0.06384194201179637,-0.18133717142018232,-6.391218964559714e-05,0.346962777041583,-0.17763291274216025
2021-03-01,0.4449970879269797,-0.129232151730727,0.27662380982852525,-0.1351306453252842,0.42423320525005326,-0.3162512514631305,-0.25631837094209553,-0.057367342160527246,0.04004449581022393,-0.18305497617872057,-0.02687258569105957,-0.20913864404858828,-0.15305767388809305,0.5344965589039397,-0.054232675768972546,-0.26635089405010043,0.19993351690137404,0.2608681957562592,1.8476839934858824,-0.03740013239747368,-0.3409525059317774,-0.018846268868921975,0.18255769357893367,-0.38070915238403663,-0.14395881980953443,-0.12764561030709676,-0.01758506998821574,0.33588848374680397,-0.06840005891871648,-0.13827204127304416,0.08583237761527962,0.19967335405395759,-0.15447525023781844,-0.5810917736646972,-0.25858686284968935,-0.324588961529808,-0.28162341800151935,-0.1556858333763631,-0.23049709930326728,-0.3714834297627538,0.10632240785310296,0.24139060884356764,0.5803440794834277,0.1365511996272309,0.40214175090299686,0.011331583641633686,-0.19251764610061772,-0.31493061033714065,-0.12424697897746367,-0.2224738455842431,-0.27371805651936504,-0.23960143584001406,-0.05794003118831963,0.04445267926429214,-0.3149611216236842,0.05794288577470501,-0.052704689698087066,0.36825070095565876,0.49501611038978743,-0.12457812621836002
2021-04-01,0.3490560581024997,-0.29326523726638887,0.2813594193004742,-0.19507112946653604,0.5034536346137917,-0.20141768194564136,-0.1625004191864873,0.012634412797936602,0.1584645934665284,-0.3324169720723369,0.31724925734686776,-0.3746897870766652,-0.3380783540233187,0.502319654724034,0.047599559076703185,-0.3055889652173974,0.1597531232171788,-0.035223781097097874,2.0164259445610972,-0.15304506289130296,-0.45490956650833037,-0.03518393419892705,0.06599111406031176,-0.34825682546479575,-0.11341165790443997,-0.20213285520034438,0.1495651784957007,0.46624288586738355,0.04642399666335005,-0.0918429688283316,-0.00398082738164177,0.34523261068504696,-0.28684516548052613,-0.582779017653623,-0.34395806386406313,-0.27512691566976566,-0.3748546595981875,-0.23634548999081906,-0.3439730970475363,-0.46623131060320344,0.21237951603781988,0.24844570204703134,0.6869025853126005,0.5134484070967678,0.5858232864444042,-0.07160315695682389,-0.18263207270679616,-0.33510823476942464,-0.09187664052463872,-0.21281201357106422,-0.39611136251343876,-0.31841552909711557,-0.1917885286446568,0.4803537431400905,-0.3018034818139271,0.07908572336464122,-0.17297690722044684,-0.07383719574053944,0.8557769255420384,-0.2609450790971726
2021-05-01,0.554997318152113,-0.09668589835614641,0.19664501563976786,-0.14820701589518714,0.46293794020830065,-0.12971496311706382,-0.12754118619292412,-0.027896174787172413,0.1326960998110463,-0.3093081803439259,0.1986116074125015,-0.3336091242876381,-0.2816266257547953,0.5473297744864878,-0.050643771389577194,-0.27265872643729805,0.11147994169187676,0.09801653257186399,2.167737496019138,-0.14393143145425408,-0.44021591935251453,-0.07068894331258578,-0.10436405456622441,-0.23582933173022738,-0.09701372822008861,-0.19929455449367875,0.09764149582488334,0.4988702003549426,0.3349028488084087,0.0021866099664651743,0.044060940518972865,0.4002013082901318,-0.2764127222448552,-0.5531578479374808,-0.24796244115377916,-0.23670927070923836,-0.3402439364487089,-0.16866868370463728,-0.2848929331538274,-0.49690276531383865,0.11294789530292174,0.14974530297397246,0.4990132413238859,0.3283913314771905,0.3944415129673654,0.008294877724778917,-0.18595733687608754,-0.3229553447456925,-0.13348129866405967,-0.2516818115062261,-0.38148031573901536,-0.3564281123896606,-0.20845000590386772,0.04227599611567469,-0.31439537022016395,0.14154438403996675,-0.18989174568763711,0.05770641068406418,0.6825394647986032,-0.313099764280327
2021-06-01,0.43663643940497787,-0.01888954906803844,0.2637487232827755,-0.16289249842005538,0.33592164604942504,-0.06284900552348399,-0.032280041039560496,-0.011000267883401135,0.11020944866739739,-0.19606104039161557,0.186516945353274,-0.2807607896641765,-0.21052115537469288,0.39487666773264074,-0.1215742013502838,-0.20744207059647282,-0.1032855982607733,0.10662859378602847,1.6890415541424457,-0.1010574377773869,-0.3243620231095143,-0.049045505936898916,-0.100685964110628,-0.04534767765239408,-0.044325886286733625,-0.14291276573452202,0.09292320221021061,0.33515639329326696,0.22693303178335367,0.027509124394198756,0.05891177166812929,0.2480434898685916,-0.26904561844545327,-0.40537997569914375,-0.18454046270712635,-0.21825036677898343,-0.25719960735719744,-0.1562339011786617,-0.19939929011055735,-0.37697089355520563,0.07513839083070634,0.07204640049998372,0.351549133407462,0.2249662862089785,0.2888811802737038,-0.090520117569712,-0.24700617613633422,-0.31209807413570523,-0.18722401328298363,-0.29594155625684915,-0.24063743604285392,-0.22581049474661824,-0.1107438782381081,0.11301985427152769,-0.3477543334697193,0.07893497376012741,-0.12678388671516905,0.09000528885385536,0.7685620968160836,-0.16819363163093737
2021-07-01,0.6119525506413566,0.20304153138217562,0.4589454080673753,-0.13555899907559535,0.4244787430348746,0.07098953732439336,0.13273017969907772,0.0491148150810763,0.18612659832744832,-0.14847174725654633,0.16862007740011484,-0.225753570311422,-0.16528841878022124,0.4619528765238188,-0.1284081431078658,-0.24406659243394865,-0.19577905660508166,0.14599512871044212,1.7928912191060076,-0.06826293674769826,-0.3471154013438788,-0.03496093561789797,-0.11726965484127283,-0.004207501381436392,-0.02755761067475373,-0.11332123322779128,0.09487299498324488,0.21280741569390685,0.206332323437792,0.1630647417108982,0.14840064123756636,0.32558076763490146,-0.35628800920802095,-0.4760218589268097,-0.20970976807269642,-0.21968142794667714,-0.26120070027064923,-0.16093179036244185,-0.17449222736216785,-0.47835101774711397,0.14448414825934147,0.08538793694484961,0.37531435543405856,0.35463974982964386,0.3617322275215446,-0.27770900027112766,-0.3256998114450596,-0.38897549949123916,-0.32893097930608506,-0.4345526455690478,-0.32946241359410444,-0.22242555440893128,-0.22758175374549244,-0.08287333817645284,-0.511601930760993,0.0400720974077726,-0.3333547750518068,0.04942285428899597,0.6255755160068105,-0.21407748820444752
2021-08-01,0.4879116341680323,0.23840542171905654,0.5519759777314008,-0.09939827106846542,-0.16069210100441417,0.0886255132632682,0.1343025251688017,0.13586082902028715,0.2350370958027768,-0.1279771673732976,0.3243027131481918,-0.275206674744117,-0.12516903130297524,0.764541871465989,-0.0679514759173037,-0.23043574564038094,-0.19238251348654498,0.0900774947512426,1.7482931316777197,-0.12155824706869316,-0.4319954409888688,0.0825894066350949,-0.2961509357196365,0.001587994324098889,-0.11689410288731553,-0.27629012061833974,0.08528096401987066,0.5467576517226345,0.19672104374344376,0.2904315128194432,0.10983037740096054,0.33482736464678475,-0.29692514793921787,-0.5837829184469104,-0.24740663158098652,-0.2194422476839631,-0.27336913304393473,-0.13752638829183084,-0.1411105424731148,-0.5806672325962858,0.27128416498086366,0.12014965565690526,0.4744327677808493,0.28272943298873626,0.3690387253358526,-0.17442816431591163,-0.3179674590253961,-0.4749557411071212,-0.42905811819818207,-0.46696291450890065,-0.43002321130584104,-0.2237349400744761,-0.18145374392301328,0.009275044485397808,-0.33038808486732263,0.019108968193015795,-0.44073688201898387,0.1353906625558711,0.6312097020069694,-0.3644966157732116
2021-09-01,0.38075184801326173,0.2729307612994161,0.5417335418869607,-0.043618037338594026,-0.4298440870014932,0.14689053441244412,0.11486965022913051,0.40050350275604785,0.4538115460487307,0.05473229099403282,0.5487726693554354,-0.2544270839502628,-0.03237535660000303,0.953921923703717,-0.03323164598858869,-0.4183256227040867,-0.1034972736403988,-0.07129163878179219,1.4442879278611924,-0.15505301667281232,-0.485506983647544,0.2236716083811394,-0.3864234281297466,0.06321892014153298,-0.019912394548843387,-0.28770388941026837,0.0910313234585775,0.6874745035800786,0.4123887875497918,0.4246069392114533,0.09861500511779221,0.31952353230567604,-0.45855361664990146,-0.7084054900158848,-0.326400212304269,-0.18729089531677234,-0.28115808232337797,-0.236293543620543,-0.13425508158753263,-0.7440379913604162,0.1398065114650588,-0.06019082076952869,0.4593542509072436,0.03537886921621383,0.16617852325837404,-0.19526824546204047,-0.288700736562225,-0.4042106700117095,-0.4265838467621998,-0.4981770933656247,-0.31687492638804216,-0.20705180560699654,-0.3180518754007276,0.11288831247765324,-0.20383241971288424,0.043472839650103456,-0.5998898903023667,-0.06522192231089186,0.9775117354539284,-0.2638747358939108
2021-10-01,0.3205249352728976,0.48782864443358676,0.5870061517234793,-0.12967876077903573,-0.3923533959796959,0.13480227709406045,0.11808303942711006,0.33365841040216965,0.5216723139556281,0.18313129088021496,0.24138015409929106,-0.34422619945901933,0.07511785468774886,0.8300827799267397,0.03827793963992236,-0.2781173164836555,-0.10162913689097067,-0.09945582041912904,1.5256319968278096,-0.15105384198090188,-0.47506547482724465,0.083567820251675,-0.3155895723880003,-0.07661228647448473,-0.15618294852782835,-0.2683923825603125,-0.16659242461376678,0.4650068067940457,0.2988550460820645,0.6059309762563205,0.16679478684247903,0.17218057457197183,-0.2752315738642358,-0.6944452410803393,-0.23353932334329555,-0.23524952030387175,-0.2610702906972533,-0.10116212063727742,-0.006174865322185703,-0.6809099056096906,-0.0009996749914160663,-0.13140500093165564,0.13432995069327347,-0.1520950580208078,0.016222846339945293,0.02621876328168779,-0.30012326416634094,-0.3515019291127061,-0.4272257939381834,-0.350443742224359,-0.0894387040807151,-0.0629362581849783,-0.15586134347560865,0.030629579218637952,-0.034271596377853535,0.024132533352387554,-0.43251008639224175,-0.028196138071827276,0.667520827339861,-0.19141557192583367
2021-11-01,0.08762385648960283,0.3744498773462255,0.8040856015514837,-0.04903764235375693,-0.19761358739141024,0.04419469490068397,0.1155389494097347,0.27065292604488655,0.2863052762750742,0.023187839892124487,0.36599908200039294,-0.33787928610258766,-0.014341925826090451,0.939659247019165,-0.13049409774153736,-0.06406544327965849,0.014898295315110305,-0.12231519201186375,0.9957821055896829,0.011828589856702583,-0.3739269129997697,0.014377748429673824,-0.1246610591164095,-0.03484737511125473,-0.32641086199382724,-0.37120771698811583,-0.32078546409558256,-0.0014629035049740086,0.23324468588514322,0.39735286504854617,-0.06644420375025244,-0.038338920224610384,0.11999500451064467,-0.4960351715951716,-0.20750052194407576,-0.29837092697704426,-0.22217556561940388,-0.2065594269886618,0.10983662934641238,-0.5062127159359514,0.13473401205042612,-0.27438625793934956,0.525365439647404,-0.29309060639193385,0.24700598735763485,0.057641688206721345,-0.21126474628097713,-0.28290318084476307,-0.40287620169476945,-0.22973596897611853,-0.010739629946063034,0.05188029913945401,0.1510462918215057,-0.19922473111200292,0.10652096237132994,-0.01814992205175319,-0.2374895161632557,0.1444862554997794,0.09690577664342623,-0.08243199728877548
2021-12-01,-0.06764798323045502,0.12039405299309444,1.157006544362715,-0.06705058505882744,-0.16175922383885175,-0.16005075977746488,0.2003945042872634,0.29952857757581225,0.13497932995162154,0.021159992879888234,0.3131540070075862,-0.4776678332705514,0.06663224408824656,0.7243204367631482,-0.19293298688530397,0.031089862677550054,-0.06655906920369967,-0.37382132339995633,1.120416605897681,-0.03794055835368583,-0.4384253303293404,0.03283064110647606,0.0894769263253053,-0.005653038922082854,-0.36164571358498876,-0.10077429258415696,-0.3510357741823187,-0.13391783019221287,0.06772457317096878,0.22072436242056517,-0.20028207974951734,-0.2818877386474569,0.07173833310283234,-0.49104459175482584,-0.318463686087559,-0.207466709807085,-0.2737769680326254,-0.43119861638916523,-0.08337031675475051,-0.44147785062324446,0.23862935665575505,-0.24188604435319414,0.5911024986066034,0.08366939216032938,0.5387240650158885,-0.0969547398230747,-0.20653310052069412,-0.2789080240870474,-0.25219391668081004,-0.0871703683362241,0.08047452913694687,-0.0012427995084337761,0.0004536287215675533,0.012139859880598495,0.23048823886063038,-0.06315937357345225,-0.10865680982126014,0.1166463066621861,0.481584111348148,-0.041053074326027075
2022-01-01,-0.36307761891492496,-0.10805608897874261,1.249960528597654,-0.03457625062606183,-0.07002985058864603,-0.2609678916341307,0.031358649564624405,0.15999166044474503,-0.09627503917327318,0.01165006347775757,0.2280390340341994,-0.5946675912920303,-0.03749068460063401,0.3704061387033911,-0.245813942738502,-0.11733746719177983,0.35240006825508624,-0.415547060921344,0.6806068921889641,0.18080115549342263,-0.44693902692627197,0.01591961888710804,0.16384503535206174,-0.042984652828876875,-0.45566300727906933,-0.09971027487438501,-0.37558515271175447,-0.20934421748496707,0.03329281371782579,0.09070200938550121,-0.2644824571986873,-0.44186955564283237,0.518652070543198,-0.4488176501699053,-0.4955718958943395,-0.46047295641175334,-0.43924847518185395,-0.5396340227044412,0.01813065568340745,-0.5029485924691706,0.36364701497891666,-0.06578853742859875,0.7675145723008114,0.5242690362890859,0.8402517918462677,0.044519894767653896,-0.19882611318864568,-0.3158731701322512,-0.19645930973897208,-0.05587091698576452,0.15669461575253152,0.11901003857141923,0.05530700938206215,0.38689388693310933,0.18435374593072995,-0.13545179332845997,-0.0986770505966727,0.08852600092199461,0.6108304983884104,0.3274708417611169
2022-02-01,-0.320817388496413,-0.09490076023546275,1.3607731960623792,0.11219469433784454,-0.16756785472211227,-0.5108167972492502,-0.026138493501505305,-0.03760814772378189,0.04411542003475051,0.1282732573379239,0.040941110240064076,-0.6554107088131752,0.12464091722218609,0.24367829060570942,-0.13576909688582747,-0.0992403778136872,0.5794408324945365,-0.47377182185557515,0.5825168776303475,0.40966561442286414,-0.42439056125371205,0.0956914969478366,0.2009703011851123,-0.2707827913139412,-0.44315766908677084,-0.0197812651377088,-0.22961843044446711,-0.6003371304547326,-0.3771716834612714,0.032743011874984004,0.8751574533068253,-0.5916086322701961,0.539165830981374,-0.48150637170845123,-0.43739374810150206,-0.3314283748958024,-0.3871075746460358,-0.694494521771624,-0.00469526035190058,-0.44677691264022185,0.14155413930705932,-0.22692837089823376,0.6311919030882912,0.4411203649426013,0.8157243790333263,-0.08113268287247218,-0.3716055754399775,-0.2647142246279531,-0.3125076173727278,-0.22916805619373992,0.26345644068833507,0.22588461942967467,-0.19845628216749084,0.16962452763114733,0.2838640517755679,0.06683233244161964,0.1410471516373098,0.0674117083990253,0.8107100332518724,0.5254644926522342
2022-03-01,-0.3037185066996349,-0.2537511951419341,0.943464236158994,-0.07245503667874562,-0.1960523831786817,-0.6510436660741571,-0.131092664520351,-0.23516574661375686,0.025712925409236573,0.0059767264194699535,0.23263608478909567,-0.48808085080219193,0.06837967621272631,0.1319543358155287,-0.04107520580119033,0.10709886298368951,0.626709379166288,-0.6247405571226193,0.32659519818771865,0.1777665509645721,-0.3179019153064888,-0.037882063591295,0.16658470511717507,-0.17030985682648184,-0.4169955472736492,-0.01471755414149313,-0.11621520296074282,-0.5870022081034482,-0.23437802483676046,-0.17538843364975523,0.4846502506769517,-0.7601636747578063,0.06780674536655079,-0.37581541964831444,-0.29843012767837024,-0.2257526927872635,-0.2061802003823742,-0.4588484830430717,0.13067664998755263,-0.24718292462071512,0.20759582620797987,-0.10192539843840405,0.659665500820216,0.443672070857719,0.85811087858376,-0.0808713012442816,-0.08462448901115116,0.011129972984789578,-0.034766607234648625,0.16803585890296757,0.4210505156671862,0.1874574153981089,-0.055140329805066654,0.005921922748382772,0.48893260830686325,-0.02124684142940189,0.12747999190207493,0.3434926535447988,0.2876050678514719,0.3090188301697598
2022-04-01,-0.5001415726605922,-0.3954501927755114,1.1114860618731712,0.04411916606097124,0.0034117637388940553,-0.4750576344371818,-0.11913399865692778,-0.18539896050868174,-0.10598070541403852,0.043220887392633876,0.12403861989855372,-0.4835599054930581,-0.1696350071205918,0.15425333079337403,0.06482380397764245,0.03193308261773431,0.3284520145714065,-0.23590321866403213,0.053163381350202876,-0.22596086919577688,-0.4069158212887946,-0.013270150731825456,-0.1386269390910611,-0.16238791360017632,-0.35913127220793695,0.14790288739204488,0.019777809130697405,-0.05714057270391365,-0.26813464918901986,-0.09403041003919788,0.02296213750473443,-0.28199688791840827,1.1368050977126847,-0.3154129066714574,-0.4376192092256841,-0.2668667191544189,-0.3704124134545726,-0.4964931332772717,0.034940516295415225,-0.2347511665196313,0.20221058132068132,-0.009431851237435507,0.608431015798057,0.6546593457374346,0.7560591146541004,0.10934408844159446,-0.17358579895732956,-0.11668538104684842,-0.06333202534581407,0.07083972269037347,0.07271135721774166,0.050653553313514725,-0.09597686238813345,0.2193361974193017,0.2676576080084059,-0.22807843012895254,0.01456770897970961,0.325484306655346,0.6713416210822527,0.1349457244871053
2022-05-01,-0.45832375495276323,-0.3212208547323442,0.5868857130388552,0.05119229830905532,-0.0852801368408628,-0.3684178714861598,-0.22699056953962654,-0.2690292327859003,-0.238450786616569,-0.08021784390643684,-0.06996736756588931,-0.25308891150661855,-0.1082876820346635,0.28702892872380054,0.11805249110709605,0.16862829127932943,0.2668516254178307,-0.2962964667388306,-0.3430265210873595,-0.23284663048201157,-0.23692224999843972,-0.025194096980200573,-0.19685249492089937,-0.0546628108782245,-0.2541583833248723,0.1396902518080673,-0.06272900592471431,-0.1015612471129311,-0.11338128117262289,-0.21316820393228145,-0.1592690537322541,-0.31252467834431097,0.6031918665667494,-0.14471512301595918,-0.13895850731066903,-0.1194870061388543,-0.1493511089230995,-0.06464531260354589,0.2502859012903439,-0.08542707098077873,0.19981904689199004,0.12821912078481618,0.4650676509904615,0.3661251148698538,0.5114049607112917,0.12513434786739278,0.014774988961986864,0.019917630406125125,0.09757664327101667,0.25269479480598384,0.3634395697734404,0.09489049941907345,0.031051524620300794,-0.03980565724256899,0.3968213718045066,-0.13656718795560904,0.019554933382109226,0.27874191173650503,0.1312106322979809,-0.004768010061326246
2022-06-01,-0.36682258200763745,-0.28798483000451536,0.4527756483089167,0.10123800060772566,-0.07493190113444095,-0.23332483978168186,-0.07960314602718668,-0.22746208408582097,-0.1859570267602101,-0.06283068861818639,-0.004768075740824385,-0.3540244191696416,-0.16677882304892924,0.03711093685651148,-0.046290786169918816,0.0778715302030392,0.21806559787810909,-0.15652204279393922,-0.034903024710530695,-0.12560779017067997,-0.3403743599694088,-0.05577807413243538,-0.14377881259164615,0.004627740922307992,-0.26374692018967083,0.08786851384498817,-0.198490033844964,-0.024354637286007452,-0.032701156318289265,-0.19307234356425218,0.13792848518010425,-0.11952002063809535,0.8723317085878384,-0.12992466095385918,-0.2314440264667262,-0.219470389914566,-0.29309892665185944,-0.10020724551637267,0.061194560602533345,-0.24679845251759622,0.23349502310879322,0.23684030873145806,0.5729702986814279,0.5914518184509043,0.6277497848771529,0.08886900810281109,-0.1463982194881328,-0.09887019647984877,-0.06076222634330078,0.01763871142971002,0.2995051818646122,0.04504304966602104,-0.16115631468660457,0.061172232259443945,0.16283378863085224,-0.11139648443019262,0.007848342169728482,0.06457024477555216,0.31628838699528733,0.1652680537311574
2022-07-01,-0.5379898469291837,-0.496116658756839,0.09657822573984523,0.03480997845185928,0.0018096344334782438,-0.18482116383513392,-0.040362381568532044,-0.08003963965901206,-0.12034976474918554,0.0345331462752726,0.10958075447520271,-0.37769467135725765,-0.2761342283804923,-0.18983860822639587,-0.12181701455183672,0.012195118878939898,0.13954271946232438,-0.09810744429716531,-0.432736333354228,-0.12780226739485046,-0.30233267835248995,-0.0692177184640399,-0.09210627272538474,0.10489947204527698,-0.08416311795469217,0.08950152882267293,-0.11427678251494697,0.24783873351652158,0.02797538788749046,-0.37854590067441063,0.05935212380647316,0.03499453848324184,0.9119961767743543,0.004020262203525925,-0.30652699827381996,-0.24900373014231586,-0.3142722848020732,-0.15322680208536177,-0.05872394350873565,-0.1376033078005398,0.07322815798100962,0.14930226016559023,0.450457011105025,0.6119600928204496,0.5674527082051636,0.06269389775649062,-0.11378200317270887,-0.037128038526143936,0.012536427914239416,0.057974916076069,0.18982870393961798,0.03376101829523108,-0.11808822279687065,0.3219881093584793,0.1294051222736643,-0.09215160446116884,0.129605144292345,0.38730274198397613,0.4041572723677783,0.18738254154602768
2022-08-01,-0.5583097489760497,-0.5208985368258225,0.3846570176360799,0.0983393663323231,0.009347576766795866,-0.29536225455849774,-0.10842172259190964,-0.24228651223193332,-0.2964626382508597,-0.05381951207299315,0.06810166939905785,-0.42040490895338606,-0.2170151495658088,-0.06631787053518312,-0.050892955640731236,0.1288936325474575,0.26636613629142264,-0.0202986911256387,-0.22630108768436769,-0.1462831216233344,-0.4100333618219033,-0.15390026460270637,-0.17927506090260348,0.13947192612285492,-0.26299566747287817,0.12633782318383868,-0.16488047989989482,0.19062523202887288,-0.004284401572574731,-0.4598016043414015,0.026764814267512232,-0.021001691753791435,1.1434828340848353,0.06372050960132344,-0.3523791032218235,-0.27961277998327,-0.4146841052230574,-0.16847512335121284,-0.007031870540112565,-0.2091835817883305,0.18342584172721668,0.23124807682178494,0.5969574992129059,0.6949278377855669,0.6561538513379379,0.08921912369782883,-0.19930886219625493,-0.09128019552018624,-0.05078133325683695,0.05335879163341156,0.25268832187354634,0.06455468753442503,-0.19725532224992393,0.19378358404288473,0.13171015054252463,-0.16982924661540433,0.0816661767022698,0.5401129310496214,0.3878200022953122,0.17589243511610864
2022-09-01,-0.5119050200198093,-0.5760998295594054,0.5876966054347413,0.17095711611155512,-0.1224236735960064,-0.45968867982521744,-0.2131367103936077,-0.316916952176979,-0.40387400367879167,-0.05669965354648581,0.05582316427012744,-0.644835912505629,-0.30691804589505517,-0.22533935682467415,-0.25964506678153154,0.058622467019092545,0.1482671097686358,-0.03314683148258907,-0.026880050344217976,-0.18439862875055613,-0.4228580762075549,0.013394562873409151,-0.2155397875065221,0.13468925542551563,-0.2960327929046188,0.16296835473044224,-0.18649955348765032,0.20036386503200512,-0.06729288450147827,-0.5444513044304913,-0.03492027467736128,-0.028242303712769506,1.2189483138938464,0.06377936675368544,-0.42706306437486197,-0.3248152181862828,-0.49488989137071704,-0.3026930106226079,0.05960038863350651,-0.20070416947529396,0.37704960201179605,0.4503456403361497,0.6791636611437283,0.7844772323916148,0.7867101086105138,0.05843237439745916,-0.13072294770370396,-0.018892256840263383,-0.004467823107153629,0.2573364751499922,0.435276036786868,0.1375673452491123,-0.16237780531295315,0.17453733109870678,0.16972599746296066,-0.26728565119042064,0.08940350872201672,0.5108068726584358,0.4377396964953167,0.1904763643728936
2022-10-01,-0.4353206013722685,-0.7538326972514283,0.13743887562353052,0.02641214865118859,-0.16288786166569524,-0.17507865437881862,-0.10160132883606254,-0.09292681919062656,-0.2877294730363918,0.035351010548440746,0.09719094750859074,-0.49569648204007183,-0.41536457845569147,-0.23229790615461646,-0.16014114767124712,-0.03580465881649094,0.06721864124580645,-0.13222379942313442,-0.6414366690146361,-0.2682099064418913,-0.18705130558172448,-0.01867414513296247,-0.30481637103257064,0.3575686608707077,0.05968544992664129,-0.04114513017897509,-0.029097291035615293,0.392669429494627,0.1083822619206066,-0.5688698360306625,0.21918984767649752,0.08382904886752997,0.7334706234814569,0.17482097212206235,-0.3433150586445719,-0.25884016553385825,-0.350666365677181,-0.24771561093218802,-0.06448221723685851,-0.12371299708340486,0.3493061741079355,0.39440279953854773,0.5689652039987527,0.9682933670541829,0.6559599441920393,0.012198015430929864,-0.08216755122029637,0.05418717117064569,0.07499469519543384,0.1599680284766469,0.23512692613123518,0.06746731421475786,-0.17063441150966863,0.37029905649663464,0.10199207691935182,-0.1947270677070788,-0.013146777859220915,0.3316426941420807,0.38133345049721,0.12985019819478352
2022-11-01,-0.5804060685196466,-0.7852242560758088,-0.22493639194270676,0.014458121781571541,-0.17309646670365347,-0.17548263609294315,-0.17314525045767437,-0.1103952015428703,-0.22820333267667145,-0.014545557968599514,0.0713255600523659,-0.3437771732539774,-0.38607078056885935,-0.1389099305258855,-0.052847549140179285,-0.1324637472625168,-0.023112620633694236,-0.24975009087280378,-0.9847439221816735,-0.26609687414323685,-0.1234053091539737,-0.01739447398143362,-0.25861599717819395,0.3218290779447443,0.09361521231754774,-0.06921192504656487,-0.012877004286021503,0.38219114911963814,0.15219147664525945,-0.5867985101553169,0.35048150381202314,-0.011322757716172471,0.5268649653541663,0.22348356647271106,-0.19657029234228213,-0.21367532411436252,-0.2480506086947609,-0.19033772310111663,-0.0770639574786002,0.03795495125942855,0.23397608419089194,0.26874913908810233,0.46669123945294944,0.7708237761274372,0.5186050389728263,0.07601500200460888,0.049581070983772825,0.1859627986099952,0.22540120991855087,0.22801380952977857,0.152524263056982,0.09950476615438576,0.12529109368034158,0.31321429682552576,0.1545838874085518,-0.09994270773486123,0.1752564425525876,0.509602370973101,0.2802515430829733,0.13975197439873335
2022-12-01,-0.565647048642178,-0.681238180088378,-0.2625584520495844,-0.12207511298079785,0.013701297867050669,-0.1072141210660062,-0.04751792761759402,0.029898996495701272,-0.10201983161104443,0.061874660362267825,0.1647236803242293,-0.3464430793041786,-0.392975378053101,-0.17803513144525196,-0.16616032982715462,-0.06527084237640425,-0.1691457418521612,-0.2424332838562981,-0.5953546783553707,-0.28184779430192103,-0.12962964309431452,0.04445354221768766,-0.20490355956126896,0.3051665475846514,0.1533621002051895,-0.05553352588692258,0.005478991669972243,0.4172935726216165,0.10455946143935924,-0.4293514748496477,0.2636885878893672,0.08811732570719698,0.5122210395857855,0.2293935109623365,-0.2663784797722204,-0.2602362492708364,-0.2583654588910938,-0.1375671534769308,-0.04422689879523567,-0.02828160145664603,0.12016338706024002,0.14505564150126324,0.3575022472760503,0.6501121089931785,0.44751275604423335,0.0015587533379781855,0.02019209629599207,0.06906545726008939,0.16746108466791826,0.16556174991563444,0.10413981176036723,0.06432055791399895,0.15108916510849135,0.2903405465207318,0.08111171867929076,-0.09799297004777086,0.18760959548932768,0.3870893833984374,0.29100036518156075,0.13993110618372423
2023-01-01,-0.418388552609047,-0.5244446363215911,-0.0576708917517155,-0.17876150896826784,0.07372553188356368,-0.09026099791875009,-0.06285128321991315,0.00839407017570793,-0.06298209046128668,0.005730494762755278,0.09841445410059624,-0.22857025960573651,-0.300958334223154,-0.10399952183429298,-0.07750533654070463,0.05412162416701447,-0.11574039369036257,-0.14875658406589132,-0.18767373720552005,-0.27461717867984325,-0.12256547858274637,0.007265584493670339,-0.20197060048585352,0.2455236882508181,0.11294287388086204,-0.07907275841702793,0.0069610927430942444,0.3365365157969646,0.13828545366596112,-0.327179960924578,0.19981377177866938,0.05391293381181604,0.4029484128081062,0.1905894374936001,-0.19780207390328042,-0.18771873932609992,-0.18036818357991716,-0.08693080917398557,-0.050703234314276924,-0.04702030131390761,0.12404375535571519,0.18014703706894503,0.29291902544625764,0.4609355309191272,0.3240240799235548,-0.03510626204767735,0.008201049162581572,0.052442558966072486,0.13362766162194528,0.11962734832874827,0.0379461446073331,-0.038230442116511026,0.07902942208601899,0.1333499823125405,0.010837875229169042,-0.1082988005204696,0.13091825936689996,0.290160172947909,0.1996185421847723,-0.026797557375101762
2023-02-01,-0.19387837700679136,-0.27140956118841325,0.22880565791667787,-0.07444098365514457,0.025192529075124905,-0.007924818649477139,-0.11071333398684088,-0.0709014671253973,-0.21444668717593765,0.000952179926859158,-0.03956207222520089,-0.15224943288457532,-0.192193232282317,0.14408514547275628,-0.05702401711025526,0.08484661720747558,-0.05252478419281879,0.09513072215411673,0.1381974630484486,-0.24940149693351593,-0.1382430217208876,0.039418681716250174,-0.3108664864521743,0.2573604235692266,0.003366109941150351,-0.15775916786572897,-0.11915786516079568,0.2722492391425565,0.045110545561509244,-0.22088410289735197,0.2131038601982986,0.03822451864783656,0.6317500886904283,0.1439214314071161,-0.1274595087735614,-0.1846801374806416,-0.20182946965837537,0.0032217527358488728,0.0012962482553494671,-0.2007938523936133,0.20299780141682788,0.2389149266016429,0.26220358275873046,0.3565945050053716,0.15348824280056264,0.06915555813829946,-0.06760755051510736,-0.025862763008147913,-0.003495770415421551,-0.027432427385531036,0.008409292004789501,-0.06276465065564103,0.047412759174081935,-0.08599712691543922,-0.1497025325311751,-0.14460149627990906,0.014658984079256721,0.2655893432789649,0.029224262920766367,-0.11582219652782744
2023-03-01,-0.2431125961102877,-0.18556606063250256,-0.1519245720107233,-0.16021267569859085,0.12658523624729187,0.04475561127652486,-0.0448370835426362,-0.036854909282867374,-0.1106159621862152,0.00836823082076359,0.07651027168907329,-0.058566756824698744,-0.18934923943991055,0.0078452642888506,-0.12746153710831287,0.1502494146458368,-0.04200266763436807,-0.007819104534760035,-0.3639954546425881,-0.08533308244380346,-0.009215639401169099,0.03984866729297889,-0.21856828662392844,0.14976587148931136,0.07509662075252457,-0.1285836902997904,-0.04620301143816639,0.2521092459232067,-0.09398461357294086,-0.17917599050521013,0.26103139473485254,0.041616965240893186,0.3520216013848848,0.2418802086172865,-0.040047505616527895,-0.05152077905369671,-0.04979213614145949,0.03309342309097109,-0.07009468141417088,-0.007083653263346663,0.09623984688588559,0.04227720337132245,0.1055260107740569,0.30342877417957204,0.10261252912504334,0.0578853875589917,0.026327726023396492,0.06987177072235341,0.08073812709997878,-0.012788561894034697,-0.023688568012104422,0.06739642149652432,0.1140017051380027,0.08061935901423456,-0.09788686532923184,-0.05584970530509119,0.16878938905650304,0.1331928741100073,-0.37759884464562515,-0.032217300118778464
2023-04-01,0.06158568006050662,0.06026002146506054,0.0907056437921839,-0.036857960351732943,0.07588627521349706,0.10879691412427686,0.013643950090162865,-0.04382698798913042,-0.04455250439745655,-0.08040148035970932,0.10240804177590221,-0.017263548493860085,-0.06724662983937008,0.10274831167308697,-0.04804352810020256,0.11778453262937016,-0.03993090623086266,0.09063003449342373,-0.05191387475342599,-0.032977970196474665,0.01379763308617685,0.049396358508809884,-0.12027969288864312,0.08474695812480662,-0.03407192995425143,-0.18687753266992807,-0.0568317907664743,0.15103619085280026,-0.03984663000273442,-0.05439186132720822,0.35402258727946395,0.007752013745996919,-0.07514955901804832,0.15872063901094052,0.05301022465770317,-0.02569251982738014,-0.017437441533757706,0.06533922787021006,-0.001973467469032354,-0.07538770683238197,0.17848758857535732,0.07037271389556209,0.05542228224736932,0.13990360384073217,-0.029904645839069856,-0.03138520101534769,-0.07604193162861375,-0.02462985538185658,-0.06161424726889164,-0.10915572473939783,-0.006740326533186733,-0.06881235892492606,0.0071619156272996025,-0.1192180876028666,-0.138256054272886,-0.05001574122940626,-0.009681372724931463,0.0362147670183568,-0.27924830319145677,-0.09139603914004486
2023-05-01,-0.11471194244478658,-0.10614978386081211,0.27337662379541616,0.04488972943354256,0.16449606964455432,0.026897732493829797,-0.02678814688751392,-0.0040360242678064,-0.03579259158933621,0.0031526342641709643,0.051505427291172454,-0.13926278821382834,-0.19833869686950645,0.011939897421362804,-0.07691524236655015,0.021064844668980787,-0.10745782422245775,0.06287163667569579,0.0035927319544778458,-0.09901394247831874,-0.02147608498319097,0.10347822890940012,-0.12393796716260301,0.08783847198762781,0.0035961762501099358,-0.17436157883146372,-0.06511101177838284,0.2775699369976149,-0.02849912572586246,-0.07568592514387375,0.3548683519994115,0.07942693888455353,0.25262865089735664,0.13357690838596825,-0.0647364969436768,-0.12189771347233282,-0.09085416222309192,-0.1395625007103503,-0.09054754127064421,-0.05179146643458723,0.10868230079476834,0.0369249207842834,0.06472704539335425,0.21747917127805147,0.03419827056154565,-0.03430618011877927,-0.06773424950483414,-0.021180505406756964,-0.013581171926009964,-0.0933741058583463,-0.10392180000240253,-0.04829704662950221,0.0558616850629138,0.013401406823951599,-0.17725934609887775,-0.08124252393837825,0.09756998309416007,0.16268261614886312,-0.08472084380190678,-0.07022943528201264
2023-06-01,-0.09058702445565579,-0.19176816068053917,0.5858907211562533,-0.021595719097243428,0.4028639121920414,-0.08653470986090749,0.0021441810238985413,0.051798286379771546,-0.0314032519203666,0.06738174031761787,0.10531671901533804,-0.30089940865901355,-0.3463003346106664,-0.0999449428210585,-0.19698506840866303,-0.1358075783362237,-0.22527838866573735,0.1869894855884623,0.5023172458677504,-0.182108281768822,-0.12417488626860887,0.2871737722933013,-0.18731684992199676,0.18065891365196404,0.053596306608062735,-0.1764273863921339,-0.15635956574072138,0.26710354243253226,0.008431845046607975,-0.02310438682342053,0.5916255164088096,0.25033682219724007,0.3414035603269208,0.08185855049869406,-0.16273014919185588,-0.26358568526792214,-0.2511996495988815,-0.24295089396171723,-0.03526340547124459,-0.16836767658290067,-0.006691383191933201,-0.05150245895573356,-0.06096717677007982,0.2505168575546169,-0.009799283356096616,-0.13701062595851524,-0.17176309733672365,-0.12367730341091253,-0.09978824264169403,-0.17830658746099076,0.03049767143203848,-0.0393209892959915,0.10866213704806171,0.08875215576141193,-0.1744595711778058,-0.18301972088820218,0.12494330984060899,0.2752847516540353,0.08467020803665938,-0.018690571586887583
2023-07-01,-0.22934351221873814,-0.229223292203851,0.6812922936745452,0.07841113728292995,0.44378069405247567,-0.051059057953796935,0.019084695380609997,0.00528385092840581,-0.07762649896101809,0.027273270528166027,0.11788452761317973,-0.30096364862330816,-0.4448241089373957,-0.0659839331665526,-0.18853652926580408,-0.05995018104437601,-0.27669161242275947,0.07975209657888728,0.3595033898981884,-0.19773817524448536,-0.1299696850351255,0.2560648128847713,-0.19574665686981899,0.2114177085066233,0.06680830672672342,-0.16475241680138192,-0.12794026139491427,0.3570576656662978,-0.03300107656505887,-0.03942486313399066,0.7766723109119278,0.19976309431241943,0.346339765575517,0.14579240301868468,-0.13885513522791135,-0.29358373376445074,-0.2642981278760175,-0.264835317923843,-0.14874191924790506,-0.12822651452226683,-0.06217587210166492,-0.09817129757422394,0.0250356349399673,0.3754209382175797,0.08008084828423971,-0.20376713339112457,-0.1429311961989663,-0.1138641585858563,-0.04987742619082741,-0.17674618092280403,-0.011944719572751745,-0.0658191547944642,0.16736951648206366,0.07533095155499091,-0.2404564464136974,-0.2019600242522606,0.1491480837149593,0.23581115698121582,0.09664732153703885,0.00507958044177783
2023-08-01,0.008266168220052581,-0.02988925249857842,0.46745923370229525,0.1619429080164447,0.09534371788708804,0.03877852715741645,-0.011024708661336124,-0.023102845335865985,-0.02985048588532805,-0.06505260218580534,0.08482296815138984,-0.16396682319646436,-0.1781353199836223,0.20288743547218846,-0.07373599667507533,0.015054671980496662,-0.18862969673479693,0.0034009250873189498,0.3696458252155815,-0.14232116819445478,-0.0460262243664686,0.05149108404765208,-0.12221217599909524,0.12504668832396754,-0.0391312229222464,-0.15673601808806506,-0.045806250232372295,0.2146846976822575,0.05299348132580352,0.024801741811753555,0.5322714978457306,-0.048190758756543994,0.11374556676548533,0.004364971400449884,-0.038137311042230296,-0.1519660769801151,-0.13253368075576372,-0.14935599529004173,-0.05671228463285978,-0.1592495108269209,0.13690825840109278,0.0016537288285801838,0.09145456198012956,0.2962924548468759,0.11491419964469868,-0.1596840865225866,-0.14354354362516467,-0.09535378271499732,-0.1292875998270469,-0.12600863580202543,-0.09811015961144971,-0.18664343725716165,-0.012242813516723426,-0.005872498164825889,-0.18647562942218196,-0.13277058100103806,0.019978402000702354,0.034766503687655916,0.1444608531373977,-0.08547503677726236
2023-09-01,-0.10207893630376631,-0.09657470380589242,0.061230797971518564,0.015290245997048799,0.15586359113017495,0.0031304417973270146,-0.03578662213404172,-0.07871596450813145,-0.068117707069375,-0.06168249157520338,-0.04134398812537205,0.01851056499138963,-0.09731402058258126,0.029715252419613744,-0.005223661376758377,0.09523762656750519,-0.018269243132014633,-0.01943774284959679,-0.0563126728729213,0.0028209481243329226,0.02795600662082373,0.0016337197767092304,0.03080905400877431,0.03406188937175692,0.0034065329012958404,-0.047667277029544444,0.028538282544088536,0.009937582583474897,-0.021504844428572197,-0.05659718286745323,0.24971437223444015,-0.022516364555557652,0.10362389723645105,0.10884890090082856,0.06607341974785574,-0.020090881779153358,-0.0018224947003611237,-0.0026711697714555116,-0.07084308402222242,0.058667975019482566,-0.1180419465571766,-0.1122321364261554,-0.116746831248117,0.0728938613473247,-0.0842611466232174,0.010488496670449604,-0.008683555153235005,-0.006805399521073636,0.020190988126722084,-0.047702936125949155,-0.05144129897367991,-0.022915298992279905,0.08737382676262695,-0.04207892764330938,-0.07763555769171393,-0.022623963200058196,0.10674580412572739,0.235764013424297,-0.021781990225249414,0.02070254384689217
2023-10-01,-0.29904191052814616,-0.31128202999237387,0.29125459847764756,0.004814128175295779,0.40377728575998445,-0.10351013407461279,-0.04122721941245694,-0.07319213181281262,-0.02693888130901463,-0.02814842940360293,0.003285987488370279,-0.10358567375391925,-0.31968379942161035,-0.1363891079487229,-0.12410094844902994,-0.009820155409573518,-0.05581798122372891,-0.010152117270270183,0.12855326791655092,-0.026617793094459302,-0.09102445582415754,0.2000505796616549,0.06733202029596703,0.15982223958668398,0.00644929734176905,-0.011941197404610207,0.052600994334177996,0.03710504530127086,-0.02346815237867677,-0.0873302681874201,0.2206833697262206,0.14040215422633293,0.21467915769172072,0.2094041167527998,0.04730810661614934,-0.11412292106005728,-0.13494640907330643,-0.1397299978157765,-0.09900028928596669,0.1265113074915594,-0.4442512338683046,-0.33151697164027255,-0.4386846434374637,-0.061817382898815415,-0.3151235236112534,0.05903649402490257,0.05140165859570995,0.022592298283724194,0.1284677912739725,-0.03184393795444939,0.04786980733830808,0.12040018910693434,0.26541585815392266,-0.020228942074543413,-0.03696633588561614,-0.11516786412759532,0.29794100511688326,0.5416693200098757,0.14472428923675568,0.16016343778865139
2023-11-01,-0.37352472577858165,-0.4020580307784228,0.6068568915820715,0.03921550435356325,0.6185348417816192,-0.16403478655830625,0.06699679928896317,-0.049889250260136034,0.09544633938893451,0.0955571351147857,0.1668500936175115,-0.2515031182719835,-0.42698640539384325,-0.08898174346389812,-0.20853428260314108,-0.22275789554151942,-0.21991853656457985,0.00934604094306564,0.530718000728713,-0.09672904221300228,-0.21122103918920784,0.1550036635551244,0.022007286397676344,0.2254667764400214,-0.08228151989103699,-0.06502910938101794,0.04098527499082307,0.09804088171191946,-0.057001101793299744,0.00463947206879118,0.3733284868860396,0.2326117394145753,0.3252006933740037,0.14431864331683153,-0.1105796672252966,-0.27573939604614167,-0.2803044113566614,-0.31364515478487104,-0.08625803360962692,0.03784809256756428,-0.4781001793023322,-0.3919275489924411,-0.4213721901585833,0.0081106249855607,-0.19893192049746317,-0.006706942786768852,-0.026849313992825585,0.049539265977274746,0.042678803871787956,-0.07143699349278183,0.09373997752828969,0.22768142817449516,0.1777297624974506,0.0884253329170866,0.001994557827670421,-0.2702025571495004,0.13195134086888666,0.6041899422005891,0.2747272927039456,0.23157185064738722
2023-12-01,-0.3422795406601117,-0.24211291336511395,0.577593695822954,0.2844813437439697,0.41626312847471797,-0.11237049844091504,-0.04438600983292453,-0.19421401073170774,0.10366477289788797,-0.12490020585079437,0.14162044431807477,-0.15110642802070984,-0.20477050693059762,0.414762806379363,0.009696772109900668,-0.06971394166043308,-0.28401759878752786,0.0027484484096537976,0.282999210522646,-0.10949907575722884,-0.20247671300149997,-0.04846259171061715,-0.050472901501193074,0.1599194693592652,-0.18415683896018004,-0.12564979271486673,0.21436129991891933,0.08701925891988133,-0.06875749846882744,-0.05133001540411854,0.6279759323871938,0.06050395571087357,0.126643258529052,0.13844145587314266,0.017518364682206335,-0.23469333790048794,-0.229840536476681,-0.2171705353164191,-0.25814139538841996,0.03826726836043849,-0.10598909684877963,-0.2224450370235395,-0.009804994110046414,0.3055421998963837,0.08532419150980923,-0.12028113328914111,-0.11044133508430035,0.0338716236858598,-0.165126295031166,-0.16567758128748605,-0.02614357314563212,0.060074906675935805,-0.05183015507595849,0.04594551401418251,-0.005837281553459696,-0.2880414960448347,-0.03335488016778856,0.4897333124496328,0.0671936399666305,0.04474979687420727
2024-01-01,-0.17002953000918286,-0.08053354023884375,0.653522559903855,0.2996968603126366,0.40767309545489383,-0.07151462410906846,-0.01807874253452004,-0.14270819972170573,0.05689452940450238,-0.16257146690236574,0.18327302195827075,-0.1438406633868752,-0.127811373818368,0.585977290860123,0.0186395537779774,0.030632268125035094,-0.3934990375894136,-0.06496991829312264,0.5943952772632025,-0.10580343599819088,-0.15628735688668094,-0.19417702831058786,-0.04436961963694952,0.0919622611141531,-0.2212518424395016,-0.14592648693254393,0.2451855607224294,-0.1129629720101972,-0.09523533110771466,0.012608815568323654,0.5783196530180833,-0.20074923453731333,0.011636800463182601,0.0773935737250493,0.04362060480804151,-0.21253674340576012,-0.22003143043999904,-0.2514669720408004,-0.21325678337298296,-0.006423366394830058,0.06792078561988983,-0.15594680301095748,0.15421428339203191,0.29866182034874644,0.2500822732660413,-0.22249602847775682,-0.15410298286947577,-0.01730601821295774,-0.18850742456184327,-0.19097097244651767,-0.13860108278426428,0.07317133451188673,-0.1319099956351762,-0.01155707523089596,-0.03121813373135858,-0.22597724491077362,-0.12263026935585548,0.4597112789838973,-0.0871098136182892,0.023236333665688384
2024-02-01,-0.30907417463571846,-0.24736003164988585,0.6680481237884238,0.4271270024550149,0.3296774214368693,-0.07186713498859075,0.02699958668506756,-6.650970783841654e-05,0.12812291007459564,-0.015305139607784502,0.2334919813620221,-0.3038468981144971,-0.2566668214613787,0.31268758065923286,-0.026910711737734908,-0.077611110355231,-0.41477522329674693,-0.28855622513863594,0.438678948137238,-0.14160087622583126,-0.15343199202994276,-0.12552771997104958,0.08806888961174691,0.26349684681450597,-0.10668158724869312,-0.0013367648341352863,0.1494987525426765,0.10804937522436747,0.048726737674181834,-0.122737236404508,0.49797135676885734,-0.1524099603672741,0.04406128064259861,-0.06537223775570906,-0.12651646141051126,-0.2790225803529936,-0.2565659981616787,-0.3439903379043467,-0.21556505548931365,-0.004894238142658677,-0.1362249733456558,-0.19475753828839576,-0.11480424492764052,0.2584472868778896,0.10407717157163202,-0.15477502137962781,-0.13683110540710444,-0.013438555050274146,-0.032482605263797135,-0.11509938860908417,0.0052393732704107895,0.08016907263520015,-0.12251057525330591,0.23019992093517677,0.14735761088842403,-0.12714114643395638,-0.06866070681540262,0.31145243737572365,0.1552588330135791,0.22536848068919654
2024-03-01,-0.11153039458705595,-0.08524159907207693,0.7827245480845879,0.5052846688000339,0.21697262889592386,-0.10202447797675986,-0.06736743865898788,-0.05800386044152753,0.10574118159529611,-0.044711132334698596,-0.07503691327113135,-0.23967198653311989,-0.14627162707341654,0.5232640703447455,0.046098242322553135,0.048651928415653856,-0.4006583409832082,-0.09319535620835295,0.3412143827929234,-0.02483058906642717,-0.1578389126462462,-0.1474846742244558,0.040048272171828866,0.26177408569724214,-0.2341270937989134,-0.08310698703060863,0.20034007503735815,-0.03256144763384036,0.08250157014695576,-0.0333285626429749,0.33594460859162023,-0.11387526301617579,0.14727510970653915,-0.08461307430844861,-0.07241391825374627,-0.25401810584426976,-0.23686366241363058,-0.2622434461308742,-0.07552797202324182,-0.14268196932456642,0.1443947410189636,-0.04488189321547745,0.05023201179830698,0.2625939074385272,0.15023256067493634,-0.1059268938173592,-0.2133290835292414,-0.1663713501481771,-0.18547625532942072,-0.225558376899807,-0.02014018906944417,-0.01723924497691261,-0.12658994153929481,0.041053788531918683,0.004149237943329789,-0.14940394286394956,-0.16379549222586534,0.11208888627633531,0.2516271165901702,0.09772916698062159
2024-04-01,-0.014361436643090517,0.06956518621388111,1.0494326446126634,0.5934000850427685,0.2050701150097549,-0.03983441116769845,-0.07374187504899017,-0.12098173505946945,0.09008789276188392,-0.05396912130167747,-0.03524405015913887,-0.2240779303034632,-0.16176739601191967,0.7164740361967117,0.19453428880451137,0.078337008843568,-0.4684693402158475,-0.03819364127841127,0.36638592953146226,0.11066245440453948,-0.22230149413530464,-0.25309487493398247,0.0952226051958553,0.3054373809174105,-0.37435954991141074,-0.1459138493667365,0.18879329601477332,-0.01927205038608991,-0.03929751786104762,-0.07253758582972337,0.4567906376189276,-0.12233696013244251,0.0674363655352425,-0.24150524090331082,-0.12043363552265196,-0.2986795859281511,-0.2919425939268337,-0.25574283988914515,-0.03548653037694345,-0.29840139435554514,0.2616938676700631,0.024193728922469737,0.11240883156008866,0.38424353769789493,0.11094544025944417,-0.17740547056031608,-0.36225899212322626,-0.32462401871312624,-0.29555816625711556,-0.3368151056372918,0.20224418938800326,-0.05872717948585924,-0.05944585876906887,0.0567455360508013,-0.025287440226706967,-0.1111758334930191,-0.3448643080371147,0.011105426118079603,0.1457589055589913,0.15407131462465168
2024-05-01,0.1519101568447352,0.10914023276644919,1.3250681394131636,0.5132922365249015,0.3737753969626636,-0.024976081765007763,-0.023228475007407545,-0.14716077720725604,0.16106409601629004,-0.019822668707948837,-0.06899385491741508,-0.3244040381826888,-0.23770695778035272,0.9179897171939735,0.13872084713086671,0.1104481573450472,-0.3113049363445592,-0.10216218747021569,0.5608845853058939,0.14380355493790448,-0.33304980294768477,-0.5439203097176825,0.16821858275185247,0.4926532808786301,-0.4882135856343312,-0.19664995816311365,0.28305493178368274,0.05152525112791048,0.005740413625706049,-0.1432895327581819,0.5370442399546411,-0.20020968400212086,0.1658021038604743,-0.4476249761166311,-0.30222327540582433,-0.4860454287796633,-0.43032012972603234,-0.2516617515670665,-0.032932384911677826,-0.5758493306172195,0.22556718888064622,-0.04435970558593971,0.24810603767811296,0.4642798127945217,0.08458282460785464,0.14133179055380912,-0.6205273464480011,-0.3776871103444898,-0.5149895926736171,-0.5254296545981825,0.36073504798540484,0.034371776830931525,-0.08958915401167891,0.04034521967350023,-0.03121213473226435,-0.19806150379610166,-0.3216322988856367,0.019746293236800466,0.29273895878670664,0.19901799505869014
2024-06-01,-0.08153726114901769,-0.07634741248228434,0.9658909511780682,0.46553240750601477,0.32080703455149473,0.0037586764007016132,0.07949345427707286,-0.061593517553474635,0.1500341605700958,-0.059892286793354475,0.08896536565337168,-0.37440875677884705,-0.2315484696939704,0.6982053246981348,0.11655607969767265,0.052764635995732403,-0.27628756408139604,-0.1234128027891242,0.3418605016280226,0.06021966565281377,-0.38108611450911534,-0.1583152493102923,0.06706861670740588,0.3933064876013596,-0.42923652522652317,-0.11399589880799542,0.3978649306891969,0.3136049161034458,-0.13820084275243447,-0.18446354270340373,0.4844988825199644,-0.015360366773602106,-0.014923107405505984,-0.1992585649252955,-0.250763130920444,-0.41350423808891024,-0.4070724179632429,-0.24028463450485268,-0.07123079936035699,-0.31454756127403566,0.05493546989466219,-0.12948055703534836,0.1599615873583124,0.22791388155257103,0.12699513510121418,0.2697990580568803,-0.39891878889544313,-0.22279525233630607,-0.3414370797025867,-0.3745760621762991,0.16819445019051654,0.035870686079462026,-0.16960014321997624,0.03986604613387502,-0.018115811643845653,-0.2639824949259189,-0.3829364732154278,0.30070549738020436,0.369120515080918,0.09322491775096364
2024-07-01,-0.04133106352380203,0.016325409612708917,1.047462195665149,0.5449239964748208,0.09848287553927657,-0.03866449204099083,-0.034614300674221124,-0.010011566761655814,0.10812612649261215,-0.14372736853117143,0.019570336633569538,-0.2680008190078891,-0.016660764161110626,0.9947292553143525,0.13080089797694638,0.13827351701115914,-0.1471117265529676,-0.23579542554265903,0.20892050199097,-0.029926271646199803,-0.31588504681147234,-0.2838179068235747,0.0736501938824719,0.23497710593803997,-0.4814249802200559,-0.2511450602772759,0.46649278839134833,0.3205242776729761,-0.2810925677530306,-0.12238043135778871,0.390024957816722,-0.20550810104983946,-0.11230961503764357,-0.3106752483729583,-0.2158348494881315,-0.3351228926468208,-0.29014566910432393,-0.1542942846077064,0.10982994771236387,-0.2859832802675519,0.17733570197822396,-0.044440816273097955,0.056343647436926936,-0.06841770801956225,-0.10177066456408068,0.3440696384162655,-0.2542306130056504,-0.03961444408856571,-0.1603993546167422,-0.21080364516248656,0.16861389544224273,0.04031568263476425,-0.1928047508701885,-0.035536767150141035,-0.060439230396617756,-0.2293493978965882,-0.3526612905403575,0.32242819616704654,0.20774728183872246,0.0982370749173115
2024-08-01,0.03711291055340753,0.03885883798362555,1.0740456103215492,0.5081886952673292,0.30271467326121737,-0.20485317127113412,-0.14131997482516057,-0.13063962389414985,0.10067558896175484,0.015544751417949618,-0.2104867282275395,-0.2527946122167156,-0.15283507979107847,0.6945764906387905,0.001700868813957564,0.004999449791115114,-0.08405943572723792,-0.034452421474441164,0.5728372165025033,0.03621179561291031,-0.25816802286113916,-0.03032887874017845,0.1215357273282879,0.2755113553081623,-0.3944298853286859,-0.2578604833171887,0.3628282958235171,0.13869805346980996,-0.20090108369373127,-0.09406134450223513,0.357019726366345,-0.04126146642661663,0.20717825113855043,-0.3259587852779115,-0.2792718752820911,-0.3887697792407146,-0.41572034689199755,-0.11195034022664274,-0.024683951458871374,-0.39442923416916476,0.005579376920929968,-0.07702973292029508,-0.12380476443950009,-0.004272960547548443,-0.22196201799625281,0.29705968464379495,-0.3890248969587387,-0.23779405326736233,-0.2871752589481598,-0.298014293605529,0.3891378451561298,0.18024030229539412,-0.06491799591627849,-0.06849920549983582,0.17890297584187553,-0.26808517226007483,-0.2661640660661348,0.3447454594806524,0.20898828045706458,0.1961441484745921
2024-09-01,0.15190633867068626,0.18255716829377047,1.3126179299213216,0.7041988905372714,0.22989185496737055,0.0286935678441059,-0.15464334523680784,-0.03581526801870179,0.07960722777801611,-0.06464170801357269,-0.14541946401392353,-0.2565344814761038,-0.02341069474047732,1.040949880427336,0.1526892368243734,0.04224451299894068,-0.20898116491376958,-0.0751878555403139,0.5949880051030441,0.06236067328992288,-0.28175244924202053,-0.1876952685961668,0.08768704444131681,0.3784342401538777,-0.5686163831303601,-0.3390617023249628,0.11169994027186239,0.29051826257255614,-0.29988946718722864,-0.0899789156770122,0.48369777725995333,-0.18593654945491944,-0.10330700221643144,-0.30733252912147885,-0.348411901695981,-0.4541386015116793,-0.45644314457987073,-0.041876510389272266,0.12151749111089592,-0.48774823608894446,0.2653985692840965,0.04981664930429325,0.09668270977247362,0.05513184858745973,-0.08168898797225033,0.0647665798145022,-0.4448163959935905,-0.30199986987122207,-0.39242729139444527,-0.40331565446834383,0.30469533096826334,0.03378079307874127,-0.19308483750647334,-0.15683695273454754,0.07919345651712967,-0.256187328553637,-0.3317520315099284,0.26918440724301707,0.17466653641637092,0.1515992210654883
2024-10-01,0.3832807192609687,0.37607115094172044,1.5152804577985555,0.8641733452769202,0.29450594826413407,-0.03356778465153998,-0.2759730132686382,-0.22615929735835394,-0.09194295909718263,-0.07614184395784893,-0.15983940119867454,-0.3113512450673968,-0.04151632722676209,1.443480079910291,0.15547982017805,0.15737175890535177,-0.34469012958820855,0.005907200301648929,0.7091225109131576,0.03536550177448308,-0.3004085482120161,-0.07999165392790519,-0.0038709333516534113,0.12028618329151104,-0.6962031291864729,-0.27769332137131414,0.027358482513295285,0.45958134045900656,-0.29220031355688786,-0.1459188002191768,0.686582726786657,-0.20649587330366076,0.0972498363462215,-0.46933832772524453,-0.3607038814756669,-0.24940908122530553,-0.5618790805128611,0.03521529921781184,0.12740317715999103,-0.3776817296114309,0.00023077793169201666,-0.38522326732606416,-0.06868602481879754,-0.0740553742864018,-0.343782928740433,0.21242247937470193,-0.5762908634166435,-0.4091149343150625,-0.46596423517366375,-0.5510601715198786,0.42053551164149566,0.10829414417527564,-0.18367188015558006,-0.18635841710793327,0.14475954702419283,-0.20894658768063434,-0.3668686457797085,0.5091773622709272,0.2513747166007084,0.19994113446326822
2024-11-01,0.6076999811611877,0.46921736700212185,1.892026356980964,1.2063573743844294,0.1173432320882849,-0.028833216423537145,-0.4673127564721687,-0.24748952611867853,-0.09920247253751578,-0.4844110696191162,-0.13336770519338095,-0.3779388855003533,0.05386580034440714,1.6252988289621362,0.4038787349629328,0.09984600123493778,-0.42009342667234995,0.24986080174363787,1.3098810787357702,0.08615260275335768,-0.3579301459552656,-0.13323556355150828,-0.038315787209017155,0.2117267625800795,-0.6456893888743872,-0.4760875425083966,-0.1978336158459859,0.5190276376711433,-0.015733285102761313,-0.08911393391562428,0.8721877079619652,0.05543365482016738,0.12215518124561692,-0.6240949379958071,-0.25887517345696875,-0.35603662126459446,-0.6676092917692734,0.0619125783951527,0.2093630051801434,-0.6320244181398493,0.06777137942636685,-0.21285851261088526,-0.0225851138955796,0.16613928869360606,-0.3158998343454548,0.12441141994235028,-0.79955601038674,-0.5249891065774861,-0.7092981975798474,-0.7111665781901381,0.35009646613884166,-0.20194587771660927,-0.24188450499931394,-0.4059907392667197,0.03195775882137756,-0.28405526962272787,-0.4499669136958463,0.3321952235971302,0.26476011577915604,0.047657836318442504
