Date,AAPL,ABBV,AEP,AMT,AMZN,APD,AVGO,BAC,BLK,CAT,CL,COP,COST,CRM,CVX,DE,DIS,DUK,EOG,EQIX,EXC,FCX,GE,GOOGL,GS,HD,HON,JNJ,JPM,KO,LIN,LLY,LOW,MCD,META,MRK,MS,MSFT,NEE,NEM,NFLX,NKE,NVDA,PEP,PFE,PG,PLD,PSA,RTX,SHW,SLB,SO,SPG,T,TSLA,UNH,UNP,WFC,WMT,XOM
2010-01-01,25.15934801848971,,23.028370987176366,23.384753169817696,24.934688841296033,23.064723577022086,22.483284312292827,25.137923083154977,23.804409305437314,23.50073602695932,23.800084831509277,23.94856085826695,23.614966668494684,23.27455230781836,25.031235406791076,23.016293912308168,24.499872045606594,23.664432722866252,23.544776682914208,22.666324725352666,23.57899668041475,24.258476369816265,24.785802143909518,25.06804143304539,24.213633103652533,23.65704234700228,23.454998757695297,25.261444778130738,24.9541427586884,24.9839584318984,23.963604739098813,23.744329971731112,22.918714808778134,24.066292831067596,,24.677045666632,24.1094828998621,25.77151007892024,23.478092550176697,24.194541121988355,22.04358173471588,23.450089651873387,22.86727699407478,24.626146911013603,24.652190429405923,25.209467096541754,23.325029950566726,22.756378727968013,24.384676169780207,22.19340495925501,24.88261377885089,23.5928507864737,23.10152360280757,24.440421412087456,,23.86738035381078,23.256843145302856,24.76277994443612,25.34053100308444,25.695519899365284
2010-02-01,25.222694716117427,,22.99819412148716,23.389687930254468,24.877169177596375,22.962518060588355,22.52663459409278,25.230954922467074,23.8274328063327,23.595615415879124,23.8413715994181,23.94856085826695,23.674781752019097,23.341497322151664,25.03372791246415,23.153572357721277,24.555487749361077,23.65348378199587,23.58565895456388,22.647865933298004,23.526803280543362,24.379811288920706,24.78455768214095,25.062098494677617,24.26366488446169,23.764898612071608,23.49358252970608,25.263669849331293,25.030276146525956,24.95535018262235,23.961212247172263,23.719594915691797,23.01349510110741,24.0887833145248,,24.642403383155564,24.162271492258185,25.788748734022445,23.42783507447707,24.334120188855717,22.1028344452655,23.508728393422366,22.918570191185854,24.6728425847041,24.590862247847706,25.244341612939383,23.339096957733865,22.79368853587289,24.401865773054094,22.19387820460295,24.844715817093128,23.599035773987218,23.185277534875794,24.43824093467051,,23.893107190350467,23.36439914880118,24.72368615283472,25.352438090707345,25.704327882886624
2010-03-01,25.361125685382934,,23.026976966219102,23.388515541612183,25.01406269514602,23.03790596681463,22.651311439794725,25.299947793954026,23.822667985410664,23.692437957390194,23.868958895413243,24.02270715647706,23.656967022549644,23.432853092792563,25.090923446695047,23.19057504370692,24.66656173311394,23.666246013188978,23.57378593086258,22.677793610955423,23.55043436157446,24.48551793961294,24.915870530825064,25.135848563193882,24.35330502524333,23.801094608954962,23.62117074914745,25.305616590435296,25.094412368207838,24.99768812040116,24.060699819543064,23.78691365218437,23.035602479636168,24.141215197614645,,24.65506686634094,24.200905194792107,25.814809180531245,23.479976592710095,24.367053999828862,22.212968705503773,23.592405490670274,22.99002913022905,24.73023219045295,24.57720637825983,25.24418323675968,23.451662167042386,22.906335135138672,24.478053708280335,22.265150362358067,24.885861726507805,23.64185781940188,23.263058201378918,24.478918038360316,,23.85732969290325,23.452835503206593,24.854924265721877,25.380341579373688,25.740837568451738
2010-04-01,25.466405421523593,,23.03048146958934,23.345353790198423,25.023811031609668,23.08207788867263,22.648876840895184,25.299434389049647,23.65884959930032,23.772517500086952,23.855260176988924,24.16830647278254,23.64635999151412,23.5724106458424,25.162295925750854,23.201245888659436,24.720372646371047,23.69404254274153,23.761401902040646,22.711232771225205,23.545400368435722,24.384722488343954,24.95149205964852,25.060008232786604,24.191919696758386,23.893790305703153,23.668624057960287,25.29171680826739,25.044705804428737,24.977252947772545,24.075797675045695,23.751792591522612,23.147869331395043,24.19759871937554,,24.601641039550874,24.232162622021015,25.85659981267417,23.554128246129657,24.46533765031759,22.5065320756294,23.628668837978164,22.887856743264322,24.72300053998404,24.551813935506704,25.2264837718287,23.48430193440545,22.965867774652494,24.496093862839807,22.407965480644645,25.0040298150685,23.68321026774774,23.322293781542914,24.48739601367741,,23.782350268141165,23.484524450315252,24.916908617909765,25.350074435095692,25.752562855676715
2010-05-01,25.45014961834161,,22.95982107716315,23.338469118327815,24.935087387224524,22.9761094845027,22.655679345775784,25.174757261202462,23.567163054106864,23.664837646943074,23.787392505764142,24.03610182050631,23.632211824222036,23.583216518855966,25.064735852763118,23.164816127899737,24.622942845756313,23.643940245067483,23.695711729602593,22.62148021864967,23.423824416787845,24.311180665080812,24.808677109891217,24.98072460349299,24.185424851418507,23.854126486015343,23.56436365661695,25.193759229039905,24.972763196449534,24.938144874103198,23.99928994340985,23.687425896724992,23.05985279677102,24.14346106487826,,24.56235156226746,24.12523348358505,25.687936574040606,23.51254594446846,24.42420359141823,22.623303454182295,23.581050312331485,22.709220150241773,24.68662140863681,24.458474720391564,25.21678660334175,23.41251049544644,22.92134581595696,24.389621097242788,22.389348119346593,24.763478544898376,23.640876742920646,23.276437011364003,24.438832834040536,,23.741498253147828,23.426992478223323,24.77362192452866,25.290940155782085,25.63842530427264
2010-06-01,25.429102489176415,,22.983069667844482,23.431915465200724,24.796830772407443,22.912593734129146,22.675339376512376,25.083694855221072,23.409551667586804,23.653416355384653,23.795936045434857,23.991463746384337,23.575134901508136,23.574977477623563,24.98916989861752,23.12952651644501,24.563775790880097,23.660712003550593,23.632012210513672,22.496744622399376,23.41974575832512,24.141709622807152,24.68306485845123,24.893239584146915,24.093562043013886,23.666593804956385,23.479547425340968,25.21580339597986,24.89476088193901,24.912926903321306,23.978324474736947,23.722833992144594,22.86754196383565,24.136760392729677,,24.599641122376706,23.969913910929034,25.577994035291646,23.488833666414926,24.56149037281538,22.60055468309797,23.511988442493177,22.456926590332692,24.655287909089672,24.40314967409889,25.19845002325345,23.32300688220677,22.86839864121796,24.35810319116971,22.29183693456431,24.752452782319754,23.658457567443495,23.231433388557555,24.4342960332606,22.509442200740533,23.71818067423256,23.404569439401385,24.661184820320592,25.246230137934216,25.587490390114663
2010-07-01,25.451588677565347,,23.09096531957526,23.470272383461086,24.87285239102761,23.03307710766845,22.708037401181603,25.061110149078154,23.509363164083197,23.80282324730314,23.798725517592846,24.10913390089284,23.608847705120905,23.717340050372105,25.10521593189237,23.31484486582747,24.630989570036537,23.72720155493721,23.62312870728783,22.637651955890362,23.516563754627615,24.33222801097302,24.800838349196013,24.979117135521623,24.232392546878422,23.68914135573169,23.57315602173511,25.19924303639988,24.99029406706872,25.016261886323093,24.117343052841466,23.78363400864817,22.88309121778572,24.193708209630703,,24.59597708971339,24.12079745426906,25.69282699304938,23.569189135324383,24.46390654580357,22.542773406017165,23.602013872931487,22.3516751977439,24.72591336513701,24.453741563232683,25.21793211772648,23.37438430022628,22.987105988183135,24.449188804934682,22.291258810867877,24.827618898684374,23.718233785094604,23.33118091644572,24.50414296235907,22.33122415217626,23.792065301192885,23.476177613234924,24.741107187840885,25.309116316854688,25.632208252824984
2010-08-01,25.39501311563108,,23.074996553271937,23.4835909965712,24.930053238031185,23.052858454378512,22.63116811404131,24.94172313610698,23.405475781746297,23.741389018782264,23.73783492023993,24.067441776874716,23.605137591588427,23.822114230045287,25.076868669847663,23.262351390931457,24.596258484685368,23.731869709078847,23.50914109558731,22.612747910386982,23.489668942717795,24.34325463318081,24.693546306538096,24.90456980269497,24.135775104812474,23.664641540658852,23.480315920442802,25.180651532023834,24.889275149793715,25.0301375597175,24.10820149752241,23.72551703555178,22.866166299797243,24.24035817862051,,24.616087261031165,24.033582598494302,25.597788095105855,23.596164258136533,24.55644801910899,22.744888105758804,23.5513209893056,22.36679415682298,24.714603506407183,24.51263959204499,25.201064107480118,23.338255076453514,22.98608650466468,24.36271383120567,22.308889838000574,24.715455921128356,23.76851811331881,23.34487291672717,24.568348274150495,22.307885197212702,23.832926645734517,23.45273634154374,24.577718100917128,25.288390762798915,25.622611560995647
2010-09-01,25.54963367852263,,23.109491904562297,23.573336949978604,25.159728361093517,23.165057549671324,22.741923566185193,24.99181214591728,23.594327672120865,23.929932944683156,23.777919487601398,24.158529278320124,23.741039017435153,23.83943700268963,25.176098014333384,23.360287640183955,24.61332155881639,23.776199235431655,23.5770062921189,22.727981888097407,23.54691580204833,24.51395643393422,24.808870783160334,25.06017957198126,24.192646053081578,23.803039397218914,23.60521558036812,25.27312517580484,24.934969816057933,25.076299661346546,24.156200192418307,23.82248055589543,22.960669809191497,24.267472083360584,,24.66194770280807,24.033177713995638,25.645649891926613,23.617625493073238,24.58045620584026,23.001006214663796,23.686601004671033,22.5914375604116,24.74921103809439,24.599932160748885,25.206079032452003,23.44500165922736,22.976038092451546,24.457061067339605,22.37951367460673,24.86355407653037,23.783398062375838,23.376592189846086,24.62480761719546,22.354521892370794,23.93446518993095,23.57194415840277,24.644036107773548,25.359446939898447,25.674083313706397
2010-10-01,25.60858400525355,,23.14234405294736,23.580141762627456,25.210438928325804,23.196538513826464,22.833957398767257,24.85799276441323,23.598664543954545,23.928915209250775,23.78129665570352,24.192088650826825,23.71400596419812,23.876918873416464,25.195040831529862,23.46031385784171,24.700912049436297,23.80404126072458,23.606155808575018,22.533253543195677,23.504703159159195,24.61839157001486,24.80198699652696,25.21478384916425,24.301024625142873,23.778110018590198,23.67487552831822,25.30144810272618,24.923608141965094,25.130584004898765,24.17327442332634,23.785392840935213,22.91711433688921,24.310294623395645,,24.658693703274437,24.04084687844313,25.73092484240663,23.629505681366204,24.55135894105839,23.069003744069366,23.706442760649786,22.620131254711456,24.739411044573973,24.614387332489027,25.264376204911173,23.507956855399136,23.006116620156284,24.505563267741568,22.350209182776453,24.989652656799844,23.800173746606298,23.411348778877485,24.622006464392776,22.42223980828639,23.96456713042691,23.641360541700756,24.68077342232918,25.371518360974196,25.747393149704834
2010-11-01,25.64181551040271,,23.0919505311321,23.559785122144035,25.270169574393602,23.211142416698767,22.89028238596232,24.81334256042413,23.55081015125665,24.007970577161768,23.78076942848719,24.214139012357496,23.791508987339164,24.05878078906264,25.175110498240077,23.4325895866564,24.711374383243776,23.767124296586026,23.534371574205192,22.451151141723354,23.46853524871623,24.688160359989446,24.790055670163543,25.115524158723325,24.26956612288885,23.75552669665729,23.728596469052956,25.266485814907323,24.91876562831724,25.160307381327133,24.181017540304016,23.740656778051235,22.984011756147908,24.31708632380018,,24.606689719429838,24.02629281907192,25.67660748420233,23.545791954780015,24.517435015353247,23.239813624373305,23.762433652332493,22.744363761891123,24.72909726975683,24.547933915346317,25.23191340067455,23.553450328595716,22.97935555825591,24.512228607857622,22.366520583414378,25.090941230565736,23.808155715074964,23.436849251037682,24.615199127445823,22.903229035701163,23.977520640800527,23.66869777956411,24.723956794310624,25.370040129048363,25.79253126768295
2010-12-01,25.677829162081576,,23.114844379980585,23.580722638478186,25.29605729314919,23.26455060158535,22.974705079872628,25.01076986034588,23.707131923248365,24.109707885307067,23.829465710359127,24.33794231850977,23.85733210481264,24.005527357630665,25.30315538435218,23.538552637913064,24.738396024461355,23.79521267752582,23.561652180250782,22.49723775862867,23.537308412923224,24.858118002375807,24.934503750110448,25.182106349010496,24.345928192294135,23.912133975862726,23.80197137132677,25.27991692579712,25.044715306846832,25.20752889125457,24.21749787735271,23.794630428292,23.08371708760455,24.305019894818606,,24.651229618065717,24.132838025277138,25.782495844506887,23.582141509779497,24.560681318699146,23.0812008901083,23.754156200493952,22.867926758929954,24.73987023915964,24.629826567416856,25.283918935587817,23.636255829265057,23.028046829252734,24.562791416008693,22.49290303429684,25.170344126600853,23.82158584977537,23.454765261494636,24.670836432054724,22.620534916207205,23.966229741586737,23.700799669553785,24.85596352416244,25.367078334788676,25.848720749100252
2011-01-01,25.728483601728414,,23.1064716169118,23.56550320542158,25.236779028241475,23.228402378497353,22.98786443434529,25.0404994993168,23.751581942812823,24.144850775378142,23.78363916938949,24.38610266859498,23.85219440571615,23.983622518046406,25.342691956449077,23.633068077756576,24.784889683296747,23.799135413043768,23.713408521014202,22.581681674807363,23.557985839718135,24.76789265312559,25.038709063276382,25.192807208888663,24.318559155870034,23.959755773576823,23.854195142105414,25.245708842956436,25.102423089720983,25.162115760862715,24.196492511497993,23.786895058580715,23.07248997240022,24.263931374455925,,24.578860855853186,24.210248227397148,25.776025401808184,23.610024359298098,24.453795996819203,23.27877275325647,23.722675831165084,23.30827377402035,24.73158859020999,24.669574544456335,25.265088799917898,23.701635278970862,23.107940967804115,24.595040524596133,22.50453628388249,25.23402180983065,23.805501112863904,23.474274133436722,24.605435360353894,22.520708751683284,24.097741894149568,23.72183726036089,24.901074466562267,25.4115074077474,25.947109371034614
2011-02-01,25.768602943583492,,23.10926995251076,23.624669568198644,25.258066961207714,23.281413835004976,23.156685345100573,25.08047635005421,23.781284982865504,24.208777159055565,23.8129108056177,24.472005439606704,23.892437335900382,24.007570642021935,25.431536815735715,23.62478282089901,24.90292992880031,23.80526891604818,23.76916339767326,22.559034234759746,23.540186308125282,24.745449882163886,25.076706601565586,25.214294766185066,24.319536911695874,23.97861382555931,23.88755547597872,25.273265985755355,25.141772753794154,25.178997423344562,24.262413321254144,23.780836946272824,23.13075083948598,24.290849519662554,,24.560606500796677,24.22145186296811,25.73366973386261,23.64693265787352,24.45742145417908,23.2435463811711,23.7990929032098,23.25415980176018,24.717652836857468,24.724045778470575,25.27120676158142,23.782617263834293,23.13750522131405,24.62221985856219,22.473248427045124,25.282603070160963,23.81844193782507,23.555552298435675,24.65537999730707,22.51195683805044,24.134335131215135,23.730046013685598,24.896127450211402,25.33576544813948,26.00548580922116
2011-03-01,25.755206902111187,,23.104066767714123,23.5842027576345,25.296779281801605,23.261432660249632,23.06782663062761,25.01093396450097,23.76656807977875,24.287406432079262,23.841039267366227,24.5060850367181,23.87533093135596,24.017425909581984,25.474443189963477,23.69688431414827,24.887957677579603,23.827728949671844,23.82289802228502,22.611541056059835,23.53986291722123,24.79338522310222,25.041126687352786,25.169893486703504,24.28951988259271,23.967611778606255,23.923986548120443,25.245973638271455,25.12905600262017,25.21615791710738,24.284505969760595,23.812185392690882,23.140637050231266,24.304396346702607,,24.574025496787513,24.138597654465794,25.6937596587597,23.64060317232052,24.44485870220572,23.383768739930826,23.63689756779056,23.049165083210987,24.73314259045913,24.788628217057575,25.247940294093166,23.779629615992448,23.125496040037284,24.640436068082476,22.500116745693695,25.28365914167167,23.830610310570872,23.53658861298548,24.731022024852457,22.6617325307945,24.19404825936356,23.764307009346865,24.88042760830613,25.337111092922136,25.994238124947266
2011-04-01,25.759844847417988,,23.141491134709543,23.593614329626494,25.380245211624345,23.32540577287121,23.143547920696037,24.92960645703396,23.74796065079915,24.323219171502874,23.884532473135653,24.49386468653813,23.973587934237994,24.054317281626577,25.49242171578159,23.706918791738417,24.888189803546847,23.854904075385264,23.775731280510573,22.711332326945005,23.562163203266206,24.783798470375807,25.06088024799844,25.09441064664105,24.240480511841938,23.976840867477826,23.949123782856073,25.349610600924276,25.11880839507094,25.240124408114074,24.33597199463952,23.863180053100873,23.133803151364297,24.333155105442994,,24.670961659936548,24.094827752537988,25.714418943868374,23.676782131672084,24.51901401839712,23.3620440171383,23.724249474461917,23.129291229733802,24.80800726202082,24.82060774227823,25.30012626592224,23.791513211576614,23.18886687263552,24.697042918302987,22.479668549614654,25.24529613262243,23.85472080851835,23.603189558390714,24.747546116711998,22.65631246857821,24.282327957398884,23.815259698129296,24.797105888618216,25.39886026686427,26.038983804322086
2011-05-01,25.75325382375964,,23.187562334878116,23.652449205879403,25.3847293593277,23.32089383187725,23.15336256743039,24.885487646766144,23.79589010439086,24.240434113846597,23.92870111862148,24.419278934530123,23.99305357319763,24.148315039734396,25.4501484675447,23.5823437266272,24.853487870436613,23.860251812204687,23.74199809364379,22.718656429307426,23.55454624857235,24.725064612376336,25.02046569099812,25.06630389364496,24.16997784776936,23.95314363110906,23.921303088297783,25.373219286721746,25.070417439104396,25.230442361043515,24.330507049369125,23.902130347023515,23.054082536791928,24.37357320720519,,24.69297057197717,24.017612778239837,25.678679501715624,23.70088396859475,24.483587678692615,23.513803340088966,23.749794767798644,23.1312894027235,24.839865009355677,24.84323909960629,25.340230321534005,23.807592017135825,23.197608964713393,24.676630239788814,22.544936225924197,25.19935399351032,23.89324207763334,23.633458835690526,24.780304574857887,22.744349652903068,24.27662412092082,23.829652424653144,24.771356405931733,25.40321634947023,25.986362150622394
2011-06-01,25.717668702564264,,23.18648389309135,23.59399643589878,25.423619487689386,23.32603389161461,23.27078348097536,24.815886868098165,23.726657483819345,24.24665311379441,23.92732919856587,24.454934057091705,23.980828184167336,24.12653750431205,25.43792284332566,23.539258437695462,24.789253392315207,23.87716670000395,23.69903194056044,22.71490184095174,23.590478361995693,24.75890655781661,24.979940563514873,25.022564918515716,24.116732273639688,23.95148815045419,23.927636358839045,25.370345912678644,25.015758895749457,25.237601174717298,24.35431416889071,23.88986797900877,23.019094596290188,24.414526274343753,,24.652432204517208,23.96884358152611,25.724033904398866,23.69239219841647,24.436537145374174,23.483397430643006,23.813223038338176,22.902390741184185,24.830115575641805,24.81243952182141,25.28767951745479,23.783900492242402,23.16033288537588,24.69050751990112,22.50296010733527,25.210194591106386,23.900699269035957,23.624700450473238,24.775540435351875,22.710265264891497,24.328959193291016,23.8288486690175,24.76444333211484,25.371415421125434,25.966659440577168
2011-07-01,25.868916810499726,,23.164481245432704,23.59781119503296,25.508117463809583,23.257802446787935,23.151249504843587,24.695642081021187,23.661430655477346,24.17187977830559,23.89205008723589,24.41144319365411,23.943329341402947,24.097457142429118,25.449331713387274,23.49538677191589,24.778437152752833,23.86487628382069,23.674339128463828,22.748483596825675,23.618785665237976,24.760040115025014,24.936446546264705,25.19833840671431,24.130759227848266,23.922711235644094,23.812325634408666,25.34399482785503,25.003717989489918,25.255458138397298,24.314361199006782,23.910177298452684,22.94197927295071,24.439820192917438,,24.629786202738938,23.93525660491703,25.77648027741425,23.662707702964973,24.47033285030413,23.495881549200227,23.818890652733696,22.76039908364239,24.742271467146416,24.744659716315606,25.25441266822358,23.778023941214798,23.21695211986848,24.624302925748935,22.41970283655401,25.25511948635069,23.87967753850919,23.660862396865433,24.704635336012363,22.676754270774747,24.293725819391344,23.810286937481877,24.760157679272936,25.36329091617802,25.94692845108685
2011-08-01,25.854341907105912,,23.211383119572844,23.62281470035553,25.474807699355843,23.1773367472117,23.1356660321891,24.522954921583455,23.581494921405472,24.093957624437834,23.9627344299984,24.364278335118698,23.947028742489067,23.980597937008497,25.398250613321306,23.52438502414932,24.652790475207656,23.881405842797072,23.57916743191079,22.643303375884727,23.596992947184912,24.647621951511177,24.842866050575687,25.088623032428906,23.981191402166917,23.877322040241925,23.707383338667487,25.359463218201338,24.935716479193438,25.290706455560457,24.26339278700408,23.88933471195608,22.868581503324478,24.484262005954417,,24.599142568879525,23.697243753315227,25.74684872346302,23.68896658770006,24.58905456200133,23.372051043221255,23.77929297896767,22.722074854671124,24.748342984544887,24.730534158222902,25.29756673843342,23.50915522260282,23.250650033756166,24.51482946018213,22.400998712195527,25.109452941436697,23.936514794629733,23.635568090642632,24.6957794335231,22.546917842688043,24.25028111087668,23.704253228796723,24.692033621060933,25.37235602521895,25.871865428655695
2011-09-01,25.84517926317995,,23.20824063555235,23.621700341417455,25.47944306084406,23.10779456490806,23.125344164244098,24.235280901127172,23.482613341249596,23.884998793159887,23.948292449699345,24.2919429515755,23.994893604624263,23.861376935182477,25.340908842969874,23.29991035820506,24.531183411012,23.95104355515938,23.31380663791092,22.586307933977366,23.598198276737783,24.2112227900521,24.77369789675173,25.03952206416616,23.77785558303506,23.869308241885243,23.629551414956694,25.335740837439353,24.714965857474294,25.248819238858765,24.211185509690054,23.88914326303687,22.8385308800067,24.461938157795863,,24.586984149613965,23.438472899701328,25.686694998503455,23.650222270538116,24.59431033650006,22.642197313009934,23.766049073332663,22.66008741390975,24.716298160415466,24.670669556769415,25.289684632262947,23.39325271239854,23.145226571753945,24.467654723925342,22.386964284919067,24.844282399999756,23.960641081586466,23.576454363033154,24.697182633887373,22.532669918681655,24.220377160189663,23.588624382583756,24.617564844134023,25.355012586124268,25.859490407372032
2011-10-01,25.90488386271803,,23.24084392345056,23.645576093406863,25.466784104376966,23.235547150371072,23.15841686720207,24.345043221116452,23.54659841286383,24.131275324851792,23.96717044069261,24.387224966483533,24.008438600039543,24.01435186495245,25.467164653672594,23.46749582067182,24.676580416332317,23.972326568241566,23.544442147014333,22.664036018588284,23.639123386161707,24.490495053811262,24.876640134992073,25.17986468764249,23.925107653192967,23.954695563128936,23.806315380474985,25.346671728191232,24.858243799580844,25.26680296139808,24.300275081837054,23.894269158667157,22.92182937203679,24.517634418870404,,24.652514813601066,23.7052115624314,25.754267745645084,23.693337279268867,24.65878575022897,22.320116866738825,23.88898774488296,22.828186237224664,24.73311866758534,24.756265248568617,25.302423104007335,23.608599464178422,23.30065316486833,24.57048201105482,22.49392451594251,25.051325387837647,23.98004083464138,23.73161763937663,24.724506112768307,22.71847039467529,24.263583971237058,23.78679845334809,24.689152150778707,25.443820727193536,25.93197445447085
2011-11-01,25.847483808339348,,23.25097543397582,23.713963890527413,25.362105096182653,23.207409768596342,23.037371171666305,24.117497385886665,23.633060499416803,24.172361356282394,23.985947660169153,24.42069385792873,24.032765213922374,23.896962950361022,25.445707941388225,23.510686602362814,24.70401055312952,23.993165699099848,23.694851826001116,22.70495376305808,23.63731934807909,24.481042788287628,24.827580459128097,25.191190057920753,23.791615218776773,24.045934616375458,23.839167288038194,25.351783198182442,24.75155971169814,25.250720188884966,24.303515938055703,23.91266751593303,23.061536794144484,24.545984113816864,,24.68810617057931,23.532003466616352,25.714039966053885,23.67616958077284,24.688999618799905,22.079552975041988,23.887221491674612,22.882751250242563,24.749660826234088,24.79746128965197,25.31956643729707,23.541189312434433,23.32249651343039,24.55262703941209,22.542536496689458,25.076326839599968,23.996342328446627,23.69917561165711,24.73349848910495,22.827094410156793,24.279706646788668,23.82463913139819,24.687220378040273,25.481534729266553,25.96162425851224
2011-12-01,25.905427479349278,,23.303124690365955,23.730937877599498,25.25696987358859,23.22445747736821,23.001300350520236,24.14128666152452,23.668464425807805,24.095073515174622,23.995627068237425,24.442194050850354,24.01213528432008,23.742389973333736,25.48780798704464,23.486419441004948,24.749007858206504,24.05901646840751,23.6431224936321,22.718656429307426,23.627617795092142,24.407440130894013,24.945991717377957,25.265922204389543,23.73716530347035,24.123174595328766,23.84968628180525,25.374221884309083,24.82259582435802,25.29790498479004,24.350436823622573,24.01920462006132,23.1170278504285,24.602607549378813,,24.74121579404211,23.554731503739966,25.736287820583534,23.779878252115857,24.55114491181264,22.150723368211366,23.889195413891734,22.762565670324108,24.793843994103955,24.88279373405241,25.35217097160596,23.568491173549084,23.34171956607199,24.51179032783989,22.57450214985054,24.98212281922054,24.060128263830347,23.742560974425942,24.776058293732927,22.690503838226398,24.318122718144792,23.85513537384542,24.755745026273054,25.496030241132512,26.01987697642768
2012-01-01,26.02508540690526,,23.25983822310215,23.793543422724493,25.373224086992323,23.264099742189323,23.16762658715234,24.390000241928348,23.697364172341974,24.281067621845768,23.97738644516434,24.37610806300532,23.999452534482707,23.88318834636842,25.456495783644026,23.599409613187756,24.802314379860206,24.02715079103294,23.717723438300062,22.88674193177192,23.54121402232508,24.635410196415645,24.999347446384498,25.158495318479783,23.946344990757538,24.17756688481743,23.915374065812095,25.37924114577911,24.93753442639743,25.262410374739368,24.348856469879326,23.97442496598557,23.172587213058044,24.589767374990814,,24.768154123523832,23.763898065852473,25.865137543290775,23.762815043456825,24.58063566609038,22.70158003823997,23.969044617226487,22.82615695784146,24.783542961039554,24.87164082960992,25.295585367943904,23.682502516968682,23.381244218394773,24.581284766711185,22.662996370656728,25.07781874518129,24.044232409065046,23.796499189755494,24.748226890504167,22.708203373585853,24.343173540621056,23.931176943943406,24.81389083718182,25.528681316614676,26.007770039650058
2012-02-01,26.197617624077658,,23.209289832560057,23.778792221408818,25.294333578554784,23.288894673199025,23.270302579354166,24.501373130677234,23.786662348303878,24.331117605317452,24.010609117513745,24.491461109281666,24.044491568698763,24.0866882895785,25.513050176601872,23.56131621930843,24.878751565382537,24.008679904365927,23.789485837322882,23.0425109563638,23.523204704360218,24.559305455873048,25.017355749057238,25.222170513694362,23.978738319223616,24.246754586247345,23.941393864240702,25.366568096450845,24.99541011041815,25.296331910799267,24.374880362070723,23.961763436986487,23.234042431963385,24.592086607392858,,24.765537203118072,23.760733907729225,25.93730845912216,23.75711795897133,24.546722892789067,22.619517592633077,24.006140132311373,22.85155960263458,24.741082502568876,24.85894422272462,25.37367511892687,23.742180278713672,23.346140058182847,24.649367081599582,22.719020813562775,25.109762781897604,24.0137007878186,23.79369809894537,24.806914758731427,22.84735181533778,24.416854155541543,23.895013302382587,24.882678232995936,25.490815561952886,26.040197515295837
2012-03-01,26.29771982025236,,23.246608578728413,23.785798368649743,25.41388968317694,23.30603392145431,23.305824469076725,24.685554350451177,23.815879553327143,24.261411674854603,24.05879590040694,24.493407934886836,24.100947978204484,24.16298402849283,25.50302769091505,23.536533467998222,24.92049716842707,24.024668767680915,23.76494729172492,23.15869131548826,23.54004662448807,24.447029047982507,25.07832114925175,25.25868134957929,24.058866368379952,24.302756365432717,23.97222222859584,25.38879356057474,25.153920000638802,25.354038681703738,24.4253291231861,24.000216754102077,23.334528377116275,24.587129154252317,,24.7715447382512,23.818371397011912,25.96012036808213,23.793128245050482,24.39902958252744,22.65770307835866,24.010947000169434,22.867926758929954,24.802011126101803,24.938743732866207,25.367593188317052,23.80994468275684,23.376262634438383,24.64390366570458,22.77506107790629,25.00909053127873,24.040785710329374,23.873257727331058,24.827620643078035,22.955880252021643,24.472496734006217,23.874909094294523,24.973965836416827,25.52606991917587,26.048311482733464
2012-04-01,26.271406731635352,,23.253325632327417,23.8256167946317,25.549406709550116,23.24186854273222,23.186920908619967,24.520018793763935,23.756258167109298,24.22557250072039,24.07058938397709,24.434056945058334,24.071668289985166,24.170849142979623,25.49694615070357,23.56001781647755,24.905075061902764,24.044461859035323,23.753267960118865,23.20066871933825,23.53860710870899,24.45384029983091,25.053603712088297,25.200258104142925,23.98184081047562,24.33788835146839,23.965813821558147,25.37566968077938,25.086448283320934,25.3920705477112,24.43955935512529,24.02764962662263,23.337391972987053,24.580481746204377,,24.804268832012944,23.690352724736936,25.95265311019031,23.845280605192926,24.332103957288194,22.296197921931025,24.045429053892732,22.698508228522797,24.79672177422421,24.949720936237284,25.313013028977213,23.810918672015767,23.42088941627309,24.628105233184034,22.876567578918863,25.067550776930297,24.06301598728135,23.939133706551033,24.88001820039415,22.838936062999135,24.42693125630315,23.920024446917825,24.955594216572532,25.49460486651685,26.043804550896745
2012-05-01,26.260646780741986,,23.244793271469682,23.81820259065574,25.46397000066425,23.16342294217652,23.146075076819624,24.421621580364764,23.641445715785107,24.07030930867085,24.070434528145732,24.388252540033218,24.05116053911666,24.05446159875993,25.4163636058686,23.451224688723073,24.96363715028377,24.069803579188196,23.654315009198147,23.194007936493115,23.485166373124553,24.283957522348814,25.028259590875138,25.159787374641294,23.79682355219528,24.289425875418296,23.879790706445757,25.333790946066625,24.833281073471614,25.37101728432937,24.354259694229427,24.01696211191248,23.178203119270236,24.49359150567393,24.889881593133826,24.76104447146214,23.435989332126027,25.86011885753984,23.86054810786887,24.32176759215266,22.062517792629894,24.01188799130398,22.653672179719706,24.824366858014315,24.903699229470075,25.29999549307417,23.699199523613093,23.350105019384007,24.531336369153,22.951506506017633,24.908690935734903,24.062362772136805,23.885808820648776,24.936215048240644,22.72288713906897,24.420140747229954,23.910731871002753,24.913737375682047,25.605517416424746,25.95026500403931
2012-06-01,26.271441208385752,,23.29252801911197,23.89287216404657,25.533979941796822,23.184579499409207,23.227279115706327,24.52995869800844,23.635691903927455,24.03889181934411,24.127762556671936,24.469838364343588,24.149468707341516,24.051861370286673,25.495908660440143,23.541760681812466,25.022883780169927,24.129367994523125,23.55719998818179,23.26807660425069,23.512105265817585,24.345389662515117,25.115969114793096,25.158426390182882,23.80326261515376,24.366677262575614,23.889529603640923,25.42244892570886,24.908228560455935,25.41627730694429,24.37742661370599,24.075521034718854,23.24058717355298,24.492282004422833,24.939315081059128,24.866271597079187,23.52406109786302,25.91350631340005,23.921541866136764,24.349991596589653,22.139111105824586,23.806245464582844,22.759675812292638,24.87273679754256,24.96393937276112,25.283158576000712,23.737541765195875,23.428885049145613,24.556638063229023,22.975494140256426,24.93869594327555,24.081554765898286,23.946014581765166,24.97889657581635,22.781795218936928,24.467931451161228,23.984706726253105,24.962667264434057,25.669843661147684,26.041711829942344
2012-07-01,26.316244468248993,,23.349519081023303,23.929790210355776,25.555425618016155,23.189181482205587,23.259169533143414,24.421605071615737,23.647411608993444,24.03061332694585,24.158598399235437,24.443730841255572,24.161813745514518,23.94590594677988,25.533852064501183,23.496453786447642,25.035993288314184,24.108923944381075,23.641239014562874,23.28237755617681,23.55120373696368,24.33357936092567,25.122927755105618,25.245700558445268,23.854503607838094,24.351273586737022,23.928344589792726,25.44672272979519,24.91575724952502,25.455917430409915,24.335942588032026,24.101287602159022,23.126358215595747,24.501613724330298,24.579880284855,24.93348788614406,23.458196366995935,25.876205885431812,23.95146363550454,24.269965076348637,21.952839329021575,23.867767748812202,22.739207420474212,24.90161159408117,25.008163792390434,25.335479848784473,23.718873204382238,23.46780115273499,24.542100958856224,22.9904923864284,25.032028850268002,24.12073387577189,23.97657180496057,25.040345713045706,22.649769324198438,24.33618301375821,24.011990033075897,24.973671182134826,25.735215999071887,26.056559413688156
2012-08-01,26.4016881597439,,23.367119150175576,23.903021092685343,25.61761729236549,23.215561992642733,23.250186236953958,24.50645720251885,23.682668945762156,24.050194758125002,24.154657353381072,24.497685826736003,24.179232423128415,24.100699622133483,25.557124227312336,23.473942287509924,25.04268652911727,24.063653470529246,23.742942999888843,23.386081239201776,23.481059906237626,24.413046092029585,25.12099834022576,25.324827842289576,23.901167590675605,24.43522957291269,23.935211365622052,25.42052336950024,24.95523598378053,25.378758287280046,24.352573062930226,24.121076753984276,23.248216449021292,24.503067242745924,24.395806832725253,24.90780406117512,23.555628207494767,25.920996460312544,23.8995018041282,24.400681567438713,22.002090011594376,23.90982700453567,22.774757120909808,24.897477815952733,25.00064862676737,25.384355858426048,23.77422504582953,23.444778135612342,24.612257396362025,23.053448018552945,25.04762366608792,24.060381917555397,23.965355999424624,25.02242795602702,22.689102084498668,24.397118415899907,24.002402105605313,24.98015675742091,25.710321581131,26.061727315769115
2012-09-01,26.408764340185304,,23.40020322750978,23.916985745006563,25.641693727662364,23.217013570789046,23.202584418878406,24.60642110504332,23.702056089810768,24.05848073997087,24.163181096991288,24.504529989177758,24.205235677973572,24.15113510172305,25.603577187793466,23.567423245953446,25.097933821655936,24.0750880429642,23.776983136154108,23.427702356327558,23.469934475186182,24.50480053401754,25.213186664934724,25.421332882904487,23.978146817376455,24.50219677216816,23.963608530757256,25.451279882079838,25.041349201547433,25.39282990339997,24.33709897673218,24.18655139348578,23.308179779167016,24.535846817032986,24.57757447913339,24.95432449747972,23.665378930204454,25.89260101205424,23.952203493981855,24.500859207418344,21.909521727191084,23.887995027959647,22.724326088106476,24.87429239905389,25.050496016709925,25.416142021785458,23.799081710701252,23.399886526850292,24.599429534810344,23.09614853426309,25.050636678014516,24.087293494850908,23.927656842828387,25.050947323540736,22.715401378044618,24.417353649077903,23.9844511006654,25.00124225187848,25.732109265785276,26.114646960395884
2012-10-01,26.294923616136106,,23.411518246517435,23.973433096423268,25.55366666234408,23.160182972794818,23.15291963404567,24.66167946475453,23.763926612569243,24.044082209242056,24.14187759340375,24.516178670976853,24.187812615973595,24.106194982052195,25.547831154076228,23.608452861882053,25.035586220814448,24.08888363210143,23.815843263069393,23.29581294527981,23.47553958152227,24.48695630460755,25.145365264279814,25.31781138569223,24.051972210931815,24.51878850306652,23.988239767640092,25.4786202539716,25.070563028642898,25.37963299931424,24.364571482331982,24.21195858124838,23.376555126320262,24.48038653095761,24.55185420170774,24.97548425217225,23.702898595519063,25.85074217980519,23.94835711731637,24.481747914990898,22.284904093586103,23.850092566524964,22.616797634604215,24.85988660553987,25.05130094734785,25.41441051509348,23.78550001093782,23.403519187562598,24.597767578483758,23.05270961237706,25.011156185287934,24.103434835006997,23.930288254938084,24.96485190576392,22.67533309663244,24.431987849860068,24.020279884992352,24.9766147380573,25.74850512446133,26.111580569646605
2012-11-01,26.27791438524441,,23.370405308697208,23.96863978878852,25.632727919760683,23.227635469641864,23.213704549960315,24.718003137037677,23.80199566271626,24.055160006436324,24.18066883000505,24.511920864164505,24.24208829722865,24.18322952482391,25.505681666552437,23.592050227883345,25.04651982303517,24.060003321466976,23.827061246328167,23.32403906731379,23.306654798423132,24.4981068307553,25.14868348560251,25.34402673682724,24.01366246297392,24.577167962638352,23.98970842687119,25.463109514714766,25.06342161664533,25.399340720150256,24.37394270613528,24.22035453140751,23.489943678210164,24.483147387004284,24.83431174754557,24.94590314707456,23.67605377204874,25.781098695167916,23.928899973363514,24.33414066196506,22.31559956977516,23.91471317351617,22.61596251745774,24.873798724236927,25.05731415544794,25.43107360114841,23.7752408245439,23.417914130939323,24.622410855309216,23.12010228123118,25.040772156162706,24.03060720267312,23.92976256624927,24.966775136194403,22.859549188402273,24.402816862121185,24.018246136865784,24.956224502491587,25.707694191059744,26.077781304901592
2012-12-01,26.187344418908587,,23.382017333224393,23.999391257080177,25.62803531467508,23.240572904047678,23.11024152486396,24.881384117305593,23.857531967434586,24.10515642916847,24.143488778165665,24.53019351760723,24.19373397365823,24.247284496182438,25.537183550297947,23.619857183667314,25.04913401467927,24.0721031826681,23.853655638051997,23.428430374609587,23.307852953853626,24.366514815197938,25.14203580387543,25.35684568392498,24.09757766700403,24.530910858386385,24.03094109754499,25.477205935689206,25.131407681287683,25.361139230244515,24.394620790987137,24.236244138540407,23.47402397535032,24.50543918767377,24.78377011073855,24.867026037638865,23.801251477734066,25.792657246353382,23.94474778532026,24.32024104081991,22.440603805348342,23.971734935869744,22.646331799009097,24.848119282217795,25.068652528153844,25.40289856022136,23.847684643903623,23.44816855248137,24.652823284974758,23.131157956601594,25.01173845451776,24.023985300339344,23.97546388958626,24.95439294623782,22.86102629893006,24.400055066991964,24.047569467349547,24.997485405556084,25.65363468567603,26.065818365838044
2013-01-01,26.031755269642407,24.359564589456514,23.441372899192643,23.987945634833267,25.684715254205024,23.28793216517119,23.237542742304576,24.85709742483891,23.991232979048366,24.20437232880162,24.170199634125776,24.53036603126744,24.29799799826676,24.270975493622114,25.59999226839097,23.70990213917056,25.143318967249854,24.146681492778093,23.887755815301865,23.47221968715997,23.363440984643322,24.396754651842897,25.210763683562387,25.42290905222365,24.24525648033163,24.609696820756003,24.10340466434213,25.53026622709398,25.19911071070418,25.38808288886053,24.408207775953848,24.321141504832678,23.54650163963903,24.582643536207367,24.935448953089647,24.93146177432616,23.979467615874956,25.81998561168874,23.985251722701037,24.250041547880514,23.019821640543057,24.022431731375598,22.646331799009097,24.918426926955743,25.152735820423256,25.504629216198797,23.94499325618745,23.515967728848675,24.71842064117589,23.18383526628843,25.13064356211717,24.05661674592601,23.988597678593266,24.985928322541806,22.963104413169713,24.421758642604097,24.09221463254101,25.01632403824183,25.684064847703162,26.104572766027434
2013-02-01,26.000332909277564,24.377648460621927,23.473956285642956,24.006807850105286,25.680071751780975,23.275386873981226,23.19324366706687,24.84911534568824,24.00581183960832,24.14123528303002,24.239585785728405,24.529503268522618,24.287685180386266,24.253924982013245,25.61721193851045,23.641372558751325,25.156410373512045,24.15407349594126,23.894944309930825,23.454044577663687,23.349024822552558,24.30635287789018,25.25208797406935,25.481388247564293,24.258025370464523,24.63303272153412,24.13029653195673,25.559463048910843,25.244932414130492,25.427056061138483,24.432199608529128,24.339046912105033,23.549787570564046,24.58902504605758,24.80716084728913,24.91936586322695,23.966251312062862,25.832655523662137,23.9827502183279,24.185874744271135,23.149290244229267,24.0299887685582,22.678437475889325,24.95772652964975,25.16473149668669,25.526183685951032,23.920638978902502,23.49813915612423,24.75188439696366,23.18043727898765,25.12807726243722,24.085163117360047,23.980322665583174,25.034592765133734,22.888975773592424,24.389361146514766,24.134295732099027,25.03058935830512,25.695860754891047,26.099893251364893
2013-03-01,26.008994923306766,24.477086719605907,23.523062242433472,23.998006799741503,25.68843716800712,23.284380328792682,23.241727619546058,24.93122040669468,24.07482437619367,24.080996803027038,24.270560890149117,24.577257477653788,24.336839223103258,24.309161126735308,25.63912164566872,23.620084142110606,25.19609592004682,24.212245621556242,23.913543762614445,23.476296138536426,23.472498104244636,24.3426532237402,25.255921818608122,25.47260028081889,24.243835091929764,24.651546296377465,24.208363056905117,25.63622147733308,25.214633394870084,25.470519253485513,24.41875273773111,24.386425074641853,23.54374051446691,24.63581898475262,24.743918014143304,24.953189327020088,23.94284013817283,25.86962114094039,24.069663934251594,24.2248186922976,23.155650297534063,24.114101025702624,22.697892581842467,25.007990426848437,25.217740526580524,25.537668811089322,23.94699627527296,23.505453539304895,24.789158270574408,23.227765418176052,25.09315914946672,24.126722367078237,23.98549072215916,25.056081296373428,22.973183911806114,24.45734318126952,24.177416477970002,25.08360566378473,25.75150305090281,26.112495612897675
2013-04-01,26.009265595795522,24.598622688118294,23.57904329620223,24.085937907816685,25.639686418306734,23.290650122190023,23.130220378321496,24.94183780550631,24.118576763774108,24.054194637796797,24.282185221314684,24.583064120944954,24.358467669414033,24.225271139639556,25.665615409871688,23.663858596443514,25.29715136790177,24.247569693784786,23.85807860173807,23.46602673352511,23.556726546039577,24.258549187382513,25.219361892904814,25.51013969065563,24.23646865217197,24.706924666028446,24.184048285599296,25.680603729773974,25.246770489439772,25.523408446437276,24.448524554755686,24.361283388600587,23.55683957824046,24.66009821667491,24.826063629098964,25.02420491463099,23.950544710390634,26.015397864741654,24.124150550132327,23.978817524831005,23.288025244905953,24.189007847766728,22.76859861364407,25.049585655181378,25.22499051298704,25.5338983767527,24.002218156055914,23.593757279291484,24.76598692648826,23.3086051352092,25.086997790343776,24.154259352108724,24.101534662223727,25.076850722875836,23.327295442633815,24.50766572284065,24.215648299296117,25.110017887532553,25.795827958679556,26.099988427874994
2013-05-01,26.02484006522875,24.53207174105409,23.463542325281338,24.013242727603096,25.69855504286365,23.372849160653878,23.296190889606116,25.045896943275455,24.16513102785495,24.07385506523086,24.25620198223678,24.597679737502514,24.369473780305103,24.25451586624201,25.671661777726786,23.639028803541287,25.300963435578538,24.131066021236727,23.923020709301788,23.411014443238425,23.377014331265705,24.28805272176792,25.264534802600032,25.565172059456806,24.34047311952603,24.77681700217494,24.24880777291558,25.668207579817935,25.360830066098448,25.466541934517448,24.44878736424332,24.32037052257488,23.652753137253026,24.604021762238705,24.694639144275236,25.01780155909462,24.109286009687803,26.068351741019303,24.04278653190628,24.035220742905196,23.33406350237046,24.158029541887988,22.81818375508959,25.028756671674593,25.15960314733854,25.541088409745168,23.96209147283069,23.510375373352378,24.80476942759763,23.337775159603865,25.068008707585456,24.0601926195558,24.033992696981205,25.02443435670169,23.921012126702806,24.55173293493438,24.25967676468999,25.175493804099307,25.7580677732502,26.116482838097028
2013-06-01,25.905541452653456,24.499938358338078,23.450224228634085,23.951372488298414,25.729605793420617,23.34230583000638,23.28687100674401,24.985547135208797,24.081694969707822,24.034513310531377,24.246647447347517,24.594206952365052,24.38079857974541,24.151331596213318,25.643105816088767,23.56938757954976,25.30207237827705,24.15021604326312,23.942808106617413,23.31842503123557,23.370936939886665,24.17063220955604,25.258944710498664,25.575620000606342,24.274472156386317,24.761572885680255,24.265106606210278,25.695457352664636,25.327300779894085,25.46953814658669,24.456020565289556,24.250075644152787,23.623597836305667,24.636677779569432,24.716171483386802,25.01243419762909,24.050854893577913,26.06497052465628,24.126177962323307,23.900187784188578,23.26470737834488,24.19360741293958,22.79308382492563,25.041306230892804,25.196146909476507,25.5440805276294,23.895930126319,23.520404192142074,24.78949243153318,23.274992042104277,25.049071732586135,24.076072723975464,23.987883224833155,25.036083818226963,24.014684290000847,24.596233083759216,24.26185985351583,25.20093690361632,25.759360705706545,26.122049704893037
2013-07-01,26.037643916678473,24.59538023831199,23.48468402942277,23.921930669921167,25.810941328431053,23.520655191046203,23.2738202032047,25.113195686476594,24.181280696816827,24.039592158148302,24.290696655547837,24.663794471609354,24.440907190033478,24.287511475322717,25.704952536217153,23.59774564010241,25.325547812698044,24.200768374813325,24.042540860136302,23.288922741286417,23.361501018298085,24.238879205516884,25.316531462604782,25.58396773192021,24.355587324952985,24.786453789803346,24.309963910955716,25.780700240611157,25.381498028931805,25.475678023799137,24.503761973064186,24.328174529088244,23.709753082572767,24.627341153613116,25.107605136274593,25.05793621012934,24.158627527622254,25.983575786325297,24.187235475474267,23.912170047240956,23.411556315051882,24.18160059466233,22.821175292540953,25.069459095253855,25.238781033429813,25.58617480418866,23.919912590940513,23.566260032962262,24.916912480486793,23.26113682173159,25.179948849939407,24.092033427917002,24.00134417948749,25.032404886973634,24.238423812327138,24.70728712975546,24.289412527874738,25.253561928531305,25.804634737833688,26.15898977169098
2013-08-01,26.111505837614253,24.539347443395926,23.40500066843531,23.903395752486766,25.741383919476913,23.458959656816884,23.322506664567342,25.079766352022336,24.101427119484782,24.042066104568775,24.2607896542411,24.69633357683256,24.392487710125874,24.403489671495162,25.660612605127028,23.604583595591116,25.264642695194873,24.12166424972692,24.120297308294226,23.257143589175772,23.35822639111067,24.316633761758325,25.26474114358127,25.536860302739527,24.280273296649924,24.727290793837838,24.26800140043328,25.70184268250101,25.290812286462504,25.42711227308669,24.480441436036948,24.295447275561752,23.741262942652007,24.58867525676231,25.22272755546996,25.039498648910826,24.10567280730105,26.03140846281252,24.11233723976596,23.969495333779303,23.561080194783404,24.18001034673089,22.842415804070647,25.022779722216693,25.21138380482816,25.56316502218335,23.83507903434199,23.524252087104383,24.863708015275968,23.25092220923593,25.175141798507227,24.01751365498326,23.906864075144806,25.00748826168541,24.46839545471111,24.691933130392947,24.257051346615224,25.19632260620536,25.738880858596342,26.08610402303233
2013-09-01,26.096363369982523,24.587902927742586,23.42852788353011,23.968033490798696,25.848152809161146,23.50141773690318,23.43464787001215,25.056842774253575,24.146727800429233,24.052431623669037,24.286929531219872,24.743614607542874,24.424156280204826,24.458531215431407,25.67768541547196,23.57731406176423,25.32306980330316,24.150567160706434,24.195287621409918,23.312615167597404,23.339983513757904,24.40705878564306,25.296638340540447,25.57054101283719,24.322729691039083,24.74538393748679,24.315698365165606,25.71258385652695,25.313509680623685,25.419223909458875,24.504094562191522,24.283517340342193,23.779584969152644,24.61613723336529,25.41871964788218,25.04624235889597,24.15083334568015,26.03483092120777,24.118017443428247,23.846742428586378,23.646443602818355,24.328572179390914,22.90090578480636,25.01989034737707,25.229649075665446,25.5331915268458,23.900433236910143,23.574578666474608,24.943023532977694,23.308948217584696,25.266696329120727,24.018256761212516,23.931997036536035,25.007192546362557,24.60310207493475,24.690119660498464,24.27386314401697,25.208984836839107,25.758273502590818,26.0800587474159
2013-10-01,26.188378600054563,24.667790848809638,23.505958928505255,24.039784938352145,26.00033672072869,23.530543329065022,23.493634078388197,25.069788773714137,24.25249067004958,24.05195201918936,24.37454529379277,24.79711342713112,24.448431944321868,24.486081244196775,25.664929728243678,23.588871385289725,25.38470619564673,24.22207257027662,24.247761518932204,23.182539605111565,23.30216559704331,24.512540230218235,25.394317184450692,25.733154712658244,24.339340750554964,24.777173063052103,24.359175843825877,25.778642100517718,25.310603091168062,25.47011849351735,24.545966336192212,24.27333303508295,23.82415532817373,24.61935422003164,25.418321481067228,25.00083311094632,24.21479179413639,26.096868883578118,24.17369827929748,23.824293241259937,23.688463948085943,24.370626895354604,22.876839923719544,25.083128545612464,25.295643912054675,25.59922558986778,23.96803457717473,23.62173708082955,24.92835481993186,23.340395233961544,25.32558850662548,24.011678419582346,23.973750188828173,25.075199238785697,24.413295479621723,24.645967547922083,24.248172321290397,25.24160313137096,25.79530249616556,26.120824987253833
2013-11-01,26.250265028959095,24.676757444429846,23.510644658517037,24.019671921497554,26.07848640674938,23.528890917634694,23.47810600619827,25.194151234935614,24.258919221180022,24.07369647478536,24.396468599439878,24.799798764247697,24.509495123762395,24.46199281838756,25.685392270916864,23.617775182627767,25.41273961991289,24.197087321206162,24.170717831044257,23.179123103945095,23.243356807190438,24.464146006429548,25.414014833886498,25.76091492042326,24.38835019202301,24.812242387290397,24.379491919101994,25.800536649970834,25.422488749988926,25.485665253771728,24.558318559012132,24.281329635431398,23.780634439606665,24.628122525733726,25.352467543573937,25.100789462165956,24.30219514342338,26.170875546911677,24.171808490640995,23.730925736580332,23.81450961955038,24.414274741117907,22.90347342002193,25.087519149354257,25.328969951674072,25.649087980803113,23.916148030702235,23.532398088419924,24.970828359337112,23.313603237553835,25.267375414253387,24.016984772452464,23.942866987073437,25.065149271106108,24.184886074631585,24.733174170445416,24.316090183372655,25.27228235044797,25.84932223860281,26.162994503380936
2013-12-01,26.264948697594697,24.762926139831073,23.5146163795899,24.04569064879638,26.091535445365075,23.555636662085167,23.64548707992212,25.178221717899476,24.30871686918126,24.144531776757898,24.38730953333718,24.769820733915463,24.459573548963483,24.519801455088896,25.713726786700374,23.69858476785786,25.492542544260218,24.194350150536383,24.18778362249306,23.278272494921286,23.272102267520143,24.548415298769257,25.46412604179578,25.81699524332609,24.439702312168755,24.832732163271334,24.41638086563842,25.77452435488782,25.444269745359527,25.52013237619483,24.587740798932774,24.3065784109714,23.82330839897843,24.632907094074792,25.503056440246958,25.105194418928342,24.3041105193433,26.159367788503,24.191606863906262,23.655670530694245,23.82096761959552,24.407936733504847,22.935441127110202,25.069358845595644,25.301399056896873,25.615153693489997,23.88997157796235,23.51801900136424,25.002508903389657,23.318881490427422,25.286307746538338,24.028729672569714,23.966207880520145,25.063728335382745,24.351994615528845,24.744123558579666,24.357074303486257,25.310212718524234,25.820265206140874,26.249126129239606
2014-01-01,26.150999814753725,24.692728227480156,23.55795089803923,24.062617070632555,25.985558933494936,23.50067587967091,23.682905916577518,25.251918142080203,24.2568369858423,24.17809951640282,24.32433399802184,24.685700348574507,24.40199009152435,24.612158712308798,25.601323228722414,23.643600288309305,25.45393230905749,24.217411840305726,24.172171561946158,23.321019748744792,23.329220200561092,24.39616173539774,25.36297154758278,25.86936907059794,24.362682405399205,24.76863196214716,24.414847106796774,25.739865425314644,25.389442414352303,25.431865974676835,24.55088755336627,24.36392181459007,23.755252004256413,24.60298878002371,25.638393065743504,25.17092745553123,24.24330631133055,26.170796097846356,24.262715501607467,23.599994814552918,23.926944484347853,24.334587209390147,22.9152642346171,25.044558531111626,25.293861973313508,25.554513817127326,23.945540254362538,23.573010081334267,25.004439983553237,23.317572917530278,25.26126149908357,24.03188683757319,23.98366749427606,25.009976951433817,24.539256329312654,24.706995863707853,24.393543950964617,25.308889975112542,25.773765760883116,26.155553529704743
2014-02-01,26.20094948080303,24.734174684146577,23.586031083567914,24.06988507324335,25.995020833746747,23.64381448262597,23.804424100941958,25.23869686516642,24.271275561529123,24.21667807355677,24.355394953886616,24.70928464880817,24.44074518309346,24.64210419477006,25.633931118792557,23.643251240466814,25.560930466003118,24.221086919612336,24.30985461333967,23.34639726128308,23.37669572400128,24.411311675506365,25.376410539031557,25.898311817920572,24.376779855054192,24.83386131649496,24.44942781967555,25.780294024232948,25.42199272446462,25.441863295719212,24.595192974459998,24.462575806267317,23.83669175566662,24.613341159236192,25.728356849272448,25.24407755233158,24.287752858989876,26.183140499809344,24.256823588213564,23.67403621516863,24.011911968055102,24.406732341870647,23.072866780525267,25.040943623481674,25.348586908294003,25.5883270347091,24.00634690200617,23.642912383592147,25.03041125192178,23.407381101959263,25.321422597877646,24.0709230973421,24.024479311431428,24.984944773722862,24.838979113965785,24.773753755939026,24.428175853540413,25.332430488540144,25.774034003353552,26.199184136125858
2014-03-01,26.226674483908425,24.743753210942298,23.605634794988543,24.074782809792726,25.921312217679795,23.624842414833374,23.847409192694805,25.27842923768233,24.302409139733637,24.241126899446847,24.387347552878914,24.776201582728884,24.39861921506727,24.55364859053829,25.67334381317897,23.698377470670096,25.551730757847572,24.236872426450706,24.34486943514405,23.319073893091915,23.485834486594104,24.42501269003181,25.401465145761453,25.811447608292845,24.364406552719757,24.79786866283165,24.436290034983355,25.851683958067,25.488212942622894,25.453833342197377,24.599784355496663,24.458944479809922,23.81384653095455,24.651643500338626,25.600443754578368,25.240209484398154,24.299694195323205,26.258228537871236,24.310012974133755,23.68174507749167,23.776139259268398,24.351421233919925,23.051468035033334,25.0828888372678,25.357202199054807,25.612690548019117,23.99756890805959,23.63989041643191,25.034108419492874,23.39330444560907,25.373116811318052,24.107779897009305,24.049024386908425,25.07874482448845,24.678195871976207,24.83304578988541,24.47284738258886,25.40823328502573,25.796928698322443,26.22078194950965
2014-04-01,26.321435260901474,24.756896038378585,23.66595757110126,24.094736645045707,25.820555687347856,23.618514074442864,23.837446845634602,25.151458040863922,24.264900408735016,24.300039263318222,24.424122553549346,24.830964423248897,24.433809729715758,24.45350990554767,25.72744140598552,23.731757465690432,25.542571941298352,24.281763226908392,24.344003143816096,23.3350145123359,23.528704019518457,24.463570124462986,25.439362425394844,25.76946680143107,24.33950286404075,24.808394825646086,24.437798053512484,25.882359627791775,25.407098523535154,25.515356679905135,24.601546738817742,24.463013247650498,23.750751678293987,24.685245766253253,25.592778475742925,25.27902871465747,24.291964736403596,26.243729668927053,24.353299696132083,23.745542985478806,23.687098600800997,24.339024029672338,23.082256571078638,25.118159815619972,25.330702182430564,25.636596178886467,24.000765352030882,23.689087744890923,25.046780292814972,23.406958107055914,25.413815843793323,24.149893637806795,24.10360493713878,25.096549676780008,24.675505750088057,24.748076049182774,24.487500189524187,25.40622088085472,25.845379565380718,26.26806944997835
2014-05-01,26.391630858186044,24.80810121064212,23.657372250064974,24.169314977938296,25.847864871785628,23.639146921290674,23.944428329904618,25.151458040863922,24.27777446077341,24.27537244455762,24.4457081474221,24.903994971830183,24.43674389959294,24.47230601242338,25.705452296980386,23.708234585995907,25.599765534227213,24.234904833798097,24.421854067422363,23.39163132771422,23.578812582128194,24.46369135606948,25.435636913003943,25.83595119053043,24.33944072061849,24.817409492410363,24.440485434680674,25.884037341547092,25.40603067527723,25.518294446277434,24.614408995394253,24.47579089387707,23.77977086587577,24.68573892303003,25.64999258311463,25.267002976994398,24.29297420675818,26.25700796482253,24.328046370494093,23.664190768971253,23.947497526943565,24.391885576938062,23.11054746621995,25.146171933322794,25.27651093297014,25.623003028449375,24.022192580517153,23.6710928027609,25.028788185112735,23.430546334508914,25.43804010476088,24.104131701084285,24.125008298354714,25.107395633620335,24.67492832808395,24.807445573506662,24.532876075352025,25.428926115367858,25.80779844502754,26.249541513993655
2014-06-01,26.42448696558447,24.84620246858079,23.711239751268028,24.173212454196488,25.886248492028326,23.708767483172213,23.964044747366774,25.16653520003747,24.324860977310287,24.336462938984123,24.44248668505143,24.982745766288446,24.432361542887058,24.57084116134918,25.775232748837766,23.701410699698904,25.620149101938054,24.28866283224265,24.52128009656831,23.44711938107721,23.578002146785966,24.533173553472288,25.41641673203627,25.85847182068145,24.389485415228474,24.82646703793524,24.44324575301095,25.921651906290062,25.44225711613314,25.553124412925804,24.618935991750867,24.521935500281185,23.798915182030754,24.68694084346568,25.71111875712697,25.266830141546286,24.339509230987574,26.282431381364013,24.386772359436883,23.769813446021136,24.000560342606747,24.40332396432086,23.090634040220248,25.157541651259795,25.287070698477255,25.595394001740825,24.012023308280625,23.665099711658385,25.027121721569646,23.444474619754757,25.5635252817085,24.151547541958717,24.131400019508316,25.10428995249232,24.81938555169648,24.83372087254729,24.53402988623771,25.470534748652177,25.79157743979132,26.25779838438848
2014-07-01,26.452813402121688,24.77078555183901,23.64105534511905,24.224920256361994,25.84927167658173,23.74032320855985,23.930105883877346,25.159340623636947,24.283446938341903,24.26078922512092,24.36979922520716,24.94434120615876,24.45281760354068,24.502622663723358,25.765147601327232,23.64608732205615,25.621780482709934,24.26050401556049,24.455680209599656,23.46798661577735,23.41780231837256,24.55270771455216,25.380681252259183,25.849676311148432,24.42140045250243,24.830938551018377,24.431122546511478,25.877387391303305,25.44312432093566,25.485382614947195,24.587787999659646,24.50392019242285,23.795993736567368,24.623632765088733,25.787760771640716,25.254965931479788,24.339818376409966,26.316844217583387,24.29922884761194,23.749863106867988,23.959132893607887,24.397893322654063,23.032904652513285,25.151017059674704,25.25349468481022,25.579102160299723,24.013038315220886,23.674808096280014,24.933672249902166,23.441182728690357,25.482852435299264,24.104397544133942,24.142821300647295,25.110773224328476,24.747012875852228,24.829810008284788,24.52395142401937,25.438442308298924,25.771529813310377,26.24036511251446
2014-08-01,26.52250305844246,24.83299230013553,23.673416972289292,24.26855661012299,25.929218516976384,23.749826853581165,24.098323224689466,25.212958845231473,24.364718231817758,24.346440361752073,24.395741916678112,24.937160866376107,24.48551731758118,24.588081462873692,25.76677118868495,23.634030331970067,25.667305026051014,24.285963662052954,24.460773329089555,23.485270428839492,23.490392374639566,24.53769289093404,25.413150389172568,25.85451304991043,24.45686069508522,24.976304631641817,24.467478700307435,25.913108555557198,25.480489228386816,25.545392882967544,24.614051915628522,24.544047059933025,23.89374834719656,24.614709518765174,25.817192546689693,25.312662955837837,24.401978940456257,26.368102550613386,24.346653480543818,23.833758890864473,24.081280287967612,24.416136616880934,23.138550917194543,25.199645178351414,25.286035286598853,25.659271401828505,24.01621853253362,23.69539731549108,24.960230155000186,23.497190157848483,25.49431894807668,24.141615878532907,24.153701935587893,25.109965924434793,24.935806882400644,24.896966672795354,24.592354360124446,25.448995069786417,25.79728929560692,26.24560695332877
2014-09-01,26.51024453438983,24.876878101844177,23.655161505649442,24.216836305832267,25.8790174985846,23.72681841564181,24.156415039795196,25.270911358393136,24.363812440421984,24.249873670497166,24.40328293678087,24.877551343776805,24.519936523177044,24.56132627773947,25.693749046317926,23.608740179139986,25.65780311104277,24.307650443344155,24.356706238578592,23.458431572165335,23.52001685117841,24.429793355940816,25.39919657111941,25.864848275734882,24.484553174115575,24.957301552723166,24.449807447838925,25.947048374937317,25.493690143225376,25.567673771729925,24.594477390264743,24.572156425770643,23.90152593054364,24.634867698604445,25.8720613678027,25.298758625675017,24.409528095273505,26.39459346995026,24.30664651421549,23.672259632775486,24.02428931462609,24.546297090719627,23.090181995032935,25.206111317021925,25.292141335107576,25.666823009723082,23.933771305745086,23.640606895016475,24.94358235969627,23.50383147112918,25.422683735773777,24.12457977490708,24.12795967111078,25.117943333708755,24.83024040562475,24.89199378347802,24.626586365127494,25.464288277951823,25.816621440123395,26.196620140837272
2014-10-01,26.579733512553208,24.970990995309247,23.766175425112575,24.261099597447046,25.8249192639157,23.766382881279927,24.15140338975344,25.280420061108195,24.40202866961734,24.273622494014564,24.428416745556817,24.818746423121855,24.582193344987083,24.667746587675854,25.69901514731358,23.65837055614083,25.683856355268993,24.401780961876028,24.315787483744575,23.441439415188587,23.59078756899427,24.29385266193142,25.41499511971881,25.829316759685234,24.518928059326463,25.023439781596768,24.481516019015945,25.958150717584076,25.497666367591865,25.556479492509148,24.57579514055919,24.59472157116635,23.97929861854513,24.623411175480772,25.819462012885857,25.283162321244358,24.42046047882991,26.407239753542484,24.37199694672803,23.467309715410263,23.88564710841071,24.587693507693487,23.147581412284744,25.24577001271854,25.304910482605198,25.708113012114186,24.041912188831628,23.75451006227941,24.956752599391503,23.55097023302198,25.392433873907034,24.184813437960983,24.21409412472322,25.106527527619516,24.826193929123612,24.992968997667106,24.698035626467373,25.487536514206273,25.81400249794676,26.224510698215237
2014-11-01,26.676137326264712,25.065014677441756,23.752541338688335,24.335302795622166,25.928037991610257,23.83226186354101,24.231044900772734,25.273402699471177,24.453368932925546,24.273191846151345,24.47374233558997,24.740557198191667,24.645737561086804,24.60119525252848,25.602094721519393,23.6709172772215,25.696146269053227,24.386447532182526,24.226075134356247,23.563776836036226,23.579242915013143,24.244316695734902,25.44100058993958,25.795668406552704,24.510577556385467,25.042534510507185,24.511745545604033,25.96250203843036,25.499076149009156,25.624548662284226,24.594587174340738,24.621350021461968,24.093357828636776,24.65574293917858,25.85496256339813,25.32474366815064,24.429934601835953,26.425391718472184,24.412763128167907,23.447933875831918,23.760565449082367,24.6534613850564,23.218210556029522,25.28582201930056,25.344195197477816,25.751322954260605,24.056924988468605,23.77219985313269,24.985131362609142,23.615492100977164,25.25452002470637,24.21900575075239,24.22292711854406,25.139297428707703,24.837793730144526,25.030362389231247,24.70077997467162,25.51338117483028,25.95181871224882,26.158585402499504
2014-12-01,26.60585780471735,25.009147415757177,23.815071977588808,24.274850550438785,25.840801130202,23.835039026104162,24.305206066547473,25.32208068619742,24.449126898873722,24.178706597539932,24.467978103714817,24.784818074698208,24.64572430170777,24.591797734414644,25.64127542015525,23.692050105721975,25.714143730702965,24.42822382545367,24.28593937832484,23.561838014845968,23.61238026443362,24.10507596561777,25.393851368208896,25.761545854791798,24.542126547579254,25.09705700412318,24.52566946288405,25.93440676518954,25.538514228154952,25.571453362196475,24.603736640158278,24.64128909783642,24.16833807075216,24.631892224419733,25.859072465049294,25.263115132714958,24.527876681043452,26.40282048283388,24.437849002294318,23.474745274915325,23.746092697409566,24.621325875803084,23.177569746589825,25.22888729934545,25.35281885730406,25.758594418082797,24.07450875061091,23.75727243123771,25.034321046607147,23.689428785047213,25.2482175115656,24.253813322261987,24.23737039889711,25.087378705967986,24.743019210998675,25.054997974764362,24.72485212532832,25.52619463881971,25.932674010908176,26.186655100330867
2015-01-01,26.665469451381405,24.928174439862772,23.848913145425477,24.259251732452263,25.973893385921794,23.849766363276466,24.331318906547686,25.158759309117844,24.405657349651726,24.043691161438463,24.443545660973086,24.692659339737116,24.65443402758319,24.54237509018829,25.551325987220963,23.660941840070073,25.691879447080176,24.470414301783627,24.252363663008637,23.51733034319875,23.58393200443022,23.776024651635893,25.347063792348077,25.774446066736665,24.425020085747892,25.09656809439458,24.503815129483183,25.891119518472003,25.39806487022027,25.54626955185644,24.537062092172537,24.683993466826756,24.153106604995116,24.618354164842764,25.83165584113596,25.33028566981221,24.390213283334994,26.26327380529584,24.465224855490366,23.761744896851557,24.003280261366644,24.58278982415287,23.13425098945591,25.227149862951112,25.35602377844998,25.68101044095069,24.130222791575314,23.84780537720817,25.032406049324795,23.72023763203406,25.21688327114354,24.2860709587218,24.324354556588013,25.067230863586776,24.65465392210803,25.108545211426307,24.708603813326146,25.47184406604756,25.92770978952706,26.130711706391878
2015-02-01,26.757546396043526,24.938136495749564,23.761974070056567,24.281589341611877,26.04369262848847,23.91958735987931,24.546812983044944,25.20140142260139,24.492546444609335,24.087840911034657,24.496497185001612,24.727301689970236,24.681820436744495,24.74861841650563,25.591004772923107,23.72251233951547,25.826619417894044,24.366633416536,24.26206114405101,23.550527447324125,23.523307242998627,24.041792330694225,25.43131583902266,25.82004646725579,24.521062943095345,25.190902896972155,24.553890111584064,25.914510475487095,25.52393440308882,25.596712164270464,24.595914431199592,24.658247940392364,24.245887510109004,24.685903838619904,25.871175308932187,25.300995747024167,24.45001439590747,26.345218490098812,24.4108631130868,23.807595841031198,24.075548285091756,24.63423502597536,23.273106751963567,25.2811163243369,25.449732935685752,25.6980135562009,24.07488729143775,23.829616834398145,25.09267206421372,23.770313697049552,25.238138663260923,24.183816141609064,24.281676680070866,25.13454138061857,24.653376114551797,25.17569801244289,24.73429296573485,25.525647524817977,25.91527706992627,26.14344182931556
2015-03-01,26.72961126724766,24.905203354211398,23.747127938354108,24.229945670532487,26.02226305300722,23.88796670746987,24.5417854632788,25.174476500377462,24.477408869848837,24.052607089593508,24.475377689296867,24.69197417891131,24.747236341407394,24.71087243226944,25.584717706713935,23.68986579118846,25.83437163030027,24.35333117314894,24.283780718160685,23.58847263798924,23.52302262489592,23.90951513855831,25.394001371456017,25.805851749701947,24.51456168278065,25.180918448127347,24.573641223521232,25.90267806317482,25.51244566033146,25.53109534077464,24.538304967085732,24.700098148659936,24.2499287450393,24.679684014526863,25.911505938262597,25.282722163813922,24.447216753545444,26.27678011292431,24.42383406715069,23.614659982488554,23.944765385128143,24.669648786710564,23.22436741677139,25.246580417646065,25.47211748485606,25.65982159402531,24.0945931251797,23.8292107517641,25.058645215729957,23.770187219423118,25.23536674703957,24.161293048806478,24.31625032677824,25.07768945035929,24.57902606333654,25.215889570090972,24.634127212251446,25.5250735479098,25.89505767407496,26.110137766926417
2015-04-01,26.735380956335256,25.00463575541841,23.758089877998497,24.233973702445272,26.147584326625555,23.839998093393554,24.46185133002142,25.21208481525993,24.478053512290384,24.13473357582734,24.445218556930435,24.77898545343704,24.689844758569716,24.79701034217047,25.641018123501404,23.728469396854237,25.870235421773216,24.3635678330023,24.359982030898543,23.690183630028038,23.53514782694056,24.11487605140525,25.48154993257468,25.79510359889164,24.55853438320553,25.125921797614748,24.540602263344592,25.888663889443404,25.55573386446997,25.539605664730473,24.553669048988713,24.68930372192223,24.172682234727365,24.67050838325461,25.868639614567385,25.326329208658763,24.49160732819706,26.455981678741054,24.393389921801322,23.814770255927662,24.23409004543854,24.654686144201545,23.28327605412332,25.248016768023398,25.447087224121734,25.629717057838583,24.02283800237176,23.78882099393405,25.028766487595327,23.7470749395151,25.361002434513946,24.161744248133765,24.24117483410641,25.136853534310497,24.75925287120463,25.159217749053237,24.614736227167516,25.53785925431491,25.84863208597611,26.13763837439857
2015-05-01,26.775553749795215,25.04230701880111,23.747838937870906,24.219740640824885,26.165093355877325,23.86294996473047,24.698389090475118,25.2472410828886,24.48309635051297,24.124868277054333,24.443475329192314,24.714525214583333,24.68935618315212,24.79604863570886,25.56567651655431,23.762783266440646,25.885297788821042,24.339561510703398,24.252290476496473,23.736527937963988,23.52954737203845,23.948524476017575,25.48854164800219,25.788797091971265,24.607077308311176,25.166585758530303,24.572586496405194,25.898095164208886,25.60142125296758,25.549419132532833,24.561267075058836,24.78262601033665,24.191991694365818,24.664066094074613,25.87395737031217,25.3484139182413,24.519238324630297,26.418700035405127,24.4072636054876,23.842689567394345,24.348669433790192,24.682916049286302,23.28011774370936,25.261694452685568,25.47096723453404,25.623541529767813,24.007547129875515,23.818342164686523,25.05838911038165,23.783039507265933,25.319567965379417,24.147878730678237,24.24067877864725,25.15290697779632,24.863152445406016,25.235330593972126,24.56335880164988,25.55334609828585,25.79898964512052,26.11248788872848
2015-06-01,26.741784086552908,25.051277403958025,23.696573965545042,24.225114301803416,26.176352337271723,23.792890307700862,24.590526139441508,25.278270065174112,24.42744520429209,24.118990826181523,24.42259688350907,24.689501011503403,24.635101759874523,24.752215297891993,25.51009500506354,23.79812477315211,25.91888524482358,24.28017422482276,24.239353389947468,23.688934763094526,23.46489882752904,23.894683070673555,25.462537468171835,25.77906755961228,24.62272189148834,25.163980140360295,24.55581650195937,25.87823380187821,25.631077653252756,25.50626505638786,24.533956444540188,24.846063890810047,24.14802715649753,24.66371293479147,25.9537765088156,25.281167244428183,24.53456518819626,26.365606343458836,24.371887102392662,23.68902806953585,24.400015592544467,24.746226520368218,23.189019047874663,25.229125946557815,25.443468426062267,25.62162651862341,23.942587851846724,23.76980204516527,25.009130795668245,23.738621025531796,25.267793321427042,24.118641769733806,24.201547928650943,25.18088455220012,24.930453380702165,25.250111662835543,24.51225282170793,25.56509067227389,25.75926728129075,26.096970684441168
2015-07-01,26.708302590397548,25.09239078518547,23.762326928351545,24.249168035599634,26.38751444623105,23.83928078663835,24.53295766047472,25.33055831260378,24.40523825617636,24.043212872255303,24.461723772054828,24.490728232118837,24.708183400267224,24.803580389214897,25.423639270853293,23.77864244088212,25.968951338761887,24.32989488999763,24.113413162742354,23.782489706010658,23.485998458029442,23.43430010352549,25.453159760529683,25.97586904682673,24.604744737119432,25.221007001256414,24.58557429233041,25.906059943162596,25.642377163532228,25.56056066646837,24.493499302749047,24.85820641672824,24.183092675136233,24.71286917976658,26.045508318389377,25.323781764864822,24.535853463297038,26.421757620873805,24.44247666071176,23.382134888150095,24.59724708244998,24.81075336485526,23.18103101139944,25.268210412028495,25.51621237380462,25.601746753373977,24.04207183212705,23.88586676431267,24.90849698437619,23.74853470457841,25.233432705091033,24.184000581034116,24.28042495425402,25.158680554856172,24.92255676456581,25.249407964213777,24.535264171797262,25.59366118719204,25.773962064264545,26.04782589309843
2015-08-01,26.635297707198983,24.984872670030835,23.72118830308654,24.217985391648508,26.343161868046746,23.81814824609486,24.539568357567145,25.24049187655655,24.29915728688898,24.024157148372385,24.387656740449003,24.48014861137937,24.671382199036547,24.7483301643523,25.335188905067966,23.63333493963704,25.81105442244181,24.284272677786706,24.1297913768271,23.74917006814182,23.443669187351674,23.344731541629372,25.4028740413936,25.961037106985017,24.521021361903923,25.216124927646625,24.528981032876143,25.84187376088912,25.582064754060465,25.516772602434465,24.41715126332428,24.832315245543775,24.184504137388682,24.66318728461668,25.99556365223491,25.233124757974927,24.419740893299206,26.351233701517582,24.375756259141813,23.376293510810903,24.603526034228565,24.78017445377292,23.300427951653177,25.232069909192383,25.403615411802804,25.528021910651756,23.97564349604669,23.866626953041198,24.817772053582733,23.666212089691218,25.165362016917015,24.15404624313712,24.23731257081453,25.130888233208506,24.85619051452146,25.20131751233545,24.405808536831028,25.511961357437766,25.66779830945563,25.996406455057574
2015-09-01,26.61775639899514,24.847694601021125,23.77684007510451,24.17124328422534,26.341210184369547,23.728612396688273,24.531918232889954,25.192863548189813,24.289517218221114,23.867561398519634,24.397952273146178,24.45563868065081,24.705892218515757,24.7493387393324,25.321311716905477,23.533366891569333,25.814190270504426,24.30971167268047,24.056831943203424,23.768784667927875,23.418308535095736,23.251205706396682,25.418861888183386,25.946342323485904,24.442509424155197,25.207761260649566,24.486632127616833,25.842768326711692,25.532002127318478,25.536914022065616,24.37967256464193,24.85445905796504,24.180883623230415,24.708232511640656,26.000805125314493,25.146670421756568,24.330219207912272,26.37466722132284,24.37466934844427,23.315925263754607,24.495583147909443,24.875850402241635,23.396777620648734,25.246704445159057,25.38593834232945,25.54583285871833,23.999051559005032,23.916818673207704,24.79526682452452,23.530437196147695,25.057029805862562,24.195058116269124,24.269658390226212,25.11203725570421,24.85353699552403,25.20399322104286,24.443035542571675,25.480633916369534,25.676301453569433,25.993820248679043
2015-10-01,26.697868945876664,24.93796302092593,23.773140136585564,24.326455445843063,26.54229105862753,23.820686786621426,24.51989552253008,25.27027781465214,24.457750458041534,23.9779734167427,24.44248661102007,24.56214526287108,24.795482444091434,24.86200363530614,25.46292414384973,23.593957131259977,25.921173883987517,24.303156842323805,24.221717838872824,23.850502920426845,23.356504848052445,23.445665388651534,25.564667427543927,26.090541245214027,24.518613265798372,25.281029796203455,24.573467518554825,25.92183008702465,25.584401871575725,25.599633964449225,24.473383519832876,24.828801475872456,24.24970244661969,24.83860015951106,26.126785945473724,25.25662698830475,24.37582976024028,26.548062367761368,24.42572669023418,23.508925772857353,24.543976645362022,24.94186891122872,23.53733253745902,25.334784299724788,25.45986455581843,25.605721490222116,24.103613950244707,24.006235339170498,24.89588533085234,23.710864467941487,25.182116397015943,24.20396699310262,24.361836396407497,25.140182355481706,24.670877218752313,25.2234519477113,24.453611740171443,25.53354240076905,25.551631718618736,26.100739653419545
2015-11-01,26.687776292446483,24.923359649033852,23.761778005953317,24.298181079370696,26.602586736295606,23.80553412817017,24.577644654537373,25.308282843263516,24.490588881253185,23.98441827827224,24.438019441594772,24.588613854751266,24.816138132015553,24.887163845773156,25.467754180222244,23.61388534750261,25.91879729908619,24.249851206935496,24.19509616859737,23.889294619785236,23.33441456276165,23.08567502765388,25.59932936352267,26.124485714487882,24.531963865552804,25.360599839055553,24.57993376161378,25.923906553544303,25.628714841071414,25.60598903334141,24.48865922132138,24.83454701812134,24.290388899359257,24.85547198927772,26.14880309763378,25.22597549280059,24.420041877949657,26.580030514625406,24.39807345622618,23.453458483826005,24.673196752194748,24.95136382564584,23.64894797282435,25.314719126146326,25.428325923728334,25.59430030535727,24.104081580390464,24.05139551707644,24.871612158909034,23.744906912915532,25.16911017080031,24.19147219622685,24.283281581984152,25.163803537584503,24.777705804662737,25.179451597945178,24.39127150608041,25.55111890467141,25.57920072326497,26.08760091604293
2015-12-01,26.57525731485563,24.94193066677027,23.81129808346551,24.273425542127207,26.61913073711308,23.754736792010416,24.684422757442217,25.27325316648259,24.424677690743042,23.917683917536667,24.452229494731245,24.442234300458814,24.819214521577628,24.870843802514486,25.46488850813674,23.57152725346092,25.841980655195805,24.3142487946022,24.030805700607882,23.908998231233504,23.361936700669727,22.896483720380377,25.638948452865325,26.144163704521343,24.48248672719666,25.348349806169406,24.582066763159467,25.945764278482855,25.61891858937917,25.62157454602073,24.391929675914614,24.867567390022863,24.283051052999337,24.897551944721453,26.152824269184528,25.222384901266473,24.344677326630606,26.607326213178517,24.445328347387832,23.430380392403983,24.597859262244448,24.894756698595597,23.691085338348778,25.312320189989638,25.421299219552267,25.653572521676164,24.108050343787497,24.082724965530833,24.87826226496721,23.68591106264426,25.074762735424216,24.252885764560208,24.334669595759575,25.18554397195918,24.819177323437508,25.22226212561533,24.326827165352846,25.54444803977323,25.620158426598127,26.049783670991456
2016-01-01,26.497033776817798,24.865846841367045,23.856592620842726,24.25137979024333,26.478125275084338,23.73435713451651,24.605404402873287,25.101909097677627,24.350436439274716,23.829762476904694,24.465796973455685,24.264315051677688,24.75278420726772,24.729409404952705,25.42532098542897,23.588908352120214,25.75611991732974,24.367571675965728,24.034049589273458,23.941283541250264,23.424740157568678,22.51003908789378,25.578324184812065,26.122517467778078,24.373129491077666,25.302447839513608,24.5784883519024,25.962370029929602,25.514786163121375,25.62064313013184,24.374712840847085,24.804372908780433,24.22372464642456,24.944187351096108,26.222479366880762,25.189433659128493,24.138367153490037,26.60027160387207,24.51790222263037,23.535586197408314,24.37838098200277,24.88930666366956,23.573036848658326,25.313076743316383,25.364250001626935,25.681879481691496,24.03382531714293,24.11318913391546,24.786993032774014,23.670656935987395,25.110254141761317,24.297402798181434,24.291796757901434,25.232381019848287,24.591816697285644,25.20526570318999,24.24422372366076,25.465431542094613,25.70781437207514,26.048499973027212
2016-02-01,26.49033361995314,24.87099854408945,23.86930490261584,24.228434342704055,26.4175900542067,23.778812439528465,24.607346959332624,24.980228828916065,24.34309094963029,23.926293215380277,24.443513564853934,24.12005222746227,24.745545011000633,24.72484424164096,25.389651203653806,23.629246745377333,25.75298406335257,24.35393302666304,23.944140826220504,23.91888136101254,23.48765028477907,23.01607072148936,25.57969796054993,26.06280679676223,24.295749829440478,25.289321267001693,24.560399369783926,25.969715296197116,25.466190176031915,25.625524251912967,24.392454789928912,24.710325804487447,24.16837684889388,24.88947818302087,26.17418814387188,25.18031383670652,24.09760218760955,26.520773750757083,24.527789607847886,23.793391973979485,24.395331411183076,24.88251058269142,23.641324115852974,25.298060205791426,25.33698783619686,25.673271499781126,24.007903260929112,24.097007177934188,24.883971069707307,23.727041265836032,25.102614765823546,24.28216069742709,24.310147783949606,25.27530629075698,24.59562736674033,25.238906750168308,24.335231238969907,25.397263257052156,25.707513113215985,26.077615895615445
2016-03-01,26.615491312923005,24.9159362777514,23.950859139729427,24.333067991233087,26.48937349055467,23.86261676871142,24.74992486617407,25.05707140196932,24.430836700353407,24.049020669722438,24.517066559221927,24.302071241212293,24.797350154275502,24.81078514164321,25.536205945945255,23.588648616538492,25.79189455023167,24.447089174033223,24.058450757744595,24.004116148747237,23.627355598259733,23.320002860018278,25.674711255156723,26.12455139728811,24.348706813541117,25.361649618637895,24.666438041196674,26.004959546693456,25.516755069855964,25.698389362264354,24.50968076581004,24.717404984607622,24.283243455440832,24.966967592063778,26.239182562892555,25.232691871715666,24.110074355242173,26.609964272820402,24.58307825316555,23.822014622511936,24.48555818274635,24.880560270310927,23.772615251344362,25.344598797863515,25.345979577159973,25.698119068299736,24.146556571048606,24.197373356708265,24.9267833016984,23.781339472631466,25.137816926887293,24.364350141021703,24.409574708663335,25.33365136819031,24.775575475844764,25.317980074057456,24.35083429175094,25.43520189137426,25.739407628255822,26.1286753728499
2016-04-01,26.46476026112489,24.981655731696566,23.906201987071903,24.35729119812792,26.594718866573942,23.88125672820955,24.694929579423214,25.134977629204013,24.48310661043259,24.064319905344902,24.520881047879335,24.4732809633056,24.735507381939186,24.837117996896076,25.604863166999348,23.684610840212628,25.83089869788687,24.423257405292315,24.188013534752706,24.008693126308444,23.605649558713537,23.623040081208824,25.64144970324949,26.04969878285651,24.39312529880029,25.370574916295716,24.68605697395971,26.040190785347068,25.58179980027352,25.671281519619516,24.542868452704106,24.765130455975658,24.286801303507872,24.973391848976902,26.269226260867093,25.277229768562314,24.188855339454,26.50787760507381,24.57663538732691,24.09728885436979,24.358476024703,24.841105891301048,23.76980447730155,25.356391179618697,25.444535647346218,25.671152031344523,24.183983455089994,24.084712381207193,24.968555519271156,23.79057063378834,25.22340354543792,24.332333015492893,24.37767847313931,25.324676107390562,24.822297273266997,25.343436227473244,24.442996673601606,25.4681514779246,25.72284656155795,26.184623281638537
2016-05-01,26.528004735189395,25.022367875677034,23.92538699495577,24.370704791096472,26.68621915650675,23.8587277076679,24.75232403612595,25.15065062983619,24.503991216322213,24.004634981238393,24.519121309778637,24.38587004228615,24.742771575355928,24.936378046168112,25.593248270787132,23.662734989925692,25.790987906870665,24.416251506709315,24.1748150620143,24.100184527454406,23.582003233072584,23.389124076082442,25.624394342031508,26.105962987217147,24.364507116929914,25.357266794348458,24.682198953968012,26.045618658001978,25.62140423122677,25.66680756831778,24.47597748581542,24.758488601216616,24.343083591278685,24.93774162504063,26.279632869701807,25.302793660031707,24.20570583474156,26.568750137735353,24.598007914494893,24.021265239644347,24.488878537114086,24.775911116014864,24.043599562771398,25.33885289750363,25.50359424106063,25.690727597611428,24.229612495267478,24.12042191135493,24.931566715158436,23.803641323086154,25.171808779061855,24.31907239526168,24.359975211403533,25.349490000350904,24.746699305741206,25.358435443591354,24.40752446618505,25.48284922027135,25.779672480658814,26.191612350186478
2016-06-01,26.490478500268274,25.006026635986846,24.01357505748726,24.442114961307066,26.67624969260947,23.854512101573487,24.759039330483276,25.042205506444304,24.44360848936899,24.049140723416457,24.557981303758634,24.387248670551468,24.796870916469697,24.883644056714928,25.64098288593322,23.647427699715625,25.77677739026213,24.518931214454412,24.199819583492513,24.173935088919965,23.65027758519565,23.394524761227107,25.66491210706677,26.04353473451316,24.297802869246418,25.32832681220104,24.70903238309234,26.126359081027534,25.57226190620827,25.683042663532024,24.49874566431524,24.813534331502993,24.33103067774321,24.923549627108553,26.240758933369825,25.326506315570626,24.153585251116,26.5405814085825,24.687454764259684,24.20943177844229,24.374453391070766,24.77554880546846,24.0523811154348,25.38492365358991,25.52710026211282,25.73454600498078,24.260887600800235,24.12780442136805,24.957581867168667,23.815339694936764,25.214036503143248,24.4116120423017,24.460837313303397,25.448161613208665,24.696402865864062,25.41323905946313,24.4498814091232,25.421302184870658,25.818124259821687,26.251645500666775
2016-07-01,26.576713526254967,25.0734782784724,24.002239782831047,24.465886032895902,26.73485181550112,23.911474853494276,24.803659312810705,25.13354436773217,24.516866521784888,24.13685507140245,24.574644880716185,24.321363177250433,24.85968072596178,24.91329695459849,25.61831087203898,23.61294279940522,25.75747563881715,24.51659701292247,24.17898530088349,24.134855703893,23.675265225854094,23.545850216627777,25.66160027209978,26.16115190893892,24.36438778433537,25.407712690773685,24.709118690859153,26.158244390120903,25.60128634484494,25.65245797448221,24.54181205126471,24.86477052652194,24.369561640840846,24.90826641841213,26.32190488001333,25.35269811529805,24.254200359745028,26.642849484625078,24.671141386003036,24.327693967681085,24.37193604023266,24.783886147429694,24.246825069646558,25.420135151917343,25.573710412253867,25.745353292573455,24.374813838579588,24.0678307227722,25.006116848439504,23.83576511988658,25.232082085218895,24.40918501113012,24.506526641631513,25.45001158928275,24.79718819953217,25.431846863496663,24.514240918554933,25.434733647817353,25.817439315955696,26.199195124253055
2016-08-01,26.594687317116904,25.049529607348955,23.93154447947216,24.445025751102257,26.748399457302543,23.952130976947466,24.88905403755384,25.241386403412264,24.534619022745176,24.136607228341607,24.578679467687326,24.332947811970993,24.828521969835876,24.883770001397696,25.599596689670076,23.697302222627766,25.74906282865455,24.444796288596606,24.260796354689855,24.12347377073616,23.583168744341997,23.315155219315024,25.66480611972579,26.15926755143068,24.429296156249222,25.377455934285447,24.71237989900395,26.11006895677599,25.662754052057632,25.647863816989677,24.587926111873042,24.80075466343095,24.301802792862695,24.891207145959395,26.339341130249753,25.42073599517963,24.37073325556981,26.656516838495904,24.612142627102653,24.187386126452118,24.43767246198008,24.821719833217465,24.318452822812482,25.40001124995112,25.515387642417487,25.773055221375028,24.349161955298,24.003080623192645,24.994718744483187,23.780835655173554,25.213024778076733,24.36777869567351,24.454222843693987,25.407499365829075,24.695130108670263,25.38062719957072,24.540544448133776,25.492054067624586,25.79624866240593,26.178636596400775
2016-09-01,26.663538184635318,25.033330491851082,23.934241512913985,24.444584708731732,26.833294848080044,23.91761301527319,24.86669957615742,25.215199741805115,24.512573472370633,24.216546360609406,24.575985225720014,24.390228283734224,24.77028424853317,24.77633674741441,25.63307658951728,23.706719473830546,25.731979293547386,24.459697672624205,24.349623535119456,24.105213059888186,23.571055911571317,23.36906908833195,25.611556357788356,26.177098168932986,24.38366194710856,25.34116479974813,24.716483476787097,26.106527057389854,25.649181013506805,25.621973082969472,24.577962091230233,24.838878795179905,24.243306635126824,24.8963512869069,26.356244738750956,25.414665459861865,24.37073325556981,26.66516397047829,24.630500612657517,24.21447392183973,24.448897034918897,24.73116917424253,24.430987612236574,25.425805339495945,25.49657794064158,25.80061850819587,24.35722549098368,23.999501710997194,24.954339823913195,23.758558093075493,25.20845724784023,24.37784052844204,24.421863709157893,25.400872759249687,24.656763736958197,25.409247475358896,24.567062911942962,25.36268909229163,25.81254425949078,26.188733368699083
2016-10-01,26.66786301713988,24.910500535233595,23.944005195680493,24.48297464129621,26.774905542250057,23.87610228346531,24.856642348181573,25.26808927210157,24.45224520148256,24.15486527803273,24.53776772972583,24.389768219974076,24.739388436149408,24.82863911696804,25.650701047246997,23.74794998664932,25.7301469519353,24.459447167793268,24.282372292701577,24.096934230479373,23.594216047723105,23.398109176128028,25.601619489627243,26.18433493901985,24.48371279705571,25.28793947316939,24.6607010779057,26.0882452964163,25.688493970566952,25.631998278112157,24.552358526125197,24.755507900541307,24.163183121492438,24.8718690438016,26.377228253536206,25.361026818438024,24.416756823616037,26.704651646372376,24.67589021787749,24.156122065239273,24.68560628116732,24.685899051829228,24.468792557053856,25.41126604682084,25.430680194676174,25.767197315211707,24.339301111896674,23.96463805227173,24.96022748237257,23.636455191915594,25.209582541597314,24.383089983355248,24.314628374599934,25.30208445173817,24.62539915360155,25.42330988102874,24.46628298610966,25.40101489202276,25.782994067478676,26.142300576099714
2016-11-01,26.64090436438486,25.005853009625874,23.850466996436133,24.346794467337403,26.723933349564184,23.961901048975385,24.857874640586797,25.51494949380965,24.5352951627647,24.29904070601082,24.453403801861487,24.505900983296392,24.75442298239559,24.785686022699764,25.71368719816684,23.874378137118995,25.797217569542777,24.378122876579685,24.409710740698333,24.043706457683133,23.547346987904742,23.715098215795905,25.657096651334406,26.141421993107414,24.69097693847809,25.34674458025873,24.69880602394704,26.046970341392875,25.84201917653,25.58244106189825,24.579660176634636,24.660089752017978,24.224967504372483,24.929683752339944,26.27634485706477,25.402230078621226,24.631410242402904,26.71030987041137,24.562074188175043,24.023515592000013,24.62050696626569,24.68370481327443,24.727821904805083,25.342739624985754,25.444149855311604,25.723594855080634,24.31484815402135,23.94374009210119,25.01283105515116,23.729252614325116,25.281341269063077,24.286460218723345,24.28010773700105,25.366943391007073,24.582357886663882,25.53683085967254,24.60528546564892,25.54093719017239,25.788832224232817,26.188962505205918
2016-12-01,26.69286624030554,25.03534798193548,23.923955531110987,24.379593825397983,26.723000293920496,23.957461235136293,24.89404732008443,25.56400960906725,24.561250595409092,24.269085992245465,24.456618298628463,24.538743640492864,24.821988554823744,24.73526934671836,25.777224942395925,23.902327218391942,25.847390647789847,24.440320392494183,24.39576318081212,24.102696673976116,23.645015069863494,23.563441597050613,25.684038086027808,26.16255389033201,24.78202124556734,25.387568600473703,24.721326437181016,26.08838419703914,25.915583469639536,25.61799774905073,24.55346862551115,24.758100568804963,24.233014501767826,24.957763262014982,26.247474132053632,25.363578122063533,24.65270048678224,26.747764140886417,24.61447883905172,24.07254066911157,24.677000417264573,24.69876912687131,24.875753933580224,25.39437025700194,25.464596749004162,25.743050057309368,24.351307239144358,24.009382838986927,25.03646382119519,23.73267892214981,25.28015053836439,24.347470565709422,24.278101540684492,25.463124108132032,24.703023064723702,25.551609744795172,24.634155419163022,25.589784610726664,25.770057253114558,26.231122445441027
2017-01-01,26.739507906905224,25.010938748499136,23.941275987506394,24.36420555541549,26.816639699811788,23.934768819860032,25.020712639236326,25.58815062885681,24.549909218051685,24.30008672797119,24.44338916416997,24.510835099608126,24.845688885261918,24.87973276391296,25.721764407641736,23.946297473378948,25.914935707236996,24.452103019652142,24.400499318002034,24.177004266171377,23.65594396108492,23.79639281394409,25.629525988227048,26.19696030490608,24.738795319105463,25.41333732993885,24.742422503475982,26.07122552753896,25.896158516028297,25.620646928841637,24.570369966238665,24.80433004950117,24.260200482202496,24.964722168403835,26.37210037820944,25.422863596579607,24.658364686266687,26.787362251790242,24.64951830876739,24.13688481571424,24.805034089618914,24.742287660586612,24.89835577648638,25.38621381432492,25.441234909389365,25.784062677976397,24.28188703747617,23.97977859343452,25.036920003510144,23.855337168785795,25.283186711855684,24.352337869417873,24.31185859028006,25.45438648794222,24.867647980355954,25.564399652725413,24.661741999196614,25.611680353060336,25.742149331417032,26.157934084367575
2017-02-01,26.860737065911128,25.032853176867793,23.98570079417784,24.467738256638068,26.84248437977197,23.93983614363936,25.07642463906305,25.674425406542746,24.585319525169645,24.318749401935534,24.57143357577367,24.486127394264795,24.92329365355128,24.90778063696636,25.73203905630639,23.968834813933242,25.90986173813106,24.501899419827428,24.35586293460349,24.15358825387807,23.678813367175668,23.579237402243052,25.63322298226451,26.2266780673866,24.817347582517797,25.465244668554476,24.793335804868285,26.14736872886552,25.970062611486235,25.629985129421247,24.572647014946913,24.876683368099552,24.282587394260904,25.005332199463137,26.411374070073258,25.483573744904778,24.735091573937375,26.776944854896325,24.706694653663632,24.07901272607839,24.815075200455784,24.819738707727115,24.825219653969604,25.44786933869936,25.513856075116244,25.830804301535622,24.325938610125654,24.036114796594127,25.06284188115887,23.870786422425116,25.242344935919476,24.380070246709163,24.31528078294261,25.460899690944363,24.859917616750323,25.58443202231902,24.674421828677367,25.638825054244688,25.803038310456678,26.12681970783599
2017-03-01,26.912604845182365,25.085148510895195,23.99735852697024,24.524877514694325,26.89042668044559,23.902262651262443,25.11378735090675,25.629255285802447,24.575072736668584,24.277564982509038,24.5743067395951,24.538679043155636,24.870934688044873,24.92169668281284,25.694892818892498,23.963064188362743,25.9393968138381,24.506352799323416,24.361620399715267,24.22157368986202,23.668137829524717,23.5762480281359,25.64083158752549,26.230069039774015,24.743148421989684,25.47840733973227,24.80164973045473,26.172930365360113,25.938904298897473,25.641359578743852,24.571719887414904,24.898967454149375,24.38281181575622,25.027903597405263,26.45828644525655,25.447560142142102,24.67112180023892,26.811949793070184,24.694053100348416,24.040912657793566,24.854260722284963,24.794402731196865,24.897324157186198,25.461188677590798,25.52662646768233,25.81731698098189,24.342066252924937,23.997800985024675,25.06574918182008,23.878843759750215,25.219922538110634,24.371043425735948,24.255505074015087,25.45514020694678,24.96719634350498,25.57611333594,24.661216549375133,25.606483652754314,25.819121386181724,26.144371823569948
2017-04-01,26.912534739538877,25.09704774806297,24.00773246028276,24.56043916891436,26.932883374840774,23.947019155806924,25.12672596834552,25.621644118043463,24.584136848556295,24.375068091106883,24.558469394023216,24.498583396061633,24.9279008899033,24.964761463266893,25.68863335568305,23.993565981414278,25.958699434632802,24.512309729905645,24.308463755020423,24.263947896863723,23.629894688638622,23.529513810157372,25.613274252870983,26.316698964371163,24.71703998195044,25.54569603062004,24.85064180336174,26.16422138070927,25.92929577041702,25.66673841248984,24.63077331870766,24.874292347724143,24.414773218736816,25.104516043841656,26.51440782095244,25.435523838463823,24.683418023840694,26.85066800744379,24.733687463443136,24.0678906466146,24.883528510742245,24.791755273518703,24.8538903740332,25.480648146565247,25.518113423167406,25.78886957239618,24.398627625357214,23.962420630307843,25.12441680989008,23.95483351171285,25.14675966287779,24.371445267898697,24.215356185114196,25.407829142299388,25.088112555596247,25.644006934143107,24.716674037154256,25.573238443974255,25.868555929266435,26.139972297609866
2017-05-01,26.974022940564762,25.1081600838697,24.064333605756836,24.606370379123234,27.005461176673258,23.972041943679073,25.207893427530408,25.58098279805424,24.646313040083406,24.41386890578302,24.622100163347234,24.429009213689053,24.944160299718792,25.004821460641903,25.657990756551218,24.086339865168945,25.8901391993948,24.550130898407932,24.286209502832676,24.318252291914565,23.677267621208777,23.425459809307164,25.556136155971824,26.38218548182713,24.659376968740794,25.528965096089152,24.864650384662923,26.202204582623448,25.877663719256493,25.71910872524933,24.68761617500357,24.84347899642797,24.344268746419992,25.17992484030524,26.522428901621286,25.479159040479857,24.64962715463048,26.87062503772133,24.79101201069694,24.077896731670673,24.952512555585795,24.74709834662179,25.178860057986928,25.51184779591912,25.479953604769793,25.805162490792995,24.41918325302488,23.990534534891545,25.143479362465943,23.94610058470224,25.104553096291063,24.387579366147346,24.146410845368912,25.395432260818676,25.17040844719308,25.645720731659235,24.70173637613101,25.52178882918197,25.913042441943965,26.125787759939012
2017-06-01,26.91922670057522,25.20192640918943,24.04028447616076,24.614946905311804,26.97833256106198,23.965075851213122,25.180676087258817,25.663583800618916,24.67798754191604,24.43294034420241,24.592461273199895,24.418120860418664,24.866073584927904,24.970319495522084,25.676292495397217,24.095525048854373,25.874358460578872,24.53577521895043,24.288531934576092,24.295712518003537,23.68039902090733,23.46972225701108,25.542530569043524,26.3222647458715,24.711874894822973,25.534010439684977,24.87195389126763,26.239828802081533,25.984362589695248,25.705379614774632,24.68957961932931,24.883649529292036,24.328401626072907,25.19485675256995,26.519254648813238,25.46336927421309,24.715003619285234,26.863225754218444,24.78874610627803,24.024983804611125,24.865027251611785,24.85453229849313,25.18136633117421,25.50681425474485,25.517969710609542,25.79443437198892,24.473496469507463,23.958352996420828,25.155750957315224,24.00485738918828,25.05631918572175,24.343826406176536,24.2051245193854,25.374450332693517,25.229062914933913,25.702530086078067,24.694584640965765,25.608973527919314,25.88185457695353,26.13803947980511
2017-07-01,26.95140673449767,25.16541107737488,24.05556972610105,24.649718428708727,26.99856044191116,23.965275212037213,25.2416835822079,25.6577962475286,24.69382140086129,24.49158142595759,24.566080905440423,24.449691910549102,24.85715504788922,25.01767896241054,25.72182274824929,24.137701071662132,25.908407376146037,24.553913292439585,24.338310407547276,24.34475098889946,23.74143136108877,23.666373146049132,25.49770666238918,26.33913816078255,24.727214023007896,25.50892678181864,24.892963671660443,26.24307403684845,25.988728997208177,25.735408868110575,24.677168779499354,24.888014203366758,24.32672374763779,25.21395052372321,26.633484295699322,25.46741331030593,24.76618521262574,26.916474924746893,24.830398150454034,24.164114299435113,25.060469876003268,24.858782373254066,25.29841122552514,25.51646540654215,25.50508592985323,25.835683206388776,24.51756549349584,23.953739025869197,25.126332081071958,23.965068789323,25.09738406481359,24.344870133158608,24.184765300551845,25.407556795280716,25.11760305542583,25.740533198329853,24.638403029365662,25.58208599958342,25.937241954038285,26.129455825893068
2017-08-01,27.049140855587677,25.248630811241707,24.098442159675113,24.732190172388567,26.991265046579045,23.98767468429326,25.263379673163875,25.64821470996128,24.67603371662363,24.529367261763202,24.56384770492468,24.417361318653626,24.845926160865442,25.068041204926143,25.707340042421993,24.036472273810244,25.833074003031626,24.57920145744736,24.2273512789115,24.38322641063321,23.729096931271688,23.677257654861624,25.455435418033527,26.349386805959412,24.72013257923901,25.510730014622446,24.90863526227346,26.240433673484365,25.98425224849681,25.7290628108497,24.68771512502211,24.871301716280012,24.285882282745384,25.244609026705962,26.649427251929907,25.467100299582654,24.741189171680833,26.944550605863462,24.860204587865464,24.195106491928335,25.02146054268505,24.747098264788157,25.340170937548507,25.508890419592028,25.527746186291488,25.859337525658972,24.55864392382401,23.95261936263031,25.135984580201885,23.97098119115524,25.020288862532233,24.35173117872223,24.17430074334922,25.38443377206757,25.213146501314224,25.776830052106874,24.66087610397285,25.52741082283088,25.912946336897015,26.08199527067823
2017-09-01,26.990925236205523,25.414212756002442,24.059606058971376,24.652282338075263,26.971439011098475,24.027128727852556,25.224839281638847,25.712240770937225,24.746923300775094,24.5890050847777,24.580596599204135,24.553951635637755,24.896162976264492,25.04612506810275,25.805168914393384,24.116508322882716,25.806742237664874,24.550010556951538,24.35684464436428,24.339328016781256,23.73253057775155,23.62589314374235,25.440249430318993,26.36854796972387,24.78191893133755,25.604037753522864,24.93827224524496,26.228785007069515,26.033833073805415,25.71713667292115,24.748187867969936,24.928620088292746,24.364581295053085,25.229743470267895,26.64301035748498,25.469758795452176,24.798213448811964,26.9461123120416,24.84008009546908,24.17321997596728,25.05876192611997,24.732183393172367,25.394652091505364,25.478000772437476,25.58861271394869,25.845258295582568,24.56022095540544,23.99388153879582,25.111163127029474,24.02738905099784,25.114152399337573,24.381711544002783,24.21176679335597,25.429071556147324,25.170672357074,25.761376989214316,24.76319768557762,25.611507971641394,25.92011291493724,26.163051055627918
2017-10-01,27.0833290854303,25.42973453659957,24.11727937101181,24.707069130608552,27.110954416672808,24.079997264614036,25.313360329317995,25.790034732200738,24.798660763242204,24.674197215852537,24.547097322481,24.575691449896617,24.876430948643268,25.137320348859657,25.791371909458952,24.177809182971977,25.799002072460787,24.600999937654905,24.388686801382917,24.377143059345325,23.79778236709685,23.62161022717809,25.268366114424335,26.42768543325189,24.80397670422793,25.617519307970753,24.955201531179952,26.298593010371665,26.08585370903323,25.74638416700455,24.798830569178296,24.88562324703653,24.364705957805995,25.29299285530983,26.69539751035178,25.326582303322947,24.83550001568462,27.056454452936343,24.89658989005232,24.138523691700396,25.13863916364972,24.790979733384972,25.540352059821306,25.46717317567828,25.57052295652629,25.79291148539106,24.584477942238877,23.97129426989493,25.142373298224406,24.12600965346104,25.035878892146354,24.44212075434756,24.175852259230098,25.27717328695337,25.142214948535482,25.835970188684787,24.76164440512379,25.629299694410236,26.03107578300117,26.179624089318963
2017-11-01,27.099815543565274,25.50798840936533,24.159642122368545,24.708877323668535,27.17361214847401,24.108603786633815,25.36515753779046,25.818114434932813,24.86114870631085,24.718784119793106,24.58057486869119,24.575733476614367,25.0117996281859,25.15648280826094,25.817769951127023,24.298064248886863,25.868219790853413,24.610803696943012,24.414662981133738,24.379276774891018,23.83440757098107,23.61730919185222,25.171020211312452,26.430710674251266,24.825033542193545,25.698813949416262,25.03387707115719,26.29801884170628,26.129808915832513,25.74180631527745,24.850835497454906,24.91804302796116,24.41170529216016,25.322858203982193,26.67927337925254,25.32984413817754,24.872091138256856,27.068285996947115,24.91556125146119,24.16121773723355,25.09253843793956,24.88514855532386,25.510412899723846,25.522666923655382,25.604177217546965,25.84178279052779,24.609706582575257,23.999224057198326,25.156386033660933,24.13675782197195,25.01774630904621,24.422777875459914,24.216352260131433,25.371735923985455,25.07135240726725,25.917906668445863,24.85010858187117,25.635160613804498,26.138690213403454,26.17890433290709
2017-12-01,27.08804060496696,25.505819857734053,24.114169081238366,24.700084699864362,27.167406363962364,24.1149628769395,25.28643918027111,25.869176940568078,24.885822601351194,24.828894581588536,24.621148302195095,24.651594602437402,25.023884326401387,25.136245021018727,25.87788092885511,24.34148261816397,25.893559145551578,24.562146056681947,24.46785576523164,24.358854280182175,23.785509441931396,23.92631410197374,25.12400528329713,26.447202546294104,24.8565170104498,25.756458447095806,25.02216851031795,26.30691910625267,26.152698816003994,25.75237166338588,24.85576073885799,24.922209487228955,24.520370649254225,25.329673703723767,26.675201567658593,25.34777537215352,24.88861694677809,27.08944137007233,24.910099183756778,24.175444331971246,25.115620020246027,24.91979462496196,25.474523653802418,25.55834252025736,25.61216967775768,25.862567408123716,24.583393155543686,23.97970274813475,25.211520265406147,24.16520358169964,25.087492333628116,24.37134213485446,24.28787472565489,25.438196795837474,25.079414335754,25.88690285965067,24.914065290327038,25.71386284594955,26.154202299276786,26.192309424406634
2018-01-01,27.077347088936683,25.654563866237826,24.046845084959823,24.739713775473483,27.383032913612972,24.146559684850686,25.257909358522053,25.94984495378714,24.980310198562133,24.861360623165126,24.604981420807857,24.720575238488337,25.069825241834295,25.24442837718333,25.87915802384791,24.40666851913814,25.912303225988072,24.49311971227712,24.531490147636237,24.363191489961654,23.76240791368003,23.954397201685957,25.054704330147683,26.56257361181813,24.906771500307116,25.814718325138003,25.062489797097992,26.29590838175322,26.231171991097167,25.788965276208817,24.90400660831881,24.885920880555695,24.639802402364243,25.323963719708967,26.732627453379592,25.407849813360627,24.96350077317358,27.194439220487897,24.924275684495175,24.254214336687813,25.45786552645555,25.009881480061402,25.71376444362074,25.561506521447843,25.634556568916743,25.80037683600933,24.59934951037267,23.923751112450713,25.29018122602077,24.18229879892226,25.183139090317077,24.307371978594126,24.237910580006787,25.400723284993514,25.20866890696545,25.958317789535293,24.909581078937435,25.79472943949772,26.23595068484391,26.235138242968176
2018-02-01,27.139239570821218,25.693373894157105,23.999202995417846,24.681375743418364,27.424586541482185,24.100494795969905,25.251559308431105,25.952965019737338,24.958045668181637,24.81462719290602,24.536524809800746,24.6409717087108,25.04924250381538,25.264762782363,25.765832674436012,24.372750151382853,25.860268578454843,24.452031866986065,24.40728128699791,24.213993346060196,23.72348807703644,23.907144170050596,24.918430467485777,26.494047023550976,24.88808318695669,25.71740028736449,25.007388470879146,26.23388947677384,26.234897165762078,25.692645851539254,24.82853046684083,24.82999650405256,24.487495551230438,25.24243020548622,26.685686963069692,25.31913378947742,24.958445489969222,27.181302269879897,24.883893070864175,24.19550130848035,25.53296132175345,24.992284344670594,25.698184139250248,25.469540321146237,25.6146511852532,25.713031841148986,24.528885562029732,23.916985146470918,25.266202123898676,24.14435576103784,25.068950998411342,24.26086253682619,24.17565866680954,25.38699336801482,25.176402029579684,25.912429469895972,24.884935504174006,25.67590088538635,26.06678805716359,26.093093985818914
2018-03-01,27.083504628383555,25.491436190308853,24.05374520340989,24.723606042664407,27.38058306548996,24.089489029244504,25.20670739730776,25.884972867023777,24.943913491980055,24.766605845773082,24.575064543468756,24.73407153410437,25.038892070100687,25.265192878986245,25.79450276365302,24.337641369068166,25.833548039204953,24.491773078905258,24.444539447853845,24.28414924111672,23.78467359141493,23.850175509502108,24.88099556904307,26.43164643289339,24.84787176097582,25.69504212668735,24.96757728024197,26.22686327075497,26.185834417579436,25.697493085529576,24.791457965953267,24.84194547461667,24.46674375673754,25.24007752304633,26.575967770174927,25.32373386785588,24.92097977055779,27.158966010134005,24.961927742026482,24.21802049847584,25.546494136356962,24.983442998157877,25.65483611145335,25.464240526290958,25.601030764343907,25.722664500729444,24.56624736018426,23.947127121010347,25.203247676735355,24.122675102477174,25.062795076531856,24.310447564294023,24.19362999967655,25.368924660182998,24.922481621596603,25.857162491804413,24.92179681354816,25.573457661212423,26.055166362771693,26.08823599796165
2018-04-01,27.068371074594634,25.511311540369537,24.073808059772805,24.659828733911507,27.459463371502498,24.11675872599601,25.19446056592112,25.88638175256897,24.911169215632412,24.74590195738087,24.48077234657202,24.833680858418408,25.084180595108794,25.30472758206575,25.887147167107397,24.203820902392312,25.832452329703887,24.5259068787522,24.560135332195884,24.290466872335635,23.80170262852335,23.70593583405352,24.923833289152128,26.413589042467148,24.792654557185415,25.73687200386586,24.968752803355102,26.213824941938498,26.17495407622967,25.701203403933853,24.852274846059572,24.888659501885662,24.40420109348712,25.308413319140453,26.649601616790697,25.410122635352174,24.876645946017238,27.183319183032893,24.96547238905793,24.227245960779086,25.60280951803235,25.015390690573984,25.625523262266935,25.393407235203657,25.632101160247068,25.6310557051524,24.603876584052642,23.964120083713297,25.15713649669718,24.058265698800575,25.119507358722405,24.342616220451884,24.206440568345332,25.28255047874541,25.021736197923175,25.96001717052915,24.915828012761537,25.564834132016394,26.055361995280247,26.12945987141513
2018-05-01,27.191264278855297,25.546068955876162,24.04437055941646,24.679713422301027,27.499202614504004,24.111322112831512,25.288613059234624,25.85652849360186,24.935286472160183,24.801902179323154,24.453259020520058,24.862127604846897,25.089643652936292,25.371387108608136,25.88065175560063,24.303467911145724,25.823843626034773,24.48776355586534,24.558767763674908,24.231891509042295,23.843894764926247,23.814080775335793,24.924544049884425,26.490489765772512,24.739002054466308,25.74629705723509,24.990832522591244,26.157981953163144,26.163607274520857,25.696331335975955,24.876500534428803,24.93646837763565,24.5511066552511,25.263024359841218,26.758456068613,25.421271325282074,24.85235659771576,27.2386460643555,24.976997471081443,24.21804077232486,25.720827209241268,25.064048832643458,25.74005016006899,25.386548196533784,25.613352501439117,25.651675449113934,24.595211672596037,24.01277338448925,25.19526849496978,24.089302812401826,25.12111064952632,24.31580712328603,24.23095522220904,25.289616440682867,24.990038059013756,25.981402687091098,24.981918076449304,25.60315896521346,25.98609448628968,26.173369465325223
2018-06-01,27.185649792685272,25.480384059879654,24.072583708490637,24.7207750087549,27.541366293188425,24.075498072428168,25.250484805598987,25.830899197539452,24.867146540122558,24.688839275587195,24.480156694478815,24.898801271719528,25.145315661222355,25.42461141671215,25.906324696755128,24.23631764166348,25.876136550594868,24.52411718431628,24.613437931816627,24.31774493068097,23.88123515704613,23.835159020420598,24.89059342244477,26.51668005204235,24.718743563970367,25.796692971238784,24.969450809171214,26.179647569793655,26.13699689196002,25.716133760561966,24.888523091486743,24.94674441946128,24.55698356656179,25.24205748590765,26.77161352740625,25.440734397617625,24.79615958660367,27.240641541457144,24.984328439712513,24.18620099199446,25.828139787487046,25.16818276196658,25.678123937917462,25.478190212203604,25.632760583019778,25.716367320917133,24.615821464450224,24.08127511265867,25.20257485893258,24.163578766514416,25.09693824311957,24.360577952000565,24.304011906229867,25.28309763586039,25.176081316076562,25.997136649073944,24.979404899393074,25.637162342106468,26.029360951451103,26.20162899547909
2018-07-01,27.21324878023262,25.475840656473554,24.099510225605528,24.754187423448727,27.586029866635343,24.1353513665411,25.173867687851807,25.92204050040139,24.879976872295405,24.747037608281158,24.51353856218617,24.934774012879288,25.190823618544705,25.43009491053601,25.90505820526245,24.276352027484233,25.956318702506177,24.555731580769898,24.649041550241257,24.339352375762722,23.878884762620423,23.79012789809799,24.90089816912944,26.599931041436992,24.79240122714999,25.809020687874337,25.072273909134026,26.267784666574666,26.235182108567994,25.786241888679726,24.951147939650223,25.093417046740143,24.595672786887015,25.253799450494085,26.65296822347259,25.530172626705845,24.86069844072129,27.313662213534304,24.994207187437084,24.162145539836942,25.679750367306927,25.135589180722548,25.711172369039154,25.532967997105782,25.72862217800248,25.75185600905121,24.622109447799225,24.04993171378597,25.284762224894347,24.241798716205555,25.111487260444125,24.40884346617349,24.338772951621458,25.278728199901963,25.036059824919676,26.032281514141797,25.035735365068174,25.669986934548525,26.07030895234973,26.18677225922252
2018-08-01,27.392421062548596,25.525855934153636,24.107769491822907,24.760105963428334,27.710337774526014,24.148182158739846,25.161435908470708,25.923658310843575,24.831689945387925,24.718120904430343,24.510965483913296,24.956179914585103,25.254673209249756,25.53736395609856,25.841211303450176,24.26949093669801,25.95067100393033,24.551064962786196,24.56379631453414,24.33215561947037,23.906957681219904,23.632265976011535,24.848948323946697,26.60365602272206,24.79400036860877,25.825340678929745,25.068572021645334,26.28402708167408,26.237377678727842,25.741059060745943,24.893961099509387,25.16034994866383,24.69093253255801,25.283135331799127,26.671055964721813,25.570636195967143,24.8317763752137,27.370909545058886,25.009371077552775,23.99486841718767,25.76554608476064,25.202108586800158,25.847700862543437,25.50662414043532,25.767669496206114,25.786162074567763,24.645604126435245,24.02553505299176,25.254547596872598,24.27493792099563,25.044734860552303,24.304397249740624,24.376746599475283,25.298254232489985,25.047797213580317,26.090724815462263,25.040593526147777,25.690545709079284,26.141980558112675,26.17019607748878
2018-09-01,27.387584432637013,25.511162325792018,24.104628377182,24.734155389267194,27.70550179316073,24.152742224564474,25.280521545509202,25.87496497016493,24.815422777701826,24.811825612386997,24.51906398366993,25.008834344133362,25.264631045756882,25.578112573913742,25.882491341318723,24.313900635379866,25.993654732911335,24.547335214413295,24.639829692262364,24.32991434593715,23.913810891372027,23.622970134868652,24.71254210048299,26.58338380158654,24.738551434942085,25.861736956103115,25.118560237436153,26.316177867314195,26.222075210395957,25.776761114441555,24.91493614307011,25.181451199765085,24.7452466310194,25.320072547885594,26.604774781748215,25.604323813648595,24.784387908981383,27.39274843705683,25.00109437927868,23.9677558668691,25.782936330244848,25.234765351698073,25.849458202231542,25.50474732075788,25.83575229445335,25.789531999560843,24.654643288735922,23.972651412039273,25.319632811966418,24.27608769316866,25.008625062530783,24.31298937766164,24.353187517151877,25.34832595343712,24.917358175221647,26.081669556948558,25.123859220222982,25.591107888445805,26.12721982836451,26.23919477272718
2018-10-01,27.356632732471777,25.316500154447482,24.139018646557695,24.809494867694973,27.479614794304535,24.080220681538236,25.189073852819416,25.810940400335976,24.68604510165912,24.583158403178587,24.4019341407178,24.90691322019091,25.23766104618504,25.4307510355894,25.791546724753363,24.21413659633589,25.975446385863496,24.579430800242246,24.448357476443142,24.19628034131432,23.917240492752196,23.444949594361983,24.6106463551003,26.48188915298194,24.74357798994354,25.69809575192859,25.022096076198903,26.329263959426036,26.18763596427687,25.821165854062052,24.944000191561717,25.191926230634948,24.558070723525155,25.375928367422816,26.52460527529509,25.648070229136728,24.764653972223336,27.324361153770628,25.029911321681986,23.99605349431371,25.5680313061699,25.113434913638162,25.56208496013919,25.51815944142596,25.812567502534637,25.852958805989633,24.61155573501525,24.00100904505279,25.20132237116663,24.13033386791987,24.844896937920733,24.345261135151308,24.390774813332648,25.258006069941928,25.15952875109723,26.06725173665138,25.016264688262943,25.60377440580423,26.192849346687655,26.17432695195644
2018-11-01,27.153237063955473,25.518519900037493,24.19700988784505,24.86370752857199,27.53568482672175,24.12159442391609,25.249495662535455,25.84314330578111,24.725576921282737,24.70130501622229,24.47310345587368,24.856424498559196,25.249185418571937,25.47018456572655,25.85479684393612,24.34825830849555,25.981177621878594,24.648851046637738,24.430695047992515,24.213400752688987,23.97446240178221,23.47332398426047,24.313013908282695,26.499224113224,24.576483774246668,25.72302682122404,25.035334775429018,26.37744516629986,26.214323330906947,25.872458822558304,24.904429071095425,25.281823132164213,24.55399432234359,25.439494735636224,26.448097441000716,25.723031647098832,24.74329470218833,27.36184837407661,25.08192610636172,24.040954789658564,25.514779331167023,25.114500354300322,25.307417591741526,25.599802382559446,25.883601831355996,25.925427671503453,24.655110347956587,24.038220786141046,25.182057374775276,24.20522745169055,24.715893775958268,24.395076591190275,24.402529740275885,25.295693103250105,25.19780033079831,26.141025856484102,25.066675389956014,25.623308000145016,26.166272530997492,26.172065067800087
2018-12-01,27.032631587959322,25.496208675048024,24.166613400858566,24.824654767318908,27.417633342464214,24.116484302409386,25.318143271624713,25.701125286671566,24.639782015058383,24.635817818194287,24.40806113233308,24.7968101819747,25.124628001350594,25.428781593590966,25.775322651500456,24.31069465196219,25.9292871571512,24.633684369733274,24.261280229869428,24.13052301050567,23.953803855352145,23.326544430437725,24.322304467526788,26.439158158512743,24.44816883593885,25.680705211750684,24.935888798009632,26.254241025559374,26.084165184737795,25.817911277520952,24.88532282440529,25.261924730214346,24.53246521686684,25.385856708531485,26.37799131232864,25.68540288014161,24.630371505550713,27.27836853936414,25.043788062451274,24.109947695578303,25.44805059407226,25.10433282691834,25.106134132861698,25.50110820501363,25.833863399794314,25.897640589585215,24.518136022200704,23.986004050478584,25.053024379413507,24.132383325894835,24.492750382489834,24.333100525977628,24.31308533217381,25.205300544972868,25.146038378637915,26.0225164688302,24.96534891185631,25.46758892593844,26.11909400149555,26.02869240495261
2019-01-01,27.086318599406308,25.358002184983413,24.223563480766696,24.918709004077453,27.55244137363464,24.15010806239985,25.382109066056277,25.851178307659,24.702588548567885,24.68263093334575,24.491200668048972,24.878984816613265,25.176846021151018,25.532702789787812,25.82778739657472,24.41066748595329,25.95392442135538,24.65068842023289,24.390098569844632,24.24165335106957,24.011110040091285,23.44787748664683,24.617944065907427,26.513753296274835,24.61819347607601,25.74663591678015,25.019418574301913,26.28499158163003,26.14265437470109,25.834250098689303,24.934292766962884,25.297075718371577,24.572784919471143,25.392647607156,26.618243169242337,25.66613382222084,24.69506794942183,27.306137388434763,25.073041714508545,24.098392553770406,25.685807017241252,25.203632068742724,25.180108420368995,25.528645610453314,25.805987087733715,25.945953774132583,24.689212230195796,24.044136837134168,25.156344846802096,24.201271072383705,24.706819955244057,24.434354379480844,24.39384670883508,25.257189012770933,25.06540958988798,26.103744165560585,25.10577444780713,25.52719189634864,26.15290087346769,26.10068194867891
2019-02-01,27.125841854122747,25.357028703661662,24.24889717735907,24.93767797969479,27.505448309589436,24.247357331582414,25.40826905287287,25.87237775643359,24.768183699491047,24.719951874307252,24.516160331953287,24.881345883366357,25.195814315614214,25.6067497699112,25.86988890973203,24.41091129451453,25.965691394296176,24.671879536470517,24.338489658147914,24.31385591109004,24.028339524665125,23.55497680279485,24.679550065177988,26.514339415090294,24.611555928322637,25.755369965120888,25.089585156849502,26.311390634577158,26.15901748572753,25.774534098042476,24.99515919997409,25.349331995746716,24.666654675070895,25.4205576955534,26.58630284405135,25.754297696881988,24.694559425570542,27.37638703847692,25.120719048277465,24.098685734744606,25.739145363123818,25.249580181796617,25.250672104682522,25.554664297102192,25.835662552633828,25.975164039005143,24.70214129420202,24.03927868285427,25.218726583442887,24.228603321427034,24.703421745087272,24.45653452545268,24.388561674451307,25.3136677086552,25.106442570741162,25.994428003332498,25.158606391060868,25.556055172216006,26.18534410812304,26.176221840157265
2019-03-01,27.222724131318575,25.373921763673195,24.2889284994678,25.0498506569836,27.587890327979956,24.299930586063343,25.496335938170887,25.824873102336753,24.73176738621554,24.706390203389798,24.555894641583837,24.869380706358378,25.30014399338337,25.573953769081587,25.90955225186848,24.384974336773343,25.94952091067334,24.686076712200933,24.350964393613392,24.387299133405694,24.06709157365294,23.554201712459808,24.640290930100935,26.558054973497836,24.591349377183715,25.79118004241779,25.12589756036437,26.340792653229222,26.128566204462047,25.807509129525794,25.010567484204,25.381843145378546,24.70748836667209,25.459335810141898,26.618243169242337,25.777161401256794,24.699786512658086,27.432057929700402,25.156777614986407,24.145911614983092,25.734835526766798,25.23169092555473,25.403572061655087,25.620777737607042,25.815153836488854,26.029471504991836,24.728760908797618,24.068586354531387,25.249951511790698,24.225412239656062,24.70374837766177,24.508071911610855,24.405507825825044,25.32135053044262,24.972786158023048,26.015021970145398,25.16080586916286,25.52408012615245,26.170485209964742,26.20941215967665
2019-04-01,27.27762522214692,25.358919937441346,24.310193432424573,25.04087940525078,27.666570950407955,24.380841157973215,25.562391210872452,25.927765946885927,24.866335298092295,24.734983481082246,24.616056018580576,24.81361414874715,25.31404692257994,25.617084379558253,25.88389728057388,24.425371179373155,26.159482535667923,24.69844410182087,24.360063799077665,24.390691270834395,24.083316472846285,23.50816159702695,24.659207468830836,26.57663422550127,24.661393684365127,25.85832462587279,25.214423461618058,26.35082863725641,26.26519199673508,25.862080144746084,25.04006843718879,25.278672408401583,24.740463898651406,25.498931091230972,26.76686787768419,25.728807983690018,24.833762094966346,27.5340212313165,25.162554340278007,24.008788881227446,25.773294471952653,25.276349906819707,25.411559765378037,25.664679479093838,25.77037045420329,26.052556995325368,24.799649700951463,24.09325868310331,25.35110580909362,24.27990050999012,24.683109677659473,24.53743565758174,24.357677877566932,25.30851342403376,24.813662354788022,25.95973012382468,25.217991040508192,25.525940761488805,26.228865912939117,26.202955825580677
2019-05-01,27.141149176675768,25.337751350267546,24.316834079322344,25.11216108309842,27.58469560132909,24.370093104817506,25.327082304811224,25.788331137111737,24.711318753087056,24.58944260091326,24.57777710648224,24.74543553490546,25.289515206336677,25.529011264178404,25.83078715089365,24.25847036690716,26.12282549319818,24.636068892146117,24.202540874158597,24.456829887601824,24.025338121480864,23.27464138800254,24.584720963535826,26.4963814677103,24.540601587941897,25.78791101232782,25.15925166207415,26.276993089085927,26.181855199345314,25.863506194838322,25.04167619041407,25.269229388090142,24.55168411161522,25.502468005726737,26.68090884200595,25.735140445791583,24.66963261796986,27.479579630658126,25.181757746530693,24.096729778706656,25.69687946267234,25.146568583972577,25.12173912851096,25.664288799265364,25.79253109999476,26.02548931698377,24.759734595212773,24.16604843077665,25.229652114547136,24.198921196536386,24.475830821728795,24.54268269391592,24.288499813805807,25.317231137833524,24.559716982752462,25.99650205744644,25.15829091010281,25.438797909064334,26.215158791561862,26.07687042959233
2019-06-01,27.26766983257613,25.284335942565626,24.346576968056244,25.091251030956553,27.649351377982665,24.47615577590108,25.461557015236007,25.87471557980628,24.832933950328776,24.718320270973248,24.60679720002204,24.78441891985085,25.39025822809203,25.531122186239706,25.92952000810177,24.42585406156498,26.17878827218834,24.67707765240666,24.331604685518265,24.499341967902744,24.029735019010765,23.453351907394033,24.69114058454859,26.47472988982554,24.659460193696447,25.87907027034725,25.224792225435703,26.343956886122246,26.235505264740958,25.899292074873525,25.15275977497082,25.229387409172404,24.630307404687052,25.55457941746128,26.764797506312483,25.792067619643664,24.7435126576118,27.56311800937212,25.22106062780123,24.24737744056204,25.7645664081437,25.233947742778437,25.315471347678333,25.68844797742617,25.843800346799316,26.088928035071326,24.8434149589198,24.167266663534757,25.265564680859224,24.290105164220456,24.61173784493439,24.586947258097787,24.2856704285969,25.40872854180089,24.747729092201176,26.005600283494648,25.17738563704265,25.51278807362499,26.305914640305648,26.167821346381576
2019-07-01,27.341286931005772,25.196724246736235,24.34430172792583,25.13002672609345,27.635070709407458,24.489717883576898,25.47847106223873,25.93641973342694,24.83709948465769,24.683834220859698,24.607773293042523,24.752437202977053,25.432384254414874,25.549213654497564,25.918774611524096,24.430077207421338,26.202634951113655,24.659701593711947,24.249887546570537,24.494989679523012,23.96777985328314,23.4048201680019,24.68732901246254,26.592553940483075,24.732621492413372,25.91319286434429,25.212517141229924,26.276695864188216,26.272383858557106,25.94009861905876,25.104188619030502,25.212639988958955,24.63515140479934,25.56920749031861,26.771150212234293,25.788414825926225,24.760486754740665,27.580215352182908,25.232273390986634,24.199441616888617,25.63595440414721,25.2584221639739,25.342443879453224,25.67009835375699,25.734636440838333,26.162657926247658,24.856507704146455,24.19459542740507,25.291343595616457,24.40295652318833,24.631697291353838,24.603452645176194,24.300827787646398,25.424714905455694,24.825821465124356,26.030302683661134,25.239515172472295,25.535561295157468,26.304918459639282,26.13775064945131
2019-08-01,27.320896476394687,25.19856021317217,24.38163301065642,25.21413918920008,27.58538262839933,24.479369553309883,25.45279882701338,25.827358467654292,24.73564658056416,24.59032411661831,24.646603873574374,24.63331322741015,25.499486147560084,25.55932440658204,25.87400495960903,24.36304454108736,26.167771213002474,24.726816689639328,24.10716586569827,24.59746243858257,24.015448948570008,23.224115886535113,24.45094015883447,26.56957820357066,24.65608187009609,25.97761731388913,25.16599146436723,26.262309299418618,26.225055240816374,25.984872588178604,25.091721302055348,25.248873237810262,24.741738977240175,25.603034702325175,26.726078179679508,25.829492055256242,24.69687103860433,27.591815448266527,25.288170773172023,24.28770686884795,25.541062113228428,25.24047776720446,25.33524638739822,25.737561792648282,25.646126001740022,26.187496251850916,24.893167719352107,24.281270195309325,25.26587207800749,24.42932884943025,24.42265181988499,24.639451622647567,24.215541189580396,25.47954591702361,24.75730451684838,25.96813106744548,25.134185604994933,25.496811667766625,26.339466337114636,26.0553742012046
2019-09-01,27.395111396328154,25.339895197721543,24.416611982926554,25.17398507590115,27.562387512507172,24.4612353431398,25.429279299998882,25.8859494206274,24.788826627375812,24.64993978206611,24.637934961230545,24.72131426575498,25.47887668618066,25.509200673034947,25.891680115818147,24.448203694487106,26.115887258823285,24.770603663559783,24.107570141464215,24.63812265097249,24.04542982241206,23.264633203334178,24.531262680966567,26.59496433696346,24.678488889268955,25.995489923039067,25.198444275577263,26.277689634962,26.29390235203434,25.97391159360412,25.12153796666682,25.24432129509394,24.721572780199992,25.5932390600865,26.684340089922838,25.802651832447566,24.724914868095482,27.60359112450829,25.355325131299708,24.2370600573431,25.447901079147424,25.34874958803097,25.374650303450778,25.74026412123505,25.666070687621236,26.221430982686535,24.912121129241388,24.20488172528273,25.318895054060526,24.474480288530838,24.47491626688646,24.70877028399068,24.273508655327525,25.5501636214862,24.822754081737767,25.894180940726695,25.14045140867256,25.587834818283202,26.38233092054764,26.098361579535247
2019-10-01,27.50008754295611,25.38923880467868,24.424055599466705,25.164383972472276,27.585590920459737,24.42696194079764,25.497444821201906,25.962037398605204,24.832198191160987,24.737003794195957,24.568805973454275,24.689577078340832,25.50963685995504,25.562011807648577,25.870720137388172,24.484636996845715,26.112812958288238,24.753771796923516,24.039125752252687,24.620598118607216,23.985283643284895,23.290421132990403,24.64239061715367,26.625338400824592,24.70773403122221,26.012550934089507,25.219092910006847,26.29804078120154,26.353521896488445,25.981012673720887,25.145157371750425,25.263100977369103,24.736466735889753,25.505630824257217,26.757778166630626,25.838311012270346,24.801146647440678,27.634329819877525,25.3780276290305,24.287363674754715,25.519242788444625,25.30110347060057,25.518597192656276,25.747661312629766,25.731773828239465,26.22247575605265,24.947703124811195,24.11709813482882,25.369316340789283,24.514496851404598,24.446175207008665,24.72307594158155,24.24105719183499,25.567195347549738,25.090815334442933,26.049717512286943,25.161708111401886,25.611153264969623,26.370293807221582,26.05435377539573
2019-11-01,27.5717838520248,25.50159307667149,24.3913186608379,25.145638226419166,27.59908674201951,24.52967904088868,25.574190925861622,26.025535700974515,24.901658897753993,24.793900060079054,24.5636864537622,24.779493325832103,25.520853548016344,25.60209486574089,25.879207868390328,24.449039302460857,26.26700771745723,24.6869815109619,24.065974382247436,24.62072156641233,23.961030745679224,23.443453352664203,24.763952097393034,26.660685081822013,24.744404768505248,25.950697282168843,25.252231639473973,26.3384870215183,26.414809277282256,25.961907753945066,25.184019139414364,25.29250215471236,24.791200767757097,25.49428053080236,26.808591156792623,25.84429286638802,24.880489040738023,27.68869474409754,25.35888121116372,24.253314357149463,25.609825725974172,25.34416084410595,25.593891383536395,25.737844762929495,25.735675546658157,26.20897007714311,24.9899825647746,24.060894615518237,25.40193078395718,24.533208534035158,24.548165003041515,24.712325439472483,24.24456823997851,25.556112733041388,25.137407510642785,26.151839388687673,25.223405977152034,25.664516974626935,26.38577946009627,26.062607314374425
2019-12-01,27.668985467515636,25.510783519425093,24.43296542171005,25.21681861331971,27.624873092128652,24.523992917473592,25.573589542420248,26.080992447637158,24.917276540095504,24.814078271910944,24.578614214233845,24.86099791920037,25.50101214407194,25.600558902654367,25.917461580660294,24.479571121510908,26.220073108182696,24.731610797845384,24.232659506030046,24.654430848081983,23.995670389046843,23.585733475550473,24.75414367273573,26.687393801886003,24.78805695002431,25.940990906354628,25.248471540138247,26.404556013747527,26.471174789383074,26.005215446859825,25.215946775673835,25.41155057918237,24.81187078476422,25.516634515995104,26.82633591520904,25.886628193100638,24.913096221492445,27.73299264300265,25.3992634250091,24.37686767785827,25.63774847351033,25.42709751296748,25.676791538383608,25.74400954093053,25.762282579578894,26.231970569181456,24.96330529952216,24.071658628002407,25.416425975241804,24.535829238791127,24.652972770246855,24.74952419990965,24.243276191370697,25.60058777920007,25.374767254032985,26.20102627587101,25.25577627307895,25.661849106255467,26.383677947552904,26.098524617771808
2020-01-01,27.72158740029068,25.42202527431772,24.53076402988491,25.229595759626086,27.70835339476092,24.544640852457313,25.548698859493804,26.016165572059723,24.971950795973935,24.69689554073758,24.64791704692154,24.770948234435544,25.539719752371255,25.714728271319224,25.799865138124886,24.3953692134747,26.181365175467324,24.799631314651368,24.0939297302894,24.664708315871792,24.038604724852085,23.41854121791775,24.86443450697331,26.75479631432319,24.82150163245353,25.990914067666637,25.22688434723327,26.424913490345265,26.41935289698685,26.058854697036793,25.17322268847157,25.472143962587186,24.782038005797602,25.59617494267201,26.809929437928236,25.830966266976404,24.93515170793321,27.809448605482107,25.501397673074678,24.416813199351754,25.702138267625628,25.37638088618899,25.681582649657297,25.789388152029886,25.71149941967759,26.22972623154709,25.01049446048368,24.130701540632582,25.4193597122914,24.489263476304476,24.484796555656143,24.849533045656464,24.131074663510123,25.56251264446154,25.816345596530542,26.128806858436857,25.248169523736728,25.525445275575674,26.350862902711864,25.98224545757732
2020-02-01,27.597386575752907,25.491719017501723,24.375813333534246,25.208048203975277,27.644120192199683,24.461244724785807,25.435941516267828,25.874726710431695,24.84183515756825,24.648235261562817,24.566043612863204,24.566062154430597,25.456557254780954,25.647168356042457,25.661977560775295,24.38203811858241,26.01958176297705,24.736968591805642,23.955282943008225,24.635580359386772,23.939736968698995,23.313875208654462,24.729640176746432,26.687289321775317,24.65244211913671,25.944890519269922,25.160966825820992,26.32325567833939,26.294764461335788,25.971033659129823,25.111702349525203,25.370389372053484,24.699688101295987,25.499073331108892,26.762047665089415,25.72122669501647,24.79279092245362,27.759956051039474,25.44210520020586,24.407224496328574,25.769210986010993,25.30180953944651,25.81461161733218,25.71644932211717,25.613433928093,26.139801866078912,24.913330927492364,24.063035610791214,25.279454627559993,24.414275415496697,24.272117469315724,24.695666496439088,24.052432907328594,25.514233194502502,25.842769849327727,26.06245829293178,25.132425990695776,25.386482123175895,26.289539309048543,25.793593582707366
2020-03-01,27.52744278719572,25.373979529553637,24.2729060812843,25.167327263467705,27.67854149438928,24.365756861064977,25.296344598428146,25.580237969207626,24.790792934202784,24.57995497221621,24.547973889954577,24.12071664750687,25.47275604672805,25.47869427839386,25.420383763079364,24.257522386961327,25.822446327834506,24.621110603793714,23.389324027673897,24.726240349059054,23.78938279822357,22.924840880408468,24.414626971018517,26.545279132664707,24.39715394531725,25.790686243067345,24.973991100879566,26.30438577883133,26.040369212850525,25.78139441959161,25.012668069363038,25.470703564503875,24.485814571844365,25.344641778138836,26.61890259838323,25.726177621272246,24.511822512862125,27.73578369340394,25.39809254171661,24.421683569335052,25.786591498656286,25.22738603500862,25.790961252587486,25.62174478723321,25.589817855826013,26.110861093332044,24.86582715049119,24.011470350267604,24.958938889699645,24.299452704137686,23.589564477809585,24.59586868718929,23.25958747654674,25.32507404882035,25.59998839115543,26.04032941789966,25.01335315704222,25.044085409509435,26.343234783590024,25.504228293619153
2020-04-01,27.67186670478812,25.449904332797395,24.311294664438556,25.256250374657434,27.916691970540775,24.494575601725717,25.449121707390763,25.711317931387914,24.930324897360844,24.582880634172128,24.605224356995834,24.433249807912077,25.533543391654444,25.596307335423823,25.659137719712493,24.311898299886273,25.93538682613302,24.66678717216479,23.66896986737766,24.80418564082531,23.79669103877063,23.193453000577918,24.26062936187397,26.692836814189796,24.56815619829875,25.96065241733896,25.032842171467195,26.439098561696415,26.102071712241234,25.8265179820777,25.078954178554877,25.579345913664554,24.682462414307718,25.470676138005533,26.82370165162344,25.76512132644299,24.659989078277444,27.863584318703968,25.357810545927137,24.697277547304445,25.898230566937002,25.279657858552316,25.894240773947676,25.72514603446793,25.751294773091107,26.179963310894642,24.97870209263395,23.952887259127603,25.046704375913237,24.454094325478394,23.810184510954397,24.642598547879217,23.456056816097316,25.36936154732047,26.000197925892202,26.20403591384525,25.13817027221184,25.05620654668962,26.415116090695104,25.70623882815244
2020-05-01,27.750829968716772,25.58459790659944,24.33671751595219,25.341766849819518,27.903824598604672,24.56339118480807,25.51896835677542,25.714224808369153,24.981952744942777,24.623733512183524,24.640177395554076,24.43514801173526,25.55371747099539,25.672605065234045,25.655871298007728,24.359420620616817,26.016602385072662,24.67817959446279,23.748186642371593,24.83686570370613,23.829324240241267,23.220270589986892,24.226220328780094,26.755312547815265,24.636989199281434,26.083160400903054,25.060298527037236,26.430463688268375,26.1284657214362,25.843586432249104,25.17402216940751,25.56835699564821,24.906907733613167,25.464043066247093,26.918607626298225,25.782365446843134,24.782946602736217,27.885877186997714,25.45833082766989,24.680151206978138,25.897944685004294,25.40255138062673,26.088702644701485,25.719536864517238,25.746853101860527,26.16992799680843,25.00382387129902,24.04202650908462,25.042219902805297,24.5558967891785,23.903763593541996,24.648574068880116,23.31005999997071,25.405234151497815,26.065928425407918,26.245493612168453,25.199284174382562,24.96320001455056,26.435555710815194,25.68448449990923
2020-06-01,27.891020010525082,25.642355545700358,24.277566263511623,25.3431990926259,28.025658731726164,24.56260464108569,25.59922488773336,25.69876584539371,25.010759913959582,24.675401168374794,24.652953147862217,24.44129788029216,25.536518464382496,25.74189146383735,25.64314064616514,24.391951714333292,25.96598185152461,24.620401682163408,23.742085953387928,24.847560947804418,23.78594777631525,23.46371387779667,24.265031161883357,26.744462180343902,24.648955066284966,26.09129667891055,25.05896768356753,26.381237152743644,26.094497126897185,25.799796936636255,25.22117790966886,25.643906171866526,24.94284773904637,25.46070943555647,26.927365717609714,25.739460936797173,24.87165363912255,27.993522448292076,25.39622071801351,24.734569507377344,25.978718410489705,25.399651924697142,26.15646273879689,25.724919422849638,25.601570862283815,26.20092971064405,25.02362652946903,23.987024278528683,25.00505000700775,24.530960638940325,23.89942263486008,24.564408743840538,23.479883197651702,25.38460794013669,26.323037082431153,26.212479649322326,25.200217875782812,24.949895513159053,26.4048365729949,25.68705627065279
2020-07-01,28.043853804146828,25.60848208721809,24.36457813520865,25.358338097241983,28.16290762499345,24.73972454355186,25.613080088137036,25.75219715694756,25.072682125369226,24.72460538263379,24.705337518984898,24.324555348189975,25.607547203592606,25.78124982099614,25.58202550457397,24.51210692095932,26.013528631289084,24.679338834232546,23.663900259715422,24.959495705809402,23.847916819203775,23.574074664689235,24.148563224697575,26.79257890197495,24.65067422584746,26.15532830249595,25.091492336123512,26.41706617637196,26.12155710087328,25.86455582043281,25.370483595206057,25.555509165997403,25.040026489902502,25.51252300667388,27.038141458576305,25.78431849108245,24.88359022570735,28.000865801678376,25.557653411504393,24.852923050033596,26.05045011834447,25.395154275865746,26.268108475965636,25.772668636897986,25.76433441550972,26.293140633465203,25.15159624209816,24.03807945396435,24.921484735242164,24.64541350405545,23.892540994033872,24.616270742337544,23.387566585785166,25.362871729399043,26.604457756475714,26.242978130880022,25.22521771837294,24.896131946939807,26.48208792163628,25.626208149264112
2020-08-01,28.238087565313243,25.629633950495947,24.267343676652892,25.31037957140917,28.249508198500116,24.759176123152127,25.704724333445814,25.786179312370482,25.10549406352664,24.800628065605377,24.737557374832846,24.347989554143567,25.675466461875413,26.11720860183396,25.581905934333324,24.68725656201385,26.133684275229417,24.626018571901042,23.639071628644118,24.964955213952823,23.80288792850204,23.763209839847057,24.19208332801948,26.883471247966312,24.68498479932688,26.226380865591487,25.194338780504847,26.46821852521951,26.167330123159378,25.911893299518777,25.389196708820087,25.54278682273787,25.144573368248228,25.60695332893196,27.18296241091012,25.845119117562295,24.957395730539623,28.09626012857881,25.552188084743925,24.82478561675085,26.13037954504335,25.531690796510212,26.499214020514867,25.789952783956885,25.755966510840025,26.352960675399956,25.1172433992807,24.09883352798318,24.99493733165078,24.680490117221968,23.939386567634575,24.570752997717715,23.492084568377877,25.393479400041368,27.15917707641284,26.274736032544386,25.329689321640465,24.891587686287206,26.55257370069362,25.574014073425502
2020-09-01,28.131717444198852,25.540351267416128,24.31170450274409,25.28014584590372,28.15785487320774,24.77815534522526,25.753000003568605,25.719929883421926,25.05255072640405,24.847572966212365,24.71057539792703,24.204949673790757,25.696359450065902,26.03574686497493,25.442902976057443,24.740872507407467,26.072794144418452,24.7349416372724,23.40673327717149,24.93014145523169,23.781178679868948,23.765129987580593,24.17458079703655,26.777444342767577,24.671801132539148,26.20032861474591,25.194282944692194,26.44487904750015,26.127418499059683,25.908657596343044,25.34159320588793,25.545152654226275,25.15165236377174,25.640362774163954,27.07007002398442,25.81753442690538,24.87963040973906,28.02889908092258,25.55143454423891,24.766174295142076,26.073001111435318,25.649011632835006,26.510810679080436,25.77947399728995,25.726698758506327,26.35772015319624,25.10499530141579,24.146277433636943,24.943959642164366,24.720075323891994,23.73912504121243,24.620806100979554,23.444237115873786,25.3488904874007,27.009414770456594,26.272237161304382,25.357449903363925,24.86883588734487,26.564281544867303,25.44219111222734
2020-10-01,28.06982910421088,25.511511580962058,24.407314977232033,25.233719276262345,28.121445954504132,24.707372716777076,25.720918683417068,25.71054998697531,25.1198952424367,24.89918486353203,24.7328783326571,24.067408073439115,25.70371218108385,25.95692023809057,25.407563531131878,24.76343044488766,26.04972212140065,24.774244812940022,23.358276728025796,24.89139371019867,23.89047477167445,23.86831415322411,24.351035226596245,26.875201579126642,24.61060378407931,26.165172948212465,25.196346244524573,26.36252194521436,26.145637396200822,25.889826869748955,25.26770322648476,25.41887206301555,25.103736074409134,25.610348190245315,27.074679286283764,25.726827479313478,24.875485361709238,27.990813242402318,25.605023732346975,24.760322423480012,26.02320456186589,25.604545337360058,26.434608298022443,25.747574022507003,25.692891050158693,26.34402904959057,25.09644388729426,24.18349772440552,24.886371779349023,24.707422876426968,23.705060745641603,24.67867138377918,23.41489958465029,25.29521273841015,26.90904299993975,26.254854468432697,25.252128909935347,24.777134656249604,26.55595600121513,25.391097031327778
2020-11-01,28.159309972919605,25.731162913989444,24.349639784696883,25.240445982564797,28.163968775908675,24.721392164779747,25.859449639954907,25.882977247465664,25.273003377555906,25.005406001383694,24.820477720932903,24.403341990628665,25.796836214793046,26.013537870466642,25.634211957224156,24.910186765000574,26.24914743963079,24.780198332723113,23.68249119673253,24.844569889294956,23.9196268649743,24.167606654988617,24.667281188227953,26.95730650341967,24.809243098483005,26.2045075402389,25.408431707080894,26.416262768712578,26.3391652624022,25.96089851593339,25.41934828707475,25.529011880974757,25.092641826433432,25.630979095354235,27.12601660938668,25.79343302294818,25.132937737572746,28.046524605710886,25.610200595706985,24.69421260162759,26.054165984646726,25.719437035590264,26.501529899056134,25.82645611684247,25.822225487465502,26.362393533963075,25.10497617889491,24.16316772010188,25.164248782389237,24.79057135657952,24.035490541689732,24.71959760446602,23.706903179580454,25.3814691440458,27.289351519304756,26.3522063877173,25.393418092451977,25.020126583263284,26.652346665490473,25.547172575263197
2020-12-01,28.26950582010723,25.75544038215532,24.33854435132155,25.21086048360483,28.19164073414464,24.696379826513628,25.94591941953601,25.956552474085175,25.30567081240305,25.052826511692512,24.81895834972759,24.414153194093505,25.757822559199347,25.914081719620388,25.617003370034,24.938191194492592,26.451358653853497,24.778222264409433,23.744319860164655,24.871315806793834,23.956253058713088,24.274163697523207,24.72640216761244,26.956302892020258,24.943495342994623,26.161077611930796,25.455264259243563,26.507326645426517,26.414236212332796,26.029607059783924,25.446623031705126,25.68188182763686,25.122296529818943,25.62366466547392,27.112165003683288,25.81082038423361,25.23582049602807,28.08740335337449,25.66212217777427,24.712240405201264,26.151253160678205,25.768475096308453,26.475334492119543,25.854284043053855,25.79251579053034,26.364335845815525,25.101070286487207,24.191584777321545,25.16855612519059,24.775254837102995,24.084303830314106,24.75578133885602,23.73919668404853,25.381816724844242,27.50708227205193,26.39395774196241,25.418192949155234,25.123170407191388,26.5941366148208,25.64893491638533
2021-01-01,28.263989067111837,25.710878241710027,24.30979343605139,25.229278905292325,28.17594214128527,24.677407313800938,25.982885686853827,25.9407503670705,25.282227669582717,25.05732121556494,24.72703391412794,24.41515324812576,25.716869902812682,25.92760600265375,25.625845190683936,25.011896654059296,26.376842974672464,24.804522674058536,23.76594124203544,24.90677691889538,23.940497216008794,24.30779600852061,24.716148314963743,26.99805188254762,24.97682714900973,26.18590303297237,25.370276613406926,26.54321071410944,26.426749175413676,25.899508224697072,25.379147438553417,25.89032417612889,25.16103556618818,25.591750633785182,27.056345097477127,25.759123355041712,25.213987447686815,28.12940106673033,25.709213757726516,24.71407749392333,26.135709321437233,25.713172696397177,26.47061917684503,25.778982963366023,25.767483384197543,26.282524988852906,25.141800417893855,24.18627765336328,25.099373445352235,24.714803668052696,24.1075915001424,24.714063432495514,23.840753178362707,25.37728664124113,27.624425973503502,26.34755767190056,25.365184309705352,25.11318013005378,26.572067272754254,25.733111941225605
2021-02-01,28.179427176093032,25.772559649570585,24.231941747981033,25.17862428130259,28.139974580570783,24.63474972002791,26.02498339204985,26.098315933647942,25.272541189285597,25.228738994698592,24.696041841736946,24.676959585862157,25.654136224247658,25.886610281031853,25.786014059305185,25.201577957150942,26.493826235949882,24.710796311405193,24.00871603390974,24.774596359028635,23.866611095072553,24.53900782687651,24.876699100240767,27.099222149291272,25.140775811528098,26.138725376348212,25.405380176144032,26.514165243285973,26.568262536045577,25.916803311855052,25.37453211704493,25.875403619162963,25.121058422833702,25.583537555933596,27.053592846597734,25.69964972995848,25.355793391893467,28.131210131015138,25.61338374771936,24.622418362406297,26.147770255663847,25.72204074806184,26.524912324535226,25.723429844949493,25.708812961608835,26.251353087434403,25.100958220143102,24.213664978656823,25.17524592147131,24.698099292215357,24.336034172190523,24.676009924655673,24.035586369536833,25.37438723606208,27.4633877701378,26.343472543561006,25.407279962148042,25.30422089238332,26.493849906820202,25.925823814437315
2021-03-01,28.188233114535713,25.777004747929844,24.364751060025583,25.27945863031026,28.1403462956247,24.73062186187683,26.011679018655656,26.206869440323096,25.3546885445591,25.30019312570549,24.74318416693882,24.704391532331027,25.718984383081832,25.864992631902293,25.84683885404785,25.270792300240743,26.469625491061347,24.841433694584776,24.125121297869004,24.825980517674846,23.991622037067096,24.509682454502485,24.9226754926032,27.11910803945879,25.164041393924872,26.305579783507138,25.480018130629922,26.55687795477978,26.602066619425834,25.98999231853407,25.511547607241035,25.787243518636796,25.295419477863504,25.67338701378965,27.187488190893873,25.759382516495418,25.366018261783708,28.147993309232557,25.647192553899743,24.725256334052354,26.115349089461937,25.70994998481566,26.49784390850126,25.814091776217126,25.787453571012808,26.343323895833816,25.16857073821561,24.267016269857187,25.252158942851473,24.781918224460952,24.314578833272485,24.778091709069685,24.043085569014153,25.456275844170932,27.452117933964807,26.45675701905144,25.47969170462059,25.384505444510218,26.538335011470046,25.96916255722292
2021-04-01,28.261686148630396,25.80686308047464,24.411008293124052,25.343105364212523,28.25426653547852,24.761005379848473,26.00324522008697,26.258284986154152,25.443704269579797,25.28384423278849,24.766629202288584,24.669232988024415,25.77312620230637,25.948489336255687,25.830288690225483,25.264409034433335,26.477721805045014,24.883626344478525,24.140309237655188,24.884797174034844,24.028364232377367,24.645223515217527,24.922650589939323,27.251083116109257,25.23149634045358,26.370419922860705,25.50714931998029,26.54697198983144,26.612391949332512,26.022089627885283,25.53598131981672,25.76532622275492,25.326837893272778,25.725286942078288,27.286178649755062,25.733956034001874,25.427081818218955,28.215279738066425,25.672011046773196,24.769877692425727,26.099524655219298,25.70791585122808,26.615487164766535,25.84102229199574,25.852112662927905,26.328371132802687,25.269469937723528,24.40578674962053,25.32658099391555,24.88922659748343,24.309416548482186,24.840607145015376,24.110794341107177,25.49324493733343,27.51241049850971,26.529681444175576,25.48728505725599,25.526923339766864,26.572096770555074,25.994104052988288
2021-05-01,28.208172225710392,25.834079768316396,24.379983068797856,25.3509817261178,28.1811900639434,24.79902834696776,26.037991685108913,26.303155376989245,25.511806314421207,25.343655206361472,24.809699897234722,24.75536385014194,25.791738361328076,25.981710531774713,25.8372499287793,25.237766006385126,26.437296076264037,24.878947868281237,24.23297606878232,24.906698546544074,24.03236141110331,24.772191439559776,24.991846518489908,27.25250554245689,25.296948871773886,26.355604481406218,25.541826095870395,26.586256357564586,26.68387532379797,26.046068111887422,25.586329289581073,25.854114277053316,25.322521075977306,25.71596705285842,27.297344188835687,25.752442001295265,25.52822709109387,28.205316684248025,25.615072783057112,24.93316508458324,26.07854537770953,25.7364598749422,26.69455834281261,25.8669055944458,25.85418066534162,26.345409787328755,25.28064869937179,24.410470664750907,25.390225643676057,24.923891083889053,24.45630556630153,24.806012280485625,24.17593012436553,25.450644298986607,27.386038155494568,26.56205048988682,25.499101712239987,25.563322858465813,26.587135746607377,26.013653226414412
2021-06-01,28.3043697325048,25.829120699644374,24.37188504388463,25.40685630378387,28.246373677624284,24.758228268251436,26.047495078193265,26.275409124256797,25.50944355642273,25.24132259693826,24.78026627488919,24.851650181681904,25.836710626134437,26.00729392315767,25.858527864759065,25.214257249077285,26.42104400242882,24.873447025275247,24.270836461057428,24.996368969854956,24.02317016037758,24.631410555675924,24.94823511679714,27.28791093070227,25.320306733716066,26.355541727817965,25.494702183540106,26.565467554704707,26.62944954586728,26.024495138179724,25.547321693018905,25.99749729935489,25.31809741209463,25.708998161245685,27.35347614422383,25.823796387336326,25.536330391988876,28.28919279134531,25.615891613112165,24.785300605617394,26.12782696349939,25.862573420747385,26.90266080985901,25.868459111890985,25.875027021018646,26.346002701222332,25.294888582534735,24.472942881198364,25.357147916617283,24.885985499003816,24.477777870466984,24.761280400165674,24.19129877152291,25.428310215797932,27.4695861100114,26.533785329010417,25.482303156174233,25.534415890194108,26.583918519900315,26.105717754678825
2021-07-01,28.36732774499673,25.86109689855478,24.412768539051672,25.45743225437999,28.21310404756585,24.775022930732174,26.07308450090792,26.207458911936723,25.505153669275515,25.19003670394341,24.75726235772851,24.768839745166368,25.919264113669684,25.997668073406768,25.830155204062102,25.2416977401239,26.422465212452664,24.936166788558214,24.13524843773771,25.018316817306278,24.077842952155418,24.65773839524689,24.910369262671583,27.386403309209328,25.307979011062287,26.389518372704973,25.55845674532447,26.609755480840843,26.60497855863222,26.084560283397057,25.612179517875198,26.056623776709404,25.31147642070714,25.758491386050444,27.377880378636316,25.820715113106232,25.58205719675285,28.33961624208713,25.68230204452752,24.783890843441885,26.107477828872856,25.9434869774027,26.877396118009337,25.933305172286143,25.9641429400955,26.398692132644094,25.368670006673774,24.51818761579304,25.37618954500991,24.951956834804424,24.37714390563157,24.81532161710486,24.1604794335488,25.402618196610582,27.480559956377853,26.566434493941962,25.476968937928714,25.548665440493323,26.594709684834953,26.014315612859573
2021-08-01,28.407442003661398,25.90998122737771,24.42908944707591,25.490027929925436,28.25523798383405,24.698201817884073,26.09712373398576,26.29214303331546,25.589292195762514,25.215120350757154,24.74294650186983,24.766957257169278,25.979376614375454,26.089767828821753,25.779383837043614,25.286160489892435,26.452020726537377,24.931876522099248,24.077029435843794,25.04601341127103,24.124188389453987,24.61391940599243,24.927689771618216,27.457801763825405,25.4060547634239,26.38337517924087,25.550382941217954,26.615142127513632,26.663153720736805,26.071854899291072,25.635332362723638,26.115590002909563,25.372130168223755,25.736623029419608,27.440645668170166,25.8131413232709,25.673747280159397,28.3974725600294,25.75757352978284,24.703887985658987,26.202547322795574,25.926812244364747,27.01542397866412,25.929730875299448,26.04654957314977,26.40608619873579,25.4190804113845,24.553185947908712,25.35068005029873,24.994472070883653,24.349359490613626,24.844027276593724,24.2320589029868,25.403987828723512,27.548784224110396,26.57621132396946,25.468153541352066,25.54342793131613,26.632904605252808,25.959881661533537
2021-09-01,28.338477403900317,25.79693731442631,24.339055499973686,25.393967997439137,28.200234542974975,24.647203440955124,26.07211570364667,26.308770341147067,25.471723917595664,25.121217615110872,24.71207046320101,24.96615338315313,25.96580513151192,26.111950007055555,25.84000495150201,25.165526048446438,26.38277180489488,24.871170688117978,24.250001590801006,24.984203642042946,24.11819709030612,24.501788170382525,24.904852092422068,27.378575411223856,25.32119383028504,26.389731499505487,25.465918890244808,26.55152911055983,26.68626703730463,26.001224470645248,25.56553101884995,26.00736479832982,25.36706563796766,25.757344413369523,27.329257141550922,25.797552856113246,25.603132131756926,28.33097894563614,25.694794144981195,24.638141500252665,26.272349233209827,25.80241138055961,26.938115259690694,25.89074271036386,25.977820085518047,26.38772918388421,25.348075222811957,24.467715795019675,25.370722382999936,24.91418373447117,24.409282146217183,24.795215630223087,24.198170270260842,25.388922622077036,27.60141683613995,26.512919651359702,25.37200324897235,25.56318753855725,26.575894011849435,26.05081821261002
2021-10-01,28.395478805905366,25.85806913798706,24.381619957161487,25.459146030635317,28.226489308034587,24.810526506417172,26.17143609458811,26.43216203734464,25.593826343564277,25.182047479004314,24.720109252935824,25.06069878585794,26.055546274422998,26.211768362029037,25.9609263036262,25.189874453028988,26.3821804919325,24.915466438755843,24.391381711151833,25.0419139590924,24.21380819868747,24.64981598957719,24.923330502560123,27.480679706123816,25.410515057324535,26.519191687552997,25.495347740878735,26.560037781011882,26.723443868895465,26.08043893579864,25.65326279167866,26.105052623960088,25.50910118891016,25.775591952307625,27.281522762212425,25.9654264247689,25.65782118542724,28.493345340711368,25.777966950585682,24.642083650217863,26.39547379418879,25.94382136557884,27.148511638800084,25.969333092753516,25.994650548146414,26.41029103935018,25.497522985868528,24.585570274918208,25.403902736566852,25.038029444544065,24.493985223239946,24.800847564915458,24.329646358359213,25.32193749889294,27.963647038030487,26.680628859523228,25.580292827320903,25.660630663763456,26.64545119442388,26.14253625841758
2021-11-01,28.493939515623893,25.875424951230546,24.33745238569859,25.387520387137055,28.265636654368212,24.76839139186496,26.212000028591223,26.360369693731386,25.551776401314775,25.133887023718188,24.71066915979596,25.006374150790226,26.150039901510475,26.16136865699883,25.94667571580328,25.199266122391943,26.227911408996285,24.865209641495476,24.335092216043865,25.011752910676975,24.205122167318823,24.63479918239202,24.824380756357737,27.438261582849545,25.328993670723342,26.593985237829326,25.417468113331743,26.516431026333212,26.662134849457157,26.008362090761583,25.649936494001604,26.078320714520302,25.55774729666667,25.771715554704876,27.284269508421588,25.803808553899238,25.58410590850816,28.490234712571144,25.79481686815783,24.658976985405943,26.32276561412185,25.955410476096862,27.393849948036515,25.95800658291655,26.200359254817172,26.427529595440802,25.536687715786492,24.571014644196044,25.31030165102896,25.08320176512623,24.376357240070124,24.78107691981173,24.371466802164097,25.24632401750391,27.99088488571021,26.644701140287985,25.556142846749857,25.592279867543542,26.584822302329517,26.068010587411386
2021-12-01,28.567000948659764,26.036294419725127,24.44002606381851,25.49581003671486,28.2151304514184,24.825259986081964,26.395816616929554,26.36081928862619,25.56380823172238,25.20084701079585,24.839557755980675,25.035186393015735,26.201212920765823,26.046865687986525,25.997091257196743,25.191567525013113,26.294582804723287,24.95311071991443,24.355908716869276,25.055940174935934,24.30326087101911,24.75294176572241,24.818891579237736,27.458869224193805,25.33307971268641,26.629299593774682,25.452312058433865,26.615625390915024,26.659108085467413,26.137317083181046,25.735125746749723,26.189170128676935,25.612982324885003,25.86886786900196,27.32025963621795,25.82664060519672,25.6187243724746,28.509246712851844,25.87232329065142,24.780556295324185,26.259321114502082,25.940108437594784,27.28857792385991,26.041596273078312,26.303511664221336,26.55099857840337,25.647169653183283,24.705645373953907,25.377734045569806,25.14609651394868,24.42391137999232,24.907089188137533,24.41581046810027,25.320994765847693,27.9109164458437,26.76726018048484,25.622988892368067,25.600310472614435,26.61328361506038,26.103669740525103
2022-01-01,28.551164312950185,26.047238902413778,24.4559707820118,25.349743009099267,28.106620637234535,24.754658129813865,26.274904674380988,26.40203664386237,25.46175760112326,25.175471851994192,24.805106689159363,25.243151820161675,26.084435403919223,25.958469052469727,26.10964360301811,25.287852023479687,26.214502418165164,24.95463472751993,24.60601096378851,24.901643701315667,24.306544563794656,24.63856790971676,24.819872505681957,27.39067692523425,25.262699818578636,26.510431753329996,25.432795197357326,26.622731489447606,26.59555849610668,26.16726443308703,25.654968319938995,26.070821186359325,25.527699884696048,25.836183843994718,27.24914095732713,25.89732128089336,25.66237855465076,28.430911820373062,25.6941066774102,24.776557656774123,25.91544489254655,25.823573389784883,27.10543310692968,26.047236129781844,26.189552732123726,26.53167875929769,25.58013197764488,24.667551932658835,25.424607946828747,24.939784332189898,24.68973708001901,24.920270937400915,24.34440182812891,25.356926983991556,27.79031897041311,26.709823317773587,25.598020048297098,25.714799801441526,26.58299262127272,26.31989298251303
2022-02-01,28.494308511416396,26.13404155294444,24.458732406779163,25.246677002424413,28.132943645145005,24.577427852696935,26.277563860815626,26.35908122101951,25.3607673232674,25.10843073313984,24.74148781276016,25.311196258506556,26.112004936329043,25.85864780931093,26.20174352144769,25.243359046962958,26.25218319612501,24.909365023034265,24.643726699791863,24.880494587993063,24.335778965378374,24.874132400639965,24.830715421454222,27.388853619942225,25.224216278426223,26.360328221674735,25.35803234747404,26.576888709029657,26.554694163148103,26.18722469506366,25.571772129536356,26.08923328474932,25.459890181075,25.777938831172843,26.854107574092964,25.835299859285186,25.547068239539286,28.39092458157359,25.696024447483182,24.85558119171527,25.836002875346946,25.742579372473887,27.101299874188644,25.989223585889707,26.081571705587443,26.508231808481927,25.50761163359252,24.65771357362773,25.554501673531536,24.85465905419273,24.694078767550636,24.849930674064044,24.27666998065098,25.310023772434494,27.716921959214,26.71678233165082,25.603728722026286,25.706774931500632,26.549167651812912,26.35176516749644
2022-03-01,28.551464226063345,26.226659450853397,24.563279253503946,25.34862907276323,28.192567564100617,24.633426373176132,26.347001605055997,26.28928009573456,25.387664101819283,25.28058984944975,24.726826139559368,25.368981891759113,26.21698112244967,25.867114360914318,26.33508160055241,25.386585825961685,26.173015692356596,25.02550959437209,24.68054467035396,24.92444696419531,24.456611010599918,24.93185852989861,24.78782333515176,27.418116128673752,25.19087922985857,26.306670909699406,25.3886596436174,26.657399338437028,26.515281738650568,26.183361171526823,25.657318849727503,26.229423026603104,25.370663888032787,25.79368862002136,26.906405007965883,25.904292617263735,25.509565331613768,28.424354704669238,25.780617016249256,25.03802874615181,25.78416513250593,25.72789856873196,27.213705458313484,26.011210226314194,26.17951253489669,26.48821144967981,25.609414422435233,24.752403921352993,25.52406051630593,24.804270406537626,24.748595316657333,24.973051930380706,24.232072751461164,25.307487843406037,27.93042624922876,26.785989346505282,25.713727189449155,25.614744832853205,26.64611745970813,26.414599551488724
2022-04-01,28.44928677773534,26.128000320784796,24.556642024654423,25.307179966563513,27.921381884027436,24.574365557702162,26.226397643974394,26.149824151606946,25.1927506381049,25.223901288465694,24.742786857455496,25.3261311311963,26.137251102584226,25.679162847308852,26.29651639899456,25.293448494828276,25.967057426267544,25.01198484022903,24.668218484102958,24.8978925778586,24.43860404654889,24.727584873090073,24.583852232385212,27.22031508561132,25.119278172550075,26.31625586878784,25.383145300156027,26.675460216457246,26.382420753985226,26.23222150442515,25.63766016337372,26.249337369210192,25.348358706805342,25.80126262854331,26.802771766599697,25.99096675309868,25.428444567842984,28.31914235299589,25.60434491053752,24.95841510452119,25.1072500271505,25.654078654021813,26.827809968992625,26.04330631665664,26.125949423309528,26.537686614037785,25.607141942498032,24.70865846197201,25.481163052956973,24.900956307429496,24.6913088215538,24.985115024556944,24.135931857200305,25.362671642198773,27.7173009598494,26.786155795498342,25.560045972203284,25.509751064189963,26.676940966547846,26.446299185278825
2022-05-01,28.39178115217517,26.139794010697273,24.58567875952034,25.373316171329876,27.888068796135215,24.624726931423687,26.27178142074316,26.191542701706812,25.261414695074617,25.253593345966152,24.771219284408534,25.48850367236919,26.007417328795455,25.58569257834703,26.405216317081404,25.239664129332287,25.956339986033697,25.03318209477522,24.833825593490502,24.852385242466408,24.48802525060775,24.693789823677665,24.632802102076262,27.217265131547908,25.186862509607884,26.324048313907905,25.383713603089774,26.67029348985393,26.492204549012776,26.213000667075384,25.67762518702651,26.31974614521611,25.340031063984185,25.813429489868582,26.768108046136028,26.027934378708846,25.50359518987774,28.298573027974793,25.66802983712346,24.887312161148877,25.143767762210803,25.60602986231628,26.834527225619727,26.019973879439245,26.203747978245012,26.46107695349426,25.378116704276277,24.592139723535063,25.483373247023742,24.875466935350392,24.855262179397595,25.015576889536256,24.107131380136085,25.49818045899873,27.578960897524976,26.762739536784487,25.49611348122062,25.557634921656604,26.503508571302344,26.565059256274633
2022-06-01,28.308312486309624,26.178330592319682,24.5319930285081,25.371205594645094,27.764250973526444,24.60138221937931,26.09434692058385,26.01340590411753,25.16739470962573,25.065053722670807,24.787954889780508,25.268971807647233,26.035044538112235,25.615207640535935,26.225782966415107,25.061759860898384,25.799408739236483,24.99384273767945,24.618609067121202,24.812441575899886,24.414019648994465,24.404400625358836,24.426095729598483,27.174164885790542,25.097266012699237,26.225253945366582,25.280895520954076,26.66538340775859,26.331592175395095,26.20555736991306,25.55611205502714,26.356955585834882,25.22839264655794,25.792069822818615,26.5850634115687,26.018545306945725,25.379143729066115,28.243989767042727,25.696824874390877,24.75884199635586,25.0223758605731,25.455099170304383,26.626096434069392,26.013454686149856,26.20030261504741,26.43302984376667,25.297871487481324,24.536257801841433,25.499683743189753,24.697888204347162,24.60795724595422,24.965585284597296,23.918281821450314,25.482558679418375,27.46030377108661,26.79609543811551,25.47198429741913,25.4073692414586,26.450769374585853,26.461054696280865
2022-07-01,28.48111696285513,26.113252174614946,24.55893529602072,25.43506350928357,28.003737032662993,24.63978627309214,26.199949133821562,26.101733888554705,25.26869818786578,25.16853838573725,24.770331072004907,25.35813960682487,26.15673326656451,25.724064011722117,26.349091962929474,25.201662642894597,25.916249684884278,25.018897065947712,24.63930100373624,24.88113614843467,24.439508349086015,24.4797528626113,24.576423752269438,27.239501579262257,25.21277952479036,26.324347462550644,25.382821287011936,26.648395915814778,26.355719392755503,26.23258706002621,25.608879454047678,26.37365511155382,25.320538504214785,25.86225414145762,26.571640324219292,26.006419936943587,25.482003059089422,28.33300433846357,25.78369627612875,24.4910172330725,25.27398889655828,25.574878509534475,26.807099816794757,26.068987727896694,26.162994833170554,26.398501853251773,25.424357169634145,24.586009568385574,25.469045341613132,24.77533381572041,24.642855911157593,25.040924725930793,24.06854353456089,25.372735625591655,27.74078392008926,26.854045122297574,25.53564918429065,25.520688791868857,26.533377547906237,26.584891151202772
2022-08-01,28.448023815197956,26.05742467336733,24.57543802566746,25.37110355576097,27.9412071102831,24.656643808774827,26.129611997679323,26.09580076858707,25.264520239252878,25.104737510832358,24.769657722901215,25.474472818553316,26.122343362484987,25.55964458674265,26.313542466757657,25.263989492418858,25.971080542133645,24.991040798368765,24.733632376345327,24.812974000182518,24.38241325160394,24.421642849822717,24.570044177319986,27.167322740852256,25.210617576827957,26.281854417707564,25.366530065756244,26.56987034364652,26.350295561992365,26.1934972577187,25.54340483301243,26.283376496250366,25.33974113102809,25.819233832839757,26.595427718635456,25.960848208917803,25.502294449849288,28.261894916736043,25.790420152614626,24.40046610253734,25.26801292244122,25.498317482509712,26.62201074034536,26.05349319712447,26.060313626818335,26.397965549469003,25.361707803043682,24.6392503043207,25.431218513838896,24.733812405769346,24.672653362864004,25.04326268109522,24.00528052083582,25.31765824291279,27.665533648619107,26.81069166229977,25.52329856515259,25.51703489147212,26.53715691180988,26.57097019800204
2022-09-01,28.320467817794253,26.055563619583644,24.435660265619465,25.202814202868918,27.82622053452531,24.575309534186996,26.012632515973777,25.988819084542975,25.073072377535798,24.98630455326968,24.662320701845054,25.41179250481355,26.02203497180463,25.477721155914782,26.227132123975164,25.17421889116824,25.798666934186627,24.86104101756451,24.65145081828086,24.67267240790552,24.230968607345503,24.34185342888022,24.399257231735437,27.0438522449329,25.09133111984435,26.24412364816943,25.245728282081586,26.589009380019437,26.265655599037334,26.09676020497413,25.49535493636061,26.35749710303297,25.30659247666265,25.735444549195094,26.412406261095047,25.969712313109007,25.426632827635906,28.14830493019289,25.71385285264806,24.41653539979608,25.319789178267243,25.25092777060069,26.404136873262654,25.99977447596013,26.027273178237174,26.309410846983766,25.15836536061458,24.51716979069135,25.345007772173616,24.610822573289873,24.611864662196137,24.926824047558714,23.87753169180254,25.18363803557704,27.627219656310867,26.78278969491487,25.38706360243192,25.440681079656827,26.519766818137526,26.49003646632987
2022-10-01,28.424423427011643,26.14250049384239,24.452521572051477,25.16720857874651,27.72811000097684,24.65550472117162,26.07812363757236,26.172173756612423,25.240748527465012,25.26335624506686,24.71216069305994,25.634765217313902,26.082087821540423,25.600251369596425,26.457557264076932,25.34763919608551,25.920388229068816,24.862759826623023,24.864115495811397,24.668444603995695,24.26068801059123,24.48986971702567,24.62908577153446,27.031862097411697,25.253111298087035,26.31473854980073,25.446132150744393,26.651936111099047,26.45179743217764,26.170157080802387,25.597507470748408,26.470654369955657,25.343904756167728,25.902378560864907,26.03642566142768,26.139098469201308,25.465848510409188,28.14499337988915,25.702179308681913,24.43668567227816,25.53467579725751,25.36266305790871,26.510478030128347,26.11282479743928,26.089080060418826,26.373973980972266,25.2509332100017,24.579319595172635,25.49197759154715,24.705266598728294,24.98755504757915,24.88906113559056,24.08872762015985,25.35624285219165,27.473872896422026,26.880523372235878,25.398901848354274,25.574741022675678,26.612691005471707,26.72838842301109
2022-11-01,28.389180582116335,26.24880337949553,24.5487410358871,25.24013083976442,27.668790155528715,24.869533532825002,26.236925046411002,26.221175425419094,25.3437686403362,25.358187037435204,24.766852206602977,25.614091559057755,26.156467213481683,25.585754801386887,26.470791572929762,25.45572439827155,25.83550768923246,24.932696520270433,24.908885795617614,24.866706663359388,24.330250816503025,24.722950104633533,24.728814095549446,27.09817807909336,25.36721386115743,26.40465272603209,25.519494068349253,26.67483665517425,26.55393287860453,26.231086300703076,25.721136196682245,26.495179376128004,25.43576347570534,25.902855342526347,26.273638982722062,26.22357050073559,25.600061319962926,28.239508117114124,25.791016863965154,24.551523772590706,25.580381004752233,25.531168630983085,26.73668445216069,26.13423718227802,26.163172616317105,26.48323838823934,25.312561125870815,24.540513274845072,25.53228475151019,24.807208383537752,24.97828687317404,24.921515816672052,24.18037747319353,25.429848184036608,27.318006775520775,26.867122223163857,25.496864495981573,25.616475578157257,26.68118240382461,26.733160067024205
2022-12-01,28.260419005016516,26.25146780196835,24.53878792305901,25.19676319571255,27.52964951465628,24.86338868250922,26.251517696898894,26.087681488933576,25.333422003797487,25.371423357762446,24.78361854978523,25.572268428629854,25.98987648307588,25.396281482856466,26.457438271313684,25.427576839346347,25.71639541410599,24.973172760317826,24.817387132594277,24.818617917435013,24.38290942321854,24.676669403891943,24.703129436283938,26.963103430396732,25.256362304126405,26.38527048916106,25.50017597917825,26.673657064252968,26.523961455376792,26.238153482923874,25.690046694723556,26.483743395721987,25.371096426837163,25.873936395266075,26.29242831739737,26.231079497518184,25.50959585296054,28.18039865898899,25.783010144333236,24.54581967747277,25.544901571186653,25.595770032786728,26.59024640071764,26.10774532922507,26.19360784662487,26.499200215712072,25.268653437659804,24.47902204566721,25.56017170236203,24.760979112361564,25.014668454108666,24.986283907047294,24.16383137194018,25.383673718575267,26.86019358155315,26.83450143789226,25.448044660316473,25.473357102159053,26.60888981341627,26.73179349931259
2023-01-01,28.3652481472617,26.16180380642661,24.528306666348232,25.257126730892658,27.734823017508717,24.907574470738627,26.305073815965518,26.162343173114134,25.409237056435238,25.42319856956403,24.72803408138832,25.610758154184627,26.102931370952298,25.632805154318397,26.42648888321537,25.41646692217281,25.938525592974855,24.967915698738597,24.850084218405723,24.938056986565602,24.358557814738923,24.837265426472126,24.91143129632275,27.076658875659458,25.31963885092591,26.41123977913339,25.472642326071,26.595810557627555,26.566732196251245,26.201488692386476,25.708017911546143,26.422624951967702,25.41532536553885,25.888514800531652,26.505852181577588,26.205256690273494,25.644816677009214,28.213172267992395,25.669509488846,24.672137108937832,25.72723444730073,25.683357308904608,26.880576515354825,26.059127304228216,26.04490659547355,26.4367180633619,25.412322170562174,24.5683568017979,25.549512848191434,24.757856302758416,25.081846791443,24.932636866391853,24.268416086618746,25.484842940209493,27.2011093487668,26.777349615266022,25.440180727981332,25.600114501584248,26.62721545320539,26.782265881874757
2023-02-01,28.386640816706212,26.21204608796264,24.462433212246737,25.136524995346456,27.644571353656527,24.793582694305314,26.32081233888334,26.128518988776143,25.312823922594575,25.376139547043945,24.71766275672058,25.445924443683143,26.04874451338164,25.60650517495001,26.347293385818155,25.407916629706772,25.853130179074846,24.88459793042193,24.699299116747785,24.868118298687516,24.314956723535122,24.75523874459219,24.962655987785286,26.98363280277399,25.280161031098107,26.322153877841863,25.387582462775597,26.531622810023045,26.598024196914913,26.171527096148196,25.759345850411204,26.322047428621186,25.40838025962036,25.87537734783231,26.666550235922497,26.194304084280876,25.644285953361656,28.219648274901424,25.620069171410837,24.478453207142593,25.633288277388946,25.613932471629518,27.053108000888777,26.073697332598293,25.969254641327403,26.408534323648528,25.365772795560527,24.550487694125707,25.531729027183427,24.691272819761654,25.013392969383805,24.861932648205208,24.217556926696055,25.424807160433712,27.37301432141869,26.729654686850363,25.455200044221435,25.597978481669053,26.61504768461934,26.728251391960555
2023-03-01,28.500287966481896,26.246971645031117,24.50541266849381,25.16799275610562,27.73637329069517,24.797874518314554,26.39731644657144,25.946780547419667,25.28292192637917,25.33040023903234,24.74258814350259,25.409484623164914,26.076355418968692,25.80623642590685,26.370851348074872,25.392629975591888,25.8583369360943,24.91794961392289,24.713443730560886,24.914631555016296,24.36006318476338,24.753773027082374,25.083595189227275,27.12494804117889,25.207821104475705,26.31735352507594,25.390983568048288,26.550078780530303,26.502651222332325,26.21300087037607,25.779437130478993,26.42373174815829,25.379885983325355,25.93892232838443,26.858410457503094,26.19571498458338,25.54980443866208,28.367013210285172,25.708249394435278,24.5953952097835,25.70326781189887,25.64582835056671,27.2324746534537,26.123000544221675,25.974907969388525,26.486337756448243,25.37681374681645,24.56110183362378,25.535583646470602,24.709321312482707,24.93772567391516,24.970701959617532,24.131029439493936,25.442627357941216,27.38148546118268,26.7225910778317,25.432450101772424,25.380231118352658,26.65179446584488,26.73363968976019
2023-04-01,28.528863011688347,26.193817163021002,24.521006573572063,25.168237518592303,27.75706959379742,24.828740288843626,26.380765328769904,25.97674338974995,25.29324360951174,25.28553517635882,24.802625649888302,25.45208029324726,26.089054579072613,25.79915377244083,26.403530402582458,25.307543822932967,25.88173035167582,24.94262464947462,24.76399946349584,24.92368464123815,24.37310745985637,24.67761340850505,25.119165783327144,27.15915788472097,25.263671864248003,26.34276784980593,25.43559895706289,26.60468897312616,26.561726215870312,26.25424812011938,25.82183625944346,26.5658381155888,25.418438911222516,25.995040897730124,26.98407863254848,26.284542484922554,25.57421915003233,28.4307058118726,25.70239412136378,24.571245480205803,25.65721355944255,25.681402498610126,27.231635948155592,26.175778838007098,25.926963048915802,26.536763058306164,25.387929182363013,24.547023945436738,25.555500372488158,24.764579629020016,24.94280442087954,25.026190227676747,24.15785579785285,25.356984816414336,27.148301751421975,26.76657993165748,25.404435381172842,25.44170519783153,26.679476681954693,26.80981672802074
2023-05-01,28.57250988149556,26.111864271033895,24.414948845544615,25.072943409400818,27.89114616405962,24.739168471348325,26.63512913385637,25.924514898437263,25.27269707899134,25.22945248715631,24.738659283773888,25.41656538897674,26.10549195472793,25.91789418134804,26.290880171751358,25.218977726681704,25.72874973697293,24.84060699636024,24.66323746890164,24.952905057238695,24.305107123057265,24.582364087730095,25.144703166357704,27.294283463349974,25.20509419690263,26.284222703133253,25.393491834432822,26.55046574813739,26.55107258777581,26.181685832015027,25.778156544790686,26.647306121446913,25.390657789046852,25.958401507900035,27.08078002275201,26.239732529786625,25.48715432296167,28.4972135137389,25.660146775587183,24.415159047805645,25.837800891580113,25.495855951511775,27.541644424487338,26.13000958439464,25.904338245650198,26.45005742886438,25.382324835157558,24.507131357297766,25.47463989974484,24.722623934375555,24.801105478055756,24.973142055029168,24.083028112362676,25.254768637932184,27.364323640605672,26.75667499604283,25.388052534475815,25.443213496021365,26.651943575255864,26.662990843108673
2023-06-01,28.66403453634498,26.088173200622453,24.43690722518415,25.123168188993642,27.969132574464375,24.846151416417065,26.70615145057305,25.956387280049164,25.322518672374585,25.408325300294976,24.77379702639633,25.464196125777537,26.158675318636536,25.862109393795485,26.344337442288488,25.37695281394412,25.74364503722362,24.855822808162568,24.727752783807222,25.007818720399175,24.340737233576434,24.73493256200592,25.223464847751096,27.268145081509363,25.20847195624633,26.382995346610652,25.4784464424083,26.623262318616423,26.62031610846897,26.191028600272624,25.852829986838284,26.737935199862566,25.505913091293554,26.003994985273913,27.161519967678984,26.28384944245044,25.53071234544078,28.535727920972842,25.676566873055368,24.475835357398605,25.946220786563348,25.54326060220643,27.65327060082348,26.145625885563962,25.87922027951215,26.512884062315834,25.366789256582567,24.53696769532987,25.542018191346713,24.87859520266732,24.938133072528984,24.989706353033508,24.17673779368926,25.268657694504363,27.614013092466035,26.74303692718368,25.455762210031427,25.520618090879108,26.72357886401874,26.72005741594787
2023-07-01,28.676738875330837,26.192731701473253,24.44329989544398,25.112440632006432,27.99428154531092,24.871284852120148,26.746823566390937,26.073522615167867,25.396598221433276,25.48316169711027,24.76362090818361,25.5978615267324,26.199243163996208,25.925164529838057,26.383655944235286,25.438541054013246,25.739267274274436,24.898150503353296,24.874511053696473,25.040421568904836,24.367857581156247,24.844907246124038,25.262650566789606,27.371398181165336,25.306810316977167,26.455022248307763,25.411843078265207,26.635332722355923,26.702894403012873,26.226615720371107,25.881295852486943,26.706683118510362,25.54318058819624,25.991675503504677,27.266043772456314,26.211743352938516,25.60036072079212,28.522068450051236,25.66436334817339,24.48191133558464,25.942764106780917,25.546728333903065,27.752904722307765,26.16460855407984,25.862172740617506,26.54249258194069,25.391070051007983,24.51212766283977,25.43400005688203,24.91911594587332,25.115578241349535,25.019023175502905,24.269300352308676,25.17472607291936,27.635404701277647,26.799282534594806,25.581431065914888,25.599001283974307,26.740485687605517,26.71996422490605
2023-08-01,28.632081151586128,26.186086018292606,24.365535973797705,25.06404979247919,28.026158822310265,24.838526741284163,26.773440130844133,25.96363794224162,25.343354837418072,25.546547835875156,24.732650279491928,25.60892814741477,26.17871906401739,25.909261774394217,26.367890173710155,25.394133816934723,25.678867679055273,24.845292990548067,24.851318077240524,25.004547795648982,24.325401712571683,24.736370523406325,25.265313533853746,27.39706075993531,25.22437393708556,26.44436170102591,25.379437833120388,26.599789318692274,26.633260925577616,26.19211828403121,25.87196047931046,26.904901044175407,25.53158231582074,25.94970866335327,27.192095142421874,26.23335533822822,25.53698744111159,28.497476897192076,25.571505958311302,24.39684663201635,25.93063998342583,25.46483443521851,27.807578783385193,26.11237695647931,25.85421491485149,26.536154314049014,25.386651572404656,24.49288450327709,25.41227138877588,24.90167715332395,25.126149480607026,24.953175300319515,24.17590646779254,25.210822852446963,27.59981644116432,26.73865037201485,25.53082269868186,25.487507838729528,26.757541900678724,26.756135420427075
2023-09-01,28.54057138403306,26.200274528264583,24.33445223449357,24.966392934998467,27.943964259647643,24.796751160676244,26.668054229252366,25.9258981686773,25.26306102543799,25.517202218711756,24.700001219278896,25.619719307416265,26.20875329952485,25.821141371535262,26.423077048735166,25.308939068793364,25.64693394815206,24.85043401325222,24.83675137616948,24.93597724675605,24.27449789046672,24.668468769107648,25.230556148844745,27.357284769318337,25.219964220328507,26.361682575379504,25.36772200325135,26.569656763153464,26.624268247842416,26.125605569554697,25.83326683874003,26.875756644219845,25.428186683200355,25.890008061197744,27.206589551894574,26.176434319059286,25.495259501331148,28.462260876870083,25.424832986968262,24.332139250668835,25.792168437590483,25.40309084001147,27.681277531308055,26.070552317092933,25.78971397472189,26.479643612759855,25.28513052102814,24.44523686660996,25.24066227837298,24.84058258189023,25.11489237087156,24.918025671481928,24.126600948880057,25.22625414231482,27.568887414584548,26.79496797794016,25.45674751139158,25.484830130752535,26.744472106716298,26.82017793130588
2023-10-01,28.53799809436801,26.145961162979663,24.338697377116524,25.046636828699572,27.989858279395396,24.79947686541091,26.686393234111392,25.88717409534702,25.215921968439602,25.32848673627331,24.754860017666104,25.616343379866343,26.186343087804264,25.811478511031915,26.27718495532087,25.280088071816554,25.653574268109168,24.857546696767173,24.83271979331481,24.940620631023624,24.30447527630992,24.569612432116994,25.213755138307064,27.30408308600921,25.156292396607178,26.302126865561245,25.359678564979152,26.520911468472416,26.58230200589491,26.142577162134607,25.862571459368773,26.906555063084607,25.341437982501652,25.88517563293714,27.210114232629735,26.180797210978923,25.35271446431388,28.530681397654185,25.442309123326694,24.35646634426186,25.878603655586133,25.478550653799644,27.61681378809499,26.03351981874012,25.70776013019836,26.50783160732745,25.184422764742543,24.357262770800236,25.363665474719713,24.772275664972558,25.072719114577044,24.957115794698364,24.160222527854334,25.2512390531519,27.349055431749314,26.85921327390412,25.47610419721246,25.457791164259678,26.765998263814833,26.715081943024597
2023-11-01,28.644441335382492,26.16445501304695,24.390420744050388,25.2151163610804,28.083055560889903,24.756467668994574,26.781944215686813,26.033484121565948,25.420443845376713,25.437221240157374,24.80888525965105,25.588778527916052,26.256754185080332,26.03805184276507,26.262460993477376,25.27748452393538,25.781128204781513,24.894974644555592,24.81339218783192,25.051269784239096,24.29337108004689,24.673318811684737,25.328187916054812,27.369965732427634,25.27401341647264,26.398493337822465,25.426479170457423,26.562633678141147,26.705117069151793,26.176514012121572,25.94204236564025,26.97140015220169,25.389724838188133,25.957521930608838,27.292526067194167,26.17865272894261,25.478462597042206,28.644608909127943,25.44590459504245,24.42654388166525,26.019477062801624,25.54898915881976,27.753864026907625,26.063742216989272,25.704810619050125,26.537118854500985,25.316103660269906,24.43791428444664,25.364770503674976,24.929617601859274,25.00547004427838,25.01035340753363,24.288176046198117,25.34338907389271,27.527519087575737,26.891203983615103,25.557742387521284,25.572188020155867,26.717602801492234,26.685260222898087
2023-12-01,28.659248956367573,26.249116824433507,24.42252087350871,25.24855821312883,28.12231843795627,24.768408643138624,26.96909180752857,26.140642311494947,25.497986031487862,25.60212844491687,24.82074827282236,25.598125028127956,26.366192928780784,26.08170597462318,26.310877050508694,25.370344387490082,25.75489434578793,24.956774690533233,24.796016039183996,25.044998134748248,24.232512261211667,24.804939255056098,25.37494309085467,27.422582207714573,25.403967867521587,26.505445347022377,25.500365205245828,26.58396910159537,26.791134747825293,26.192794939285626,25.934619559771203,26.959412564443994,25.502426464901358,26.01423757371419,27.371291225871747,26.240516315258997,25.640004262049683,28.639033374042278,25.491413939015832,24.46587328039397,26.04635072827753,25.533452418179614,27.81103907416541,26.080506561649543,25.66148867224112,26.490586486426498,25.464382797787042,24.602324922930077,25.40423928793967,25.044093305730236,25.00547004427838,25.0081749399775,24.42106672635054,25.355983031377598,27.561909221022766,26.8420945865304,25.644228285442583,25.679853942659168,26.73011307711995,26.667131855269663
2024-01-01,28.616104290129055,26.308187805557125,24.383861375130312,25.15805544849287,28.1435473038987,24.706456782246224,27.029218987691078,26.150689501459055,25.45735508597234,25.617699784451187,24.875547917436126,25.56126918478716,26.440056879225388,26.147694663250082,26.29921064710444,25.358156051601412,25.81999033100108,24.94422742264269,24.74773472195281,25.074820012963915,24.201679682201494,24.73488848279239,25.41241423639414,27.42551313392312,25.399395189505295,26.523773043095073,25.464193612993256,26.59765569756436,26.81587018539057,26.202252955606095,25.923285547532807,27.06155808421262,25.457815321856234,26.00137300288356,27.468612948333945,26.350170652423277,25.573383155344214,28.6947340001925,25.456057879004135,24.28408309390585,26.193582303269483,25.46977259256684,28.02818600731227,26.072763505328275,25.600255979609717,26.56042525398112,25.41988867192087,24.539027351672377,25.483934509495445,25.01968735182053,24.943952751337616,24.9995814437033,24.406935261993173,25.408794767195285,27.279205060711096,26.817122610330745,25.642919737710255,25.69917032112791,26.780902455391722,26.695044209385518
2024-02-01,28.596111927642657,26.38616231645108,24.470243355004584,25.17432914648513,28.273625564998543,24.6179046975542,27.126445703398083,26.165574097352483,25.504069989707087,25.728527949343956,24.908684699574636,25.567240309992474,26.508210811034356,26.241778431448388,26.329803542186472,25.282905907023203,25.96986322377208,24.901590694307092,24.76147777661187,25.143566214846143,24.230839588950143,24.69000164062546,25.581980312505035,27.413737976639304,25.412434480446535,26.599193635999395,25.44658673440773,26.613142496269234,26.886964865339692,26.211122438764402,26.026440120316014,27.21633040323553,25.585717237342333,25.999868659179118,27.69677786317726,26.40156739592456,25.569280914051404,28.73433392681076,25.395593195268646,24.184853319554897,26.26011756267541,25.493135887303943,28.27957458598252,26.05365367519393,25.595803154676283,26.578110436377717,25.47052256804216,24.541425660409075,25.46789358381384,25.1066357278668,24.936326411378484,24.966383906474878,24.473428920640224,25.381063480361824,27.354220364475545,26.78103138752079,25.682151423777377,25.801557132737596,26.842960618795672,26.711540156241508
2024-03-01,28.544738952855965,26.41995035777785,24.492313784988315,25.167922145222967,28.293898479620122,24.652465493739555,27.145426576626644,26.266533289361888,25.531256258528643,25.82131409288623,24.94867438813207,25.69742936935835,26.49442728937175,26.21672786080595,26.377658201730274,25.400832006460178,26.06208895607554,24.964653417426174,24.872031915135747,25.074320554059867,24.277980803979705,24.90800097383383,25.694245324382305,27.499972862034877,25.490527831485302,26.607018757732135,25.484349689102388,26.600741738646967,26.96071211119465,26.23026497418536,26.06039230384167,27.249788832698343,25.642494551424043,25.96955970288986,27.688511808459765,26.438622945617976,25.65946407991642,28.75315290028569,25.55139870478679,24.321898636664525,26.26740537657189,25.39250024564433,28.412467380470556,26.11809506296162,25.6396326329909,26.598722187918185,25.44737076212073,24.562997255821678,25.558478989121685,25.153918193063873,25.06782687789203,25.04154493401667,24.528263343375798,25.419875281026293,27.21583694143603,26.783257369423108,25.65623099127167,25.85030628129664,26.86922911456273,26.82706943180923
2024-04-01,28.53801003809676,26.306933282964813,24.491500338011193,25.026661225010756,28.263618689736482,24.634991747238118,27.130526108852443,26.24224285212751,25.437809881135816,25.730352875923412,24.969227917329263,25.684301479340217,26.48105737656908,26.104813537686386,26.399790119719942,25.356322716212844,25.965552124208518,24.980553737945105,24.9050389437981,24.92536437221989,24.28890619077389,24.968250155248626,25.838460632651095,27.575556121562588,25.511892680498015,26.47518093832672,25.42141128312635,26.510846825218156,26.91703602221445,26.24782927384385,26.01172508990866,27.253816922203587,25.531592166690793,25.93744821955751,27.5673482970735,26.424039301047287,25.623568374616884,28.67561263003646,25.59816748674733,24.455444834790544,26.169414270896223,25.377595355159407,28.36776767379046,26.123224572678183,25.559770185968382,26.604560257535155,25.210977979993654,24.461811948673347,25.59857490960061,25.00612453666036,24.92426282572151,25.065781796792834,24.433576681857684,25.378697940481523,27.257561910301696,26.76470507833737,25.619919115750903,25.873499599929662,26.858907481545902,26.844382573023065
2024-05-01,28.65906892057315,26.307583830092604,24.539387831203218,25.167458376585692,28.27181360488674,24.75584469332537,27.152042264576306,26.31968405605551,25.460592541943672,25.74572840930661,24.98626149413252,25.608759688954283,26.596288706211887,25.96752486657649,26.406156375690074,25.312852897523022,25.898646634730103,25.03318449199406,24.852708675117654,24.995769133640007,24.288107611654507,25.025573051490706,25.86054693882078,27.63355375920755,25.579420623041987,26.47712395731663,25.469328880145117,26.525130088955382,26.978093584761996,26.266434502390947,25.99931163967779,27.302832726051218,25.506533013665823,25.884233179462637,27.6491328478096,26.39514738829535,25.707000707775688,28.739777114865472,25.776199381085593,24.486932052484285,26.32232931585954,25.407387782867204,28.60589531231411,26.105965379558707,25.671899102607167,26.61917376201829,25.290439886979872,24.515755312737614,25.658689370211807,25.02001250886948,24.890201466755656,25.152271665147747,24.507486563507374,25.470743303601964,27.22877977662621,26.788545153568304,25.60144972709888,25.883563383282308,26.961467037940416,26.835806162352256
2024-06-01,28.75168326027057,26.369389847423804,24.52094467650705,25.160486003797928,28.362817403280502,24.72287356959812,27.341408047030523,26.314167586894726,25.48020398666002,25.72958793794689,25.029215532347866,25.59690774148678,26.644614833015147,26.059790339721353,26.379301992733925,25.309833078171327,25.85316631914734,25.01037155866199,24.863251014707163,24.992743070803424,24.216540339043892,24.944012000947335,25.82246884719244,27.687986975860966,25.576211446521267,26.511648243012413,25.529225885048245,26.529697780257575,26.97626581732237,26.277810913515033,26.006837412123275,27.40317168650891,25.50277520051177,25.86846576804116,27.7261803955056,26.38119038636997,25.700335127741607,28.81543416895552,25.653923134848316,24.485261405639495,26.37286792968592,25.17539383355965,28.725321914305837,26.05877301155496,25.662854986368735,26.621480503033943,25.30677772467951,24.5649922054814,25.593379572363304,25.00444089366362,24.917924253721413,25.12878888059621,24.510719681906096,25.51843548978814,27.334207689851905,26.81619892857322,25.578555806204488,25.880411508401544,26.994144544785247,26.825477231189403
2024-07-01,28.804665335506087,26.446773997418994,24.632758206034467,25.294381672467257,28.32983435222631,24.745101014489197,27.345369110625715,26.33371798025801,25.594078159495574,25.768161851310744,25.05112949787374,25.568711857988358,26.611130682589454,26.0663807520094,26.404864240353206,25.30931622800911,25.795112979414213,25.09672586361564,24.87061258273071,25.036244984785867,24.288706384971217,24.8761209318445,25.89072753297269,27.629120084297476,25.694328400577778,26.5788268613351,25.48719145168707,26.606640905031366,27.02706458140421,26.332945312574736,26.042971565298203,27.284751922825258,25.610396682637155,25.91553948179889,27.66711689968555,26.297025231707178,25.760432910427824,28.749305944726927,25.73623128152208,24.64992572609866,26.301430369260874,25.172504710887335,28.67118382263455,26.112488459448514,25.750402384131597,26.595932730658614,25.430779557502657,24.604320486095855,25.750670255249254,25.166121884836148,24.94753368479684,25.202694348135115,24.534556295917536,25.52573452326095,27.493585960671826,26.94385893928285,25.66516567938313,25.879569242715696,27.007786066937218,26.85517424143774
2024-08-01,28.83534963828152,26.51352906663207,24.654533347318566,25.310851554496594,28.283421317032662,24.80727706928985,27.358599597339794,26.34457434285349,25.62254539030093,25.80042107066359,25.12732585263607,25.5917361076869,26.694705034906935,26.044874757202994,26.32363164051669,25.34563965493399,25.763747288777655,25.138663670792337,24.893360763262525,25.090573204868967,24.31234955434997,24.85385113666939,25.91805675888133,27.58038246434513,25.696722250720853,26.57974977004454,25.502507051955835,26.656139689783917,27.0874489866754,26.415313607138163,26.0961099304511,27.461771064109996,25.627339110582437,25.999551071688906,27.76050505281294,26.342978533392227,25.7732559361153,28.746409498753806,25.788760940082327,24.73430124242925,26.411340127394574,25.27957348875811,28.69106685357484,26.113703711364582,25.71301989774609,26.666832872384926,25.444723828025225,24.75405873216017,25.799261774042456,25.21770443631245,24.85427176664683,25.236595808782646,24.62133413158307,25.57384103983535,27.413036783318503,26.9679350653873,25.702400064394777,25.864799512365423,27.125698769001694,26.84967816303224
2024-09-01,28.853822867256365,26.519471409525174,24.686421331202435,25.34808592883723,28.326352020879234,24.872823707275337,27.41635150175599,26.31796572828748,25.674087523000736,25.89422395882622,25.10174308416428,25.521212559642592,26.688116597547783,26.12394954592619,26.33015482246268,25.42435326199853,25.82604978092919,25.159723235590995,24.84655963153777,25.157610034194402,24.385123965677604,24.973739540368435,25.99496699365179,27.595387423533015,25.672500008393726,26.680745452555467,25.502175372493607,26.640523764499903,27.023432170786325,26.406860528191483,26.09319921489026,27.382862429787792,25.713461345042266,26.05300518179301,27.854067968129648,26.300818975530817,25.779317984698643,28.779270911965067,25.843941859003486,24.735424568654338,26.422569347400106,25.338757010722585,28.708259344324055,26.09719870383216,25.710603944053087,26.676463377810748,25.43260254317138,24.811027999560554,25.786765964606648,25.25246973395966,24.806787872718196,25.287691813996716,24.63126383706109,25.67416362619609,27.61347818938682,26.95853830628012,25.6694582109482,25.83795972994153,27.173115025206705,26.85157318896625
2024-10-01,28.82292110133722,26.55131663779086,24.648174755914347,25.26276173923524,28.326727585320278,24.914883509766472,27.403682596323158,26.376991554935763,25.71264483824392,25.855330564350563,24.99938582241009,25.560878807393333,26.674099319383334,26.1880431237924,26.34062466101072,25.397120494725076,25.82615360240113,25.159462898042918,24.83863764552698,25.18038752493255,24.353812613049023,24.870424716564525,25.903139175549352,27.627936256346747,25.717289808079173,26.652080796684036,25.497179991469718,26.626855660298975,27.074554624698212,26.318118208870207,26.05173462113196,27.317325580582775,25.679591675693654,26.017233950307094,27.846495307493807,26.20326095342907,25.888365179329984,28.72200301220051,25.779442880426277,24.577926401384268,26.486414063721757,25.20682794880799,28.79746745997396,26.081161677235123,25.688241012453165,26.62905234047213,25.328370730887098,24.718860337096373,25.78536184624708,25.190594807121155,24.76746134240177,25.29707304477459,24.64439547992617,25.698412833829373,27.567407641035707,26.92695372679999,25.609216524383537,25.977051801841206,27.18786638346027,26.84781248239993
2024-11-01,28.872236091354882,26.450891452717563,24.65935257345658,25.248521251927844,28.435841806536057,24.994694025466345,27.357328076223393,26.50455708833479,25.7543410809084,25.93541997658037,25.035056074906542,25.54986348523605,26.78004524541846,26.31251144468727,26.42505114894607,25.537970019775422,26.025907332178473,25.17478701383241,24.93441737291968,25.258116684749773,24.360406675398313,24.855117589012124,25.961810030277068,27.6152324452022,25.87883207240502,26.73812458861352,25.621596522796867,26.596046750261323,27.198687310670508,26.29910543725262,26.06228917802671,27.27499546950629,25.723511402478277,26.030496805156563,27.85830041461262,26.196592871037463,26.020340352147045,28.76324732595634,25.772097203028036,24.497773703491525,26.64596379919539,25.227867644870223,28.837988190686886,26.065199137307584,25.61152028478953,26.71671581834065,25.361805775145104,24.774966315942113,25.79228062265241,25.292856685024756,24.859658270656848,25.27598005389654,24.726546574479272,25.738305641375717,27.89055496706677,27.00480011049705,25.662046955478573,26.136863561677877,27.308965814752717,26.857866255084843
2024-12-01,28.927023684111916,26.421884815326955,24.58957005184951,25.11791111041405,28.4896836809819,24.852584559035517,27.71528545619624,26.426669383073335,25.756596972762885,25.822537424586958,24.97403697214579,25.46838840136295,26.7224518752892,26.325577753402836,26.32366590199728,25.443024722088193,25.972402707291486,25.10139321443887,24.850879183780744,25.222733357362905,24.320681897065416,24.706081948542923,25.87366017550589,27.728962772721854,25.817942465455705,26.64517026861354,25.59581742171225,26.53465851508803,27.157776947823542,26.277848259173624,25.96599585662298,27.246852532003935,25.624708136360095,26.00960514692957,27.877596824529988,26.175112381703126,25.97455457246863,28.760607694489867,25.685866291847915,24.38431453559373,26.65103660024473,25.187717412930834,28.80892626831309,25.992967204452953,25.63906864827427,26.64975718715668,25.26211883607972,24.624534260286868,25.74613928538313,25.138495348872787,24.72332713467387,25.204720239166768,24.662501804801007,25.721322869557838,28.04756562966135,26.817273139272658,25.591698375197215,26.06155954938866,27.28544810441512,26.773845965401044
