Date,AAPL,ABBV,AEP,AMT,AMZN,APD,AVGO,BAC,BLK,CAT,CL,COP,COST,CRM,CVX,DE,DIS,DUK,EOG,EQIX,EXC,FCX,GE,GOOGL,GS,HD,HON,JNJ,JPM,KO,LIN,LLY,LOW,MCD,META,MRK,MS,MSFT,NEE,NEM,NFLX,NKE,NVDA,PEP,PFE,PG,PLD,PSA,RTX,SHW,SLB,SO,SPG,T,TSLA,UNH,UNP,WFC,WMT,XOM
2010-01-01,84443437601.47285,,10025234428.087738,14317574480.410355,67452456688.123566,10396380742.761688,5784552732.317768,83082966064.1508,21906046548.489716,16078301452.830254,21689297241.410923,25160989120.10865,18031005315.29091,12823591132.164001,74289518860.96417,9904884024.856789,43667587967.874756,18937927369.22721,16802217066.862564,6980071859.668091,17550653924.75555,34302241186.054916,58121562235.78358,76598971983.78389,32942537358.589417,18939482882.842396,15359478316.513605,93520348101.8164,68777513127.2434,70859043078.63042,25623165377.280464,20513113889.1528,8984033729.553223,28496644963.244507,,52132040436.40755,29553945857.81511,155748767135.58078,15833449476.09998,32177748023.23829,3744604102.524418,15421028084.620213,8543548546.403646,50066262911.48548,50852288525.06563,88783538858.14894,13487506115.468979,7637825108.745529,38916176122.70817,4349842140.468365,64365459172.29372,17629698390.94519,10904424624.43628,41147187412.06334,,23199123942.597725,12663948084.71668,56798738018.1353,101381050816.1141,144351978184.42407
2010-02-01,89965742323.4024,,9727227622.183548,14388399312.15443,63682088681.82232,9386308103.04145,6040828834.656335,91183274204.08615,22416258431.982925,17678511758.208973,22603502783.35642,25160989120.10865,19142429867.46872,13711457908.630371,74474894016.07281,11362361255.872017,46164995634.84717,18731709561.918198,17503368529.049683,6852408567.455261,16658121996.538883,38727328854.91039,58049241370.54468,76145097815.04019,34632645028.78317,21096461281.464787,15963683959.614033,93728623279.27327,74218318383.80392,68860603807.92227,25561922136.952858,20011943068.02445,9877197629.928589,29144820563.91541,,50357000173.42915,31155953969.313755,158456956163.98227,15057364156.348831,36997652399.93646,3973187257.8092117,16352339452.26461,8993205614.954233,52459556901.179886,47827301531.55626,91934419020.5151,13678576650.648117,7928176988.424561,39590922858.06116,4351900698.889492,61971778005.29906,17739073612.013786,11857049748.354553,41057567958.08579,,23803702483.219933,14101985427.457438,54621109163.40279,102595442216.21509,145629027449.27884
2010-03-01,103322955932.3616,,10011266704.955246,14371535072.149925,73024635600.7409,10121281615.860168,6842943600.6592,97696375853.83496,22309703241.016663,19475796340.24942,23235769065.09058,27097493525.572,18804440637.261658,15023073549.27063,78858720138.03773,11790681974.165878,51588351256.94324,18972301464.664047,17296773417.46826,7060583292.590454,17056454353.210728,43045256499.80208,66194972337.91617,81973067184.92055,37880513061.05269,21874053222.762703,18136106380.91951,97743896155.01889,79134319888.47855,71838674194.82753,28235812874.140663,21405493118.309635,10097987159.729004,30713701651.9924,,50998749956.432076,32383183651.08944,162640664735.22006,15863304189.943878,38236412537.56059,4435777314.260719,17779545193.14805,9659369822.621346,55558268598.25218,47178595798.560455,91919922127.4636,15308319614.440918,8873495903.98793,42725137638.765976,4673388157.251127,64574846177.01614,18515190771.63299,12816114888.576355,42762086967.06333,,22967126969.76191,15405918423.306602,62281108634.74275,105498550096.49178,151044114155.1032
2010-04-01,114794049117.49268,,10046412771.647049,13764433095.433838,73739985388.95558,10578375721.148102,6826305168.7052765,97646178812.4584,18938609428.091377,21099554213.97289,22919643555.42343,31344561780.50052,18606038877.47795,17273002241.134644,84692726981.60666,11917165965.41462,54440405531.74341,19507057529.116623,20866313515.016403,7300676662.441223,16970803841.034302,38917983323.62424,68595451145.583916,75986112450.5795,32234948987.092667,23998631719.433205,19017480876.69898,96394703494.94983,75296990793.57042,70385512990.27087,28665356848.498077,20666766338.064903,11297751050.949097,32495205434.56872,,48345585284.91775,33411390511.307823,169581599910.6012,17084315244.935131,42185295684.88957,5949256410.264648,18436105911.52157,8721185212.939978,55157947255.80675,45995697624.64542,90307267136.08484,15816212717.403412,9417803974.702347,43502913279.95032,5390832459.78293,72674685375.41232,19296897262.31499,13598218128.631317,43126174074.83583,,21308042716.65126,15901933398.432835,66263730278.3891,102353213123.84555,152825557243.45883
2010-05-01,112943065138.25798,,9361030223.823257,13669993173.684507,67479344947.850815,9514754010.059631,6872900002.706572,86200312649.36581,17279427736.519203,18945607078.507153,21415752301.124897,27462892497.153908,18344640907.609634,17460667350.769043,76820383555.4546,11490842118.735275,49386495126.33594,18553794585.103832,19539651058.91472,6673971153.913757,15028059278.895535,36158589400.16986,59466369739.80484,70194282176.85458,32026274990.887573,23065403855.598843,17134559836.046244,87399807216.10146,70070162938.83643,67685973784.22296,26554031236.132736,19378423091.422237,10345866451.263428,30782748194.190678,,46482961526.75411,30023110834.33784,143261456862.82126,16388461733.7806,40485243645.728226,6686145951.878128,17578786331.304733,7294488220.81089,53187388766.37251,41896773474.38511,89435792450.6652,14720552675.70877,9007697890.788849,39109108414.96726,5291398348.917084,57136451823.46652,18497037002.768524,12988729839.59018,41081877098.306625,,20455101869.008606,15012886681.257292,57417899206.53659,96476096037.55765,136341065823.49141
2010-06-01,110590772268.45169,,9581207369.550522,15009002988.872017,58766086920.21755,8929208900.997093,7009357834.269247,78697496163.8579,14759768761.17929,18730449562.522625,21599490228.130016,26263973595.878944,17326909319.096603,17317397649.765015,71229271346.47496,11092406469.743507,46549203026.93701,18867610433.67707,18333806513.119545,5891316128.480621,14966884941.861193,30521873978.657475,52446800134.0979,64314289614.46032,29215318278.84297,19121250212.56474,15741205348.344044,89347902352.85745,64812261648.46887,66000396892.484085,26003101339.292107,20076866661.943108,8535859585.762024,30577188710.249493,,48248994709.1175,25704037326.580746,128345759366.26877,16004437824.692608,46442939343.46791,6535761365.805916,16405731318.415844,5667940594.881773,51546713082.03152,39641805208.26386,87810763579.3718,13460250209.314346,8543173723.227722,37895670841.969666,4799785808.240871,56509910515.93273,18825120737.92826,12417151796.34964,40895912341.27858,5966594706.806547,19983657954.843315,14680001060.961805,51311709596.62633,92257638195.25435,129570400952.3603
2010-07-01,113105720893.82553,,10672808957.37822,15595865744.893478,63407779190.46527,10072527742.827469,7242339341.689319,76940058288.7793,16308991464.75467,21748777997.444756,21659830125.99312,29543615727.48155,17921004383.96164,19966866273.880005,79993869458.75096,13350839415.192192,49785484566.62317,20164746671.65654,18171655357.78057,6782773702.4104,16488411538.126373,36927705644.013374,59002100908.693886,70081532862.10867,33566355884.488335,19557287164.93088,17285877440.400948,87880435177.30652,71309441058.27138,73185432073.28902,29881336058.78334,21335412511.560257,8669622038.841248,32369018982.552032,,48072551087.551056,29890225382.73165,143963710085.60922,17343557986.28756,42124959145.61565,6168819984.070564,17951192138.25651,5101702425.956726,55318866205.97978,41698951599.260414,89538301118.44368,14169880941.673279,9619964446.703323,41509524465.97682,4797012211.245678,60921255673.68536,19984721482.485413,13719609838.174438,43854477506.20046,4992607484.3001795,21516056368.45401,15769751897.44974,55581008041.95001,98245694913.55359,135496055957.80078
2010-08-01,106884315081.1634,,10503734022.421967,15804981254.604733,67140497477.88098,10273754482.120255,6706486333.512955,68281599926.4675,14699733313.971657,20452871079.943382,20380300728.418236,28337200533.20239,17854647067.216415,22172401119.232178,77758093141.29228,12668083456.826508,48086075653.02136,20259085474.740623,16214013273.393536,6615939716.972595,16050880025.387365,37337163212.67827,52999385513.53592,65047112952.330086,30474998976.19265,19083970165.71918,15753303408.420166,86261718037.12033,64457697393.45032,74207957697.08289,29609427641.699295,20130802688.946712,8524126788.139343,33914813183.624317,,49049060892.86754,27393807417.52871,130911610490.62442,17817768590.233902,46209363307.655594,7550564047.98201,17063872950.339111,5179420272.171497,54696723429.65956,44228685454.32049,88040599737.95932,13667067534.406662,9610157365.559143,38070831026.84058,4882337011.61681,54457439942.13229,21015338656.43476,13908747896.711548,46762535851.77843,4877434479.768868,22413442401.30448,15404390791.309805,47202743535.81399,96230484175.81404,134201961660.28976
2010-09-01,124757027551.60522,,10872386850.823975,17289013048.10899,84475582165.41798,11493617261.384918,7491959281.0633135,71788807718.16716,17755246347.303062,24696621859.04067,21213849065.80141,31039586276.676826,20453723490.34401,22559836194.992065,85869821229.83443,13971528523.483742,48913608693.59253,21177379538.605118,17352556942.13848,7423985565.28656,16996547589.892033,44287009813.67105,59477907805.31183,75999114083.2981,32258379065.61905,21916637526.860188,17849030655.269043,94619079782.86621,67471401567.384125,77713859484.1456,31065314423.759766,22180523091.779587,9368978633.880615,34846940148.11867,,51350864625.704666,27382709311.735878,137329681274.90427,18204294646.558113,47332194701.79222,9754613745.177933,19535698777.34001,6483989529.60968,56622761218.09822,48263042327.35573,88483270184.23944,15206690134.651184,9514078774.424881,41837593099.00761,5239614502.711029,63150291380.11099,21330377393.88033,14357000741.07312,49478682199.3993,5110289495.876889,24808833317.328514,17354643482.302208,50439299236.461296,103316960317.65096,141290418357.8043
2010-10-01,132332520643.50128,,11235495762.369324,17407066282.62256,88869863462.8149,11861206377.652458,8214195576.159871,62797094331.664566,17832431057.211502,24671508786.786415,21285603712.522945,32098915186.21347,19908203694.04541,23421466409.683228,87511964002.42737,15441339373.294518,53391214635.130615,21775269026.25522,17865832419.0522,6110371559.9314575,16294019009.226128,49162223324.96019,59069872615.99056,88705874659.24919,35950977447.20096,21377018262.923977,19136740434.748074,97337327508.04996,66709105795.68652,82049159031.64233,31600273881.101303,21372969239.896374,8969670281.410217,36371579952.25838,,51184040490.862,27593516161.590965,149554177912.17242,18421856149.848396,45974789536.14389,10440974355.003738,19927188796.12281,6672733179.777861,56070572095.04625,48965770635.344376,93794906926.1936,16194816761.772156,9804586683.459091,43916852605.58034,5088298227.835194,71637326011.79175,21691227359.49436,14864774873.268066,49340252297.86372,5468333845.14214,25566963312.73472,18602145820.134758,52326755017.4162,104571777712.2042,152037501188.18356
2010-11-01,136804002651.43204,,10683321851.005692,17056294000.459087,94339854677.93391,12035698930.582817,8690138037.907213,60054888909.11677,16999152172.471664,26701104661.094765,21274375164.942856,32814592739.24143,21512519475.641098,28092845970.15381,85785019693.71465,15019115398.727745,53952740362.9353,20986052166.54741,16628289502.527466,5628737871.767212,15715217918.379644,52714686973.895355,58369294332.857475,80323842564.76393,34837616577.42094,20899669343.535122,20192895036.406498,93992977840.74005,66386897777.67389,84524534019.30246,31845917054.119034,20437896679.913723,9590235763.549805,36619456361.159,,48590302765.97858,27194817688.72384,141647453279.15836,16942478502.835047,44441286055.74913,12385764481.347183,21074760443.492332,7555403804.719448,55495275377.801476,45817568252.71008,90798971191.21567,16948582074.08142,9545689116.40712,44210520048.51865,5171976087.385401,79273552702.3194,21865061038.445637,15248694354.609802,49005546879.539,8845980709.625051,25900303067.86734,19117692742.392765,54635870552.62079,104417310580.33698,159057461520.70105
2010-12-01,141820705351.3298,,10930734967.153427,17417184115.728855,96813984924.0,12695966736.117485,9455648140.72816,73162759688.49722,19875453041.896957,29560589795.300056,22336007858.37656,37139328724.2915,22976171420.32997,26635942371.36841,97503631681.38625,16697965116.271645,55430498044.760864,21583888123.57348,17088172902.905617,5894215668.730774,16834036637.926052,62480342663.71418,67439957068.22895,85854035112.84157,37602116012.72557,24442932206.313374,21730255114.13168,95263914645.14635,75297660303.45003,88611600170.91357,33029105274.766846,21571316933.915874,10595735984.802246,36180230910.74096,,50803420672.6347,30252299203.952812,157469219522.06036,17569672139.113403,46405371540.09305,10569104265.122696,20901029254.905113,8549096624.404192,56096338730.98959,49727625371.6228,95645925660.30783,18411767390.95688,10021984459.956802,46503412152.80521,5868723316.13879,85824786966.5408,22160690315.801243,15524366885.002594,51809364504.164566,6667660703.266869,25609522188.784294,19741356148.907444,62345891813.44206,104108482740.80757,168250600270.01404
2011-01-01,149189623882.7858,,10839595547.768967,17154106237.037014,91241806011.38266,12245229135.549622,9580895533.148775,75370522619.00995,20778842565.681152,30617904077.686752,21335519391.2788,38971747124.62875,22858444682.401657,26058830177.30713,101435826185.7041,18353170761.09195,58068522305.10547,21668714832.1596,19888513968.61702,6413567834.554199,17185754678.6653,57089882523.717896,74846790161.33202,86777673100.56726,36586929647.7719,25635094928.732365,22895248746.968437,92060190438.24712,79770793799.67249,84677475465.2716,32342540401.802673,21405100219.245026,10477438568.115234,34723792014.99518,,47256717801.90854,32687164649.632477,156453599046.2581,18066439858.962723,41701230975.06268,12877825983.26091,20253296257.127407,13278851887.762547,55633675894.012695,51743989854.96554,93861759632.75348,19655738897.987366,10855536802.824646,48027539246.44908,5937396185.296242,91467622453.04301,21807101427.701756,15830207044.59134,48529403150.33966,6034197761.556709,29208972474.525925,20161073323.132095,65222792598.77319,108838217667.51663,185646321033.19
2011-02-01,155296655910.98404,,10869973970.499802,18199671344.90617,93204977252.39919,12911878080.127075,11342902034.129019,78444622730.66473,21405283340.260803,32639108429.355606,21969269178.279762,42467522301.76947,23797095489.98291,26690422817.230225,110860299071.42749,18201736178.436844,65343893354.51489,21802020955.614742,21028905574.556923,6269949734.643372,16882553778.143108,55822887022.1254,77745499274.05731,88662504411.53474,36622709470.85873,26123117025.49584,23671920031.907284,94632422397.07391,82972344047.07849,86119098564.28378,34546443415.52719,21275810914.062218,11105995513.916016,35671183753.803986,,46401926066.116394,33055447874.582672,149965294438.53058,18745707196.983063,41852662819.88591,12432083923.73497,21861680181.684074,12579384053.4091,54863763389.66615,54640739137.25586,94437753527.44667,21313734501.50299,11181261140.011215,49350797089.91661,5754500608.132866,96020965694.45798,22091126312.00258,17170585228.51532,51014720345.71234,5981617408.876728,30297651734.657104,20327253412.284096,64900907928.46676,100899108803.65103,196806279459.78412
2011-03-01,153230167938.01117,,10813563423.01561,17477887559.8846,96883908761.58142,12656449884.643791,10378473519.883495,73174725222.96584,21092586431.846237,35309088524.656906,22596011997.50307,43939760786.34856,23393480059.887314,26954764514.923096,115720440576.57013,19562576363.53755,64372862165.13086,22297241680.296814,22189790082.694016,6607963065.566895,16877099015.194328,58563970351.443596,75027976395.94406,84811888436.97005,35539749184.234886,25837274805.276123,24550207769.901096,92084607514.07524,81923825135.70638,89379598140.67627,35318171031.90971,21953340688.48595,11216333032.608032,36157705069.24106,,47028784959.043976,30427046987.38532,144098014385.07672,18627422064.91799,41330179177.04672,14303480553.281815,18588443290.26261,10247811131.179333,55720193813.24454,58286004651.04219,92265875556.86569,21250140943.7294,11047784388.36763,50258024771.590805,5911211190.46187,96122493925.05309,22361588010.943096,16848035168.767517,55023263441.897995,6948089250.893435,32161886398.947388,21035746257.553486,63889919117.208916,101034936496.18073,194605019430.74603
2011-04-01,153942477586.54785,,11225916886.931854,17643162088.203598,105317476568.27849,13492577872.749245,11194857862.081587,67459213073.854416,20703734006.15355,36596526610.68375,23600459531.125603,43406050750.01784,25808749981.96289,27967735897.06421,117819791416.14824,19759868927.65587,64387786635.033936,22911492208.3973,21167473434.654694,7301399760.450928,17257693146.30572,58005192876.2995,76524756819.35788,78645676676.73178,33838950556.019966,26076833624.82073,25175173490.716564,102140090106.16971,81088644780.85582,91547555651.94806,37183447816.8029,23101876500.874184,11139945190.429688,37212627819.44043,,51815817475.92456,29123983759.195984,147105982964.92175,19313688652.63964,44511526648.98595,13996092453.492874,20285214238.216484,11102723320.066929,60051809321.50356,60180110378.03983,97208729816.0217,21504177299.037933,11770554549.750732,53185041284.54384,5791565008.955677,92504690953.85265,22907276154.981144,18008334118.470703,55940033116.029625,6910532048.000809,35130233761.93628,22135340072.037094,58782233300.15504,107470438581.05656,203510637888.94495
2011-05-01,152931175493.80493,,11755207352.640427,18712332511.25242,105790796113.22151,13431833880.229202,11305264488.879335,64547683156.47041,21720223391.186096,33688885100.32617,24666234439.88245,40286342703.53599,26316057075.698547,30724153404.23584,112942912965.64886,17445437025.289856,62191736673.03296,23034342016.62504,20465330445.968246,7355074550.694702,17126733948.398033,54696448225.62557,73493688304.5972,76465984330.88054,31535355201.467743,25466146062.21475,24484414144.08452,104580126418.65514,77258123221.51741,90665465021.17184,36980793433.66379,24019464202.050835,10286333604.812622,38747510091.99886,,52968907516.47789,26959804994.68086,141941324518.24005,19784834225.671036,42962242654.97844,16289773253.388992,20810075248.869965,11124927181.54192,61995688758.70752,61557612662.27468,101186430324.73276,21852733516.284943,11873899555.18991,52110413142.87511,6182173176.423784,88350993214.66895,23806918713.674046,18561764824.18286,57802894515.67007,7546499519.584623,34930427027.29767,22456235649.64756,57287953454.00187,107939594485.45859,193078350564.27347
2011-06-01,147584777106.10962,,11742535839.19606,17649906717.86079,109986062227.64296,13501050380.844658,12713822132.768572,60207902918.61961,20267346856.168076,33899052682.41284,24632409909.303417,41748691472.360016,25996293302.504654,30062293155.670166,111570536627.79353,16709753665.364365,58322483391.276855,23427270179.66908,19604642776.402473,7327514810.006409,17753325203.004177,56579165559.80755,70574927872.78801,73193543909.88432,29900165294.582703,25424046729.648006,24639972716.75162,104280096663.65985,73148640915.93134,91316859191.72998,37871762295.06615,23726727185.12871,9932662250.518799,40367272857.66911,,50864534091.47281,25676546274.60598,148527165870.08975,19617540422.77894,40987674837.20505,15801922244.807755,22172772395.761024,8848871853.262186,61394203087.12373,59690564423.7884,96006296036.66008,21341102440.15503,11439445525.675781,52838589218.563614,5928044233.41964,89313977246.57451,23985112909.415222,18399910860.841797,57528141924.4267,7293615875.679334,36807192050.128555,22438200759.224285,56893318307.138245,104561028867.4965,189311461594.12
2011-07-01,171683223538.05923,,11486988462.411392,17717365455.119827,119683603934.6583,12610585872.503471,11281408864.02895,53386553399.57907,18987553518.586784,31456764676.48597,23778550370.18097,39971916665.41346,25039511812.31758,29200659816.741943,112850696423.32474,15992513032.49163,57695039598.66724,23141114794.10212,19126475058.468056,7577759392.395081,18263044014.251575,56643321187.480255,67571122465.55508,87259000097.38785,30322534661.17083,24702848419.05433,21956412695.918324,101568038148.37012,72273146866.9562,92962106055.23387,36388488546.18713,24213534228.76517,9195487312.316895,41401366454.7068,,49725633029.37784,24828470786.95436,156524824672.7401,19043763055.32082,42396555020.16051,16000431846.052322,22298813073.57469,7677532983.094454,56231219927.23688,55778784278.789276,92864964991.9596,21216061724.99466,12105823463.758606,49453705271.79259,5454477478.756422,93417880413.16379,23486164861.02751,19077462180.43161,53590382591.588165,7053249508.536222,35532930454.63101,22025540814.505966,56649997614.243546,103714926030.6191,185612847624.90314
2011-08-01,169199048191.04767,,12038585358.0932,18165946419.379192,115762637052.8149,11635617142.65319,11106969193.194002,44919462374.73035,17528854761.508186,29098664234.895664,25520162659.804287,38130421848.314156,25132311188.713074,25980133769.989014,107230957428.09717,16463059651.525703,50882790814.829834,23526794018.47528,17390098817.40097,6821216030.522583,17869364306.907063,50620473777.46418,61534620717.141205,78191824723.50748,26110123894.775894,23606670120.890438,19769044759.03829,103151364761.95172,67521778352.75252,96297348921.31285,34580299689.036255,23714084679.729393,8544734888.076782,43282812227.35257,,48224964835.57297,19569611245.0448,151954780482.38846,19550447870.65486,47740899823.38585,14136854847.5419,21433074156.36353,7388862572.342157,56573657580.4385,54996448904.36084,96960266215.81097,16214233949.695587,12520715563.987396,44325644467.24072,5353404894.631712,80754700277.12563,24859721199.377934,18600961588.799377,53117880097.92143,6194439320.015737,34022282623.29767,19809661342.9644,52919306014.657005,104659425646.77255,172190137395.61594
2011-09-01,167655803998.9128,,12000820927.075424,18145714307.648632,116300484317.5917,10853946298.018837,10992910792.091091,33689862418.6201,15878510625.065392,23611490452.192394,25154237465.62025,35469632862.765335,26364534185.057373,23060265552.520752,101255100604.15802,13152930685.322853,45056517563.07568,25223537851.808445,13336984337.953835,6443308908.36438,17890910132.65108,32719032855.95761,57422261537.68938,74445288457.24968,21305958473.633514,23418234908.08267,18288737730.659103,100733165157.37126,54146877272.64783,92347008499.77051,32821269096.901245,23709538276.267483,8291779944.419861,42327265000.98833,,47642199182.47616,15107739502.112148,143083612410.14523,18807467271.57113,47992492115.25566,6813674004.402229,21151097290.816406,6944754303.634167,54789482276.2941,51800702959.65165,96198939492.30234,14439780565.12642,11267929754.755035,42283164669.54085,5278800027.830198,61944967297.96126,25466796303.155476,17533263541.983856,53192487324.23909,6106807189.751132,33019926690.264847,17646549156.93416,49121595723.49235,102859921569.16411,170072458111.12415
2011-10-01,177970525066.72287,,12398532099.166397,18584172107.07865,114837520881.24545,12333034356.302628,11362558400.736683,37598328453.02905,16927710333.75357,30205050300.322243,25633618761.674767,39015490991.895935,26724064284.134674,26872034717.559814,114881207743.2127,15552623235.514694,52107793026.783325,25766127230.910896,16796594014.430408,6964112537.310303,18638294624.44928,43260039933.53515,63648399094.041046,85661793115.8653,24686079283.44484,25505710229.877647,21824876205.376396,101840271555.66637,62488219090.43926,94022807544.59882,35879505083.64876,23831384610.42548,9012057621.002197,44751623938.21651,,50868764404.439476,19726162527.287838,153086257721.2191,19636093705.306313,51188764898.77959,4937460004.26503,23917970546.475456,8216014159.6496105,55718874719.98398,56429941383.2834,97432259115.49982,17909539931.43463,13162699350.351532,46862440058.90286,5874723054.279343,76194467579.32605,25965664795.76349,20476197600.068024,54665902183.19845,7353707131.677231,34477892972.71045,21514222341.377716,52767016807.03075,112412603822.72769,182857766340.00488
2011-11-01,168042718094.58923,,12524787489.100983,19899568609.501923,103424229164.84338,11990850022.430267,10067149318.664434,29946541740.170437,18456445116.37168,31471903152.001442,26119478946.471634,40343389818.61749,27382130381.559906,23895666234.970093,112442514006.99187,16239075158.009003,53556900760.83667,26308698766.472004,19522864190.19043,7254977771.159851,18604703433.08098,42853074777.279625,60601191615.6271,86637459849.98477,21601161707.969902,27942290881.690865,22553754714.326214,102362231317.66211,56165004923.32266,92522730728.80615,35995987878.378525,24273894410.604404,10363305679.32129,46038478021.4479,,52711833564.46876,16588965084.098549,147050186959.93146,19301852183.48008,52758976908.130554,3881754096.0885544,23875770907.65472,8676778933.674097,56648261949.8665,58803189683.05181,99116936661.3281,16742045719.379425,13453386726.626892,46033128131.747086,6167359647.017637,78123458335.094,26392412748.84148,19822566871.193024,55159682215.16397,8197494618.127537,35038246310.919235,22343931483.312195,52665187152.50438,116733046460.36221,188360623895.80585
2011-12-01,178067271099.33472,,13195275560.188202,20240221281.31808,93102779296.12189,12197014669.238457,9710494576.248339,30667502415.00412,19121587797.480125,29131123403.497433,26373539907.091026,41220163312.470505,26823040921.00914,20473355089.187622,117277409543.26459,15849749076.58377,56021869400.23901,28099470627.877514,18538631912.444992,7355074550.694702,18425069014.169525,39812221960.73166,68219204341.63841,93360153709.11453,20456430191.26378,30186098202.80759,22792247241.28138,104684975674.69333,60299872385.94686,96993065501.57637,37725197576.96846,27002748500.49273,10954629049.301147,48720551991.64656,,55587037847.75488,16970318442.043316,150358459329.96677,21411116556.881355,45964958785.211975,4168088474.2992973,23922930634.139503,7694185157.358646,59207292447.72902,64041259646.083694,102401895318.62045,17205429911.58676,13714498169.422302,44191168255.331406,6367687111.944563,71099948413.79193,28130719436.167316,20701496733.631012,57557947706.820946,7150898415.14392,36410478196.582184,23035850257.488087,56400554067.537186,118437490917.69508,199659077165.6615
2012-01-01,200701584616.4322,,12636289542.825485,21547888562.56108,104580619249.91571,12690245627.0316,11467686605.076645,39327199291.34745,19682263281.41661,35085971712.7015,25896831057.25273,38584163680.22879,26484989071.997223,23568774187.088013,113662084996.70375,17745709639.27469,59089208987.784424,27218175146.98916,19974520765.16739,8701333308.548279,16899909487.232018,50006073554.09508,71957903727.3481,83850684005.96857,25215950171.709778,31873460600.645046,24339682187.018005,105211756408.78752,67644681967.90309,93610734691.24828,37665629865.90912,25820260085.819927,11580484188.079834,48098973200.34138,,57104815726.07529,20918462808.871685,171035597327.59183,21048868091.308556,47340677491.43231,7230543464.2630005,25911516259.889297,8199361263.543367,58600488692.64418,63331025032.021484,96768333392.18103,19283241513.874054,14267416649.788605,47371417391.95628,6956877015.294622,78240094322.28084,27687086306.3876,21848763495.136414,55978148469.59381,7278592725.891979,37334128789.36508,24855836366.479298,59777258331.45589,122368466575.30573,197256312594.7208
2012-02-01,238495792740.1886,,12013412530.074646,21232351860.788517,96647248989.10991,13008837924.8769,12707710631.659407,43960432908.473915,21520718722.644928,36886722893.185776,26771644345.148735,43301846235.60991,27705114792.20352,28887892444.610596,120275495602.05302,17082431937.359383,63782938211.63843,26720048898.991623,21460634092.350655,10167998043.002197,16598279636.503662,46341585701.20247,73265521964.69211,89363537341.16818,26046149201.97725,34156814972.78241,24981314466.12016,103886852265.29062,71675151886.17097,96840567197.64096,38658700189.774475,25495395491.272655,12314486509.32312,48210667331.99951,,56955586489.81894,20852372069.61718,183835778951.84848,20929292105.860096,45762133370.893814,6660880984.01799,26890753788.228558,8410312384.396791,56164404985.99571,62531997502.6677,104627781322.13843,20469059263.282776,13775258545.013702,50708879941.61783,7357756335.543098,80779782917.17491,26854545822.63516,21787653851.38031,59361681272.689964,8365247975.338829,40188795279.94316,23973019081.18988,64033896652.930695,117821484813.81418,203757695992.14874
2012-03-01,263605555271.83533,,12470219033.047073,21381638328.924088,108921108639.68965,13233722958.030258,13167232526.194988,52850682894.0978,22158766042.422638,34403085202.62785,28093270494.029045,43386220196.85672,29314238682.57202,31178176906.585693,119075981596.3365,16664282075.46743,66501954052.66211,27150699795.398,20940421993.57483,11420678437.61444,16880204034.103634,41419959577.31328,77871124489.53255,92686573607.55798,28219069539.318787,36124220852.81121,25763446194.1583,106221635278.36197,83986349979.69511,102593371428.64825,40659017578.82973,26494872882.33974,13616232112.884521,47972258227.19697,,57298764740.71984,22089573199.386997,188077649686.74426,21696701458.803307,39478784885.65556,6920148586.331284,27020326926.998535,8549096624.404192,59692796974.72366,67726551545.04432,103993364593.13162,21904209781.402588,14196517714.380005,50432581336.684845,7781856533.484373,73043413871.7984,27591819335.278046,23591885157.34619,60603624213.52913,9324211600.340668,42488384555.08197,23495886045.214577,70154479930.61935,122049307986.1598,205417768328.49203
2012-04-01,256759880521.21735,,12554253687.399582,22250199117.766087,124728686782.87811,12411245782.546951,11691098431.918041,44787780585.04938,20876240429.354416,33191919310.441154,28426555519.86351,40886148387.173355,28468400790.58731,31424351165.771484,118354013743.27014,17060262334.8527,65484215168.07764,27693467609.913887,20697276533.230247,11910291034.514282,16855918141.389996,41703055401.32919,75969990391.31763,87426660622.1674,26127092133.201485,37415873107.45063,25598854564.447346,104836666413.92044,78506575159.53168,106570259340.54367,41241741966.321945,27231740620.69002,13655281517.028809,47654386648.43293,,59204812802.81084,19435218568.98694,186678413965.86523,22858266627.051758,36923131724.16881,4820762376.650536,27968287075.976547,7216769652.754068,59377909079.580444,68474062225.0388,98469577546.79675,21925554639.598846,14844414544.547699,49642111700.02249,8613252111.616024,77440848943.35727,28212089947.70432,25198358728.708313,63863785727.91561,8295143524.735234,40595829271.19826,24580176361.696167,68877441739.39093,118268838959.6436,204493984480.7111
2012-05-01,254011884191.97845,,12447595036.889236,22085846977.534595,114514810470.62357,11474850154.77253,11223181407.3956,40590656183.33932,18611869784.328506,28418590712.205986,28422163001.182594,39055612193.07708,27890505379.778366,27971769287.109375,109190874242.1954,15301623274.061447,69433635309.4729,28404214522.639263,18747279158.789368,11831231064.714417,15978766888.235703,35187521944.89895,74068744852.6632,83959084632.79536,21713954691.18519,35645848738.584946,23488829610.23578,100536928635.95451,60947641082.1326,104350068513.6313,37869681111.34346,26942260754.02213,11645698854.446411,43688483362.07229,64496813606.417336,56700236696.546776,15070269481.063156,170179359599.41165,23209925719.106575,36543446458.060196,3816187759.822891,27045758815.593346,6900343693.315983,61042302373.57466,65394204732.0272,97196000620.10085,19607917026.237488,13829983999.794495,45063411675.89461,9283523625.90427,66066008557.626495,28193663109.00143,23889850337.33673,67555475068.2421,7386258408.84277,40321100207.51413,24352827577.2595,66053918931.283455,132141446933.27443,186233030663.74866
2012-06-01,256768620860.63385,,13056186760.322983,23798113839.60441,122819292061.31609,11720201213.34626,12172577254.431896,45235165015.63813,18505080093.77559,27539626155.231205,30099143606.100998,42375573041.33057,30771682903.57956,27899127651.2146,118231271079.09247,16751617903.598541,73671654820.71606,30147513642.29989,17012265250.75056,12740821393.469238,16415069859.552078,37416947829.05662,80858707352.78256,83844891309.2896,21854213308.238846,38508702249.27869,23718709672.045845,109857373682.10594,65691077693.02983,109181473774.20514,38757246002.75871,28567082079.251694,12395345975.875854,43631332610.794846,67765230851.67396,62991885071.225624,16457728253.249874,179511659408.17447,24669660118.023834,37589537723.54686,4119967474.8573494,22018597862.7791,7671979130.357504,64067535883.60741,69454594518.12494,95573219122.54642,20374340232.460022,14963576774.747925,46218128603.27852,9508898139.40855,68078334360.32487,28739974798.33981,25372343080.038696,70501271059.6038,7834439865.963453,42294865517.6375,26222633287.486523,69366306964.36264,140920987744.2353,204066577915.0982
2012-07-01,268534210257.67517,,13821886570.103073,24693114643.04721,125481681160.58884,11774257411.978676,12567023063.366764,40589982783.633644,18723232216.82119,27312584162.87868,31041746369.233818,41283563454.54317,31153894549.215546,25094282907.485962,122803572071.8744,16009596691.608604,74643805510.94946,29537413224.52359,18503741557.841568,12924328769.954956,17069582864.966164,36977649859.67533,81423384019.90952,91491206494.50552,23003243715.43348,37920057118.207245,24657429697.74458,112556677282.64378,66187470716.51327,113596358348.42337,37182350786.06094,29312719460.793,11057316976.547241,44040391701.46149,47304922476.95927,67371502647.21251,15408672958.999413,172939150722.82956,25418965699.787354,34698604643.16011,3419770665.911762,23415773109.80724,7516539828.717709,65944412682.505455,72595127532.28003,100706851428.31232,19997494920.47119,15557376285.478851,45551131318.42273,9652590785.90852,74738305690.29878,29888336676.397545,26159618373.141113,74969388441.04108,6865463046.355918,37074039840.47017,26947931217.13877,70133829161.51959,150441028173.77142,207119046003.52008
2012-08-01,292487502623.32153,,14067307114.112137,24040870744.51487,133533376178.2409,12088999959.805084,12454638721.396637,44184458439.703,19395146961.750298,27852663684.44878,30919650222.800217,43572224000.27072,31701308141.260986,29295499156.951904,125694976248.3663,15653216931.067886,75145076920.84985,28230058585.2013,20484683499.054527,14336597121.041992,15913280458.63058,40036048272.49126,81266420160.83234,99024777918.85538,24102105395.4088,41241142160.73288,24827327070.08632,109646003899.70209,68852743550.35619,105160985609.99263,37805876956.80794,29898567684.222588,12490271959.30481,44104464724.32968,39351767424.277176,65663186385.19172,16985542612.377995,180861432494.86835,24131889405.110424,39544057162.348495,3592413190.7181854,24421632215.66442,7788559508.889914,65672371856.19719,72051629663.41153,105751308299.43106,21135608165.50827,15203302151.075562,48861613348.35521,10279815096.357525,75912975113.45242,28137864405.246628,25867855698.288086,73638054658.82832,7140881638.800827,39403411668.103745,26690783983.210827,70590165631.20784,146742209317.69745,208192203156.96286
2012-09-01,294564649888.43536,,14540495258.339218,24378942862.375233,136787399320.52394,12106565081.360825,11875665991.181402,48829654207.37997,19774821926.34709,28084421515.738575,31184315498.845253,43871439023.51246,32536480527.618713,30810925964.35547,131671699169.34161,17187065743.129562,79413475313.12964,28554727767.796837,21193978482.16236,14945894101.419067,15737221397.759258,43883329486.97156,89114430033.96957,109057473088.37727,26030738467.33074,44097529384.35005,25542471078.0666,113070804112.83005,75044672451.92107,106651223031.37006,37225346630.79964,31921684908.39937,13262144519.805908,45574132910.457,47195976352.41726,68789981230.40546,18955864033.147232,175797923789.07687,25437775561.800797,43710707325.14278,3274797025.5807953,23894247691.77596,7405516190.290451,64167229094.022736,75734247338.91945,109166694579.68625,21667556246.128082,14535883570.855621,48238816442.73569,10728276940.769302,76142038131.85606,28905375564.643158,24910806928.90277,75768419310.90837,7331173078.57196,40208891660.89258,26215938431.76742,72094403140.47128,149974342831.27182,219506310028.23752
2012-10-01,262869489828.98712,,14705947240.51625,25794646847.76344,125261158447.46527,11437723682.061668,11300264888.138203,51603847807.906235,21036957918.789825,27682925109.048626,30526991409.014053,44385495108.749115,31974495370.44342,29456928485.87036,124532339742.76852,17906920443.745346,74613426629.91284,28951377796.172813,22033789236.194115,13099142416.571655,15825686138.262032,43107221327.12815,83270931186.77356,98332409041.7811,28025185076.83097,44835287095.407166,26179421250.801632,116204840020.19574,77269331123.54773,105252986819.9921,38262209998.59238,32743129698.207542,14200667747.497559,43115360471.90237,45997560605.20608,70261089052.42206,19680572748.16488,168591142894.64218,25340124193.987335,42883270856.27434,4766623805.192627,23005534051.168877,6650530761.986971,63249463440.73221,75795172889.08493,108977835239.50964,21375259903.808594,14588786227.76175,48158696833.882965,10272229101.59082,73194474328.13884,29375735136.08879,24976446603.335693,69518024816.11266,7043232732.19313,40801636166.4651,27172254180.452057,70340564489.5988,152453677128.86142,218834296175.80466
2012-11-01,258436232799.04938,,14113615735.972458,25671304543.9851,135566471256.83884,12235844308.054321,12008459631.277445,54593742501.088974,21853232030.47316,27991292481.82236,31734457859.390144,44196925927.939995,33757882317.523956,31815821193.69507,119392410908.23302,17615597688.81299,75433669666.43237,28127220308.590508,22282363710.48584,13474148117.37146,13366465299.147726,43590590302.73148,83547717398.43906,100944309871.09828,26971864627.297806,47530644752.32638,26217900575.147644,114416296102.8883,76719438638.84521,107347875133.70476,38622462900.989456,33019172757.03814,15905704862.594604,43234567734.668396,61010499923.45215,68213146494.93118,19159292703.426033,157249365126.5717,24851837520.09607,36998413936.980484,4915206332.244377,24541253149.019913,6644976187.40797,64135576069.57676,76252329214.16016,110808974043.07896,21157082839.13803,14800312478.996765,49360223832.815094,10988356227.801975,75394600552.434,27312404385.887257,24963329059.562622,69651859272.98607,8467906837.128183,39628594370.75726,27117032944.950325,68920838706.1113,146357105730.07965,211561459027.63672
2012-12-01,236058246543.6859,,14278458530.730011,26473007303.0316,134931801635.97438,12395170612.785812,10828139574.710152,64283317937.345276,23101229355.918503,29426344760.276882,30576221806.016006,45011939819.97484,32164379280.36667,33920466613.76953,123213365124.80084,18112307653.58278,75631165514.49731,28469622997.358112,22882897582.97367,14956771421.739868,13382491958.65949,38215797538.43064,82994137015.07668,102246628048.33784,29332876053.24369,45382102956.48977,27321536134.663265,116040587205.1007,82116725753.23146,103324383451.26373,39429415433.73596,33548048915.237595,15654494590.759277,44209185087.466675,58003557565.720894,63039403074.44924,21714614263.74168,159077498985.35352,25248829632.665886,36487699503.00345,5569682042.632927,25981300666.68301,6849878993.719816,62509577252.9372,77121864927.71829,107730516165.6693,22746671044.078827,15254924429.753784,50884474219.00914,11110520568.18118,73237094284.73007,27132154640.811195,26130644484.961853,68794721042.9998,8480424113.890362,39519299297.05046,27923960099.848797,71824063677.03879,138655216419.2184,209045640668.66998
2013-01-01,202044767481.82678,37951116742.980896,15151620246.663849,26171720519.728436,142800623659.3884,12996318592.18087,12298156523.713629,62740941594.39865,26405866222.854126,32495658371.906067,31403950590.330963,45019687073.811165,35699044959.23813,34733674278.25928,131200496797.61423,19818905437.472885,83100700406.4851,30674008147.110332,23676667372.917747,15626272895.30371,14147460498.460733,39389082172.12973,88898745023.29178,109229498962.71548,34000942202.684647,49102184537.52765,29374846446.80369,122364040510.73825,87868817328.47092,106146180620.61304,39968812398.06587,36520576963.96265,16831221965.789795,47757537710.375305,67503760152.77314,67235124517.60769,25950779897.144806,163484774129.15146,26292495532.5725,34014102976.107674,9939888502.931274,27332441815.9767,6849878993.719816,67062644014.7489,83886916482.24713,119266791893.21777,25071393379.18091,16325062141.883026,54334261419.06596,11711475678.595314,82484181957.35835,28032121873.09151,26476109424.08087,70998785097.43396,9391815102.808002,40386377936.565994,29198899795.46519,73189927024.89809,142939307589.10742,217306014514.03436
2013-02-01,195794794486.0878,38643652700.82324,15653440199.60646,26670073118.651745,142139065778.7967,12834296952.760513,11765248076.055044,62242111456.647446,26793664584.748215,30507405154.152855,33660331576.333923,44980881093.28729,35332779107.63855,34146467674.25537,133479258878.49933,18506214793.417786,84195757716.59497,30901584673.40774,23847482194.226265,15344836528.42566,13944975599.411251,35984452304.78281,92649400376.1567,115807625329.46378,34437860275.093575,50261502325.29595,30175503555.945408,125989301335.12158,91988725589.43405,110364663004.2223,40939324806.83533,37180382058.07341,16886614894.866943,48063245172.10751,59376287112.19929,66426767297.30827,25610074968.69851,165569274903.7013,26226805217.1746,31900094467.661438,11313813437.772598,27539772565.188545,7073364179.939032,69750658892.74136,84899273121.50322,121865448801.70314,24468165955.806732,16036592659.274414,56183243833.651794,11671748699.924335,82272838757.65256,28843855295.218765,26257935625.498352,74539331687.50914,8720790928.750647,39098941623.47655,30453829663.5179,74241511115.71748,144635374941.1589,216291613706.92792
2013-03-01,197498082136.8332,42683857476.44956,16441298034.247375,26436364147.755714,143333105582.75455,12950244763.567764,12349722737.634533,67568195540.79344,28708048149.71608,28723936012.337357,34719288771.071434,47181008234.34662,37112916646.46713,36085647251.12915,136436038186.53671,18116416799.09294,87604293341.1123,32752521982.300613,24295180790.472298,15690107174.96167,15777625675.873245,37314709565.571175,93005245619.63692,114794375490.429,33952643830.437035,51200703897.27958,32625586729.07588,136040853687.10533,89243428437.30988,115267233592.87708,40392509657.13455,38984295621.433105,16784815086.364746,50365786765.30815,55737448854.87529,68711974824.59799,25017469512.95685,171804173836.1491,28608264623.50402,33166933738.539734,11385999203.649078,29956412841.200294,7212324549.406767,73346199506.38113,89521092205.67776,123273219701.02725,25121656848.056793,16154323169.46875,58316944706.90936,12237434532.672657,79449576031.66931,30067846767.73804,26393984990.281677,76158439039.71242,9486958584.107697,41849402091.134705,31795765477.884876,78283744490.51584,152911346820.8495,219034614838.81192
2013-04-01,197551574694.8967,48199898781.56217,17387955565.956528,28866234723.97655,136513100087.94589,13031696877.438316,11046645493.937874,68289349098.9599,29991999709.765778,27964299399.26152,35125225872.73945,47455773166.146904,37924364967.78534,33181925090.789795,140098975278.05927,18927053940.611023,96919958000.62256,33930157049.97784,22984336026.57814,15529803644.910156,17164117127.032696,34304733598.464287,89666370650.8646,119185595021.40659,33703461231.60775,54116075070.1299,31841876572.820015,142214728298.4351,92158014484.48758,121527763705.84557,41613138020.210495,38016386224.47491,17006126787.185669,51603610350.07568,60509343561.934364,73769045459.72855,25210965844.85803,198766778552.3597,30210293231.8221,25933909871.695747,12997530890.984482,32286528414.55217,7740740360.409021,76461381620.88463,90172526516.26149,122809301357.57849,26547946129.119873,17645686568.27005,56981198355.54744,13267783478.576729,78961570970.02843,30907334406.198654,29641631029.916016,77756692946.56339,13518101047.552607,44009245130.94882,33034902643.322803,80378904516.35902,159841539017.6048,216312137317.67728
2013-05-01,200652420207.21436,45096563828.91836,15491268696.872314,26842238010.391277,144790693418.91116,14148144769.942223,13040996276.188185,75778440412.57735,31421258109.647095,28519547265.66972,34224292513.71586,48154466712.489296,38344063276.32797,34166650245.666504,140948707638.64456,18462889479.87433,97290121950.10498,30198730553.80339,24526515300.938606,14698546425.729004,14340803058.678888,35331928316.683334,93809789872.81955,125928505003.17441,37397522586.392555,58033678899.16727,33972189043.159233,140462722758.23187,103292433972.45221,114809746887.40479,41624073053.3297,36492427701.97439,18718024887.08496,48789492829.61929,53057336493.52096,73298180535.151,29548127550.25118,209575830573.4444,27849600851.957985,27438711143.07305,13609902671.980743,31301683333.231094,8134241726.636887,74885252871.58583,84465016193.59518,123695459476.95288,25503746347.90039,16234038767.925781,59234482728.0916,13660511829.500965,77476317096.71481,28132540618.475525,27705702256.469116,73785937194.55363,24477303238.659332,45991976039.054794,34521874036.35683,85817954045.27332,153918484683.39005,219909714405.00793
2013-06-01,178087553169.00635,43670453394.37736,15286319161.036057,25231847935.10387,149357081121.99832,13722538425.841454,12920014743.149088,71340458870.9145,28905987118.996857,27419314280.704514,33898867623.811455,47987517342.62593,38780763436.5889,30816983860.01587,136980752443.54407,17220866246.969925,97398084227.28223,30782624757.192924,25016664641.345444,13398718686.486084,14253915222.813902,31417541160.171146,93286815810.17078,127251061518.5714,35008944243.8481,57155747299.08327,34530420849.372986,144342797210.7291,99886580996.5181,115154232374.27994,41926239765.283585,34015265433.219627,18180186595.916748,50409065869.756516,54212190545.413536,72905830784.53282,27871068084.66909,208868476649.33685,30271609762.02728,23972856282.16078,12697962422.231964,32435388241.056427,7932613195.866346,75830922821.83481,87608750666.31459,124066098485.88329,23871002513.641357,16397653962.312622,58336430067.025955,12829230563.457142,76022904146.41055,28582839232.50016,26457205019.710815,74650556689.17377,26880966014.656097,48084868094.86125,34597288551.15203,88029436619.8415,154117528353.70554,221137304614.06616
2013-07-01,203238075937.35504,48043856031.05786,15822263987.449402,24499811246.65876,162012823820.40207,16401771611.704453,12752499333.083187,81053718350.08536,31932813036.22751,27558918223.61095,35425458645.42801,51445785493.9202,41183304817.27753,35312798480.98755,145719990626.8138,17716197566.63124,99711582414.48584,32378750347.850803,27640306744.88346,13009208888.66748,14120053973.920584,33636558686.236427,98816570019.93451,128317795220.51949,37967076060.10405,58595641086.80216,36114616493.93832,157186794344.19263,105449472146.23883,115863399135.90009,43976403268.212204,36778305143.452484,19815953659.057617,49940633528.71125,80185210519.57475,76299799571.73402,31042644384.987034,192541160062.59058,32177510030.367302,24261829047.43741,14706513312.056503,32048272616.929375,8158611114.263535,77996164877.86642,91424655552.20328,129400049073.0246,24450400802.646637,17167090293.971893,66263992064.5166,12652698829.602955,86653050188.2499,29042706041.650566,26815738021.109985,74376393852.18408,33621238832.420437,53732689036.69008,35563820975.80042,92786030177.95831,161255460598.67285,229459012115.8995
2013-08-01,218817927044.63196,45425876206.950584,14610422086.830734,24049881356.467957,151126628168.39752,15420442129.837082,13388732110.16994,78388943741.93547,29482022325.859222,27627192467.062695,34381675328.63548,53147341762.56988,39236709571.14212,39655263050.079346,139399913412.3967,17837759444.514374,93819894542.0957,29916142389.54339,29875294842.483826,12602279276.049011,14073889505.164978,36356320784.64673,93829124789.07791,122413221185.9285,35212637378.97933,55229527864.03393,34630512052.49628,145267487207.623,96307483395.4021,110370899818.03014,42962732752.92229,35594148183.401405,20450284446.71631,48046446331.340294,89968689784.93442,74905892605.95105,29441550836.828323,201974737129.7766,29855489549.321766,25693274346.761444,17078397449.845062,31997333340.250404,8333764644.145966,74438997886.3519,88953836144.30562,126456593512.15715,22461727945.835114,16460871967.66156,62830597636.44292,12524119840.542194,86237532701.64911,26957129775.320667,24398191032.62561,72546094839.08995,42314491573.20742,52913978897.573746,34431350799.470245,87624155061.77438,150993369797.85962,213329509590.33386
2013-09-01,215529416360.03494,47685963617.02461,14958240082.807755,25655748353.368656,168155134375.27106,16089255496.975906,14977580165.612411,76612434104.33844,30848290346.872787,27915051914.323826,35292266734.29314,55720522180.591095,40499212990.63431,41899143218.99414,141800308945.4658,17357912638.0744,99464821904.78345,30793426047.55297,32201783768.712807,13321098140.715942,13819471164.452343,39797050873.97582,96870222943.39622,126606411577.13069,36739826102.57057,56237873063.357475,36322340548.02456,146836304990.88928,98518399226.82834,109503662651.71732,43991035048.0117,35172035117.347145,21249191127.7771,49384211906.17728,109448474661.52194,75412790563.80484,30801629869.025726,202667143165.29483,30025569924.771843,22725248875.93699,18600301046.278076,37122183768.69526,8835739380.836487,74224246375.24908,90593580824.72514,122722515423.07281,23978735097.099304,17310496673.420593,68016991228.79439,13272344672.007088,94505678810.11674,26977169231.179585,25019176346.54669,72524658265.93625,48416285673.756676,52818090649.289154,35015091938.81287,88740709110.43703,153950153486.11438,212043811315.40213
2013-10-01,236302471796.99707,51651811772.63414,16162485302.147736,27564231509.85278,195795526742.79214,16564757387.54834,15887628285.61469,77610669645.92107,34289678371.751175,27901649373.558735,38523915071.61827,58782732311.97817,41494367961.39679,43069510540.008545,140002990453.8936,17559685283.606506,105788365510.14795,33075956986.619877,33936660529.131317,11696314971.54889,13306592689.085419,44224299181.97166,106809985786.56345,148962843999.05054,37355208899.90879,58054371017.81229,37936361959.47885,156863559643.49683,98232533840.5246,115221081170.69913,45872121774.337234,34815639947.64952,22217698528.289795,49543359104.01038,109404904588.95424,72064893559.24733,32836015850.071022,215638311632.67563,31744849391.257668,22220773344.374077,19398545928.85843,38716618590.62845,8625633537.02426,79069646101.59071,96773982994.6122,131099916378.11642,25655783338.34839,18146382760.07727,67026597584.84033,13696349374.665115,100238487859.46967,26800286630.72531,26085900844.989014,77628398203.80327,40046034011.276634,50536796321.1929,34126981731.3937,91683000106.68521,159757631133.67023,220866639614.98505
2013-11-01,251388409685.51636,52117028439.29802,16238395036.045212,27015369721.243725,211710668183.66858,16537404794.739807,15642825076.058355,87888393738.67834,34510828062.74538,28515015913.72515,39377824976.66027,58940749335.18681,44107102053.583374,42044432739.25781,142897380385.95752,18074632930.30455,108795901229.83496,32259778535.941757,31420221132.883415,11656419675.427612,12546625161.826662,42135070810.35922,108934749006.78833,153156023282.49304,39231571064.65526,60126393815.34341,38714954914.29993,160335890050.1135,109861767126.37878,117026351546.37764,46442274401.17241,35095179978.24132,21271511798.858643,49979630256.842705,102432277223.02386,79640559689.71635,35835160859.62669,232202399940.95386,31684915207.896027,20239980877.553696,22004429689.302338,40443950816.726395,8858450697.273016,79417553038.70665,100053396259.66193,137802588635.50436,24358535933.06732,16595512577.75708,69934770886.37558,13334269835.041904,94569851130.67938,26942880690.129997,25292611076.42218,76852135823.9997,31868569364.09789,55141826067.37184,36525350377.34885,94539372696.72977,168624926303.40448,230379507126.2106
2013-12-01,255107115954.24652,56807028859.525215,16303022868.005447,27727504864.787323,214491392298.5666,16985683210.333115,18493017424.328285,86499498385.935,36272900593.157,30608138566.206367,39018792282.254906,57200057118.99324,41959273662.24472,44546593585.96802,147004139027.11682,19595867860.88794,117833942927.2334,32171601702.46836,31961035851.952667,12871385354.597168,12912511924.930182,45839651132.173546,114532672925.41847,161990468875.3226,41298819722.18761,61371108433.2035,40169760537.323845,156218945168.51263,112280977191.79857,121130265301.60385,47828995335.03891,35992575048.70349,22198891811.37085,50219372861.10596,119079412598.0246,79992175012.4695,35903852388.379135,229545543803.88803,32318451727.74855,18772731119.988815,22146994142.371826,40188433090.401924,9146214474.409819,77988333739.22075,97332569571.41711,133204799515.73508,23729174706.806183,16358585015.360504,72185789758.31035,13404839438.10109,96377369592.12955,27261185514.855576,25889907125.60785,76743018034.16286,37664905736.10231,55748902365.39183,38053414957.85492,98194138574.31247,163795760762.28482,251102219036.22916
2014-01-01,227632853492.2142,52956063619.52831,17025050062.817001,28200817915.030743,192923376389.5541,16077323990.187439,19198130453.757145,93114929719.60097,34439011972.16171,31653020182.303894,36637338981.844826,52585189498.59771,39611349418.591,48856772289.27612,131375174894.59201,18547491716.471222,113371095848.96387,32922166477.70218,31465934974.498978,13433531228.127075,13671524136.817408,39365748366.185,103513872106.44485,170700618637.20718,38237401997.80719,57560593925.55067,40108218757.19636,150897317413.34415,106290580985.51947,110896778110.70569,46098434630.74425,38116828914.35132,20738377326.965332,48739123410.96521,136336671402.20787,85426921205.68909,33785798903.889954,232184193270.9659,34700259207.024185,17756091383.3918,24622942921.87851,37346126693.427704,8963518416.941166,76077979083.30284,96601658644.3181,125367283466.25818,25085109357.7919,17283362298.004944,72325315827.58708,13387304998.752575,93993452290.47466,27347385277.235832,26345903823.61139,72726871083.97601,45421723980.10381,53717040811.77222,39466799558.88309,98064327069.28745,156353759360.0986,228671825705.14752
2014-02-01,239291807946.98334,55196993205.682304,17509872960.297546,28406538894.400696,194757461414.5661,18551464547.010086,21678709058.367313,91891941104.39366,34939886508.47722,32898015717.895294,37793203258.28007,53840119139.66594,41176633375.960236,50341928363.80005,135729652482.77887,18541018884.952957,126174316994.71973,33043368732.279186,36110679906.10596,13778803379.549683,14336238232.01084,39966672014.20529,104914367990.10526,175713372861.708,38780259586.65784,61440449852.854,41519459277.97214,157122937125.19724,109807265955.72153,112011009516.47653,48186764926.68892,42068947878.54426,22497984523.773193,49246335650.96133,149170675663.74014,91910125500.3721,35321329692.61705,235068143965.67126,34496451557.58003,19120678209.88041,26806546527.703552,40140053932.77095,10493601236.760616,75803446057.07938,102035506766.9905,129678838894.36145,26657784212.21161,18534737816.15573,74228300379.14777,14645240373.539387,99821778405.66327,28436028716.77151,27443363751.38092,70928968796.12099,61295919644.74074,57425489973.91481,40857572035.58801,100400268759.03766,156395614479.58978,238869767548.3737
2014-03-01,245527423814.67438,55728222645.0409,17856522395.739075,28546004328.679707,180918450630.14178,18202820923.829773,22630881834.24154,95616497956.87373,36044805924.50551,33712232368.507416,39020275787.521706,57566204325.64872,39478059369.05594,46080178459.16748,141185927058.44424,19591804051.98822,125018912626.99023,33569110834.429638,37397494375.107574,13407418435.90149,15989444171.989826,40518007897.183235,107576170648.4538,161094305931.19318,38303379838.5298,59268313716.58447,40977529033.62719,168749946427.7371,117324880637.28983,113359876422.76514,48408527398.34633,41916445212.17621,21989837219.23828,51169149720.9014,131259740112.30482,91555344509.11829,35745641955.86644,253398250925.55066,36380930422.31587,19268652595.075966,21176104978.102997,37980162253.54643,10271437021.493912,79050667842.82225,102918391856.1581,132877127094.85013,26424795740.06653,18478806984.38214,74503227354.4601,14440524829.784245,105117682997.02277,29503639328.28016,28125307790.5047,77904131509.98535,52192042202.008514,60933294041.79291,42724114116.89378,108306746658.17426,160017686280.3817,244084851825.5629
2014-04-01,269931852160.9726,56465527589.827415,18966829254.518555,29121311463.612614,163577985213.02563,18087987603.76056,22406551137.451332,84215130317.0454,34717850930.155655,35757964705.11081,40481971084.915695,60806605942.694046,40892035985.09308,41689281967.163086,149034179311.7746,20256826183.028076,123879128277.02881,35110415118.23259,37365086900.385666,13622854991.30896,16689816218.466679,42110810232.80353,111731299076.59073,154471381969.6101,37361272361.152794,59895528348.218506,41039389883.47097,174006752769.49048,108183944703.51567,120553171278.69847,48493908842.42706,42087361407.86661,20645266101.83716,52917774068.60403,130257402257.52196,95179318898.3214,35470415550.75466,249750994446.98492,37990328232.15239,20538008603.35108,19372078249.74118,37512198115.64074,10592596099.25747,81888637034.12233,100226894659.27673,136091875309.32436,26509406950.012207,19410649115.512146,75453340294.8354,14639042118.110508,109484115514.85088,30772702375.232334,29703067251.52539,79303591848.17747,52051827928.19524,55969702733.637314,43354762278.15735,108088997197.45197,167961523419.6421,255904332846.89188
2014-05-01,289560833586.39526,59432166329.71976,18804689923.522064,31376191334.87786,168106723197.22723,18465074525.62413,24936556817.71091,84215130317.0454,35167704041.25357,34886718732.506905,41365313001.85581,65413521822.64929,41012213318.41141,42480291927.33765,145792833945.9606,19785885959.785156,131170735400.88672,33503137314.234905,40390254568.003235,14416384703.511353,17547410341.206043,42115921186.303055,111315801357.83669,165090433557.7131,37358927102.57215,60437905293.40796,41149831514.81523,174298784302.20435,108068482358.47734,120907849032.34906,49121678511.510315,42628582420.65886,21253148071.289062,52943880301.94863,137927301575.01938,94041600251.09796,35506245976.34226,253089318448.96143,37042945276.133545,18933346205.63701,25134255835.36682,39548517721.56705,10896552237.272263,84214954454.54759,94940020118.23291,134254482944.04654,27083578834.098816,19064483593.48938,74107910341.09547,14988457007.410686,112168619570.43872,29396211073.65794,30345658659.329956,80168436642.17543,52021780733.18617,59393206623.2663,45367354584.73441,110571256999.07123,161766494427.75284,251206513132.148
2014-06-01,299232495387.1994,61740278040.35392,19845439409.894073,31498714330.547646,174684703578.15375,19796437346.256744,25430563427.31555,85494474704.60574,36863211850.612976,37084419154.56576,41232252347.35977,70773162186.62004,40832862906.90491,46879258323.66943,156329694514.49945,19651326899.98999,133871898846.70898,35353500655.881226,44612495429.166794,15238937658.61731,17533208441.392708,45146275161.13982,109196665879.80804,168850554614.07327,39276148983.511505,60987802150.09763,41263550862.33596,180979953737.54657,112055132599.587,125193245863.04918,49344548596.1998,44641756407.03604,21663944721.221924,53007557611.562225,146621311217.70987,94025319670.23737,37197562401.358406,259606002792.0865,39283500775.858734,21042571691.312103,26503969272.943054,40003486795.851074,10681714718.818665,85177866465.71617,95947876235.09296,130598574376.31839,26809534897.38846,18950570110.438904,73984535595.89113,15198683993.227512,127165471883.34001,30823633125.332138,30540247104.312195,79919818778.7584,60106603742.63583,60974436020.78882,45419694948.627655,115269009290.0047,159163647238.50092,253289359200.55292
2014-07-01,307829907843.11676,57255264651.126114,18500345285.299713,33170298368.511322,168343382969.69876,20431078660.49179,24581945262.77313,84881565919.22836,35367767718.9104,34381653085.13276,38341523288.28117,68106666165.85167,41676757923.53897,43787869491.57715,154760964861.735,18593679418.737656,134090459858.68506,34371850124.5524,41779850511.37993,15560267064.286743,14937834181.977806,46036831389.15396,105363409281.15765,167371934075.0144,40549844964.14493,61261132104.82419,40766367728.50633,173143569193.76874,112152400630.3399,116993247195.19238,47831270527.41371,43844708778.19219,21600742767.333984,49755759548.599594,158300453050.10046,92916402953.39058,37209078679.2047,268695537555.26685,35990710814.78526,20626929252.31478,25428410095.597137,39786835291.49931,10082523738.443851,84623951572.43004,92779769368.14197,128488130543.20328,26836749902.79007,19135444137.05539,67383909669.61478,15148732903.787617,117309568425.06815,29404029041.630367,30891056044.666565,80439663960.80124,55910211556.41894,60736438887.32477,44964240924.47347,111628485322.14598,156004535933.03265,248912074645.37042
2014-08-01,330047710570.32776,60930055418.52579,19108845682.510437,34649766207.085495,182354515547.9818,20626177399.64418,29085204967.944786,89556996995.29819,38362168738.749985,37456295735.32258,39349192714.51504,67619416415.4248,43062095744.55551,47694474872.58911,155012391311.86472,18370835553.124603,140335962993.59766,35258183431.94679,41993191254.06334,15831545446.637207,16062500914.825115,45350743462.32716,108840621635.54294,168183444782.5369,42013574411.65054,70846193119.784,42275722187.04231,179440364819.4029,116422197332.13535,124229042654.6925,49104136601.92909,45639862903.53137,23818974483.48999,49313769526.12887,163028773495.9673,98435039361.87796,39595403073.930885,282827455619.60675,37738685414.95703,22432093765.504158,28732085242.472412,40519335912.91199,11206007368.028164,88840805967.02075,95848571230.0503,139213051053.57516,26922241368.07251,19533513192.38803,69197481436.3536,16021385737.22277,118662377061.94148,30519020495.339348,31228989900.56317,80374751234.18185,67527913481.346054,64955397097.19171,48147545166.11449,112812711789.39046,160075307385.6747,250220288807.59576
2014-09-01,326026454091.0263,63663541587.871925,18763159323.6026,32903214588.568542,173426115536.8041,20157009078.38791,30824862835.944008,94900366133.19579,38327432007.05008,34008402515.53505,39647065920.18459,63706435120.8471,44570061494.280396,46435322982.788086,144096484135.18323,17912062027.5206,139008804673.07324,36031177538.64963,37842783236.86958,15412293070.121826,16545447476.29385,40712193968.958984,107332426527.10876,169930639843.17023,43193279990.8179,69512601287.90561,41535238725.759735,185634974202.15796,117969266008.74048,127028132897.98093,48152273715.772934,46940960912.44896,24004952968.597412,50317905461.50149,172223926934.3019,97075836979.19684,39895452051.79861,290419906208.2608,36258671291.69917,19086738906.538826,27140402306.60974,46151986755.28024,10676885595.50047,89417088093.85544,96435606761.22813,140268330708.9837,24791612667.28592,18492051398.91745,68055016706.14293,16128144759.691765,110459270159.27693,30003490442.275246,30435356235.620544,81018491194.66516,60762606110.05736,64633169071.39804,49824280387.34077,114551322103.18515,163200058876.37723,238257996343.82602
2014-10-01,349487458044.60144,69946114892.62741,20966153306.90616,34392336400.343735,164293329871.8508,20970512564.727448,30670768119.7619,95807086993.16943,39820512193.42456,34825729089.73844,40656173064.485664,60068209463.22405,47433027100.26947,51649515300.75073,144857297200.05576,18823478332.543686,142677998516.062,39587546998.54826,36325560765.76988,15152617363.431763,17758818998.24597,35537441292.37891,109041588548.17146,163998774043.01788,44703856091.008255,74265512474.09755,42873349434.43901,187707477967.46588,118439272165.74759,125613943573.38925,47261050879.40781,48012221472.87873,25946406223.29712,49744728364.036415,163399181942.161,95573633059.30383,40334009240.7539,294115874384.4285,38707326677.5424,15549741417.869682,23626790797.614746,48102577834.97984,11307658609.27105,93034511056.95984,97674881044.19093,146181259845.27002,27622928172.721863,20722993941.26642,68957281862.67274,16906599728.555763,107167969248.14496,31866258921.70338,33173090542.565796,80098905278.31085,60517228444.58106,71500394481.96454,53514454963.871765,117245587906.85112,162773206593.47327,244996650390.6412
2014-11-01,384856754244.53735,76841779001.50235,20682251213.468994,37041420769.73094,182139368435.04788,22398550661.20955,33213330936.76665,95137098276.96155,41918317071.444855,34810741717.85509,42541341960.99163,55550435800.326096,50544975228.76419,48324052379.608154,131476584221.24734,19061139026.751556,144442371600.2539,38985193651.63868,33208597656.117134,17124506388.339478,17554976751.20691,33819947046.166077,111914443478.92593,158572311308.81686,44332112349.42435,75697239721.60857,44189178441.2638,188525996384.54602,118606414540.57645,134462160560.56256,48157589552.84088,49307900536.25586,29081206443.78662,51379365611.49603,169304120533.0815,99631435935.95312,40717933303.87621,299503348467.0872,40317878100.57208,15251344122.624462,20848867122.908722,51372552233.316,12135185554.44479,96836346386.17429,101588433133.99814,152636188017.3597,28040761374.118805,21092845121.197662,70942194313.82199,18033417727.34388,93361903580.0388,32974668747.259556,33467408936.528137,82767125809.75423,61223303500.7887,74224647550.57385,53661506246.730286,120315268116.1016,186825304981.3588,229366149892.5321
2014-12-01,358737902718.9102,72666573067.72997,22016805461.68817,34868526803.79269,166923444852.42767,22460841519.30426,35770121563.15077,99882786261.01709,41740860101.41461,31672245483.96247,42296826105.24731,58064361577.42763,50544308423.11249,47872050258.636475,136730252869.18988,19468232937.96045,147065487951.3589,40648333635.73634,35257333189.90509,17091341697.52185,18146444796.94393,29423984134.859943,106760187830.15659,153252671899.5665,45753032950.28522,79939009932.88916,44808748983.24013,183303092955.1497,123377474822.46042,127509147162.90988,48600222056.35597,50300914652.66703,31345558273.31543,50168434265.85279,170001392484.64856,93676634475.17383,44907779613.386856,292819077748.3844,41342087717.27942,15665788260.684868,20549299658.088806,49747899312.735794,11651898586.601019,91476959103.26324,102468317874.90173,153750156994.0865,28538169657.958984,20780327028.274963,74519049898.3987,19417269513.343285,92775353057.41306,34142652950.87185,33954314249.084106,78579658562.0972,55687370182.63379,76075932676.51059,54968932752.37198,121866819117.25952,183282625637.51672,235895678149.077
2015-01-01,380773138805.16815,67014479198.83135,22774630460.328552,34328842687.79226,190685895657.18054,22794065755.383316,36716476334.45968,84832255464.39897,39965276604.91937,27672114171.27626,41275930283.29113,52952414907.34679,50986464881.396484,45563604606.62842,124968358821.73738,18871932865.332275,143827335056.70264,42399989480.592926,34093191679.76303,16347324259.236816,17637481260.566364,21173679544.87754,101880218943.19473,155242471539.61618,40696889526.13202,79899923129.36044,43840096834.08033,175537709851.87695,107211008857.86469,124337965325.31268,45465486694.36455,52495505955.18872,30871726593.01758,49493819056.97211,165403824142.73035,100185154696.22978,39132266995.21483,254680113841.62024,42489507200.993706,20873477888.41443,26576156042.752136,47867289396.07488,11157921859.830618,91318219524.56418,102797203876.2768,142272508407.55518,30173296405.654907,22749417490.631836,74376503161.64278,20024805801.159515,89913371358.4206,35261979119.49623,37040046947.58588,77012277296.45895,50977689955.51056,80260642856.37134,54083010376.69322,115420031901.56125,182375055220.50754,223061068981.58575
2015-02-01,417498392212.7228,67685404052.92714,20878251817.24704,35104302705.990776,204471129922.1504,24442448524.50444,45545845746.26891,88527920423.97942,43593155755.62094,28921203561.086678,43520467646.99947,54818945391.16251,52402056047.15881,56000049774.16992,130026585835.86148,20070397919.375946,164572878163.20898,38220336199.78857,34425418075.16922,16899111998.321777,16599987299.323048,27619620130.722218,110835795544.6579,162485497293.72232,44799381488.97336,87804236377.7923,46091312554.94652,179692102208.17773,121591702875.34537,130770803832.39041,48221531277.1479,51161241142.11578,33873116397.857666,52952591414.27936,172071393982.694,97293278834.3367,41543820101.02226,276428739163.11176,40241329898.24055,21852826744.198044,28567863955.314117,50394266456.115234,12819992776.751518,96381754522.98134,112895995654.00542,144712321295.48468,28548974569.93103,22339385738.29956,78996691128.90317,21053102774.524063,91845025505.02596,31834496814.19824,35492515730.589966,82374462126.48703,50912591878.35123,85835429510.46088,55490356924.491646,121800092268.09378,180121613899.8159,225918879002.26093
2015-03-01,405996721846.58813,65492623453.25853,20570582074.26828,33337383905.426018,200136016132.5661,23681660789.85782,45317442220.51641,86176124402.65154,42938229202.96948,27919953997.272778,42610984291.57196,52916118535.144226,55944577847.43942,53925668838.50098,129211634108.88632,19425762837.75035,165853679874.59814,37715289631.67323,35181306676.47911,17552684247.259766,16595264391.86829,24197499505.664207,106776211373.35464,160195332723.86188,44509087092.41469,86931934251.1632,47010731280.004326,177578422749.74713,120202771410.1503,122465501487.18875,45522027870.4509,53347790770.276115,34010271892.547607,52624268669.010254,179152984227.66458,95531565470.44818,41427739750.787384,258143149990.86047,40766741038.08094,18018414424.51828,25065679207.194275,52210880260.16602,12210130083.501339,93109933994.14243,115451650996.1508,139289595004.20316,29117155382.846832,22330314606.77487,76353925590.36914,21050443960.03681,91590777189.11035,31125493555.37864,36741087189.58765,77821943622.2495,47264535033.45354,89355569936.305,50201425436.074234,121730248541.96385,176516205088.83954,218518773331.04105
2015-04-01,408346164301.2161,72339471337.45349,20797316027.68936,33471942377.25878,226856688446.26532,22572497861.202545,41836031370.72805,89478740504.87926,42965914366.29089,30309705378.734917,41345053692.27608,57726670540.682045,52824279416.697235,58776640480.041504,136695046784.40408,20190331800.793167,171909715771.0874,38103333125.274445,37966935358.21175,19431932453.27588,16797707331.202782,29713748327.39026,116545780785.26627,158482771657.9458,46509939273.8156,82280018861.7107,45482919121.81974,175107183269.27975,125520356184.289,123512178351.82005,46226815446.99371,52775015370.26899,31482026813.50708,52143601741.44946,171635626239.02417,99789502663.44052,43308187272.815735,308806744301.70575,39544324762.88111,22010169663.99131,33475847494.45392,51435486777.34857,12951021545.767784,93243741146.0748,112597711030.7579,135158913189.03793,27101029229.29001,21446367460.799805,74106302400.75366,20569495843.356705,103851916482.12126,31139557727.135418,34083720723.442932,82565138291.09229,56598757589.81403,84432458926.61414,49237348093.834335,123296660158.75998,168508665461.1418,224611581919.71472
2015-05-01,425084474561.98883,75116590840.85709,20585215025.91165,32998908353.854935,230863705966.2591,23096561646.982376,53000192880.821915,92680468472.3085,43183127306.64853,30012147186.71457,41273042637.236824,54123003119.12792,52798463545.09552,58720129280.09033,126774611787.99843,20895159475.80208,174518735685.4619,37199513147.363235,34090688481.715546,20353690542.608154,16703891263.327717,25160077952.332897,117363490930.37616,157486438936.92078,48823350053.19525,85694865066.84657,46961135276.679276,176766460854.72086,131388083870.48975,124730195263.15358,46579410298.77731,57937222632.77724,32095830287.93335,51808747017.11469,172550773685.17703,102017897747.10211,44521514990.138,297505885493.1101,40096762275.253876,22633332983.679825,37539871076.05194,52908207270.99426,12910186940.968037,94527881042.12903,115318907327.12222,134326825282.90164,26689797053.771973,22088919113.658325,76334388858.35664,21322723122.319374,99636766845.13608,30710771425.972206,34066817845.461487,83901282877.66658,62795700544.26907,91109743917.47806,46771539421.23924,125221069025.96997,160347692536.71143,219032954608.3584
2015-06-01,410969134557.3273,75793413002.22816,19556510222.99872,33176714208.580482,233477683887.48804,21533819676.052887,47580977873.286644,95601297396.68338,40845592790.586365,29836290671.232605,40420256044.82483,52785423710.67807,50010227559.30084,56201831748.9624,119920502180.01997,21646834294.68387,180479912101.69727,35054659999.38068,33652482532.610626,19407684215.54358,15658182956.019493,23841260014.50592,114350857848.32623,155961599009.78665,49593189059.83923,85471854236.67056,46180158967.76529,173290236939.20947,135342883840.07501,119462073528.3543,45324495315.727615,61731702328.11243,30715308551.78833,51790506262.29646,186888217710.8908,95383089964.78723,45209140267.623695,282122255324.94525,38703070242.65726,19409498260.50917,39517742789.49414,56366157094.908585,11786068090.379238,91498825811.30582,112191000778.5782,134069825215.64282,25011157239.74228,21042353218.27713,72665372092.52719,20396341725.92475,94609397066.58244,29825870338.241615,32759499483.99463,86281809356.5469,67167368631.66171,92466417649.91849,44441285723.10275,126700313151.0375,154103206696.40054,215660299218.18445
2015-07-01,397437296250.4425,78974521643.21858,20885628485.35208,33984409824.334244,288371220233.29553,22556313960.637695,44919158379.854324,100733124277.29272,39948534755.641846,27658878547.31409,42033110150.47382,43270118280.036674,53801934970.102844,59164077117.91992,109988253316.14735,21229179013.99675,189745828528.19727,36841646056.09776,29670321120.5468,21311006092.446777,15992072021.11703,15044829204.44745,113283552958.796,189883619654.1387,48709607262.762085,90487707477.58546,47575044748.386215,178179951508.3772,136880947353.26132,126127676491.80743,43527410808.33778,62485871232.19954,31811467506.40869,54399931615.53408,204842773598.38843,99535683885.44025,45267410587.79214,298416927423.2462,41533846075.81975,14280120704.204933,48133636945.541016,60123203865.54625,11692292145.907879,95145884055.41019,120656352955.57256,131430893237.8587,27627336562.58011,23631986488.911804,65708667006.9781,20599546280.272064,91413778613.86493,31840358140.02135,35448115986.99292,84387101227.20732,66639062365.85695,92401406671.65668,45475785881.21874,130372437815.30835,156384439938.062,205318012195.81284
2015-08-01,369456080095.29877,70923807561.51445,20043858082.986237,32941052049.80744,275860700810.24426,22084638035.22084,45217093494.5097,92057015398.07246,35927790630.76483,27136810227.28869,39032348345.814285,42814740555.290375,51857942635.36926,55983909965.51514,100677527841.17342,18358067115.019806,162031134288.04248,35198618717.018005,30160269311.110535,20612642398.845215,15329267580.859333,13755876344.687452,107727857006.71613,187088063126.08658,44797544894.92172,90046980565.23967,44957391961.526054,167102569756.27615,128869285488.16942,120723969707.3595,40327865974.24988,60888796064.723114,31856419155.12085,51763267096.48321,194863174554.35495,90908992258.66722,40304974863.14299,278096413459.54846,38853099627.4171,14196955361.27045,48436816559.86267,58312506476.02463,13175075543.522835,91768598631.4151,107807731123.04695,122089688733.19359,25851728176.311493,23181638894.09375,60009694911.6703,18971659355.66571,85398256615.4709,30900746327.577225,33952339937.5166,82074078417.79124,62360039497.930786,88062937179.25345,39953825399.24981,120144516957.46841,140632988641.97537,195027492740.15414
2015-09-01,363031818568.53485,61832505186.359795,21190950729.27997,31436749045.270264,275322833027.9095,20193206242.510803,44872483398.7199,87775296427.30667,35583123612.03635,23203324401.461506,39436283020.62012,41778128248.48435,53678792551.75461,56040396171.569824,99290139154.69125,16611602994.88755,162540063348.72314,36105531575.42878,28038154720.92247,21020931676.503784,14945394737.13472,12527670896.291199,109464019454.27051,184358942108.74774,41414925777.02545,89296967338.32332,43093256150.42009,167252065805.34796,122576608126.63019,123180174698.8945,38844412326.4389,62252186434.4297,31741265464.782715,54148274247.79669,195887259747.80072,83379666427.3665,36853611374.741745,284690175067.0583,38810889318.476715,13365266298.50779,43480706499.65161,64167258513.15782,14507656603.574753,93121446080.78,105918816215.9626,124283729539.65907,26464003557.57141,24374884437.112976,58674241380.115036,16563001113.551476,76630379681.84685,32194385659.987278,35068513765.90845,80541366750.5271,62194785297.98706,88298890378.0924,41469231810.40065,116439052216.00769,141833894574.9537,194523731385.39752
2015-10-01,393311884059.76105,67673670096.39424,21112682080.55374,36715144200.496346,336643740620.3223,22140772011.55542,44336238121.12436,94840274515.23941,42102368454.09375,25912032709.078503,41232240137.43988,46473373046.503876,58709888581.05652,62723589134.21631,114395137372.36452,17649212724.701538,180893398746.7705,35869631037.09454,33064218800.551987,22810870882.553345,14049675822.193417,15216785096.235317,126646750184.2442,212955525093.2906,44689780038.06839,96085359192.6672,47002527320.783875,181012148648.3602,129170851136.68799,131153448772.16873,42660562513.53836,60675229059.75069,34002584850.31128,61688243387.52073,222187180924.9562,93070870617.28494,38573444727.058044,338592232982.9345,40843937650.58656,16210507156.253242,45636635699.37189,68546443954.68311,16697046853.423119,101695677405.76572,114045639967.9943,131954291480.7394,29380986579.357147,26654806803.9104,64885190927.19708,19837981275.19969,86841067331.1568,32482480789.989918,38454722830.16644,82840440877.87561,51811461113.334946,90033886016.74936,41910136526.99749,122765553663.0209,125209354304.2865,216474713408.3743
2015-11-01,389362343185.92834,66692573838.73689,20874171195.554718,35691591999.85617,357566335708.091,21807816204.648026,46971995121.46314,98514079363.77141,43507887916.020996,26079573253.73703,41048486948.0349,47719872262.58165,59935199815.26489,64321767608.64258,114948998829.64854,18004462161.11371,180464027113.31396,34007651550.03348,32195611109.891167,23713127146.479248,13742718063.468578,10616495778.507711,131113577521.74492,220308306620.90585,45290404811.88139,104043236120.28273,47307456447.377846,181388368128.11893,135023512295.21643,131989649583.45366,43317221834.636536,61024830987.612595,35414554550.1709,62737913450.819984,227133376865.40884,90261339822.93909,40317122911.71753,349591385308.477,39729945103.63847,15335844191.581287,51931779016.84424,69200361046.99768,18668679011.88135,99675452187.47754,110504902891.64505,130455835053.74194,29394750571.8956,27886139581.2865,63329161886.19649,20524947058.511925,85718918606.55109,32079152338.32988,35549535728.95624,84820563977.2156,57652866486.98426,86158253395.1622,39377216229.00713,124942406216.9365,128709220710.79214,213649096046.77896
2015-12-01,347926523069.3207,67942735583.302055,21933864646.415955,34818877798.75887,363531118092.5747,20727699690.852844,52265124013.762115,95122879053.02571,40732729797.60736,24395973070.63781,41635958086.16764,41221845679.53035,60119874517.58423,63280540626.52588,114620041500.09735,17257753761.83046,167120438143.37988,36269712973.255615,27317841196.409187,24184997882.847534,14126195705.22642,8786511886.086079,136412347540.48973,224686430103.20746,43104119651.6494,102776475267.18982,47408480687.70181,185396717169.6508,133707296758.01381,134062856762.85016,39323444380.52078,63073559788.04431,35155656166.07666,65434195153.07766,228048557820.5581,89937876337.92406,37390312642.113846,359265092058.89703,41652481269.81929,14985976969.5172,48163112406.73364,65391933442.06149,19472131080.98507,99436649383.05084,109731128293.5134,138421966614.55023,29511625362.8006,28773621160.466003,63751747101.90724,19349088703.625618,78001318767.26877,34111015552.426773,37424102503.03314,86684744040.86148,60094089152.1767,89926832342.53821,36919615322.69283,124111670953.25882,134090347789.55347,205720436246.02975
2016-01-01,321747777807.5638,62965125172.20364,22950207199.68521,34059665317.932175,315721166050.1116,20309556697.075546,48294174474.83274,80144039945.67575,37818193652.14389,22342627570.802227,42204686997.26715,34503119958.02301,56255820385.972595,54934616203.308105,110173370161.61363,17560336482.19287,153370119279.06104,38256192796.11871,27406595008.99868,24978550168.348877,15041833775.10036,5970157153.619266,128388134412.39368,219875103992.94757,38638954381.08211,98165480063.83716,47239127184.194664,188501110985.71405,120484384642.10419,133938079455.02374,38652237937.94403,59210991195.070816,33130636287.68921,68558047737.29596,244499548285.13773,87022559454.5141,30420031323.869762,356739621486.6547,44787719492.51816,16648493784.428562,38671973745.40369,65036523027.73535,17303961543.738842,99511853340.32455,103646313305.82013,142396273855.40244,27400444080.928802,29663676889.179016,58190816428.08453,19056175033.439873,80819448620.11777,35663826113.52893,35853525280.70978,90841338647.3058,47872961183.053474,88411320639.65634,33992482170.59041,114682324325.25267,146374635316.99335,205456491227.35577
2016-02-01,319599223089.97345,63290346503.931755,23243806477.53058,33287063103.28801,297175899369.8793,21232783155.709885,48388075307.53773,70962035307.67192,37541410710.72789,24606915498.09383,41274623821.862755,29867966337.030273,55850067454.51126,54684389808.654785,106312803401.65497,18283181338.34288,152889913033.07178,37737983642.33885,25050025038.05134,24425201861.86316,16018508593.175768,9902673937.029987,128564632188.5141,207130482618.08887,35761851023.71456,96885322585.40091,46392291985.20395,189890854908.23404,114769335873.02786,134593379840.54575,39344090428.53584,53896206428.27745,31346758838.653564,64908037463.42635,232972939404.35504,86232546152.58018,29204901555.755985,329477478085.4518,45232755616.60692,21544613969.485695,39333067379.50415,64596031552.50026,18526877472.102642,98028702417.56915,100858859318.62549,141175727842.6266,26699296698.23456,29187531548.09955,64116734147.929825,20161515531.47959,80204387838.82755,35124347620.619705,36517569389.769775,94825672000.05495,48055737242.334946,91436129098.4414,37231211482.98847,107125088404.15869,146330606103.028,211526499317.801
2016-03-01,362210450774.6506,66199329798.01094,25218893795.685608,36958739963.16654,319292513744.04785,23088874039.37625,55803224849.82722,76629962800.19461,40984340748.039734,27819998944.62657,44424932725.35164,35830700436.281586,58819664423.168335,59591860153.19824,123093023220.82867,17555773970.578278,158956229789.43213,41422460807.3145,28083586140.03105,26598376993.509766,18420240719.52363,13419872281.0112,141379184250.06476,220322724492.98508,37706727599.64466,104152516371.87674,51581975423.883965,196702732375.67014,120721861329.62857,144766673571.86438,44237464837.92801,54279097622.34082,35162405868.53027,70137745891.12029,248617770433.5693,90869656943.2199,29571430864.827293,360214077539.4049,47804055996.790085,22170184072.024567,43046991552.69678,64470176191.615005,21126206153.512,102698647098.83487,101769812883.2195,144727537703.44867,30670187206.054688,32269016222.029846,66921305746.994385,21286517708.62567,83078043972.6042,38133157959.5571,40335019561.123474,100522936642.96205,57530177654.24612,98959845524.81146,37816676162.65662,111267347847.37492,151072959899.7617,222607335904.49548
2016-04-01,311529676709.77783,70696050184.65268,24117464260.903107,37864937385.01259,354764088674.87646,23523277385.06476,52817141344.090805,82838572729.76373,43183572618.9949,28248894305.261307,44594711661.44096,42521725194.08682,55292269295.26062,61181959350.58594,131841135100.04788,19323940932.205154,165278614148.35498,40446975219.51993,31968376805.317574,26720408247.63452,18024718687.94883,18170041543.979965,136753992087.96135,204433185332.26547,39419362806.43501,105086248225.73325,52603946056.392235,203756411437.95627,128835237588.79596,140895122162.64966,45730245010.76065,56932384125.469246,35287739753.723145,70589775104.65292,256200521228.68222,95008278582.96072,31995315533.563652,325255684277.69446,47497039746.32263,29195750180.23181,37909820239.86267,61976071151.66554,21066911160.111427,103916936608.00842,112310753809.28976,140876818252.44067,31839820705.322266,28830860495.930664,69775990630.51382,21483919160.4403,90501552994.06454,36931594766.44387,39068778261.00409,99624707782.334,60281872480.336784,101511341081.75287,41467619247.04747,114994677422.37088,148591603542.27658,235416788627.6861
2016-05-01,331868530573.7076,73633650583.52147,24584626950.006683,38376256734.391464,388756552851.2318,22999257771.173935,55937262463.73602,84147167705.54433,44094923285.31189,26612190715.707058,44516296503.41869,38962680002.71233,55695382082.51724,67566506492.614746,130318612483.89697,18905809617.108383,158812178514.45996,40164601177.75604,31549231327.70897,29280415983.84424,17603505601.11187,14380291459.503456,134441396006.90964,216265170955.37262,38307228583.41742,103697053932.39293,52401385130.442375,204865308483.03082,134040048278.9396,140266155902.79782,42771359091.04614,56555493571.66537,37330759552.00195,68117542994.712364,258880604269.6647,97468361030.0152,32539011405.427032,345669767773.37695,48523087188.18599,27058447597.497856,43190160373.19263,58064447184.10274,27701829200.387,102110248083.70956,119143481697.57811,143661829523.2592,33326267880.90515,29879013471.019043,67242210569.14128,21766579553.810028,85950542358.32947,36445070320.626205,38383234443.270386,102127724231.7696,55892682533.6064,103045400625.28345,40022449935.206764,116697286056.17484,157279969216.44534,237067864096.14316
2016-06-01,319645333983.1772,72440170386.59657,26851163228.574097,41216924130.86326,384900113689.22217,22902511140.734512,56314134602.69167,75499179185.89256,41511149991.16617,27823326738.57113,46280248367.723236,39016406534.190926,58791441958.58002,64095766548.15674,136690199679.93854,18618616615.23639,156571322021.42285,44507849993.44646,32348035959.180374,31521487084.073242,18847351585.835083,14458162210.247322,140000570492.7091,203176897711.1864,35835332791.60403,100739031890.72522,53826539024.6044,222092303878.30145,127612191250.86957,142562009128.79993,43756358654.98352,59755940496.82248,36883532913.20801,67157672736.55985,249009993236.41873,99807205910.79993,30886491719.989197,336068632667.8427,53063358654.56328,32660497350.89823,38520383938.24286,58043426295.976685,27946164072.39437,106924604801.06564,121977212795.49707,150096780052.90228,34385038999.96185,30100409081.209534,69014463920.00409,22022702607.67961,89657834121.02905,39978675735.72814,42456595473.78198,112718763045.32626,53151005827.01035,108850230389.27905,41754102903.88797,109731451273.21689,163445488296.6265,251735668106.9843
2016-07-01,348433546797.20306,77494931056.41533,26548518503.45755,42208450448.38812,408130092829.38794,24244969600.102066,58883791666.024864,82719952864.02193,44666320611.46042,30374093096.20706,47057913428.003654,36528687574.35576,62602571353.287964,66024857963.56201,133626009144.73206,17987504208.052963,153578174206.14307,44404057087.37378,31681079970.32051,30313400241.53711,19324236432.19866,16820261756.948772,139537646906.90393,228536135241.4775,38302650602.65636,109062322504.73592,53831175204.269936,229288004187.2058,131370349524.82388,138267798695.42926,45681950966.1042,62897398134.71211,38332394851.68457,66139090557.02956,270058635815.40756,102455890596.08786,34155866129.039433,372256634994.3266,52204740266.793976,36760643338.84013,38423536568.0,58529359312.34799,33944400099.873543,110756617647.24487,127797203565.58281,151727751584.3988,38534256790.95459,28348251655.55426,72446697343.23033,22477151018.468735,91290429969.25697,39881755294.494606,44441426806.68164,112927443280.79973,58787095267.94966,110894753944.68631,44529732105.22127,111215271487.31049,163333514829.48062,238872329046.7877
2016-08-01,354753008292.6941,75661077426.97055,24736479627.33728,41337079841.499214,413696916659.37354,25250980974.41182,64133103781.99333,92139427339.94147,45466352665.91455,30366548456.71502,47248150084.87095,36954317145.64897,60682028914.772644,64103839576.72119,131148530975.44443,19570757560.967514,152291596135.3418,41327589671.913666,34381896563.661804,29970328234.318848,17624034635.62286,13354983187.640461,139985685234.00055,228105798415.51953,40871289436.28526,105811925391.05202,54007021293.06469,218503719173.08228,139698735559.8306,137633990698.54242,47837880931.30577,58997131641.87712,35821086090.08789,65020365820.43775,274808720354.4355,109669365621.38705,38377352118.306984,377379467690.18774,49213807120.63092,31948338043.019737,41034231173.47235,60786162593.67647,36464957045.674324,108550092664.5845,120556863146.47014,155989696015.14136,37558361267.28058,26570840242.592102,71625640879.74641,21275790248.33422,89567102033.59296,38264132574.813545,42176683616.48328,108227287419.57158,53083400533.67432,105357748902.4972,45716551555.127655,117776449254.9638,159908844725.5552,234011601195.25607
2016-09-01,380038446043.8309,74445302038.65515,24803276457.0943,41318852457.63514,450351780193.78064,24394248499.003143,62715357438.61599,89757927285.36542,44474987898.21176,32893686423.13321,47121029556.402054,39132852360.299446,57249022326.98364,57573996665.95459,135613762621.46628,19755930824.812378,149711987959.2583,41948036369.74574,37575705008.82912,29428015261.246582,17411839477.87869,14094760803.562874,132726518683.30536,232209604664.48633,39048078213.36401,102040710694.0316,54229093815.60485,217731188238.4193,137815358271.64163,134116247171.57877,47363575633.47542,61289791231.27005,33785800415.039062,65355719251.88791,279493462350.4855,109005649302.34451,38377352118.306984,380656696625.2475,50125650834.34711,32825571704.26409,41497417565.889404,55523802428.626495,40808335523.843765,111386445575.60486,118310461092.05919,160348979265.7727,37862445917.93823,26475920822.33258,68791057819.09442,20807059882.868355,89158930258.76648,38651078986.32454,40833760846.78589,107512485384.74503,51085356981.61288,108416625247.89777,46945116465.323105,103484646152.17542,162536047854.30038,236386394835.98447
2016-10-01,381685663856.9412,65840463485.8048,25046633858.701447,42935914295.69807,424809020883.47034,23402355139.987732,62087735398.59254,94632968923.43607,41871222922.13306,30926060608.183113,45354153416.28353,39114843596.882675,55507278577.53204,60665373001.09863,138025098327.62375,20587501115.825058,149437928851.9214,41937544367.43565,35131779115.11101,29185403463.67627,17819818665.769073,14510076501.064539,131414036866.77902,233896162464.9652,43156998255.38608,96751531302.08842,51286874611.429756,213786824975.13882,143341278165.87338,135467608803.3905,46166284747.533875,56387200104.79587,31184380771.636963,63775072470.398445,285420181789.0653,103312740958.5687,40184881264.56773,395988753035.6255,52453260372.41472,30964957520.53248,52580243178.81244,53066275747.33606,42380628779.411316,109778674229.4748,110765422261.74332,155078505883.1327,37189834812.79755,25568791598.17047,69197317046.28671,18415442138.98239,89259295038.11783,38854509565.47946,36681538686.93317,97399280045.7213,49507952669.25388,109952070509.81824,42444578977.42345,107527749217.36266,157803302642.93484,225661195424.15457
2016-11-01,371533339416.04614,72427580478.03629,22810050505.689423,37469551021.61473,403698177201.2739,25498902497.14203,62164306389.21627,121130150952.15036,45497102904.64133,35722293705.81704,41684855762.852554,43931646386.10968,56348123889.12964,58114777107.23877,146998304268.13635,23362027487.762985,159804572959.69727,38662005482.97467,39902740493.72269,27672546987.580566,17003877854.52016,19922155371.139694,138910539713.5463,224071282371.50668,53096366172.56616,102611668628.09949,53278884862.924736,205142463873.26947,167126868775.6153,128917871069.08574,47444078641.81297,51255543721.06908,33171836437.22534,67570884106.03504,258030832875.48615,107658516030.8222,49806460646.25999,398235753653.0483,46810421107.67824,27119419429.7069,49266341974.45392,52949942473.56232,54911396770.71571,102507894742.9824,112267411821.86719,148461971108.53918,36291462220.74127,25039998068.661133,72934766314.6506,20206137701.862236,95899875514.02908,35275699266.25973,35436853999.204346,103925878324.8116,47422274748.341965,123169911658.01538,48774211745.39085,123676790737.72849,158727277590.976,236440534160.48813
2016-12-01,391349257652.1301,74595632825.82712,24549458051.759125,38718898138.90496,403321680012.4186,25385931192.086365,64454143847.64656,127221068209.54227,46693467684.73416,34668128001.43913,41819064149.81838,45398461328.26106,60286907640.93567,55257474861.14502,156641413474.09402,24024195473.099945,168026995357.812,41143027975.94878,39350029488.47809,29354062124.11255,18748428142.419067,17118768586.406794,142703956355.06494,228856682970.64725,58157411682.313065,106887367828.04066,54492365006.66398,213816577260.08923,179884936604.5819,133584181303.09914,46217552415.71274,56533572865.41131,33439842853.546143,69495156352.21466,250687755177.11655,103576678569.81216,50878199518.08647,413434228363.3124,49328941695.285675,28482071870.655884,52129686258.52765,53753678007.10957,63666122374.53461,107939514112.97539,114586615804.98868,151378706905.74304,37639013995.651245,26738834973.38611,74678939787.21199,20275500206.90757,95785754634.67801,37494896990.13817,35365843108.714966,114417997458.60364,53504043355.11417,125003799089.56702,50202829634.499756,129867947347.578,155774978922.79022,246621905322.6162
2017-01-01,410034730643.10455,72796859749.94565,24978371658.184113,38127652706.53709,442913221619.8975,24816360167.11589,73157869646.70099,130329670750.3379,46166881097.780914,35759676041.5955,41269480393.10852,44148945934.77491,61732792769.046936,63845540153.50342,148190509630.44244,25104105290.83487,179768505745.38525,41630674117.330444,39536871279.10362,31618377702.713867,18954450343.02299,21609370508.181232,135133059054.88037,236867888061.72037,55697032865.69847,109677471805.42473,55654165525.14298,210179048209.56586,176424378027.49295,133938588247.72913,47005354530.78049,59208453509.337494,34361434043.88428,69980430899.86328,283960362360.9461,109902965576.16577,51167207550.37011,430133867809.15845,51088030761.877144,30374967894.750916,59250146505.12396,56144577532.979164,65121511866.3311,107062624709.34003,111940678244.24675,157716052128.49274,35114751112.90741,25958846235.808777,74712994217.00711,22921412011.257874,96077016669.0838,37677827980.00565,36580076885.70087,113422611554.51971,63078636308.07234,126612825997.99078,51607041649.03863,132742933646.68394,151487679823.29257,229216839833.7447
2017-02-01,462881540104.40063,74409763180.06929,26113033560.1669,42286691706.893585,454509376071.7586,24942423340.505875,77349262182.04747,142073125440.64752,47830965962.528595,36433303061.65446,46907032395.42618,43071501371.09671,66714331937.7063,65661634162.90283,149720994261.45212,25676315137.277588,178858676143.85498,43756211631.808464,37810887779.930115,30886599507.11963,19392923509.830975,17391325810.757774,135633585828.99536,244012665681.35748,60248585578.532776,115520941325.57137,58561059844.21269,226807765558.82135,189956818359.80225,135195142103.32788,47112500218.19847,63651179242.31987,35139355442.04712,72880819330.5521,295334321008.6335,116781869011.80026,55247646211.90895,425676223239.82965,54094183646.23697,28667005236.830147,59848080731.37189,60665853013.463554,60528754283.90503,113871387870.9674,120372385211.54138,165262999631.02844,36696176950.18005,27463263867.442078,76674989665.39334,23278265183.4088,92232084061.6936,38737351854.01587,36705472885.05853,114163766990.09814,62592895409.47316,129174756014.40808,52265560884.21263,136395551564.11154,160998278905.49707,222194665860.6225
2017-03-01,487523582421.63086,78404599128.35431,26419256612.749146,44773282930.15244,476830386358.4818,24022645687.051743,80293944613.7758,135798420822.37898,47343329993.78696,34963321245.91493,47041997797.42527,45395496272.50367,63311077744.22424,66581771965.026855,144261483217.91476,25528571366.863556,184220051826.91504,43951506217.89159,38029210536.90933,33059466137.013916,19186985228.657032,17339411519.94056,136669552074.92363,244841593356.07587,55940021461.059494,117051549513.57796,59049966502.97726,232680058521.28033,184129404367.72607,136741740626.3266,47068855326.3327,65085475136.72534,38843703002.92969,74544549633.31912,309519282346.23395,112650991953.92715,51824116736.734955,440840834960.77765,53414665695.69536,27595345466.900223,62239813620.63318,59148139399.891136,65054351681.94771,115398209644.11969,121919477833.06886,163049096659.81836,37292801569.381714,26430938831.576904,76898287885.32161,23466591290.37416,90187084669.89967,38389241563.93446,34575658303.82886,113508132547.75674,69681196695.59401,128104704273.73303,51579927030.409035,132054909322.65833,163608575789.10086,226129032554.24054
2017-04-01,487489741620.3003,79343140416.71312,26694746315.688354,46394162281.91857,497510935814.81036,25122235208.22403,81339577977.53925,134768829895.50613,47774444456.09674,38544069698.71394,46302861139.36203,43611359947.81462,67022396148.79303,69511731468.20068,143361243724.9048,26319250096.011566,187810562645.70996,44214112589.77021,36060494036.16043,34490447752.930664,18467075567.91176,16547720984.164848,132954669103.14766,266998063888.03403,54498416669.83768,125198812578.57133,62014994357.477684,230662467923.87473,182368501390.64276,140256456016.05988,49932147892.00516,63499142612.07175,40105259628.2959,80480042464.60542,327386714843.09436,111303189746.50143,52465291823.53447,458244116153.6598,55574209703.42441,28349937048.736916,64088354720.564514,58991759366.67483,62289292396.78383,117665809166.1245,120885933951.90494,158476126363.07965,39462931506.118774,25512154951.20221,81544670382.30373,25319316449.554245,83824340913.55199,38404675385.19576,33214984048.546448,108262990744.5027,78637345379.45763,137104155356.60309,54521238056.93689,127736925726.102,171899675109.3631,225136325425.06024
2017-05-01,518405554748.4436,80229731482.8114,28249270150.037018,48574783691.79608,534961798528.4454,25758782709.361633,88217041851.50262,129398836089.84859,50839131397.5,40069014582.12698,49344895525.73433,40680262908.947235,68121048157.18048,72352900154.11377,139034891498.36597,28877827888.633835,175365661262.93555,45918361119.20017,35266846155.21217,36415203729.63037,19362968176.556976,14912416025.048761,125570880300.933,285068011845.105,51444745951.2486,123121521658.92195,62889840010.04724,239592267305.18808,173191473252.51923,147797502479.7835,52852637735.751114,61572358795.77962,37375054206.848145,86783608250.69489,330023236188.75824,116267485566.97095,50722085962.705154,467481372894.5011,58853080724.625824,28635032898.15307,68665488255.0083,56415314126.0662,86207673110.24666,121394838889.44806,116359886853.98392,161079295784.84332,40282515021.50726,26239575858.815857,83114004744.3436,25099178652.76477,80360033661.83456,39029325865.81781,31002122203.67462,106929152163.32486,85382623675.23189,137339339481.73566,53712859142.05332,121331031469.22592,179719558456.68314,221965459187.72382
2017-06-01,490762718592.69714,88116574559.8395,27578009957.246063,48993185326.35616,520644113116.4464,25579978300.496613,85848425405.37259,140541117422.81735,52475223170.17612,40840511073.30512,47903828887.99679,40239733700.10199,63004103438.82202,69899155609.13086,141602884405.2751,29144299998.778305,172619996002.28467,45263862996.63722,35348854336.69968,35603591300.082275,19423688763.185024,15587301805.672592,123873936928.06155,268488214281.65244,54217651855.64987,123744278356.17143,63350842571.80506,248778542402.13876,192692691265.98755,145782190986.45837,52956517022.95349,64096131479.97403,36786674468.99414,88089212637.31891,328977353393.15497,114446039053.39714,54148942763.71457,464034942361.77905,58719846356.7679,27159257590.846695,62913540742.59631,62813808909.78063,86424006285.429,120785303099.30972,120868605853.59755,159360436839.222,42530893433.654785,25408580924.1344,84140245697.25984,26618101225.405273,76575914194.70029,37358503981.237465,32876881955.573914,104708992456.28162,90540483120.88992,145367374258.92322,53330097299.61777,132384154258.60489,174201022525.7746,224701756150.91925
2017-07-01,506812446985.3363,84956986035.56909,28002774447.311462,50726716877.18706,531282877278.0421,25585080153.676987,91248843088.10738,139730127606.42892,53312718310.11035,43307056483.243904,46656625253.334274,41530411317.48035,62444677190.64514,73289202758.78906,148199125016.74954,30399773779.699173,178598753218.84082,46092365386.53671,37153005883.992386,37393054961.967285,20646092357.740707,18974712366.16488,118444041312.1476,273056946920.2557,55055723932.47693,120678931163.8258,64695914801.5671,249587216853.33408,193535967068.54266,150226314728.5678,52303335747.87323,64376481120.75957,36725011207.58057,89787342889.58862,368786644277.014,114909818910.37794,56992476626.039474,489414388568.69543,61217303558.65869,31213434433.58584,76493367601.68848,63081324191.322014,97155227819.44275,121956678769.91223,119321317557.18327,166071343545.0528,44447097269.28711,25291619176.599915,81701005335.92043,25579803120.40609,79785950317.73262,37397512115.1637,32214304972.77899,108233489778.91374,80990933675.79959,150998116221.59662,50416544105.19184,128872029278.49529,184121795697.60956,222781154127.1207
2017-08-01,558846488922.6227,92329610877.31042,29229432989.817535,55087565149.43644,527421062515.8429,26164647616.913635,93250164413.27403,138397662472.2372,52372772906.31766,44974755644.59115,46552557053.62026,40209176895.0787,61747408336.5802,77074722084.04541,146068252803.46054,27473073014.05391,165638576729.15088,47272828655.516914,33251011827.579193,38859813751.833496,20392995260.146614,19182372271.361595,113541649016.74614,275869809337.90674,54667225771.62785,120896723319.9612,65717769408.72399,248928975097.21826,192671471380.33783,149275939192.9298,52857858332.20802,63309510133.66722,35255322349.54834,92582666740.81624,374713413979.0884,114873828274.4477,55585547281.69466,503349561248.2473,63069449430.173584,32195945500.677917,73566863909.7622,56415314126.0662,101298300903.32031,121036327068.17413,122056048033.21678,170046423598.21838,46310933914.70337,25263327639.27118,82493432241.81674,25731483500.45056,73865991010.71324,37654993321.07629,31878961473.036743,105759556828.57292,89110811149.13692,156579512752.40594,51562383609.43469,122015110083.83621,179702317735.4688,212454836940.5402
2017-09-01,527241869815.07874,108956303775.00455,28116043871.011047,50856938880.939835,517067369304.76245,27217557644.91777,89724711020.58298,147548589206.2366,56220238417.43573,47738546497.17217,47338839264.864006,46094120107.5038,64928619632.84546,75403930091.85791,161080327925.9644,29762295700.25853,161333943605.2378,45912838543.1543,37848025323.689804,37190834320.651855,20463138242.30837,18221954463.83326,111830441267.61493,281206754636.7561,58151451754.55727,132720420528.22562,67694590007.96755,246046107244.7796,202465143671.38913,147506325338.29736,56152954191.17752,67044350812.54584,38141969352.72217,91216610378.64008,372316582484.666,115179635620.26552,58847391585.35062,504136486112.9403,61812886204.45596,31498949739.234795,76362832269.0553,55580115896.22929,106970281648.15903,117354711708.92761,129715937151.24757,167669093029.9729,46384018225.4715,26327549628.981323,80471023443.84677,27224651512.661476,81135120317.87302,38800987877.14897,33095981058.074036,110587371293.14148,85405159966.92302,154178478498.23907,57117687009.50126,132720064875.25012,180994809298.60147,230392662476.09
2017-10-01,578282762672.2565,110660659276.4636,29785231929.556366,53720969887.813065,594480895214.5421,28695251740.31961,98029362795.97266,159485184407.1036,59205484478.66501,51983764387.11619,45779281459.54079,47107174628.049286,63660010033.67981,82603696907.04346,158873163200.0688,31643845403.093597,160089999306.42773,48314617869.02108,39072576804.89342,38624142491.24707,21842920042.298622,18144085084.053314,94169877813.0333,298338207977.5143,59448397755.476715,134521775959.82642,68850395883.29196,263835824868.98883,213276225662.84192,151884174727.36462,59069934242.03522,64222730021.865875,38146741653.44238,97172355055.3947,392341022588.7217,99814790324.9161,61083029636.094315,562948819165.799,65406514618.448654,30424789521.47049,82712714007.71521,58946011251.85458,123748501083.85086,116090895233.93918,127390471571.74901,159117915899.21436,47522922811.164856,25739547981.585754,83022167206.03505,30046428935.98381,75026562142.32486,41217178612.49547,31928450388.180603,95002916345.87115,83009006303.37547,166119033720.55273,57029032262.455086,135102526245.53314,202235134579.30994,234242800144.69897
2017-11-01,587895959446.2585,119668199668.96982,31074154200.20398,53818195634.85558,632921442854.6964,29527963202.70221,103240822888.44786,164026984556.65594,63023170910.96063,54354011100.90223,47337807526.63319,47109145135.32379,72888126381.21094,84201856636.04736,163122949409.6738,35687434174.55521,171563571407.87598,48790609203.981766,40100830421.02913,38706628335.38428,22657752336.425922,18066212962.345528,85434865721.49304,299242090814.62915,60713455442.02904,145914536975.11862,74486008256.82974,263684455527.90164,222859906946.7697,151190427667.25095,62223103953.40759,66338962623.49336,39982403915.40527,100118207144.52646,386065725815.10205,100140901288.64748,63359522193.93117,569648930395.822,66659219206.933945,31123149533.767876,78986156346.65991,64766660398.43414,120098428796.29135,122715329450.37418,131750662461.46684,167087280835.67877,48737120348.28949,26468570701.292053,84193687880.56934,30371109135.662674,73678430123.19604,40427572447.905136,33248104485.832397,104425075481.52307,77330355076.96799,180303344159.78046,62303939885.30664,135896687818.09183,225212713379.41522,234074294659.52505
2017-12-01,581014006684.2804,119408866424.01118,29692770355.534058,53347066813.821304,629005831055.4846,29716322330.94333,95425497581.62134,172620146834.9444,64597515863.183075,60680878309.400345,49297951436.23203,50821957281.74056,73774273859.52118,82514924835.20508,173229116636.28195,37271058463.37338,175966455635.91797,46473414211.93119,42291656984.89403,37924162549.440674,21576483658.566814,24607428685.918114,81511127445.97614,304218056139.0326,62655343051.16922,154572773652.299,73618974977.91974,266041773141.98172,228019937136.41647,152796374397.43155,62530357219.47693,66615937754.56381,44571953338.62305,100802888648.11664,384496834603.70435,101952756580.39484,64415301333.78937,581828385006.7153,66296101553.489746,31569092595.096977,80830484945.39355,67049888501.03556,115864646152.97318,127172258818.38596,132807926487.23976,170596559370.56296,47471405645.29419,25956898882.311523,88966034266.30939,31247447240.274956,79000643540.96468,38400714797.460556,35713198240.863525,111601105843.61261,77956306667.64305,174799035143.00085,66418898074.57502,147024183727.8408,228733469337.0218,237233223049.31467
2018-01-01,574834138494.278,138559263106.76477,27759529127.887115,55503595944.48066,780369149772.6907,30670275435.138855,92741476203.47992,187122130968.80765,70998838206.0282,62683261473.77559,48507359123.26664,54451431842.19876,77242610992.44965,91942428886.41357,173450518389.15802,39781527930.050446,179295877658.9917,43373711531.71803,45070328726.59859,38088998797.92139,21083743894.780735,25308276410.32428,76053602561.09027,341420831362.5097,65884489527.897675,163845718401.1677,76648024654.43338,263128491842.70486,246634192549.99493,158491241910.6977,65621176077.489624,64241854511.400375,50226188072.20459,100228963489.97849,407223272632.3874,108265231473.58778,69424172206.96451,646241741504.1458,67242649134.43767,34156349543.91063,113817887103.1659,73370678295.16434,147181030124.6643,127575265271.61868,135814590701.76724,160310249821.10077,48234923119.758606,24544435443.53546,96246788134.03473,31786226924.15335,86929917365.11035,36021132621.71212,33972644668.13629,107496436117.30197,88712701037.65082,187738845753.44995,66121710801.99417,159407489211.7419,248217719217.50162,247614296217.42444
2018-02-01,611535832204.8798,144042491794.19763,26468014437.86325,52358256120.56948,813479482061.4358,29289502958.81366,92154428931.81033,187706844948.41788,69435569214.08047,59821246232.241806,45297816845.90481,50284966164.90088,75668983502.43347,93831161407.4707,154866993372.5832,38454838577.143524,170204894832.66943,41627723985.16162,39805916305.60997,32809820499.490723,20278938996.728867,24140204181.454918,66364660307.17819,318808076277.95483,64664644465.498856,148651815190.7854,72538875644.37039,247305418619.32565,247554640865.3899,143937604064.78867,60850602090.02609,60747815035.86011,43130465995.788574,92381199907.65894,388549680700.1616,99074108690.45099,69074093004.28387,637807391825.4655,64581283387.68025,32208651359.38031,122694249564.91797,72090801800.2283,144905680036.06796,116366038275.62305,133137899571.31917,146902045012.47528,44953089376.38092,24378934503.808777,93966317754.17789,30602740236.690033,77549346475.03018,34384173547.25217,31922280046.01349,106030558847.82092,85895908134.40082,179318430956.9804,64512014731.40571,141547469017.18518,209587937294.226,214825899015.6778
2018-03-01,578384173020.6146,117703715628.54245,27951733466.621796,54616727795.92885,778459703757.2336,28968903388.39673,88112448713.93875,175368497452.7962,68461183163.92456,57016457098.825356,47077669078.38787,55191301554.70181,74889795712.41669,93871514053.34473,159371366526.7657,37128149224.2366,165717100770.9756,43315345307.98283,41316994563.32039,35194274184.878174,21558448787.579453,22803400567.941166,63926216129.77219,299522272945.08093,62115992096.549515,145365176439.88647,69707731376.5825,245573762172.77988,235702067260.91962,144636980669.9973,58636021545.57518,61478015396.14429,42244654220.581055,92164099690.58015,348173853214.186,99530916539.42436,66534067816.67186,623719198106.3262,69822716974.88892,32942207007.522385,124365933881.96313,71456253758.72731,138758496232.5096,115750975849.68951,131336799205.09248,148323895308.54364,46664394665.72571,25124953039.113525,88233080604.30176,29946396921.152412,77073415071.6395,36132102183.60898,32501151661.310425,104131954364.53563,66634055096.97833,169676990401.25702,66934388375.92877,127764907576.60065,207166269712.30298,213784839651.00323
2018-04-01,569697116057.8613,120066493692.67365,28518188516.110565,51242187861.580215,842351625504.4741,29769753327.454407,87039949128.08478,175615685903.54956,66255792717.96634,55848134357.40111,42841480106.80103,60972035605.29617,78359446147.84698,97657052124.02344,174841743733.56354,32477754651.05414,165535635645.13232,44819398225.30727,46380045832.28142,35417331486.01123,21928722780.417805,19740451925.86963,66724171145.1158,294162201290.55444,58779089765.879745,151574744312.11874,69789741962.44917,242392728674.5573,233151428828.5998,145174643258.23608,62312757115.26489,64418043378.5206,39683503807.06787,98682396834.9503,374778756522.0663,108511578897.06116,63648776917.64201,639095148885.2821,70070672207.84267,33247505986.753464,131570612026.67004,73775964129.72859,134750193946.83838,107835582077.18127,135481530302.80748,135339946694.17877,48453784827.46887,25555543165.711853,84256911272.85905,28078379344.889603,81570770073.54474,37313311998.056915,32920170839.654907,95515141107.78207,73587145796.42711,188058170699.2168,66536058049.65929,126667883622.17426,207206786927.50238,222782118641.9556
2018-05-01,644192821794.8608,124313053674.58723,27690922378.43747,52271299272.11965,876500064156.5613,29608345847.183136,95633175736.04686,170450527429.4685,67873110311.61392,59064877674.46527,41678827114.9062,62731350044.71839,78788659129.92737,104388683258.05664,173709770101.9829,35880807182.62521,164116691503.49072,43142028016.98802,46316661281.72188,33402324450.33545,22873733626.592503,21995000723.88964,66771612932.22975,317676017841.2626,55708570097.44931,153010047036.01328,71347793227.837,229227783358.59323,230520878514.7724,144469046251.8875,63840748094.74136,67572584045.003204,45963188140.86914,94303466483.91798,417878329271.3322,109728071813.13612,62121420038.765594,675450680912.8846,70882919323.22311,32942872843.387077,148051675601.96313,77454550915.8871,151101140635.96725,107098422710.6324,132965129517.1163,138159565743.99774,48035761348.6557,26829645397.40796,87531802853.30887,28963519950.68473,81701635525.69815,36326282790.75692,33737172139.628967,96192410916.84584,71291151837.40137,192123203310.33447,71082000973.09904,131616608714.05495,193339880250.56943,232782255885.4327
2018-06-01,640586255201.4008,116409974468.15778,28483291520.936096,54462321096.425064,914246707985.9751,28566422727.11023,92055488989.21408,166137493680.42993,63402283313.417725,52750499356.863625,42815088364.955864,65074678225.04503,83299399660.48187,110095227218.62793,178227180295.7624,33550488919.80893,172927216182.11816,44739253959.36209,48919300497.09686,36396729741.76953,23743993728.41508,22463529015.04223,64542708621.26463,326105941041.6566,54591326721.8616,160918818218.82968,69838462941.24924,234248279422.2868,224467589265.91,147358447200.38013,64612937804.45892,68270549673.37189,46234109298.706055,92346799958.15627,423412809152.5644,111884655214.32117,58726663207.61508,676799816411.9136,71404471825.83119,31910495353.278717,164823293335.17603,85955088754.93979,142027817049.98016,117377005949.1732,135570964596.89462,147392860777.59067,49036037277.71759,28731941902.670593,88173735790.15283,31196728425.208168,79750425132.45137,37989579128.60913,36294175293.684204,95567397310.5302,85868364573.83107,195170010048.55908,70903590768.62799,136168965115.14252,201888586960.82755,239454484902.38812
2018-07-01,658512131066.4825,115882290152.9441,29260674860.47513,56312770224.760056,956005847523.362,30328432583.9469,85265893465.14679,181990947032.6409,64221018486.419586,55911580312.70098,44268474811.863785,67458192670.47226,87177798575.60577,110700579391.47949,178001584809.8691,34920919858.77338,187363941425.20166,46176265717.93474,50692393695.88806,37191737252.60986,23688257565.60499,21474407335.888466,65211267678.111496,354416688046.0648,58764194447.94626,162914846928.418,77401672158.70789,255831468474.49716,247625169387.05817,158060261663.9087,68788702429.1185,79055577971.05087,48057911430.35889,93437537468.26173,376042581830.24817,122352541096.26743,62641764461.14023,728069345702.2954,72113339287.19763,31152035000.36277,142093391829.74194,83198716791.8905,146800047665.11917,123985965585.38162,149210243421.9505,152717608680.1723,49345350111.587524,27845346945.23468,95726647688.00125,33734906496.612198,80919163235.53879,39868149106.01014,37577982523.79016,95150739243.52586,74648765596.91525,202151148439.3667,75012266302.36023,140712869759.96765,210327144618.8831,235923285409.7614
2018-08-01,787729645166.9769,121825603164.76642,29503345239.81363,56647076368.90669,1082547065636.5986,30720084336.751312,84212403424.67116,182285645693.78433,61193657246.90021,54317953557.43327,44154718040.71598,68917762280.45158,92925622675.68146,123235618331.90918,166991956817.06384,34682152539.11969,186308762192.68457,45961274836.131744,46550153581.414185,36925038240.173096,24362675088.84183,18338453494.030632,61910039677.82164,355739377854.5781,58858256872.708466,165595419610.12155,77115621323.66127,260020663657.94672,248169445143.83942,151077541337.32922,64965278681.279755,84528107460.13058,52861033081.05469,96219206501.84088,382906229562.64014,127404929180.07408,60855995303.81945,770965620380.9137,73215206961.68787,26353537144.9047,154822646831.17603,88921257783.85306,168275068109.0355,120762351919.33754,155151748296.72885,158047650791.24582,50518447726.80664,27174235893.49347,92877531517.99786,34871569447.55693,75693938307.23764,35914142998.956345,39032394519.26007,97026926438.71873,75530109390.82384,214317561902.04895,75377616084.31932,143635671519.91733,225954946192.1866,232044718271.10052
2018-09-01,783929054244.0338,120048565878.55676,29410819322.31601,55195930643.16968,1077324526429.4464,30860493180.55591,94862480903.89558,173622206204.00143,60206243441.930145,59653907744.76576,44513741577.68143,72643824229.32028,93855555930.18677,128361016708.37402,174029587828.59985,36257072198.73279,194491584732.35254,45790152300.72221,50227558758.46306,36842362780.32471,24530213400.148083,18168774773.316456,54015789982.31108,348600265192.38354,55683465477.28761,171733462739.8904,81068513191.75406,268516410259.92798,244400789363.8339,156568776879.76968,66342288600.2504,86330701154.77107,55811530471.80176,99839711744.95993,358349530150.64777,131770037442.09955,58039398941.97409,787987737499.0754,72611700186.64648,25648630764.702156,157538597746.365,91873059031.15643,168571034899.23477,120535926693.56918,166082821463.73743,158581122242.90128,50977169233.169556,25774490521.299194,99123521835.2764,34911698165.00571,73009422845.26505,36224051463.68953,38123565464.72522,102008905315.78223,66293532159.33365,212385662608.7802,81922630242.40007,130039947591.73618,222644210801.47116,248620822788.66556
2018-10-01,760036888226.4862,98813521622.33437,30439860371.777344,59515074177.7285,859498394915.52,28701663459.90094,86572359465.09201,162854443392.766,52899743219.86725,47460252261.22792,39593632258.26004,65604693560.23605,91358101365.33875,110773249145.50781,158900939083.9654,32814500568.140457,190982274158.5962,47283677528.65388,41475029258.23387,32233758939.60132,24614489975.610397,15205903755.59,48782940963.563614,314955527553.20386,55964068239.0591,145809722265.30573,73613632977.36664,272053350875.4678,236127037379.30786,163677841923.96146,68298756506.49765,87239798154.08395,46284396080.01709,105575038718.17255,330742305742.4828,137662392323.0501,56905292265.54169,735900792485.0013,74734611008.52763,26384782561.85794,127073475857.67834,81375747303.55432,126467281631.46973,122163416659.11197,162276531824.36877,168965214757.25995,48827311843.58215,26515853622.796204,88063327311.4748,30176635578.6408,61983018997.46303,37412137477.69077,39583808854.13574,93199275550.33418,84458721677.5925,209345493461.6432,73565833211.93655,131697612494.03415,237746383226.1482,233005232741.201
2018-11-01,620156216065.6738,120935103026.41708,32257297873.035828,62830581274.47679,909067173580.3401,29914069684.517365,91964486999.296,168184209179.8254,55032869894.21274,53412196218.06116,42514177941.71333,62374632458.95907,92417036127.4466,115228686126.70898,169276097816.38406,37524440657.62991,192079967926.32764,50682765093.37856,40748923024.602585,32790374354.888428,26064051757.43737,15643541487.662292,36224948673.90385,320462843670.1974,47352283232.39511,149490621950.35788,74594636992.05872,285482081419.05084,242513507453.141,172292440996.02777,65648887567.871704,95445666905.49084,46096110626.2207,112503901916.01453,306381667468.42053,148378406317.00137,55702719692.75979,764011210852.88,78724791968.68378,27596510170.61461,120483581944.01013,81462493928.95563,98034188898.08655,132555692180.81352,174223038074.68677,181664510836.18625,51000948575.31738,27521151427.86731,86383024517.09152,32523461800.902893,54481279286.24461,39323037203.835846,40051864191.96387,96778739294.70049,87753740994.38638,225373779362.30096,77369403605.83696,134295441890.95445,231511080274.3853,232478813193.68335
2018-12-01,549696137942.9779,118266770307.8484,31291535518.14917,60424154284.50313,807842816464.1006,29761581527.988007,98499327523.30486,145917554208.5734,50508174314.201385,50026452273.56765,39836966804.254875,58764862971.245926,81593832656.23535,110555314865.1123,156343719208.61136,36141010475.99841,182367032823.39648,49919852587.53491,34398533077.95792,30182357726.471436,25531130199.607487,13507951229.114904,36563054987.42041,301780635998.9454,41649964801.07474,143295903716.21204,67533416291.73265,252389863730.0546,212916407544.03534,163145989420.16473,64406463214.588165,93565234973.65213,45114292144.77539,106628405719.00108,285638090792.6475,142898850839.88538,49754757733.23325,702821384240.506,75778909406.70222,29567685687.010086,112706236548.78064,80638396411.91666,80160692532.77779,120098008586.29425,165769372036.7642,176686036147.41226,44472469962.509155,26120961405.49347,75925956599.96759,30238544747.391724,43585039397.93433,36959951026.51548,36624986288.67499,88414400496.59593,83326992949.32903,200186712478.30328,69913938896.35422,114929993470.09178,220842372993.08105,201426874740.86096
2019-01-01,580014190293.9758,103000771542.50783,33125307959.752808,66383122560.062775,924428340955.8707,30779305248.559998,105005820796.50961,169540970846.11118,53782181745.2276,52424034688.615265,43290567065.365105,63797812748.27948,85967732481.77948,122662558273.31543,164765160558.34854,39940931452.36844,186915876114.84033,50775938118.42819,39127789389.099884,33730007487.216064,27036957031.8149,15250488873.282627,49140238912.77342,325152895260.1484,49369120084.083664,153061899050.9708,73416786299.97223,260271556228.75385,225741109493.69113,165833465315.29486,67638971882.38541,96912626148.9732,46970468879.69971,107355000303.20183,363208569191.4668,140171674534.7192,53080101011.941895,722611311918.0492,78028455133.38107,29227991296.689133,142956613238.18433,89056809109.46167,86315354619.97986,123451216647.9287,161212180019.36346,185431926449.54898,52770194227.05078,27684455902.851562,84190230551.97496,32395048399.722443,53989179332.481094,40898314747.1558,39705587756.36096,93123170745.7993,76872157738.93855,217126080505.94763,80454418487.36378,121988400666.25552,228435998480.5145,216462222150.67633
2019-02-01,603397343596.1456,102900537538.16704,33975212622.755585,67654390168.04913,881991547513.6599,33922954030.313934,107789007883.81947,173173606946.80798,57428295015.30359,54417509766.77145,44384694934.34967,63948612323.85297,87613936859.02313,132090031082.15332,171850168597.23117,39950670580.59363,189128288012.33203,51863418693.46643,37159653987.89772,36255463027.166016,27506819968.665165,16974480117.519665,52262764208.24646,325343571063.0082,49042507940.4451,154404619758.722,78753217636.19897,267234031681.7414,229465281197.42126,156220467241.27026,71883782422.61765,102111595837.3796,51593137641.90674,110393449293.91011,351790881303.4788,153090899588.81332,53053115376.54973,775200109267.5109,81838783818.7457,29236561642.727333,150788701070.3318,93244257878.12112,92626107832.19337,126705393652.68176,166067874076.55258,190928291983.1081,53456892974.16687,27550284050.475464,89609477536.89294,33292681482.07869,53806009903.08986,41815575685.81737,39496300833.90686,98534040120.79192,80092060859.07848,194641995913.2744,84819301348.01335,125560668530.70766,235968673305.38342,233447186087.9305
2019-03-01,664781475679.8706,104653641866.5086,35362866842.87439,75685351328.08263,957786114993.8036,35754089495.60983,117712189245.89735,165139332585.04593,55374599746.401306,53684509561.40389,46183805262.98138,63188047637.544785,97248513561.27045,127828284301.75781,178803317161.02914,38927794218.79614,186094573195.85986,52604984376.015915,37626142824.03267,39018386662.29883,28593687828.957207,16961322976.76458,50250738912.66838,339881540240.0173,48061496629.51108,160034062784.03076,81665536140.44566,275207901166.9629,222583046723.88477,161457667509.717,72999945945.10483,105485901449.0573,53743480705.26123,114758383321.3345,363208569191.4668,156631464266.0032,53331148648.754135,819580177959.995,84843588169.06247,30650393852.664238,150140224861.17236,91591056999.11287,107928714649.20044,135365444246.7139,162696732772.90952,201583881457.77713,54898989507.125854,28369664508.17743,92451617403.4325,33186592337.852768,53823598548.36316,44027123153.90761,40171322412.17114,99293928536.9903,70071792322.0248,198692062765.78125,85006059738.60776,121609379088.45404,232488373749.1448,241325453941.48547
2019-04-01,702299046458.313,103095337392.0846,36122921031.59491,75009381261.9815,1036189284794.9866,38767227334.534485,125750273914.17165,183035955090.4637,63350873424.2384,55241657088.647896,49047529031.740265,59760698790.25356,98610035927.64038,133462208496.09375,174274465369.5614,40532545368.08081,229571971880.38477,53259628220.833176,37970056228.504715,39150985230.10547,29061403989.691673,16198127926.098223,51210340597.40912,346255283828.4468,51548621550.11023,171148514803.54745,89224665133.04747,277983807718.44403,255169002279.94226,170513537571.3553,75185626255.2507,95145430789.10611,55545231811.52344,119393475666.33124,421408166951.99506,149237960687.9932,60976970372.98221,907555940830.93,85335138772.6951,26722951841.895546,156026932254.60645,95774113070.21007,108794289888.8588,141440572575.5637,155571340478.95514,206291694178.8553,58931970914.619446,29078327071.167603,102292859581.21115,35045056622.42996,52724142826.203125,45339088267.67877,38295142541.42505,98027441216.87405,59763584334.026634,188004155396.37878,90008756702.16339,121835860474.15463,246465247036.786,239772411128.3797
2019-05-01,612704796574.0204,100935911962.36505,36363602989.986694,80551373250.27621,954731132681.4435,38352793080.515015,99383772585.188,159213740031.27362,54253758045.307434,47759440966.85996,47205543569.41006,55822110195.95293,96220366942.34985,122210531158.44727,165260218585.28253,34302035971.87947,221308916238.42383,50039017704.47518,32436192417.690353,41827934693.96997,27424385717.433136,12824736842.667675,47534481679.54693,319553184798.0431,45683314399.6192,159511754150.96835,84435332003.6917,258198134183.04623,234766061784.6581,170756789722.5286,75306567721.54907,94251185714.60782,45989733261.1084,119816476873.31065,386697604960.1966,150185965344.35498,51747016640.43278,859468115674.784,86989698550.05591,29179430074.863274,144548288142.58618,84117229852.1582,81421392561.4357,141385337500.4557,159057429907.75656,200782785990.27853,56626036251.50299,31273856976.77594,90593855531.83658,32319005929.050964,42853796033.25078,45577613696.461296,35735516868.245056,98885745702.46312,46360654947.85381,195046168396.05438,84792530984.48163,111668222585.01515,243110011124.91156,211368793236.4343
2019-06-01,695342072449.6765,95685798776.68979,37461398156.2121,78884548663.75443,1018499292518.9741,42644139667.326904,113688676733.63086,173578892052.07883,61269824607.5918,54328811934.71805,48595514744.88224,58041175584.99246,106419000299.53308,122468830581.66504,182409471715.28604,40552122540.772156,234047113595.20117,52133694814.19929,36904693514.04167,43644447187.5437,27545237503.064713,15334206785.151892,52872032971.24798,312708694353.8989,51449044841.73711,174736163021.55893,90154627661.91188,276080065524.9937,247705203926.8643,176978126384.51523,84154251170.35675,90569854146.43317,49751551734.92432,126225860720.2639,420536698482.6482,158983659599.95892,55714837657.01393,934350888328.489,90476713215.11716,33923612420.56392,154671044976.82397,91797971357.20163,98826956261.15799,144842654867.3343,167424846803.9157,213932853720.42548,61568408558.25806,31311992426.212524,93906469495.4491,35404514040.334854,49092252969.84541,47640417658.39186,35634547407.86731,108360419472.5024,55950269707.44782,196828839675.9156,86427126663.92523,120243895135.73083,266205857623.7171,231494296534.74045
2019-07-01,748462325670.7306,87659354641.84091,37376269662.7793,82003393378.59329,1004057804162.1494,43226427099.575134,115627948374.097,184626734998.18384,61525585490.10315,52487164380.49908,48642989965.89981,56214320149.76744,110997748236.96075,124704634597.77832,180459917676.25208,40723742218.84955,239695465703.09082,51235653169.75988,34008893640.970726,43454918759.78467,25890453682.640614,14607779615.897503,52670910838.00726,351811718458.795,55354228984.79585,180801479440.2078,89054746005.95235,258121402672.84695,257010737075.77234,184349433036.6584,80164438547.60422,89065673244.37975,49993132873.53516,128085875638.77182,423216680996.6415,158404021928.833,56668642984.46935,950462926982.3195,91496928943.39023,32335809719.974174,136004580756.34839,94072418640.40517,101528851479.53033,142209139917.6129,150110369642.80914,230302208827.0254,62379801253.28064,32179496890.69806,96358686397.694,39634132793.81651,50081956458.010826,48433266258.543915,36178791874.418884,110106608926.69698,60494692152.88992,201751521112.90558,91967142419.84297,123013678082.02332,265940709318.6222,224636817422.60837
2019-08-01,733355321323.1049,87820475816.38171,38797953278.95386,89199335619.48708,955387284185.5085,42781415704.84958,112697299592.49596,165550275601.41165,55589832468.02719,47801563739.841385,50568943047.32288,49901330706.18416,118701546864.6991,125971850143.43262,172559000645.24905,38083399849.29312,231482727980.9629,54792358683.020485,29485543655.5838,48143997916.1521,27154524249.989304,12192851345.443163,41582292583.66846,343820751705.87933,51275536219.87363,192832881396.76816,85006341101.7261,254434488502.4275,245130156493.13232,192791009763.56113,79171191852.23694,92352003482.81995,55616131507.873535,132492766112.6429,404565003948.0606,165046310487.3072,53175889488.07196,961552815116.8914,96756983438.72723,35319713441.78601,123692206760.0,92399395713.64725,100800691867.35153,152134049748.10428,137395056762.31839,236094072917.11127,64709116920.77637,35093102014.30255,93935309677.8099,40693278036.61064,40634424386.29843,50208564233.27284,33221142020.340332,116312460409.20854,56488590511.00981,189590207093.89813,82772967512.1727,118338094140.73395,275288920267.41394,206873727189.36285
2019-09-01,789851922838.501,101152521743.53159,40179063144.95471,85688573715.71434,933668710436.07,42012597180.99762,110077630718.09138,175539872602.0125,58626109429.204834,50737943052.60507,50132484198.40645,54491711055.7557,116280182609.75098,119813304061.88965,175636121857.2586,41468639214.47009,219778763929.56836,57244846379.46247,29497460259.925117,50141882352.13086,27980964748.059124,12697017843.736362,45060097960.392685,352660795609.59326,52437425036.157715,196310344082.9949,87810267755.83624,258378135506.99622,262601277450.292,190689384049.66922,81567360967.63733,91932543761.09811,54505790473.93799,131201298988.59418,388026806320.3528,160675351391.53497,54688252341.66471,972942454465.6772,103477782739.01967,33575414878.649826,112689386543.98987,102965306734.84659,104851969741.34445,152545784114.84756,140162845423.39127,244243369879.0974,65947271629.40979,32512213084.09674,99050450450.54178,42572756928.54355,42814615101.65948,53812432452.941055,35203793693.47687,124823091394.48912,60309416040.90654,176075794495.89618,83293263795.87961,129615060060.40561,287345657641.049,215960595377.9314
2019-10-01,877276103323.5626,106268931178.66135,40479264893.60541,84869777452.57222,955586304497.8735,40597081815.049164,117842799723.24033,189417564449.94623,61224772262.76178,55353410523.73217,46783956402.921295,52789453026.26061,119912547163.39783,126310879852.29492,171993089802.88297,43007372015.929504,219104161991.7124,56289372323.28484,27546069059.298706,49270841950.87988,26347629172.646507,13028706112.987585,50356360569.248085,363536825218.153,53993618891.54237,199688286807.41498,89642259710.22047,263690222328.81177,278733480863.49176,192048287302.38806,83516872781.84875,93675375977.23592,55323672935.48584,120196047195.41528,417595077724.7721,166508189820.3464,59020232022.87024,1003314183751.9031,105853907678.82481,35307577717.76898,121022557216.41199,98174438592.932,121085423643.58902,153678369058.7365,149681254616.0927,244498682195.32697,68336046322.03674,29779856480.975952,104172731916.80438,44310914091.35365,41601603116.19313,54587783081.87209,34079715196.591064,126967278826.04324,78850172215.48557,205706721684.44037,85082765210.01997,132672996530.98206,283907608494.206,206662719804.57858
2019-11-01,942482789234.4055,118905283561.15918,39175554001.61609,83293663247.52687,968570143465.8678,44988786933.68625,127242834784.24109,201835352807.32843,65628655550.674805,58594102009.468094,46545054057.84702,57756005073.5044,121265126887.47437,131476618377.68555,173459164164.8348,41503325842.96912,255632785782.9004,52652584996.47376,28295663092.791138,49276912663.41089,25716303300.8977,15183166318.951145,56865349881.1882,376616367763.2219,56010343206.8307,187711095158.74594,92662689670.00456,274574140766.3032,296350646968.1291,188414063071.22922,86826399357.10556,96470408897.01555,58436188865.66162,118839477109.8905,439362789857.4855,167507372784.1357,63893855825.28836,1059368964322.4785,103846445691.74414,34125617248.174217,132496984811.50415,102493906226.24374,130554455266.95251,152177074086.38928,150266387752.53793,241218653547.62012,71287195698.94409,28152286821.296265,107626300088.39978,45147840398.77168,46068454593.7001,54004097377.32559,34199584113.189575,125567931137.54001,82610903355.36417,227824131333.9641,90497481169.65776,139945230825.84576,288338291404.7902,208375460975.59528
2019-12-01,1038693980307.3425,120003139763.08762,40841543566.75964,89438630458.89761,993870836627.18,44733697672.50516,127166372161.572,213344586221.11655,66661661760.129,59788418089.65463,47245070132.578354,62660555852.94353,118882769070.75073,131274830154.41895,180223123707.62805,42790032426.97525,243911943103.31543,55055675822.6293,33427993212.25956,50966307386.163086,26622719015.739635,17504672994.899513,56310304852.04914,386810936314.72424,58509475058.22601,185897933047.68298,92314903679.24483,293327575304.39374,313534318202.6287,196753093448.9969,89643263888.61191,108666642189.96088,59656618103.02734,121525968974.64395,447228725181.1657,174751006454.88327,66011599441.2775,1107351941729.2776,108125793721.68585,38613503690.8508,136248801416.82397,111356850765.6358,141838763729.5723,153118155886.16675,154318227633.16592,246831207415.19507,69410605131.75964,28456960588.61139,109197715012.22379,45266326053.85536,51158901679.881065,56050800969.570366,34155421880.758545,131278634225.68846,104742129200.99945,239310184781.5769,93474843858.3428,139572302917.6147,287733102561.17737,215995776451.8276
2020-01-01,1094794297074.707,109810826969.0847,45037618209.74963,90588754210.2429,1080401011142.5651,45666961343.45706,124040164375.14056,199952960371.78937,70407832924.54303,53177194929.737755,50635416903.69141,57264586584.81048,123574670880.95215,147151453079.22363,160228240389.22812,39334537801.65161,234650981627.3203,58930900444.568985,29097842571.630135,51492813030.42383,27790637432.47634,14809593730.932741,62876248188.620186,413781643189.98145,60499406707.349304,195414040620.2169,90343458921.28185,299360273487.07306,297700194897.9636,207595006445.85083,85894000829.90158,115454686192.16437,57903176376.34277,131587005576.50987,439951040289.2686,165289840842.6803,67483691423.592705,1195336432466.915,119752814461.08783,40187165015.04822,145310441648.1272,105850018678.33978,142519882339.0007,160226546128.8123,146677112433.43933,246277891564.59534,72764530898.07129,30187721233.33673,109518542776.52682,43206796685.61168,43239751022.19458,61946266972.95409,30530306272.384583,126374158334.59276,162890754706.0775,222636569826.74615,92766520875.78618,121775589179.15065,278444276318.7905,192285139888.73297
2020-02-01,966924812245.758,117736942742.67639,38572809232.05176,88657653884.58423,1013185245003.25,42012987932.323456,110813458160.83374,173580841188.91534,61817639328.844025,50651522317.147316,46654885339.749756,46655761154.96608,113713623962.74475,137538313110.35156,139590272424.1345,38813657241.25058,199600112205.8252,55351456311.789406,25330700182.758827,50014556906.958984,25174497993.17771,13337898235.250145,54947276836.16482,386770548500.4869,51089229958.57681,186624272056.50253,84580286342.68169,270423660284.50516,262827725112.47144,190141348655.30795,80769018891.61469,104284575990.48601,53325906532.2876,119410453391.17245,419381777412.7628,148110813112.37024,58529159644.23761,1137616216241.0376,112858750415.13452,39803659846.54767,155391097564.7705,98243751699.88309,162798088663.1012,148955785778.42505,132975924248.37053,225098090708.53662,66027088559.783936,28212630672.171265,95219894758.0405,40085307080.6086,34955681600.62608,53111877157.86284,28221334049.739746,120417799407.20032,167252393928.76337,208344395068.0492,82627447258.56523,105976373321.65216,261882115835.72678,159226488792.58893
2020-03-01,901605398367.569,104659660489.81929,34800795452.0907,85119963224.93118,1048667571134.4579,38186846089.18881,96375414949.43939,129302475637.49327,58741492700.5697,47308463391.70823,45819415466.22368,29887815479.88266,115570674317.93701,116213408157.34863,109630745173.77246,34269531682.946777,163887544915.43604,49296092938.860016,14383159592.383251,54760800685.58789,21660217685.156227,9039238117.311882,40099394455.00746,335566930927.6302,39578480273.438,159955098007.73102,70156285385.01524,265368673608.99872,203792735765.7826,157295858068.41943,73153459700.37827,115288518802.48431,43058029747.00928,102323088874.7835,363448259042.7083,148845945405.32672,44192570022.53317,1110447273987.8352,107999270200.23096,40383360577.45372,158115481513.81567,91197599417.88031,158993022450.44708,135496425515.06042,129872357481.57698,218676890908.3321,62963871119.59839,26794713572.156677,69108181669.70274,35737010740.636536,17663987296.12213,48067335473.81029,12771711433.86734,99664353846.37686,131199957714.11989,203784633277.37207,73351946613.69554,75250287761.48952,276328441495.1983,119219022191.79082
2020-04-01,1041691356449.0356,112915364972.41267,36162706055.29706,93035801820.88713,1330654404405.1072,43436916344.209045,112283650078.93066,147412474483.8198,67537183732.02438,47447081646.96794,48519144748.44177,40853160980.016655,122813808399.55627,130717891159.05762,139194420494.5533,36184554229.574005,183482797587.0869,51599994492.60955,19024047120.180855,59199897109.83447,21819096682.257206,11824663903.708595,34376159742.14218,388922032690.60223,46959616723.281784,189589117932.88516,74408986761.07239,303636907330.1824,216763217103.26917,164556165847.4511,78166854916.82877,128519413512.68942,52415214591.97998,116067240145.66759,446052123790.6102,154756917431.9836,51250384679.391594,1261830081660.3066,103735316939.45325,53197516363.33115,176790378768.14746,96091458014.7233,176291638031.95953,150256891403.60913,152631836233.90262,234322254120.77112,70487575307.61719,25270091143.508545,75447617465.63164,41713653135.24672,22024337359.28618,50366828631.12171,15544424208.157684,104177464838.85393,195768353220.48856,240031506632.2516,83103425228.09373,76167951206.11763,296922559002.9851,145907487625.63223
2020-05-01,1127281242240.7837,129196199332.80502,37093864074.042114,101342007851.61066,1313642066033.9185,46531306674.04431,120406686192.98836,147841541765.63065,71115552677.0668,49425558811.1269,50245013872.60517,40930782235.910034,125316624488.02002,141081710311.88965,138740540063.5492,37945630133.176575,199006326305.61572,52191186704.40865,20592371810.511322,61166513012.10742,22542868588.396267,12146053491.98116,33213428006.24135,413995356486.44086,50305828064.97798,214297881102.7654,76480251996.33878,301026254519.432,222560743356.5978,167389025154.97534,85962722221.9107,127114882698.93619,65604347190.85693,115299881675.51347,490459016525.38385,157448668399.1661,57955818683.05935,1290276126175.0137,114704881586.13882,52294203112.62201,176739844816.69678,108656760240.10292,214133901471.138,149416394375.3045,151955431633.59988,231982551517.5785,72280763904.5105,27626086191.62921,75110016777.31577,46183889895.623474,24184872022.1393,50668693361.48063,13432875720.039398,107982433381.0545,209068633594.64987,250191787867.51855,88340641447.40088,69403300908.55548,303053991930.64197,142767675603.6361
2020-06-01,1296928653035.553,136877957652.02747,34963360280.262634,101487243987.46988,1483846370994.4617,46494722156.4332,130468461138.40182,145573639842.3079,73194000680.11597,52046384543.496346,50891049891.49681,41183267422.72452,123179691768.7262,151203351104.73633,136985432406.47632,39200362042.29019,189183229669.40088,49261155284.90907,20467130635.473175,61824238748.052246,21585943134.778885,15493925452.976032,34527826200.32602,409527726676.54724,50911395437.48877,216048632132.44464,76378555775.85474,286566699130.35724,215127650464.25772,160217280132.0149,90113427983.57712,137090314409.76834,68005041297.9126,114916180757.51836,494773400338.73474,150836293523.69678,63331802501.121414,1436918795436.7402,107797292419.98976,55218810790.96071,191608183028.79077,108342169883.01936,229146576097.4884,150222793103.51413,131407742222.37859,239287049143.3078,73726381458.81653,26147624344.574158,72369444286.16908,45046478035.85643,24080121487.854378,46578683423.79978,15919239094.802155,105777978365.9353,270364553239.3906,242066822088.958,88423163018.09816,68486051880.15294,293885820329.8396,143135345496.35913
2020-07-01,1511092405368.7134,132319089756.37372,38141844936.80072,103035348874.09695,1702140384900.4673,55504197325.97287,132288717672.67264,153563435984.31442,77869605034.52902,54671339270.46437,53628037744.26338,36645468014.90712,132247246731.00769,157273131362.91504,128864253223.9606,44205144656.28641,198395542540.43896,52251723892.340675,18927850763.396606,69146643715.61963,22965922047.84886,17301768963.546642,30731780758.43921,429714524829.0163,50998984768.51016,230335109866.27722,78903562319.63846,297020329738.15533,221028455004.96838,170936098119.50372,104624209877.89764,125492192553.48132,74945468856.81152,121027348590.92923,552733308248.0215,157756520239.22397,64092292002.59801,1447509778307.798,126682680295.79465,62156608736.74681,205857520492.91797,107855944020.14392,256212673229.21753,157569871446.8246,154635155724.7931,262401154805.32568,83791416591.64429,27517259399.488342,66567661615.587524,50508804474.22357,23914964165.77001,49058093051.97502,14515424399.917511,103503587773.36194,358235975797.6365,249563198291.49548,90661600257.89488,64901205607.72739,317489006217.46497,134685484015.23193
2020-08-01,1835040199443.573,135147653998.55711,34607760874.964905,98210544725.55544,1856117763609.1343,56594424105.59436,144985089178.24384,158871544695.41254,80466993516.79688,58989663206.04996,55384031793.27873,37514357155.95071,141541434379.66187,220069359008.78906,128848906592.26718,52667082864.1525,223725183278.7461,49538634248.497665,18463688357.265205,69525206968.33398,21954729997.253384,20904072634.885727,32098760929.911125,470602365976.6199,52779171074.89824,247296424304.8066,87450492478.7673,312608874147.4502,231380692744.58243,179222394595.2594,106600508995.82108,123905696746.09958,83205007415.77148,133012960999.82762,638867178221.5682,167645776564.71564,69001625893.32217,1592395199290.4702,125992167218.12918,60432044978.50543,222987052245.90967,123634934630.61667,322825851481.4377,160316974403.5596,153346625724.49606,278577058112.3693,80961824252.71606,29240876176.569702,71641273347.67017,52311909719.72438,25061931757.77782,46875125460.20203,16114662539.977417,106720531565.92198,623850801404.0872,257615968141.94263,100645605072.21481,64606935066.48001,340674978814.4702,127835981915.1361
2020-09-01,1649869609678.1921,123604325395.91187,36177550717.73016,95285710749.02954,1693561583559.6387,57678830389.3797,152156031534.72757,148687413009.98926,76317653608.49075,61824943646.81268,53909653441.597595,32514422670.610756,144529671443.36426,202852888275.14648,112127573774.21016,55567950004.865265,210508978932.08594,55239369132.91547,14635748936.270618,67146432724.9624,21483245268.628365,20944251474.5345,31541845293.39425,423259983396.5927,52087895979.97778,240937021149.9154,87445609745.23009,305397195759.59094,222327692589.34622,178643437734.54562,101644829589.65973,124199197449.94815,83796105010.98633,137531930477.1524,570665982760.8706,163084538180.1352,63839030159.80487,1488662689949.843,125897308389.83849,56991876721.364105,210552551856.40186,139025025083.57773,326591233705.5206,158645834442.84937,148923525358.6773,279906135399.22815,79976222802.52075,30661621894.594055,68080692379.71602,54424231514.89964,20513608751.44775,49281072851.37343,15361776884.454346,102066489186.1704,537081006653.0348,256973077952.13586,103478697696.85834,63153606547.6315,344687049716.31116,112047759523.94168
2020-10-01,1550857588044.7998,120090514267.6784,39807253335.070496,90963055386.22234,1633009838180.6216,53737274195.94351,147352107197.0428,147299275654.90457,81634232974.49066,65099612365.54747,55125505054.459076,28336257106.37049,145596370937.27417,187476668151.85547,108234239676.38332,56835705885.70618,205707724632.56982,57453681239.50189,13943466353.529339,64594391858.39551,23964393474.150906,23220802872.531425,37628787770.75012,466726646465.153,48995850348.912735,232613829432.06,87626232210.98996,281253418544.02203,226415403046.93906,175310976815.6783,94405054575.2797,109465149158.18756,79875602188.11035,133465320877.86069,573302537615.5309,148942714992.14337,63574956012.262634,1433031607635.5474,132828081203.19373,56659329376.56325,200324534696.71704,132978531797.85205,302628872599.60175,153664865297.6897,143972928981.39813,276099919277.99225,79295243047.6532,31824358006.617798,64270824149.695496,53739958416.32291,19826596495.20034,52216857435.01722,14917645848.453003,96732254731.89575,485790355229.1362,252544793122.29175,93134520516.06439,57619947545.47302,341829194928.35754,106466602337.60855
2020-11-01,1696027678303.65,149589815786.98828,37576315603.11804,91576999740.85152,1703947571406.9731,54495943378.83658,169246542988.13416,175018884568.4184,95140698560.99121,72395204959.55553,60172280082.833405,39649422701.28022,159806236311.08093,198397401306.15234,135767775947.0549,65819835294.16611,251107617615.92773,57796753061.069885,19283032622.71553,61639571104.00049,24673290173.42213,31322632069.810295,51625476134.73469,506664329848.76807,59762293285.89011,241945974940.9638,108328229568.8855,296781742124.7043,274760415028.9469,188223971551.4337,109863586372.33154,122210617924.49847,78994340148.92578,136247412728.34201,603502721674.0411,159200922444.08237,82242475372.39088,1515133402866.854,133517536139.10269,53034706259.1443,206623882483.92627,149168971746.65613,323574372814.17847,166277169563.09842,163851366796.51135,281217322525.1766,79974686356.84204,31183901031.111206,84858337469.78229,58399390620.03665,27590028614.17708,54398238211.50868,19976340506.740265,105446450331.48297,710582944931.6404,278366962458.745,107268420882.41415,73468794123.62024,376418612314.713,124450360915.70601
2020-12-01,1893609101817.9321,153265907331.87842,37161673794.63629,88907342029.4586,1751757585002.11,53149805061.33093,184532565444.67163,188381489935.95746,98300028588.09521,75910915597.86049,60080931567.166214,40080382866.5448,153691689411.37024,179615037963.8672,133451437410.54819,67689109079.34619,307382474335.32715,57682649562.02411,20512899336.136856,63310434653.20117,25593737997.602787,34844591771.49104,54769652715.60202,506156038765.297,68349005182.58446,231663193943.0457,113522220448.73547,325076477327.879,296180908325.98083,201611177501.26712,112901317408.26553,142396581260.9099,81371973129.27246,135254508544.52463,595201068870.1857,161993268180.85315,91154395720.34189,1578353875349.012,140633070050.28522,53999480028.93565,227690516643.24976,156666162553.77002,315208188799.8581,170969335491.30676,159054940488.3636,281764100561.2629,79662930147.55249,32082764047.71826,85224629361.96085,57511726680.74725,28970189761.66349,56402609528.3296,20631971524.966553,105483127744.90053,883433866621.2786,290235307895.76135,109959164024.08849,81443090362.54485,355132889508.8317,137781513388.4107
2021-01-01,1883191737789.795,146586003791.92236,36108462430.01367,90560041104.38214,1724472187422.6858,52150908758.98901,191481732781.96234,185428019737.40714,96022379107.88965,76252901771.76155,54804274272.03735,40120476183.18904,147524718725.1947,182060678237.91504,134636622828.4559,72866648908.19092,285310236606.87305,59219852805.24157,20961250145.51052,65595749419.37256,25193645284.515987,36036431030.90434,54210926171.94279,527734861362.27203,70665589488.4504,237486336499.5822,104272824468.45937,336953442555.2184,299910272564.34973,177016417138.76172,105534590186.8016,175398075260.90237,84586098403.93066,131006131043.13339,562887271354.8168,153831477585.3216,89185804147.99524,1646052423543.0066,147414087959.26105,54098777129.17297,224178696150.0166,148237353805.3277,313725490579.6051,158567992299.05453,155122907992.58237,259630400589.25452,82974624997.2229,31912953215.58844,79527866258.17694,54138080604.2802,29652764934.24598,54098016200.49271,22837378982.929993,105006347876.28148,993426557795.2009,277076027206.72107,104282180035.94194,80633502000.06796,347381041635.43945,149881652414.9792
2021-02-01,1730492517457.428,155912295327.60324,33404014836.45758,86087002715.73225,1663549320455.003,49973061341.19748,199714789461.97934,217072689419.78528,95096754759.66174,90511174031.87961,53131814389.958725,52127539184.09378,138554293991.2445,174747926513.67188,158024205768.41058,88085868771.26196,320717385517.6123,53921552230.51866,26721007261.944466,57473870437.5459,23399293693.959846,45410451683.038376,63652164188.890854,583920175863.533,83254942050.79642,226542366236.9901,107998176119.32825,327307274268.4879,345501442199.4342,180104559083.04123,105048637314.98428,172800519193.92545,81271271163.94043,129934593756.97032,561340261518.0676,144949243021.8113,102773477706.2781,1649032933347.4146,133943211451.42886,49360599523.42639,226898871613.59448,149557871904.16785,331229409589.76746,149999225044.17575,146283566752.80933,251662119366.60892,79654010226.80664,32799025842.99414,85796660560.0475,53241256644.52092,37262885261.69368,52078073452.41318,27749876859.273376,104702319618.82697,845663844056.0995,275946361860.91284,108765685955.84172,97607564509.67714,321245294144.2533,181736525750.28418
2021-03-01,1745798532610.2295,156606910507.49637,38148470239.161804,95220294061.69833,1664167801722.6245,55001256197.7327,197075325374.5252,241963220964.80154,103238514085.19623,97215220504.4105,55696550797.85797,53577312026.77438,147837013936.6095,171010801620.4834,167934300781.77924,94398645568.62238,313049003427.4219,61446572120.90897,30019752938.896255,60504314753.197266,26515157725.879505,44098085501.4262,66646974760.64749,595648237286.9689,85214623915.53983,267678541539.97888,116367384446.4817,341590281067.9156,357380407781.14325,193780578750.18097,120474589768.20099,158218568763.43604,96752238052.36816,142149643963.3238,641764902194.1617,153871359355.45056,103829738195.2626,1676942497432.22,138549071794.80258,54706943870.44112,219660517553.68848,147760425818.959,322383853157.04346,164233982737.22333,158251847269.6955,275905401530.4175,85225852235.73303,34596430442.343506,92655954256.5824,57896236792.270874,36471915214.90097,57675110675.058426,27958762981.634827,113637109815.1026,836186853447.1628,309046324181.0819,116933808544.31084,105767110638.2818,335858644991.78516,189785908022.5829
2021-04-01,1878859218774.414,161353440830.3196,39954550079.22986,101477760629.40643,1864970843664.983,56698034368.018036,195420131296.51346,254729363389.02133,112849785204.30505,95638780908.78676,57017792334.2617,51726331819.70511,156061807790.34485,185902727508.54492,165177893782.79248,93797951966.29126,315593807713.19434,64094642874.019135,30479171053.273697,64169700821.71973,27507501082.17827,50499198308.96414,66645299174.03885,679682215989.4824,91161074312.04749,285609875113.95917,119567789063.8138,338223203960.713,361089676501.5991,200101310529.06293,123454520335.5249,154788597348.3534,99840297546.38672,149722001961.90042,708331863900.4838,150008273356.4899,110367542365.70273,1793660258843.316,142030628676.0672,57203315241.82187,216211872531.2295,147460194092.03207,362631132616.0431,168717064562.92264,168822367716.1512,271810526685.77347,94273874140.04517,39746470609.460815,99814689597.15527,64454578120.327545,36284111941.70799,61395796881.50936,29917376545.510864,117916817278.61732,888153564967.8965,332425416567.41895,117825057814.6619,121955667621.28339,347391379986.78485,194578993341.92215
2021-05-01,1780957444358.1848,165805307982.7704,38733979259.72662,102280199166.23372,1733545872261.89,58895337803.9986,202329708207.70505,266419446922.7588,120802855266.4768,101533551468.072,59527236119.93294,56379071288.638245,158993640542.47375,192182344024.6582,166331732565.86502,91331904134.82837,303090162345.02246,63795448320.61527,33438583040.363045,65590620765.851074,27617675584.05572,57335822483.53204,71420219526.68144,680649657427.5504,97327411831.67844,281409588036.1239,123786741565.78847,351774488206.44055,387846439520.2514,204957457886.51917,129829348339.89624,169160607011.1247,99410276870.72754,148333113487.00677,716285157177.776,152807044646.58646,122114759489.05515,1775879214043.2598,134169590139.69383,67349778255.75734,211723153333.17236,151729905273.99805,392468779836.65466,173140907109.4661,169171788709.81152,276481510902.8126,95333673112.80823,39933073682.40808,106373863540.62625,66728031976.48816,42025190619.999405,59308128513.18904,31930941781.34912,112998969206.80318,782717875301.1486,343361838672.86475,119225650621.0008,126476540062.92378,352655303608.8962,198420244824.6751
2021-06-01,1960791832798.523,164985063308.4641,38421568855.53461,108157705822.56621,1850308832595.0344,56540802830.17679,204261601796.59204,259128808871.1455,120517741668.02783,91657326707.83795,57800680187.77565,62077550602.79044,166307192008.75305,197162452880.85938,169908834882.69833,89209845774.3476,298204104200.1006,63445488892.088615,34728857693.02933,71743933512.37549,27365003938.455486,49806461207.11784,68372403105.86578,705180033929.6814,99627493799.8157,281392030164.8619,118088726890.76712,344537116332.9977,367301706031.8395,200583252109.72913,124862501090.23315,195240342061.4533,98971439208.98438,147303012257.25693,757641491407.3806,164108933432.34055,123108336288.0696,1931258137827.3267,134279525499.02628,58092399559.74057,222418585449.39355,172124101881.16144,483262604230.88074,173410116838.38116,172735484972.8767,276645507005.4579,96700889258.45337,42507349110.84674,102912815620.98715,64246005131.63336,42937319285.529465,56713625323.509926,32425469717.889404,110503215349.07591,850921834552.3801,333792483187.78357,117239525189.90865,122872846607.50696,351522615591.3399,217555064893.78238
2021-07-01,2088208724923.584,170345897595.76056,40024937690.02844,113768590781.62018,1789762503851.3228,57498384824.94617,209556026589.01538,242105914024.04156,120001842577.38757,87075077437.51117,56486227366.83151,57143967373.012085,180618994027.2638,195273714111.32812,165155800711.0279,91691703718.32501,298628242663.90625,67552239410.80978,30325303614.20063,73335959062.54932,28902780654.10994,51135166536.74702,65831827745.64676,778170455791.9718,98406878988.43936,291116960772.98615,125862618808.77219,360138883980.0482,358422635343.952,213000485798.4336,133229184178.9975,207132400042.1973,98318348785.40039,154776897283.46268,776358611525.9286,163604065836.2781,128868328405.35107,2031135763808.4517,143499838615.07455,58010556725.6566,217938299285.19263,186630235161.3445,471205970972.06116,185027657943.49585,188835636399.0854,291612643025.3301,104105433548.27881,44474752045.4137,104891208978.54611,68627347543.81003,38826660687.5763,59862821511.42635,31441369416.324768,107700325427.77075,860311144229.8801,344870359426.4696,116615843664.7046,124636310221.13962,355336402995.75836,198551735076.59464
2021-08-01,2173678935298.706,178879995420.42636,40683549200.930786,117538033669.81021,1866783446806.7942,53246711390.138306,214654612426.0588,263501643221.18225,130535592434.10736,89286883207.92636,55683309139.735794,57036495720.36363,191809482174.9536,214112613647.46094,156979951052.43997,95860528693.87067,307586077756.07324,67263031292.711266,28610212683.80356,75395492682.84766,30273803607.547733,48942869097.51268,66981984621.95141,835762234825.3373,108547344951.36154,289334060885.4415,124850490993.5726,362083875329.0532,379892416833.9547,210311385049.17987,136349802765.97504,219713483921.9438,104466279098.51074,151428935478.9026,826648645249.4652,162369662396.93,141242960047.3554,2152115784591.107,154718257517.40924,53550340140.977905,239674436018.09033,183544090580.26215,540947970705.03235,184367527366.7946,205056127880.666,293776730692.4758,109487972645.87402,46058842417.655396,102249327036.62164,71607951969.55658,37762744408.67845,61606133762.4045,33774439126.021606,107847929652.49994,921053742754.8474,348258662604.69934,115592309843.3247,123985174778.03839,369170911103.9897,188032657228.50006
2021-09-01,2028823945481.3843,159759792950.92227,37180690404.98474,106772687680.56696,1766876727263.7585,50599289609.49539,209353143716.58316,267919578431.9084,116056545733.66333,81284209952.51596,53990318277.35985,69608550560.58188,189223887411.27136,218915115875.24414,166790612048.18314,84966775916.93628,287006816959.1572,63301223860.32489,34012756124.321594,70876420565.30713,30092972848.855385,43751349532.17208,65469634377.12906,772102686551.9972,99715929404.56677,291179067558.50745,114738195137.52937,339768118905.175,388775208156.89825,195969421381.37503,127156967342.7649,197176467010.485,103938552520.75195,154599465964.97522,739512655229.6122,159858213209.79916,131613017224.59402,2013668015418.336,145303723675.34973,50142840601.30792,257001879028.49585,162074122340.1023,500703786504.7455,177317667325.50476,191436112161.13126,288433151041.5675,101983317539.00146,42285741890.028625,104319326758.95758,66083413411.884766,40094754104.965324,58671243643.743256,32649044421.424133,106235329476.44409,970829634453.4304,326899864487.7223,104995675904.3113,126459461444.9515,348713077392.4684,205933309413.60944
2021-10-01,2147829493530.0293,169830884066.4641,38797442682.34332,113963746063.1477,1813879990479.2883,59576461536.82007,231213813859.1379,303104692749.75055,131128786378.4013,86382200517.52794,54426078108.3625,76510870396.77248,206990351969.65027,241894679260.2539,188229263931.1825,87060964626.52466,286837182771.2842,66168240813.56923,39178019959.010544,75087045106.4458,33112233907.17874,50731664435.35732,66690647472.89593,855103065999.7217,109032592906.21014,331423929850.862,118164994221.74051,342671354216.8791,403500541328.7395,212124426823.11627,138816689798.78632,217410408255.18433,119801406188.96484,157446433106.29297,705041615544.0732,189078162574.651,139011329228.088,2368659144829.868,157905857845.14838,50340889101.44086,290675625733.17236,186692702981.2611,617951863159.1797,191815388606.25732,194685402364.44336,295014651657.9531,118422311796.31042,47574853097.34387,107838702329.2067,74795925108.50415,43638897495.09335,59002612817.588875,37236572593.01593,99352274449.39166,1394625502303.199,386589351559.9315,129309534710.42639,139402403938.82562,373831956808.083,225714386045.54193
2021-11-01,2370067638649.536,172804178338.85284,37121154009.95801,106086466488.28331,1886296793424.997,57118357074.62598,240785557944.283,282106912323.39886,125729137310.341,82320570026.56961,53914720558.35251,72465326013.7561,227503554862.6062,230005407623.29102,185565863598.1318,87882464007.7539,245831337245.9502,62925010634.63455,37033632595.28633,72856159078.70312,32825861779.789764,49975517510.21164,60407599672.08601,819589692163.2043,100496724955.13644,357162947522.1605,109311554090.60515,328049685606.0406,379505470788.11804,197373196868.17444,138355697021.92108,211675592277.1206,125773330627.4414,156837284047.76587,706980848183.6719,160861334415.9494,129132625176.86423,2361302800037.8516,160589114396.7403,51198546781.024185,270291167792.58984,188868918565.2287,789775772426.6052,189655078811.98257,239150585378.80267,300144419902.152,123152323836.79199,46887397133.58032,98202906637.52948,78252120506.66669,38796142905.19711,57847557503.255516,38826840975.44678,92116864448.34373,1433134165080.9836,372946593724.6577,126224112158.38893,130192487783.83707,351840398267.54944,209504370248.83945
2021-12-01,2549711196345.9473,202963978272.99582,41130910704.40631,118219641144.41531,1793392962629.7874,60460721593.6745,289374967365.56775,282233822788.5321,127251053839.82593,88021499224.11287,61331404407.87964,74583574859.62148,239448542067.1985,205120971908.56934,195161124741.51266,87208489956.90656,262779944175.86328,68706573787.4157,37812614824.03755,76147653062.50732,36210722713.86298,56242687142.61444,60076916087.845245,836654498945.8151,100908221054.73505,370001220387.5317,113187554991.46089,362259046498.1007,378358533924.4441,224539379150.98053,150658709839.19495,236489614046.411,132915885452.27051,172839114954.38382,732888596821.4725,164576359461.0766,133681302217.8577,2406625364985.276,173530840466.7956,57817443962.94267,253675344336.27466,186000761600.67325,710861042795.1813,206189688639.32663,265136732143.36282,339587872088.4757,137538491517.0288,53644515551.499756,105053338682.02084,83331844857.49469,40685633350.60095,65616256796.331894,40587305900.92499,99258616172.74419,1322991327475.451,421573613746.6765,134950091073.6115,131242233267.4585,361998102126.6894,217109949203.33185
2022-01-01,2509649290352.234,205197487361.65256,41792008779.29004,102153552971.40591,1608978525296.1543,56339287274.686646,256418664898.24146,294109886462.0873,114905602812.9007,85816046834.32256,59254448194.680176,91825146365.14304,213057308577.6709,187767259689.33105,218410831111.18408,96022825516.23694,242556989365.25293,68811368905.72719,48557324243.07762,65259894848.27197,36329841465.684715,50164216984.37336,60135887980.4348,781503050285.5759,94050459892.13535,328533362594.49774,110999906659.98169,364842499843.4119,355062084166.2837,231365456974.97595,139053634329.32922,210094062986.0534,122050388214.11133,167281371080.08508,682576782250.2766,176629736493.7073,139646264826.8381,2225298153448.241,145203828728.77435,57586710455.775955,179860051280.56958,165540491501.01093,591896806877.1362,207355933923.4928,236580156582.70514,333090066157.3421,128620462875.57983,51639459318.293335,110094853253.54233,67797044751.6044,53074695248.501656,66486919549.652855,37790097313.56464,102890057808.86249,1172687184804.049,398041981479.9801,131622276695.29492,147161968367.57193,351197200779.2842,269515803372.88605
2022-02-01,2370941896702.4536,223805075663.44873,41907577963.33301,92149399309.48161,1651894034401.0557,47189056681.90555,257101419135.19354,281743696088.18286,103867986773.62354,80251462309.48132,55602162012.13783,98290799000.84952,219012959413.86108,169929240737.91504,239481908373.09875,91844174860.75525,251871103946.66406,65765755947.17387,50423677823.670425,63894204242.23877,37407585527.48461,63489015659.35312,60791472186.10788,780079568665.6244,90499828430.16248,282742130047.2769,103003893875.54005,348494684468.4259,340845210528.046,236029953609.1847,127953051863.56293,213998166622.9999,114048562454.22363,157816397895.6969,459823047968.70557,166007693861.7373,124437353259.46164,2138069359948.329,145482637147.6806,62322053677.65816,166124422113.1189,152661303580.44836,589455294523.2391,195668851055.8908,212364889285.19064,325371003581.4203,119623136565.49072,51133913493.05176,125365786322.67636,62264599372.64778,53305640320.38785,61970890561.84854,35315263126.65222,98175628569.40463,1089698272047.4612,400821593998.2656,132375778629.77463,145985785077.21255,339516596953.12897,278244188277.2411
2022-03-01,2510402528320.923,245523732815.14404,46526090353.2973,102039816655.32115,1753381919031.9358,49906973399.566925,275588305868.254,262748328905.21326,106699661661.10364,95328027504.24074,54792876311.81877,104137898249.27393,243254249011.886,171374037918.09082,273640623532.53204,105987375611.5694,232699976490.2881,73865349764.52519,52314782994.0477,66765124559.0957,42212050958.496155,67261820629.75931,58239127919.47142,803243690725.7329,87532603672.76852,267970726427.08105,106207392502.24226,377712640419.85504,327672935846.3893,235119805522.6072,139380866959.13635,246203194688.86755,104313214508.05664,160321642248.38428,484510465975.65015,177865345902.00806,119857015479.68697,2210753900356.6724,158324881980.71948,74795887925.06073,157732300518.31152,150436521234.05807,659580736753.4637,200018647110.39313,234216621366.90012,318921556158.7257,132442485312.1643,56212439982.49414,121607017717.51208,59204911680.60951,56292373649.31163,70090409341.82846,33774901777.980408,97926964320.82158,1349056060309.4387,429543683923.61487,147768012912.94092,133150357328.05789,374081111075.5082,296288584796.18884
2022-04-01,2266564763390.564,222457146673.9288,46218312679.3277,97896826141.34264,1336909715410.5278,47044764109.7059,244277354056.39206,228546743620.80875,87803741816.85553,90074329917.38786,55674426423.01483,99769785543.35922,224612556340.8435,142009933639.52637,263288515137.0232,96561754169.10437,189386819841.6162,72873064482.55554,51673878957.594376,65015561460.43506,41458727703.315796,54834476873.24692,47493196976.71698,659088207366.7325,81484240312.21912,270551490065.90863,105623359558.51552,384596437608.196,286906060194.761,246893170248.99274,136667525444.3985,251155233268.18298,102012229385.37598,161540514962.7671,436813358393.4624,193969478430.2211,110518036170.03473,1989972424065.9312,132737972078.87766,69071988172.22629,80156757823.43042,139731261034.1494,448410453104.01917,206542559121.04355,222001420884.54712,335097317339.3669,132141854107.69653,53806395003.01697,116500692362.11743,65215063040.816986,53158201391.20323,70941019738.35324,30678963521.563904,103482833724.79396,1090111346657.7848,429615186992.5333,126717755850.04497,119879302246.79724,385791209609.9137,305831209961.8291
2022-05-01,2139901781567.9932,225096282666.64996,47580011571.74432,104590249930.3707,1293106780888.0586,49474683508.87555,255619035822.1984,238283034046.6972,94044529058.83264,92788952350.88521,57280122463.12752,117359026102.41498,197264047180.29053,129337678207.39746,293521258015.58264,91505394978.46405,187367915984.43018,74434249445.33891,60980854634.441986,62123187480.25586,43559145164.70139,53012312273.55183,49875821433.965836,657080990759.4869,87181670162.31381,272668050366.6042,105683393009.07507,382614274268.61096,320197689385.4463,242192943236.7323,142240117089.98474,269476262925.0359,101166252410.88867,163517975406.94864,421931208876.7859,201274239652.25543,119143559804.71217,1949458573624.7705,141466297013.8752,64331293829.082886,83138003952.27466,133176102522.16777,451432626752.8534,201779224722.45346,239962375259.1056,310384307415.4088,105093545949.0509,47888433261.328,116758435438.2497,63573778551.34918,62628825688.8273,73135284250.84328,29807995231.33673,118500170379.39436,949271701495.2848,419672158686.4337,118869899214.731,125759214760.69557,324363188875.4605,344396402744.20905
2022-06-01,1968538686968.0176,233940046411.39655,45093003412.8208,104369744082.98541,1142512583349.132,48333084822.33826,214059419496.46463,199401896073.95398,85605424257.42004,76844820381.26207,58246794030.846176,94226953066.7789,202789896079.15466,133211982101.44043,245308614170.59967,76592106562.66315,160155129083.65234,71562908407.24228,49172924035.632095,59690658687.65088,40451924834.0698,39691407136.10925,40561935959.30571,629362331777.6605,79710207496.19522,247017871872.34116,95357185080.20537,380740394553.75903,272687489783.3933,240396987050.09576,125964949964.73083,279692155666.8561,90479817031.86035,160062325389.84207,351355063296.3144,199393399167.76428,105201547103.98108,1845903115294.3918,145599112300.42535,56575511433.033554,73634231803.08203,114519107983.43752,366498866268.15796,200468119014.76447,239136975103.34418,301799730580.0708,96989762385.57434,45285718971.70593,118678501145.19864,53230015485.46442,48907024688.0081,69569026563.56607,24678357719.612854,116663384069.50967,843059835008.0286,433906729131.66284,116035982189.72153,108213205328.15936,307699803769.9586,310377300424.839
2022-07-01,2339871110633.1177,219200404224.66025,46324429599.28784,111251981957.59453,1451671885560.1072,50225381364.72156,237901236463.2952,217815946731.10474,94731996574.32715,85223109153.81473,57229255936.86012,103014913589.40967,229031372465.87036,148531691024.78027,277501349836.6816,88093336947.45496,180004846285.64355,73378518478.19821,50201019170.07324,63935203372.67871,41496245543.36136,42797808479.674225,47141697910.3784,671855777373.1133,89470696554.4932,272749571228.14832,105589122411.07932,374327197704.6584,279346629254.91077,246983423509.85922,132790273114.17297,284402154815.478,99213358474.73145,171699796866.36426,346670371563.759,196990185694.13257,116598618839.148,2017750390056.6914,158813106995.97455,43282629841.41861,94700857930.9447,129091406270.65208,439219382642.746,211915637862.0661,230379741220.23096,291557267025.7693,110067234006.27136,47595773084.70776,115097499848.62244,57516272820.73395,50643926221.51598,75012792051.07751,28679673696.433044,104529521622.49641,1116013325344.5308,459794470662.3258,123663633333.87962,121197694507.85939,334197697627.39246,351294644466.9049
2022-08-01,2263704207177.429,207298344105.40375,47095251979.9411,104359080636.88708,1363678727090.8179,51079230774.913086,221742888094.4697,216527458996.787,94337023472.5545,79955608425.86975,57190733639.60289,115723904742.93759,221288912649.5343,126012190292.3584,267809693612.64423,93758632760.50696,190150266426.76025,71362668186.28342,55167079641.9606,59722465970.7583,39193383191.02662,40381714889.886566,46841911187.99717,625070826605.4313,89277476056.7667,261402500236.5995,103882892268.81107,346057421362.74756,277835642561.1301,237515152341.51212,124374347102.07184,259851589728.0567,101136933792.11426,164469855509.79593,355015720098.91864,188214519215.17914,118988709790.78734,1879252067266.3975,159884551105.97736,39535554010.755356,94136615682.8175,119576924016.79169,365004526179.31366,208657383659.96222,207898044711.34872,291400839154.05536,103383154702.62146,50198476659.867676,110825032833.17111,55177012835.59375,52175695331.810486,75188425410.77492,26921517082.59955,98927989335.80312,1035115001070.8236,440286604313.09607,122145712954.57986,120755681663.77058,335463081425.15906,346438201591.11523
2022-09-01,1992612046945.0073,206912923061.0094,40951745259.604065,88194817670.13242,1215553366268.0,47089201030.047516,197263235407.88983,194559049032.86707,77900009445.58255,71025475132.66951,51370020628.99498,108692948890.58887,200168787991.11877,116100398254.39453,245639782326.7958,85708622995.12701,160036369253.9043,62663251830.96975,50814668418.69461,51904574081.46094,33685348968.740334,37284871906.78262,39487785442.77582,552467487952.861,79238535932.6695,251723244437.42548,92062026425.91344,352744412695.8239,255287285765.84732,215614958146.67627,118539498087.98676,279843736466.1548,97839346755.98145,151250615160.77466,295639420420.8457,189890250761.39764,110317999506.88019,1677465035945.1814,148099541050.78265,40175994447.6057,99139043177.55115,93369989694.38744,293546436479.5685,197744321776.9017,201141216937.47833,266705488435.60367,84360513225.76904,44429512907.56622,101670982232.52832,48791522674.41528,49098486559.107315,66924037706.122215,23692938736.2619,86519705620.16092,996205756782.75,428171517859.57544,106588951912.66583,111878722680.214,329679898903.265,319504267131.78986
2022-10-01,2210905833763.733,225706313610.766,41648095256.57446,85109861386.99403,1101958316886.3142,51021080181.95343,210614673137.99982,233712145736.99432,92120912368.72559,93699270911.52452,53995190035.3965,135842942028.01572,212557752676.53625,131234477508.54492,309293796725.2076,101938865757.11969,180751334751.4126,62771044664.226974,62856217289.82582,51685582983.91211,34701488362.4754,43232990815.36302,49690802444.23712,545882941301.01117,93152959593.07864,270141329672.9436,112490203954.5536,375654516925.6065,307517376696.2377,232035717507.3028,131288688475.96436,313371259381.7746,101558907897.94922,178729268804.00604,202990630840.4306,224939778670.23584,114730129834.47571,1671919326772.6975,146380705128.67975,40993763061.16661,122904786278.73364,104407932674.4642,326482714859.0088,221411962300.44617,213965335925.8478,284492927488.6066,92542427897.27783,47278410715.58179,117767420571.3316,53624220014.70801,71487229394.96208,64443918526.39832,29264431135.312805,102819684885.55725,854577384391.9087,472131493773.17163,107858247636.5461,127928958033.44568,361783611743.18713,405500694423.0803
2022-11-01,2134344494477.9663,251021263315.192,45854593542.56488,91548151564.67351,1038491354799.8678,63197686589.01099,246862471614.58878,245449658267.08707,102117293394.8714,103019799765.51096,57030508965.82855,133063402094.64102,228970418982.74414,129345738739.01367,313414260972.09705,113574457369.22473,166042179970.27588,67318203522.54595,65734236735.85655,63019287253.114746,37201366213.800964,54580919837.88466,54901920577.276344,583310848597.9103,104412091391.68735,295556333109.9301,121052981242.92502,384356619499.0093,340585747340.506,246613055245.68158,148565758609.8999,321151681378.0942,111329874755.85938,178814504354.90106,257333560923.9191,244766492392.79492,131209538353.2165,1837649047070.1292,159979974806.93506,45982360110.2874,128652525305.67834,123570426036.6243,409355171634.6741,226204035205.17136,230420724238.18506,317339582704.47925,98425058723.77014,45478857866.5697,122611276636.17078,59379117657.41753,70827723635.52177,66569739266.474075,32073262925.360046,110673223608.99295,731239426222.1404,465846540301.44604,118959206234.5942,133381006223.40723,387431054574.7954,407440223074.0491
2022-12-01,1876480501785.5225,251690981748.71375,45400448991.43396,87662789908.43059,903597192624.0,62810550562.39819,250491317066.67966,214776552083.67795,101066166762.81207,104392460300.05247,57994756864.44878,127613044037.27794,193834080143.1372,107019978195.19043,309256904030.404,110422186359.07477,147396992688.0786,70098893422.76953,59986613628.1398,60060493598.10449,39212829079.406456,52112433490.87116,53509730986.37659,509610107718.8845,93456312713.51917,289883010621.2594,118736921853.80667,383903576681.01135,330529361417.00287,248362071202.08023,144017970048.80493,317499917590.6086,104358326660.15625,173717392391.87543,262214397566.89563,246611323398.09094,119860697800.50302,1732174478205.488,158704237734.35165,45720827112.93921,124168030656.01013,131816699898.4484,353592538294.7922,220290117799.70642,237541420334.85663,322445544776.26514,94196930932.14417,42766548022.14691,126078653573.38531,56696545072.70267,73451979166.8985,71024024368.60837,31546940655.544067,105679164709.40729,462630067575.936,450895525734.27466,113291109463.5795,115594845506.5747,360411013160.58514,406883745449.46326
2023-01-01,2083870827237.793,230105435246.94653,44927080270.35681,93117384292.5034,1109380666589.3965,65648098346.84253,264272415675.6546,231425808227.7595,109026456569.83356,109939790898.52858,54859109022.26944,132620586353.7697,217034692591.66992,135576942077.63672,299832248808.46246,109202178172.05054,184059638616.45215,69731352158.17221,61980394618.42911,67680029394.8667,38269469299.22627,61190973030.92203,65901776521.52996,570892595418.2996,99561007294.56409,297509577821.2612,115512248600.47772,355151556204.39197,344973071135.36536,239420876451.1665,146629509932.63306,298675895489.6914,109077597061.15723,176268496116.2603,324597627036.8262,240324720307.58502,137215259199.46481,1789884493028.7263,141675809081.66077,51876783075.123535,149003323393.9834,143882909317.67648,472706894260.4065,209836308923.61328,204719523592.09003,302915031991.8207,108750521399.1394,46762937941.150635,124741915744.43243,56519768720.38893,78555885787.07588,67314179249.758354,35024970052.138916,116930165038.64983,650566493519.2439,425848582693.8629,112403674177.33905,131216492766.68689,367076726004.3914,427947326389.1693
2023-02-01,2128930414487.6099,241961894016.46057,42062957078.22986,82538023021.14311,1013642458265.182,58575519736.23334,268464539694.69498,223729032323.5094,99005687586.67566,104885957734.47469,54293081555.94589,112466869999.62941,205587216868.85376,132057776458.74023,277002781837.5484,108272447937.16345,168994191097.54053,64156928729.00284,53305171676.082,63108298285.53516,36636736772.74073,56372012911.26181,69365536422.85779,520179940823.79565,95707121744.18289,272151995013.51465,106093068856.01643,333071393799.8618,355938682139.9458,232353827836.83798,154352225393.57758,270097145498.82404,108322674728.39355,173967916827.14417,381184805399.6345,237706900890.17865,137142431076.65839,1801513525292.7778,134841661318.17471,42742231752.28717,135642458251.1023,134232692709.14238,561721915050.5066,212915979796.22888,189803400905.8089,294496920705.3708,103804254629.37927,45934752874.170166,122543157502.20135,52879033156.34267,73358355560.93011,62719153522.87071,33288174598.79895,110116787157.41231,772589982718.8413,406014462806.9169,114104674853.29282,130936557524.73544,362637194681.33215,405445132043.90216
2023-03-01,2385160860154.236,250561879927.89584,43910212591.305176,85176621668.53363,1111101843492.868,58827455804.10681,289809270005.15686,186549558487.4082,96089081212.53809,100196621671.46951,55663376445.51315,108442331967.74692,211342758313.52783,161252359634.3994,283605905641.2576,106629910783.82947,169876397512.43262,66332752316.91093,54064518429.23996,66113015059.92969,38327123899.23803,56289453463.90625,78282912833.65654,599136918019.7542,89028176420.08118,270848695834.74084,106454497494.34253,339275700223.63776,323560264425.0408,242193008887.40396,157484738474.64478,299006624655.55804,105279650344.84863,185381447125.9395,461805875812.6192,238042499437.77957,124778316913.0633,2087552014079.208,147272042373.39322,48044582063.54486,145474668958.8811,138583211223.34732,672077543519.9738,223676485676.11212,190879482333.19418,318324625268.36926,104956702699.20349,46424907374.521484,123016415956.03235,53842084741.504135,68012348424.588135,69925896590.03903,30528923264.65747,112096658451.56534,779162499493.0913,403156640342.7058,111538108149.15802,105315980637.23035,376210902673.41675,407635687539.44464
2023-04-01,2454300754830.3223,237591200771.23685,44600310893.19049,85197458042.20976,1134337157198.1072,60671537030.71954,285052133531.8926,192223712389.26978,97085993435.10901,95800651553.2029,59107611698.06671,113161315801.51685,214043761226.95862,160114300048.82812,293026914138.83636,97932444763.20135,173897247107.4297,67989864157.95798,56868043351.55884,66714277450.76709,38830336027.23991,52161651095.65469,81117599413.8722,619988049063.8368,94141920475.3244,277820357479.6278,111311550753.78674,358318852227.8349,343250498876.58,252391725841.32346,164305504184.47723,344664748010.8541,109417744400.02441,196082270749.55176,523644416546.0852,260154788131.29364,127862236529.0533,2224839317027.3154,146412210702.78284,46898216324.07454,138926875962.80737,143601895642.5844,671514067840.5762,235798879747.31207,181943662503.4098,334787908161.1988,106129864332.99255,45775916329.90588,125491092651.16672,56901053631.60742,68358629155.80051,73915618941.86455,31358997575.060974,102895995110.1131,617102980074.7622,421286936326.17554,108456753242.88223,111993323358.70596,386770677179.1473,439901554876.45044
2023-05-01,2563795468926.2085,218896386240.00424,40112287071.15747,77453499979.43073,1297092275489.7356,55473358551.770355,367614770306.94745,182441820282.8103,95111573238.59216,90575762049.51526,55445099707.61536,109212921145.07187,217591140215.61584,180301120422.36328,261808735169.3412,89631946103.61316,149229277740.95508,61395777506.550606,51417146739.66576,68692450882.10254,36277647483.46569,47422563334.0638,83215815929.39487,709688229277.9674,88785737002.35324,262022350908.3628,106721848910.2585,339406977589.5794,339613087476.02673,234726213333.32935,157283237561.12823,373919379641.108,106419840728.75977,189027906821.97675,576810661466.5272,248754575189.36987,117200786596.12645,2377839727111.603,140355502760.0558,40120723962.25029,166423385210.51245,119282961035.34424,915566901721.9543,225249783328.01773,177873483537.55933,306982725161.9931,105536718056.09131,43985735956.66669,115743234305.76334,54563114586.14879,59327259031.426865,70096730801.08008,29098118889.459656,92898070161.55461,765904741505.2869,417134742028.3336,106694393625.4055,112162405178.74036,376266912212.17645,379830432514.6698
2023-06-01,2809519130169.1284,213771417284.60062,41002829827.809265,81442901324.773,1402296792642.5786,61737126089.78766,394673128781.07385,188350330817.91812,99970196229.99976,108316727047.30147,57427972383.091965,114540698778.20769,229476649709.99634,170518434356.68945,276185186235.4102,104971299741.33838,151468743138.2622,62337131373.67826,54843683521.48491,72570092175.76709,37593535371.405815,55238867359.257774,90035031544.89072,691378464789.1626,89086146170.56393,289224088360.7605,116184625180.5006,365036183545.3175,363962252081.5223,236929531937.62473,169477718410.979,409390538511.25433,119420058700.56152,197845850889.98648,625314129538.0587,259974533459.40424,122418635192.4768,2471206591230.5796,142679197969.21967,42630473136.78404,185481463460.3484,125073707808.41406,1023690479076.3855,228794963776.42548,173461253998.78412,326888167396.14233,103909807024.87183,45317883787.10486,123810522722.92474,63772965717.91852,68040043126.7435,71267516658.23145,31956734009.53363,94197345167.59499,983135796450.0552,411484364436.07544,114168805954.2881,121189102667.23903,404209803518.54614,402136561549.23444
2023-07-01,2845440580503.357,237333444634.7381,41265795384.61853,80573908666.36401,1438010310617.0574,63308462890.966736,411056376778.4515,211756946589.4108,107657168478.3858,116733761602.3596,56846523787.94563,130921219021.26694,238977404949.06738,181616724151.61133,287260683187.01843,111639523807.5929,150807071766.4297,65032344763.01845,63513042641.13312,74975087563.19922,38627024619.38584,61660391077.6597,93633164736.19682,766580974778.4438,98291947813.61984,310824712732.64136,108698408452.46146,369469053615.6325,395293556344.7261,245512996178.65564,174371336213.04382,396794038020.59174,123954540481.56738,195423456967.20752,694212245105.8612,241888635919.97623,131248804408.19293,2437681154992.9165,140948619060.40558,42890295730.07614,184841420285.04517,125508154748.77441,1130939068370.819,233179567208.82294,170529272366.04572,336711589018.57367,106463721175.26245,44206062799.2569,111133736830.04068,66410148406.62384,81250883716.62704,73387764193.41597,35055955363.00537,85752077507.68944,1004393207313.7869,435291810091.09607,129456803417.55725,131070524865.7127,411101804629.1548,402098992905.82886
2023-08-01,2721164607786.56,235761323611.84055,38178412786.737305,76767691107.06288,1484588614171.793,61268197316.08331,422144080181.2077,189720980084.1641,102075036095.61969,124372640564.31253,55112947151.850815,132378093126.01227,234122572393.43262,178751373870.8496,282767280595.294,106790385898.75793,141968009752.5415,61684176717.441536,62056929086.00433,72333102634.52197,37021407826.85749,55318350363.57338,93882855000.99388,786507940216.2153,90514080039.88669,307528762528.3522,105232470149.71834,356567434387.0875,368704344561.8978,237187867330.61224,172751117047.78198,483782394380.2196,122525178634.64355,187391952337.24496,644728437835.6827,247173267243.48987,123189202941.28493,2378466319931.484,128449769073.18425,39392718982.50929,182613910690.80737,115639410587.97134,1194493784530.6396,221312816539.803,169177604602.27982,334584169963.26404,105994329907.24182,43363517674.3689,108744995042.37543,65262082472.10321,82114369854.42172,68711006728.748375,31930182240.4328,88903989297.48889,969277166196.8175,409683346244.73206,123068207904.73495,117242237555.95703,418173814680.837,416909639982.548
2023-09-01,2483205281391.968,239130296873.39276,37009931123.89252,69625243820.76237,1367443781049.6035,58761401840.85242,379920096048.16095,182694382395.53653,94199469331.17865,120775854042.28125,53342612551.923065,133814341968.29472,241260980754.93164,163673818313.59863,298810953261.2926,98069179980.29779,137506076822.89453,62002106989.25627,61159512267.814865,67539418810.819336,35184032891.32609,51686820483.35476,90675774272.0279,755837727329.2332,90115827223.8663,283125299397.2447,104006807344.08426,345983481424.9634,365403650633.9236,221925054516.7491,166194400640.9079,469886272228.6398,110489564620.97168,176531911046.31592,654141450014.105,233496787903.46432,118154567856.12555,2296164123812.777,110926185770.12619,36924426744.382706,158999745349.59448,108715375298.19928,1052766230674.7437,212247402851.61414,158609986666.6447,316200901499.52374,95761879100.83008,41345807661.35364,91596809604.3393,61394288290.542694,81195169230.35115,66337797616.000565,30394024344.584534,90286545555.89275,939757231586.2439,433417819969.34094,114281341133.91283,116928682068.09982,412743930112.71564,444483063589.1357
2023-10-01,2476823488950.3174,226488734641.15344,37167381683.575195,75442502006.63931,1431663655443.5288,58921793367.67651,386951695276.2894,175754927366.30826,89862032330.18317,100005085518.62682,56350685046.11755,133363393237.49324,235914377338.76587,162099865173.33984,258247648050.33447,95280211837.17871,138422199476.53662,62444674397.356674,60913443023.38722,67853753503.5874,36254727721.00756,46821686298.81683,89165063793.67291,716677053951.5396,84556862160.60571,266755794766.75598,103173571283.15314,329522754292.0297,350386308939.32605,225723618791.7443,171136739306.66382,484583078451.4883,101308676696.77734,175680878195.3671,656451158117.8901,234517772524.7255,102457532173.51492,2458767907643.7334,112881782899.23262,37833697902.553894,173354359202.09033,117236467301.26201,987042061542.511,204531093099.11005,146129657583.52698,325240815796.7616,86587619689.7583,37863851213.95172,103585725811.06155,57340651820.221466,77842114152.22202,68982283336.89174,31433296510.754883,92570743297.85327,754299568497.7684,462176686860.75793,116515022217.75214,113809435343.53134,421725007961.0812,400140585062.84564
2023-11-01,2755007650229.7974,230716382801.1076,39140389254.560486,89286527063.75107,1571506078111.5288,56441337929.64459,425749337541.83624,203446030153.588,110255158606.0578,111492278811.44261,59478768842.924194,129737436776.10768,253124109949.9768,203321023956.29883,254473121193.31046,95032484354.69745,157254005563.04346,64826126955.709435,59747444432.87552,75792842939.83496,35854377394.786865,51938118170.17432,99975184429.59628,765483705845.1045,95120555017.48572,293741512586.41693,110301037624.72719,343562196398.2399,396173057231.454,233515450821.2144,185292160844.0506,517047277027.6111,106320602554.32129,188861772303.7987,712842442887.7504,234015392239.62787,116186511784.68188,2755469355864.2866,113288379836.1297,40580101840.20093,199579215133.04517,125792234160.7068,1132024534023.285,210806869590.17014,145699303282.5276,334907152212.8676,98774336928.22266,41044155372.36713,103700264590.17032,67111255018.57846,72779441612.88962,72754276570.77888,35723948095.20038,101506534088.4245,901674193826.6158,477201172216.9614,126426171782.14919,127602783279.6773,401801423758.7936,388384034681.5647
2023-12-01,2796106519056.3354,251099903065.2356,40417179666.71796,92322914904.3936,1634435233968.3142,57119335651.859375,513370789114.57764,226457837430.30615,119144805805.23212,131481019272.16406,60188562011.00853,130955730783.10768,282398353832.6477,212393408477.7832,267096789389.0879,104279891703.02063,153182268361.39062,68958786296.46164,58718223672.03964,75318984248.27246,33737398531.475204,59244527809.81087,104760540383.39767,806839316968.8256,108321056757.79358,326899324242.8523,118759382428.07787,350970919394.26764,431759704960.2737,237348383222.8243,183921838932.43286,510886129846.34924,119004427688.59863,199882700846.7352,771259882633.868,248949621824.194,136556508852.69194,2740149116078.6323,118563176712.4801,42207905597.554855,205015357574.73364,123852913095.69037,1198634316730.4993,214370715468.9051,139522075394.13724,319680084768.6858,114562091612.99133,48378678834.607666,107875022259.6112,75250847702.7687,72779441612.88962,72595956268.8686,40801216868.892456,102792986909.28638,933222251419.8965,454332190484.31165,137847006781.53116,142108121638.75327,406859766223.70917,381406607872.0948
2024-01-01,2678034618546.3867,266379469007.19922,38884493177.65155,84334380041.90332,1669503351639.1072,53688073507.26431,545185236505.07336,228744608081.0602,114400855480.38135,133544378023.15594,63578933201.961365,126217088350.82086,304047103056.8518,226881695434.5703,263998897042.89526,103016599417.55334,163485531498.00244,68098929830.49772,55950592821.7231,77598977735.43799,32713058452.977783,55236438011.1888,108760511879.58408,809207402472.92,107826877914.2233,332945835177.2032,114540429926.1032,355807575721.9404,442572647269.2546,239603877698.42258,181849050493.2376,565829243896.4977,113812181625.36621,197327802611.68973,850094152831.8728,277800883868.30695,127755377023.01875,2897107443689.0776,114444491198.55803,35191946258.79599,237535352807.43042,116211870594.86583,1489335101703.6438,212717229459.8954,131235070005.6191,342804192576.2772,109576488988.58643,45411319254.35547,116824037349.3198,73436531405.09872,68437190630.71611,71974758939.11667,40228693729.137146,108367569414.52182,703409498584.1587,443127105297.4335,137666734881.7282,144879830744.96744,428057613043.1542,392202533101.245
2024-02-01,2625026028764.16,287981514489.7778,42392756825.52374,85718047480.73012,1901426604816.793,49138307778.407684,600854107667.7908,232174818199.8812,119871896644.82318,149196156090.97192,65721023232.82127,126973028851.4259,325491545737.21436,249263979675.29297,272200167409.22882,95549090909.1867,189918947079.66064,65256441798.75384,56724828726.90376,83121243375.60352,33681008577.75712,52811849928.94324,128858452867.3648,799734882732.387,109242063660.12881,359027976862.9741,112541380803.2912,361360711148.67834,475182582522.67926,241738509287.49225,201609304386.7621,660544547158.9762,129340854400.63477,197031201975.54285,1067967033715.9691,292452276046.94995,127232367129.85733,3014134534297.9766,107729674774.96396,31867527559.955338,253877464079.15576,118958917227.04857,1915001270401.001,208690835447.9453,130651991455.4851,348920708901.1957,115267647385.54382,45520371050.20166,114965001454.70544,80107532705.5409,67917236285.41083,69624616702.1687,42994587953.703125,105403689834.86447,758205553415.9755,427419349917.54175,143174997634.5398,160499563518.85443,455463670252.4538,398725942222.6898
2024-03-01,2493576030276.5503,297878126187.32776,43338780262.66168,85170614593.89824,1940367452590.6284,50866247517.469055,612367805500.2795,256839141586.48163,123175479447.9602,163702076662.01788,68402431530.242386,144627798072.2046,321035984220.5383,243097360565.18555,285542863286.5551,107508105657.17285,208267446763.97998,69504233616.10263,63355771909.2601,77560235934.89307,35306789452.85677,65676097951.829895,144168060849.60242,871760617881.0128,118115054654.62189,361848495211.80774,116872529820.04974,356907198134.97797,511550359182.787,246410588574.2779,208571872784.14032,683019326137.222,136896994354.24805,191148994915.38974,1059175345348.7758,303492544943.04144,139239873793.24658,3071394780613.746,125892781452.54944,36548227444.63603,255734434197.2129,107570089226.28012,2187175777030.9448,222581961525.90723,136505768756.02214,356187169948.465,112629655513.2904,46512969538.999756,125865408833.48557,83986195473.42722,77462230211.55753,75059347233.29396,45417998499.09851,109575028297.65097,660218674067.6587,428371781881.2827,139511498298.42136,168517641956.48373,467586542667.784,447556861685.95575
2024-04-01,2476853071637.573,266045553359.60236,43303544945.342834,73950451301.66911,1882494151300.0,49985147449.59747,603311025935.6355,250675537767.8946,112186591949.05334,149468690818.7059,69822896980.64323,142741567163.06662,316772327339.54224,217358396026.61133,291932987998.10754,102827908444.8891,189101949933.17773,70618205902.18913,65481856669.078674,66826421599.95166,35694645542.08352,69754660779.87517,166533217779.4522,940205477891.416,120665750684.59927,317154066671.1179,109743468129.89423,326222968772.51746,489688847973.3041,250776834207.129,198664295376.81885,685776137291.7207,122526394180.29785,185108415821.72418,938312014309.4615,299098672437.16907,134330401514.64862,2842237499360.5815,131920505858.29225,41770021797.24243,231863406676.20093,105978660656.74109,2091562588623.0469,223726621647.62793,126028019947.55594,358272661715.04724,88917753372.31445,42036826183.78479,131014629721.96051,72447249194.35178,67102837524.35653,76900784012.98215,41314842187.62518,105154654504.95326,688349066492.2561,420497852846.2351,134536468573.52084,172471814801.77164,462785017013.05554,455372910426.79987
2024-05-01,2795602716927.9175,266218630903.4076,45427701566.62225,85131102971.6219,1897984415150.3142,56406187299.507416,616432542988.6278,270859634779.0352,114771838563.83441,151784638617.99216,71022430035.56992,132355813381.02646,355460648496.1633,189475380065.91797,293797497386.0642,98453766325.1767,176863937606.77832,74434427880.75235,62143297545.908966,71700905794.80322,35666155871.41222,73870036731.14182,170252239967.55356,996347383267.8035,129095483305.89487,317770874384.25696,115130128774.48897,330915822389.5967,520519665492.3102,255486268726.08997,196213436986.1023,720227214531.5416,119494104263.30566,175515372481.8128,1018276744009.9805,290580762978.57684,146018725572.40045,3030585769589.559,157627001690.52383,43106169083.90791,270173265947.81934,109183517889.44344,2653923235717.7734,219898414880.8171,140982157916.0083,363546723789.3495,96271666086.48682,44366718123.472534,139132057109.52475,73460421220.19437,64855711291.72892,83848007526.15265,44484094698.02649,115293100000.74437,668819313824.6158,430642974322.31665,132074455766.347,174216296984.90335,512767448972.96796,451484176353.0759
2024-06-01,3066884251181.0303,283191687821.8843,44597546199.34808,84539622943.43987,2078811398507.0,54576743957.34427,744948267768.1981,269369546738.86264,117044873850.15308,149354414304.36905,74139579849.11385,130796389244.39612,373060526724.82544,207789282806.39648,286012682941.9616,98156910443.01526,169000298670.22168,72755582606.3487,62801894641.28883,71484256300.79883,33202820052.806854,68084272854.00669,163891251519.3399,1052085143915.585,128681844513.23602,328933298646.4852,122236787903.04898,332430838124.24426,519569227222.91895,258409348469.14484,197695663088.2599,796244141752.414,119045936004.63867,172769642884.9186,1099834089291.3477,286553297758.39233,145048650644.4767,3268767891710.834,139484723698.03986,43034218086.615005,284178366688.5493,86577204547.19427,2990574476020.813,209761960030.7456,139712836667.09717,364386335511.9164,97857448743.10303,46605874640.373535,130335739843.20282,72325391567.88724,66678856500.27663,81901978547.88065,44628160064.66284,120924868789.23068,743182657931.9755,442718013514.3694,129085125683.33864,173668030155.31653,529800126069.91223,446844796750.29626
2024-07-01,3233755931877.2583,305976429853.7986,49873628151.033875,96651890136.25508,2011364276383.9502,55803421099.947754,747904762306.9834,274687631240.57544,131161815289.87921,155228156860.52417,75782217001.85783,127159985376.51743,360775759730.68726,209163234786.9873,293418086105.4853,98106191140.45953,159468603468.11084,79317598466.11433,63265912788.44185,74662594851.62549,35687518245.37907,63615369178.218575,175468862462.3024,991939646498.165,144815449974.3903,351789691183.42883,117205126158.55806,359018875742.13727,546644574729.01404,273056686236.1826,204969872874.6753,707322109684.6766,132572639328.00293,181097021773.273,1036755280074.1681,263422530597.8468,154033044120.25354,3059601732465.0405,151451177218.63733,50737226372.7527,264585521651.7788,86327406479.15399,2832975174652.0996,221337488276.20203,152495711737.66348,355194914469.6499,110776396158.26416,48475317926.04358,152536577279.79254,85017409051.50177,68682707359.111145,88184253352.77805,45704728906.12158,121810772448.60188,871590866250.7131,503001474917.22217,140763608445.44217,173521840454.10895,537076987512.81287,460313724633.06604
2024-08-01,3334519271007.324,327099169160.16016,50971535399.44208,98256923607.1191,1920144034326.0,59383192533.22388,757865800207.886,277685945122.0381,134949272593.64062,160317369358.72147,81782226581.11038,130121722874.01881,392223153695.4602,204712971542.3584,270525318077.50708,101735246675.08954,154544402803.12598,82714747032.67967,64721599662.085266,78831088587.60352,36541330138.92532,62214320824.37721,180330419796.6477,944754061053.9393,145162530238.50137,352114587875.7419,119014019399.23851,377237081366.45636,580670191178.2434,296500163595.09827,216156214219.53644,844297704371.026,134837894256.5918,196968581708.1847,1138240827621.933,275810111776.477,156020919741.97186,3050752355722.3237,159619522397.7647,55204003578.70369,295324363756.5161,96083340675.68637,2889867692916.87,221606729287.96118,146900301383.4701,381292590869.6312,112331919370.81909,56305532586.95569,160131603857.9035,89517891943.56152,62566831987.75052,91225090268.43417,49848046871.323364,127813861117.53374,804138040312.122,515258652934.4424,146103630108.1869,170977791776.94135,604289832742.609,457790775189.00836
2024-09-01,3396691322278.3203,329048636971.3197,52623112026.115906,101984416498.3583,2004372220906.7356,63405953647.844055,802922522675.5067,270394576144.11115,142087231567.33154,176083480165.4816,79716552333.89053,121261178901.82852,389647510244.54956,221557845520.01953,272295772366.27338,110066813277.36139,164479158056.6006,84475143238.87111,61762340061.24069,84296824667.65137,39299761802.40841,70138634871.16635,194746960016.5594,959036951637.3989,141688603586.92035,389534367381.3264,118974541773.43167,371391896041.3966,544662457510.48956,294004486137.2268,215527978929.6881,780236066367.3735,146965187805.17578,207783934504.99146,1249879131952.623,264423786320.77344,156969598701.23236,3152669808835.608,168675035902.20404,55266038304.86188,298659315419.6719,101941524507.79007,2939980947830.2,217979087262.443,146545825455.23456,384982405467.2476,110978531236.28235,59606347658.49548,158143069688.093,92684745101.04773,59665344275.201584,96007450505.10336,50345489267.79663,141301779451.65744,982610054708.2255,510439678661.75195,141369125984.56122,166449821727.83197,633633296994.0449,458659186398.2345
2024-10-01,3293332774675.354,339695898377.5477,50648468885.50012,93643589812.63554,2005125133214.2144,66129687463.50397,792814465582.7944,286835220503.9954,147672708530.06085,169366466892.89218,71960683014.74144,126167834963.80386,384223760460.802,236223264221.1914,275161641874.8833,107109819412.92004,164496248661.2832,84453159995.93568,61275000723.187485,86238928977.0376,38088300911.19935,63254043410.91135,177660306865.52283,990766133902.305,148179063945.01694,378527073149.7633,118381729578.11722,366350242797.2939,573231006257.0751,269037913195.7672,206773913474.10095,730741533672.8429,142070853149.41406,200482580457.79153,1240449968437.9365,239845536081.5608,175054824006.43353,2977196388830.76,158139062741.13568,47212588589.58412,318348987748.0332,89341867726.8923,3214305134735.1074,214511196294.25055,143304992755.36234,367155846121.96594,99993471008.4076,54358141589.08472,157921184195.3021,87123701942.48938,57364454048.08909,96912391048.69287,51010970814.22595,144770091085.3343,938367632092.4694,494569544800.9326,133104240535.55664,191289101456.31595,643049467399.475,456937511606.20593
2024-11-01,3459814277655.5786,307238925395.2938,51217779955.05432,92319495492.67807,2236295474084.4214,71623861770.69287,756902698072.2521,325861812813.16376,153960272517.86884,183488907529.84982,74573874489.72954,124785663533.42268,427165313313.61084,267533718200.6836,299401449103.73785,123310337844.5022,200866684995.17627,85757290902.12189,67434147964.45755,93209611849.229,38340289491.67183,62293156733.72185,188395635046.4592,978259240800.3583,174158145953.91742,412539256299.1343,134065794858.10173,355235450301.70886,648992744233.1022,263971092832.94965,208967890299.69727,700454601421.4404,148449625854.4922,203159271643.58173,1255180255182.933,238251546618.4132,199751572100.76486,3102555758417.4883,156981726161.9367,43576053729.63168,373417823233.541,91241526393.50287,3347226076980.591,211114233961.30157,132721699087.13045,400794998157.98804,103393276749.84741,57495137891.456665,159017583746.45517,96504609117.98032,62904763245.331215,94889601493.7939,55378524060.892944,150662133666.81332,1296325665068.2317,534608214814.8108,140325281112.407,224437624960.40894,725833876611.9471,461554659932.6269
2024-12-01,3654657957931.0913,298454916537.75037,47765536642.6225,81015880071.28343,2360002232598.4214,62135570119.98639,1082677070682.9653,301444542520.59186,154307995137.2719,163902503330.88986,70159493947.24823,115021883641.85806,403258469059.9182,271052308959.96094,270534647614.0019,112141218738.75641,190401842777.39453,79688666804.05057,62029702743.60474,89969211775.15527,36847085703.025314,53667951091.68106,172499468270.78986,1096090533329.1703,163870104257.1991,375920353073.8707,130653876025.205,334084110155.87134,622977900376.3003,258419015530.547,189784159571.6574,681016609048.8934,134483588378.90625,198958965171.53018,1279636193042.754,233188361343.82748,190812004262.37305,3094376953874.919,144012217903.80865,38902122158.14438,375316910332.11426,87650715771.23682,3251348821426.3916,196402767434.2655,136428792429.72688,374837032011.6306,93583405410.47668,49465152083.60486,151847002046.6867,82700819552.52039,54887780025.70627,88363086144.91301,51942999266.71631,148125077131.97104,1516711514310.7683,443193869209.4585,130792821215.0115,208157184312.29477,708962964306.6433,424359141462.69006
