Date,AAPL,ABBV,AEP,AMT,AMZN,APD,AVGO,BAC,BLK,CAT,CL,COP,COST,CRM,CVX,DE,DIS,DUK,EOG,EQIX,EXC,FCX,GE,GOOGL,GS,HD,HON,JNJ,JPM,KO,LIN,LLY,LOW,MCD,META,MRK,MS,MSFT,NEE,NEM,NFLX,NKE,NVDA,PEP,PFE,PG,PLD,PSA,RTX,SHW,SLB,SO,SPG,T,TSLA,UNH,UNP,WFC,WMT,XOM
2010-01-01,5.749396800994873,,18.425182342529297,30.731460571289062,6.270500183105469,46.68739318847656,1.2217440605163574,11.70744800567627,141.11630249023438,34.90790557861328,27.105207443237305,20.65264129638672,40.64217758178711,15.657620429992676,37.30146789550781,36.67018508911133,25.146732330322266,24.291969299316406,31.54584503173828,70.77439880371094,17.15257453918457,23.861434936523438,55.707359313964844,13.15305233001709,111.66680908203125,18.99424934387207,24.23956871032715,38.8499870300293,25.667930603027344,16.46933937072754,55.419734954833984,23.003433227539062,16.014320373535156,40.1075439453125,,21.107589721679688,18.737228393554688,20.96656608581543,7.591776371002197,30.141599655151367,0.8892859816551208,12.856221199035645,0.3527331054210663,36.631126403808594,8.922324180603027,38.12744903564453,14.466326713562012,43.509029388427734,28.897790908813477,17.636714935302734,43.05215835571289,15.63885498046875,33.626373291015625,5.921874046325684,,25.54563331604004,21.330076217651367,18.560529708862305,12.718751907348633,34.826011657714844
2010-02-01,6.125387191772461,,17.87748146057129,30.883480072021484,5.920000076293945,42.151424407958984,1.2758716344833374,12.848884582519531,144.4030303955078,38.38215255737305,28.24769401550293,20.65264129638672,43.14734649658203,16.74170684814453,37.39454650878906,42.066104888916016,26.58490753173828,24.027450561523438,32.86224365234375,69.4799575805664,16.28028678894043,26.93962860107422,55.63804244995117,13.075116157531738,117.39584350585938,21.1574649810791,25.193096160888672,38.93650817871094,27.69845199584961,16.004854202270508,55.28727340698242,22.44141960144043,17.606412887573242,41.01981735229492,,20.388898849487305,19.75290298461914,21.33113670349121,7.219661235809326,34.65650939941406,0.9435709714889526,13.632637977600098,0.3712978661060333,38.38218688964844,8.391572952270508,39.48057174682617,14.671263694763184,45.16302490234375,29.398834228515625,17.645061492919922,41.45109558105469,15.735878944396973,36.56401824951172,5.908976078033447,,26.211362838745117,23.75218391418457,17.84893035888672,12.871103286743164,35.13410949707031
2010-03-01,7.034823417663574,,18.399511337280273,30.84728240966797,6.78849983215332,45.451995849609375,1.4452847242355347,13.766663551330566,143.71661376953125,42.284271240234375,29.037839889526367,22.242162704467773,42.38551330566406,18.343191146850586,39.595706939697266,43.65184783935547,29.708040237426758,24.336061477661133,32.474365234375,71.59074401855469,16.669584274291992,29.943279266357422,63.4454231262207,14.075855255126953,128.40528869628906,21.937305450439453,28.621505737304688,40.604522705078125,29.53311538696289,16.69702911376953,61.0705680847168,24.004148483276367,17.999977111816406,43.227935791015625,,20.64873504638672,20.530967712402344,21.894338607788086,7.606091022491455,35.8168830871582,1.0534290075302124,14.82247257232666,0.39880144596099854,40.64936828613281,8.277753829956055,39.47434616088867,16.419281005859375,50.54805374145508,31.726192474365234,18.94855308532715,43.19221115112305,16.424352645874023,39.521522521972656,6.154289245605469,,25.290170669555664,25.94841766357422,20.35204315185547,13.235312461853027,36.4405403137207
2010-04-01,7.8158416748046875,,18.4641056060791,29.544189453125,6.855000019073486,47.50468444824219,1.4417705535888672,13.759590148925781,122.00040435791016,45.80964279174805,28.642776489257812,25.728240966796875,41.93831253051758,21.090356826782227,42.52501678466797,44.120121002197266,31.350444793701172,25.022001266479492,39.176109313964844,74.0251693725586,16.58587646484375,27.07225227355957,65.7461929321289,13.047816276550293,109.26826477050781,24.06802749633789,30.012447357177734,40.044044494628906,28.101015090942383,16.35927963256836,61.99961853027344,23.175739288330078,20.138593673706055,45.73530960083008,,19.57450294494629,21.182851791381836,22.828712463378906,8.191537857055664,39.51588821411133,1.4128570556640625,15.369834899902344,0.36006709933280945,40.35647201538086,8.070207595825195,38.781803131103516,16.964033126831055,53.64871597290039,32.303741455078125,21.85747718811035,48.609954833984375,17.11778450012207,41.93332290649414,6.206688404083252,,23.463275909423828,26.783863067626953,21.653472900390625,12.840714454650879,36.87032699584961
2010-05-01,7.689815998077393,,17.20445442199707,29.341482162475586,6.2729997634887695,42.728240966796875,1.4516117572784424,12.146721839904785,111.31214141845703,41.1331672668457,26.763357162475586,22.542089462280273,41.349117279052734,21.319496154785156,38.57223892211914,42.541770935058594,28.4400634765625,23.799236297607422,36.685325622558594,67.67069244384766,14.687196731567383,25.152753829956055,56.996307373046875,12.053282737731934,108.5609130859375,23.13210105895996,27.04091453552246,36.30740737915039,26.15035057067871,15.731842041015625,57.433082580566406,21.730989456176758,18.441829681396484,43.32511520385742,,18.820350646972656,19.034679412841797,19.285551071166992,7.857892036437988,37.92341232299805,1.5878570079803467,14.65510368347168,0.30116379261016846,38.91470718383789,7.351027965545654,38.407554626464844,15.788858413696289,51.312538146972656,29.04105567932129,21.454315185546875,38.216888427734375,16.408248901367188,40.0538215637207,5.912474632263184,,22.524063110351562,25.286428451538086,18.76285743713379,12.103401184082031,32.89331817626953
2010-06-01,7.529658317565918,,17.609113693237305,32.215553283691406,5.4629998207092285,40.09871292114258,1.4804327487945557,11.089479446411133,95.08078002929688,40.66603469848633,26.99297523498535,21.557992935180664,39.05513381958008,21.144563674926758,35.764888763427734,41.06666946411133,26.80615997314453,24.201772689819336,34.4213752746582,59.73496627807617,14.627409934997559,21.23172378540039,50.268310546875,11.043610572814941,99.03248596191406,19.176542282104492,24.841991424560547,37.11668014526367,24.18808937072754,15.340073585510254,56.24148941040039,22.514225006103516,15.215435981750488,43.03580093383789,,19.5353946685791,16.296382904052734,17.277631759643555,7.673761367797852,43.50411605834961,1.5521429777145386,13.677149772644043,0.23400935530662537,37.71430206298828,6.955380916595459,37.70969772338867,14.437092781066895,48.66636657714844,28.139999389648438,19.461040496826172,37.797813415527344,16.699283599853516,38.29122543334961,5.885710716247559,1.5886670351028442,22.004934310913086,24.725744247436523,16.767494201660156,11.574174880981445,31.259843826293945
2010-07-01,7.70089054107666,,19.615346908569336,33.47520446777344,5.894499778747559,45.233055114746094,1.5296403169631958,10.84183406829834,105.06069946289062,47.21918487548828,27.068382263183594,24.249988555908203,40.39423370361328,24.379568099975586,40.16567611694336,49.427913665771484,28.669828414916992,25.865629196166992,34.116939544677734,68.77389526367188,16.114425659179688,25.687768936157227,56.55132293701172,12.03392219543457,113.7813949584961,19.613840103149414,27.27971649169922,36.5070686340332,26.612852096557617,17.010047912597656,64.62963104248047,23.925559997558594,15.453871726989746,45.557708740234375,,19.46395492553711,18.950429916381836,19.38008689880371,8.315838813781738,39.45936965942383,1.465000033378601,14.965571403503418,0.2106313705444336,40.47420883178711,7.316318988800049,38.451576232910156,15.198223114013672,54.80032730102539,30.82352066040039,19.44979476928711,40.74843215942383,17.727935791015625,42.30766296386719,6.311505317687988,1.329332947731018,23.69232940673828,26.561227798461914,18.1626033782959,12.325406074523926,32.689453125
2010-08-01,7.27730131149292,,19.304607391357422,33.92405319213867,6.241499900817871,46.13671112060547,1.416463851928711,9.621747016906738,94.69403839111328,44.405616760253906,25.469348907470703,23.25973892211914,40.24466323852539,27.072528839111328,39.04307174682617,46.90019226074219,27.691194534301758,25.98663902282715,30.441503524780273,67.08228302001953,15.68681812286377,25.972597122192383,50.797943115234375,11.169445991516113,103.30248260498047,19.1391544342041,24.861083984375,35.834625244140625,24.05576515197754,17.24770736694336,64.0415267944336,22.574708938598633,15.1945219039917,47.733333587646484,,19.859331130981445,17.367698669433594,17.6230411529541,8.543211936950684,43.28532028198242,1.7931430339813232,14.225830078125,0.2138400673866272,40.01901626586914,7.7601752281188965,37.80839920043945,14.658919334411621,54.74446105957031,28.27006721496582,19.79574966430664,36.42497634887695,18.642169952392578,42.89091491699219,6.7300310134887695,1.2986669540405273,24.680482864379883,25.945844650268555,15.42477798461914,12.072587966918945,32.37724304199219
2010-09-01,8.494178771972656,,19.982147216796875,37.10940170288086,7.853000164031982,51.61479187011719,1.5823620557785034,10.115957260131836,114.37731170654297,53.61930465698242,26.511037826538086,25.4779109954834,46.103023529052734,27.54558753967285,43.11604690551758,51.72584915161133,28.167743682861328,27.164548873901367,32.579097747802734,75.27545928955078,16.61103630065918,30.807071685791016,57.00736618041992,13.050048828125,109.34768676757812,21.980012893676758,28.16845703125,39.306419372558594,25.18048667907715,18.062562942504883,67.1904296875,24.873268127441406,16.700496673583984,49.04525375366211,,20.791301727294922,17.36066246032715,18.487028121948242,8.72854232788086,44.337100982666016,2.316570997238159,16.286544799804688,0.2677011489868164,41.42820739746094,8.468026161193848,37.99850082397461,16.31027603149414,54.197147369384766,31.0671329498291,21.244354248046875,42.2393684387207,18.921632766723633,44.27320861816406,7.120936870574951,1.3606669902801514,27.318159103393555,29.230684280395508,16.482410430908203,12.961621284484863,34.08738708496094
2010-10-01,9.00996208190918,,20.649497985839844,37.36279296875,8.261500358581543,53.26553726196289,1.734904170036316,8.848910331726074,114.87452697753906,53.564781188964844,26.600709915161133,26.347429275512695,44.8734130859375,28.597639083862305,43.940582275390625,57.16743087768555,30.74625015258789,27.93147087097168,33.542762756347656,61.956077575683594,15.924442291259766,34.19838333129883,56.61627960205078,15.231966972351074,121.86465454101562,21.438833236694336,30.20065689086914,40.43562698364258,24.89599609375,19.0701904296875,68.34748077392578,23.967676162719727,15.988717079162598,51.191104888916016,,20.723756790161133,17.494314193725586,20.13266372680664,8.832858085632324,43.065589904785156,2.4795711040496826,16.61292266845703,0.27549371123313904,41.02419662475586,8.591323852539062,40.279544830322266,17.370113372802734,55.85203170776367,32.61111831665039,20.63083267211914,47.91609573364258,19.24173355102539,45.83905029296875,7.101014137268066,1.4559999704360962,28.152971267700195,31.331871032714844,17.09918785095215,13.119044303894043,36.68020248413086
2010-11-01,9.314406394958496,,19.634668350219727,36.60988998413086,8.770000457763672,54.049137115478516,1.8354270458221436,8.462498664855957,109.50663757324219,57.971275329589844,26.58667755126953,26.934871673583984,48.489566802978516,34.30139923095703,43.07346725463867,55.6042594909668,31.06961441040039,26.919130325317383,31.21929931640625,57.07255554199219,15.358769416809082,36.669559478759766,55.944801330566406,13.792661666870117,118.09064483642578,20.96010398864746,31.867427825927734,39.04632568359375,24.775747299194336,19.645526885986328,68.87877655029297,22.919084548950195,17.094894409179688,51.53997802734375,,19.673585891723633,17.241539001464844,19.06827735900879,8.123530387878418,41.62912368774414,2.9414288997650146,17.569631576538086,0.31193608045578003,40.60327911376953,8.03895378112793,38.99296188354492,18.17858123779297,54.37721633911133,32.829185485839844,20.970109939575195,53.02374267578125,19.395936965942383,47.02295684814453,7.0528435707092285,2.355333089828491,28.52002716064453,32.20021438598633,17.8537540435791,13.099665641784668,38.37382125854492
2010-12-01,9.655972480773926,,20.089384078979492,37.3845100402832,9.0,57.014225006103516,1.9971089363098145,10.309564590454102,128.0354461669922,64.17955780029297,27.91340446472168,30.48470115661621,51.78866195678711,32.522518157958984,48.95749282836914,61.81975173950195,31.92060661315918,27.685983657836914,32.08272171020508,59.764366149902344,16.452211380004883,43.46277618408203,64.6386947631836,14.742268562316895,127.46159362792969,24.513612747192383,34.29361343383789,39.57429504394531,28.10126495361328,20.595458984375,71.4378662109375,24.19010353088379,18.887229919433594,50.921791076660156,,20.56964874267578,19.17998504638672,21.198169708251953,8.42425537109375,43.46892547607422,2.509999990463257,17.424795150756836,0.3529621660709381,41.04304885864258,8.724995613098145,41.0744514465332,19.747953414916992,57.0904426574707,34.53180694580078,23.795116424560547,57.405670166015625,19.65818214416504,47.8730583190918,7.456367015838623,1.775333046913147,28.1998348236084,33.25065994262695,20.373212814331055,13.060921669006348,40.59173583984375
2011-01-01,10.15769100189209,,19.9218807220459,36.8198356628418,8.482000350952148,54.990081787109375,2.02356219291687,10.62066650390625,133.85498046875,66.47511291503906,26.663089752197266,31.988786697387695,51.5233039855957,31.81786346435547,50.931884765625,67.94770812988281,33.43975830078125,27.79479217529297,37.340309143066406,65.03033447265625,16.79595184326172,39.71304702758789,71.73786926269531,14.900869369506836,124.02037048339844,25.7092227935791,36.13214874267578,38.243412017822266,29.770648956298828,19.681074142456055,69.95291137695312,24.003707885742188,18.676361083984375,48.87192916870117,,19.133634567260742,20.723691940307617,21.06144905090332,8.662444114685059,39.06245422363281,3.05828595161438,16.88479232788086,0.548237144947052,40.70454025268555,9.078778266906738,40.30825424194336,21.082202911376953,61.83879089355469,35.663570404052734,24.07355499267578,61.179996490478516,19.34452247619629,48.81618881225586,6.984317302703857,1.6066670417785645,32.16335678100586,33.95759582519531,21.313318252563477,13.654290199279785,44.7885856628418
2011-02-01,10.573493003845215,,19.977712631225586,39.06405258178711,8.66450023651123,57.98382568359375,2.39571213722229,11.05384635925293,137.89044189453125,70.86338806152344,27.455089569091797,34.85818862915039,53.6390380859375,32.58903884887695,55.66400146484375,67.3870620727539,37.6294059753418,27.96578598022461,39.48137283325195,63.574119567871094,16.4996280670166,38.831695556640625,74.51617431640625,15.224519729614258,124.14165496826172,26.19865608215332,37.357852935791016,39.31196212768555,30.96547508239746,20.016141891479492,74.71968078613281,23.858722686767578,19.796783447265625,50.2053337097168,,18.787540435791016,20.957183837890625,20.188007354736328,8.988137245178223,39.20430374145508,2.9524290561676025,18.225671768188477,0.5193585753440857,40.141231536865234,9.587029457092285,40.55561065673828,22.860523223876953,63.69428634643555,36.646175384521484,23.331993103027344,64.22559356689453,19.596473693847656,52.949562072753906,7.3420023918151855,1.5926669836044312,33.362152099609375,34.23749542236328,21.208133697509766,12.658289909362793,47.48101043701172
2011-03-01,10.432794570922852,,19.87403678894043,37.51480484008789,9.006500244140625,56.83676528930664,2.192017078399658,10.311250686645508,135.87608337402344,76.66023254394531,28.238332748413086,36.06663131713867,52.72928237915039,32.911800384521484,58.10432434082031,72.42520904541016,37.070220947265625,28.60101318359375,41.660911560058594,67.00140380859375,16.49429702758789,40.73845672607422,71.91152954101562,14.563318252563477,120.47069549560547,25.9119873046875,38.74392318725586,38.25355529785156,30.57416534423828,20.77396011352539,76.38883209228516,24.618505477905273,19.99346351623535,50.89008712768555,,19.04134750366211,19.290775299072266,19.39816665649414,8.931422233581543,38.714881896972656,3.3968570232391357,15.496835708618164,0.4230961203575134,40.76784133911133,10.226612091064453,39.6229133605957,22.792314529418945,62.93393325805664,37.31985092163086,23.96738624572754,64.29350280761719,19.836393356323242,51.95490264892578,7.918909072875977,1.850000023841858,35.414947509765625,35.43082046508789,20.877765655517578,12.67533016204834,46.9499397277832
2011-04-01,10.481292724609375,,20.631893157958984,37.86955261230469,9.790499687194824,60.59159469604492,2.3644440174102783,9.50586223602295,133.3711395263672,79.45541381835938,29.493595123291016,35.6285514831543,58.17333984375,34.14863967895508,59.15842819213867,73.15563201904297,37.07881546020508,29.3889217376709,39.74153137207031,74.03250122070312,16.86625862121582,40.34975814819336,73.34613800048828,13.504498481750488,114.7054214477539,26.152238845825195,39.7302131652832,42.43077850341797,30.262474060058594,21.27784538269043,80.4231948852539,25.906475067138672,19.8572998046875,52.37483596801758,,20.979555130004883,18.464632034301758,19.80309295654297,9.26047134399414,41.69491958618164,3.323857069015503,16.911401748657227,0.4583924412727356,43.93708038330078,10.558943748474121,41.74558639526367,23.064786911010742,67.05120849609375,39.493350982666016,23.48227310180664,61.873661041259766,20.320459365844727,55.532958984375,8.050849914550781,1.840000033378601,38.68353271484375,37.28288269042969,19.208690643310547,13.482695579528809,49.098487854003906
2011-05-01,10.412437438964844,,21.604665756225586,40.16443634033203,9.834500312805176,60.318809509277344,2.3877627849578857,9.095590591430664,139.91925048828125,73.142578125,30.825498580932617,33.067832946777344,59.31681823730469,37.51422882080078,56.70970153808594,64.58706665039062,35.81418228149414,29.5465030670166,38.42327117919922,74.57673645019531,16.738269805908203,38.048118591308594,70.44097137451172,13.130216598510742,106.89682006835938,25.539785385131836,38.64009094238281,43.44441223144531,28.832914352416992,21.072826385498047,79.98487854003906,26.93545913696289,18.335710525512695,54.53510284423828,,21.446426391601562,17.092540740966797,19.107837677001953,9.486374855041504,40.24367141723633,3.8685710430145264,17.348968505859375,0.4593091607093811,45.35932540893555,10.800634384155273,43.45378112792969,23.43863868713379,67.6399154663086,38.695369720458984,25.06601905822754,59.095375061035156,21.11850929260254,57.239593505859375,8.318951606750488,2.0093328952789307,38.46351623535156,37.82337188720703,18.720394134521484,13.541553497314453,46.58161926269531
2011-06-01,10.048423767089844,,21.581377029418945,37.884029388427734,10.224499702453613,60.629642486572266,2.6852614879608154,8.484060287475586,130.5599822998047,73.598876953125,30.783227920532227,34.268157958984375,58.596065521240234,36.70609664916992,56.0206184387207,61.86339569091797,33.58600616455078,30.050518035888672,36.80734634399414,74.29729461669922,17.350648880004883,39.35778045654297,67.64344787597656,12.5682954788208,101.35394287109375,25.4975643157959,38.88558578491211,43.31977462768555,27.299245834350586,21.224225997924805,81.91193389892578,26.6071834564209,17.705280303955078,56.81483459472656,,20.594392776489258,16.278953552246094,19.994409561157227,9.406161308288574,38.39405059814453,3.752713918685913,18.485023498535156,0.36533883213996887,44.919246673583984,10.473050117492676,41.229209899902344,22.889877319335938,65.1650390625,39.236087799072266,24.03563690185547,59.73948669433594,21.276580810546875,56.740478515625,8.279409408569336,1.9420000314712524,40.53010940551758,37.79299545288086,18.5914363861084,13.117695808410645,45.672828674316406
2011-07-01,11.68918514251709,,21.111711502075195,38.02882385253906,11.12600040435791,56.630802154541016,2.3827242851257324,7.522845268249512,122.3156967163086,68.29637908935547,29.716156005859375,32.80974578857422,56.4394645690918,35.6540412902832,56.66339874267578,59.208003997802734,33.22468185424805,29.683462142944336,35.90959548950195,76.83464813232422,17.848806381225586,39.402408599853516,64.76441192626953,14.983519554138184,102.7856674194336,24.774280548095703,34.6505241394043,42.193138122558594,26.972509384155273,21.60662078857422,78.70379638671875,27.15308952331543,16.39124298095703,58.270267486572266,,20.13326644897461,15.741272926330566,21.07103729248047,9.131048202514648,39.71377944946289,3.7998569011688232,18.59010124206543,0.3169783651828766,41.1417350769043,9.78670597076416,39.88018798828125,22.755762100219727,68.96107482910156,36.722591400146484,22.115530014038086,62.484466552734375,20.83397674560547,58.82986831665039,7.7126898765563965,1.878000020980835,39.12696075439453,37.09794616699219,18.511924743652344,13.011548042297363,44.78050994873047
2011-08-01,11.520048141479492,,22.12548065185547,38.99166488647461,10.761500358581543,52.25247573852539,2.345881223678589,6.329724311828613,112.9189224243164,63.17666244506836,31.892656326293945,31.29821014404297,56.64863586425781,31.72177505493164,53.8416748046875,60.950077056884766,29.30173110961914,30.178178787231445,32.64958190917969,69.16368103027344,17.46405601501465,35.21277618408203,58.9786491394043,13.426566123962402,88.50666809082031,23.6749324798584,31.198528289794922,42.85087966918945,25.19928741455078,22.381811141967773,74.79290771484375,26.593006134033203,15.231256484985352,60.918304443359375,,19.525665283203125,12.407151222229004,20.455827713012695,9.373991966247559,44.71994400024414,3.357285976409912,17.868350982666016,0.30506017804145813,41.39228057861328,9.64944076538086,41.638885498046875,17.390939712524414,71.32451629638672,32.9146728515625,21.705724716186523,54.01443862915039,22.05242347717285,57.36046600341797,7.644687652587891,1.6493330001831055,37.46351623535156,33.36570739746094,17.29281997680664,13.130040168762207,41.542179107666016
2011-09-01,11.4149751663208,,22.056074142456055,38.948238372802734,10.81149959564209,48.7421989440918,2.321791172027588,4.747330665588379,102.28759002685547,51.26335525512695,31.43535804748535,29.114181518554688,59.42608642578125,28.156612396240234,50.84114074707031,48.69520950317383,25.946571350097656,32.354618072509766,25.039936065673828,65.33189392089844,17.4851131439209,22.76011848449707,55.037105560302734,12.783236503601074,72.22177124023438,23.485952377319336,28.862380981445312,41.846317291259766,20.20774269104004,21.46365737915039,70.98834228515625,26.587907791137695,14.780356407165527,59.573421478271484,,19.289710998535156,9.578320503234863,19.26161003112793,9.017749786376953,44.95561599731445,1.6181429624557495,17.633272171020508,0.2867245078086853,40.086883544921875,9.088728904724121,41.31193923950195,15.487709999084473,64.18799591064453,31.397998809814453,21.403234481811523,41.433162689208984,22.590944290161133,54.06796646118164,7.655425071716309,1.6260000467300415,36.35977554321289,29.72234535217285,16.051815032958984,12.90428352355957,41.031272888183594
2011-10-01,12.117260932922363,,22.787019729614258,39.88935089111328,10.67549991607666,55.38439178466797,2.3998637199401855,5.298083305358887,109.04641723632812,65.5787582397461,32.03444290161133,32.02469253540039,60.236473083496094,32.810787200927734,57.68293762207031,57.579429626464844,30.007169723510742,33.05060577392578,31.535287857055664,70.61257934570312,18.215545654296875,30.092687606811523,61.0046272277832,14.709258079528809,83.67951965332031,25.579463958740234,34.44293975830078,42.30622863769531,23.320751190185547,21.853153228759766,77.6029281616211,26.724546432495117,16.064273834228516,62.98558044433594,,20.596105575561523,12.506404876708984,20.608144760131836,9.415057182312012,47.94963455200195,1.1725709438323975,19.93996238708496,0.3392103612422943,40.766876220703125,9.900955200195312,41.84157943725586,19.209278106689453,74.9815902709961,34.79840850830078,23.819442749023438,50.9642333984375,23.033477783203125,63.1431999206543,7.867477893829346,1.9579999446868896,37.9652099609375,36.236724853515625,17.24305534362793,14.102714538574219,44.11582565307617
2011-11-01,11.44131851196289,,23.019062042236328,42.712738037109375,9.614500045776367,53.84773254394531,2.126262903213501,4.219849109649658,118.89435577392578,68.3292465209961,32.641624450683594,33.11465835571289,61.719764709472656,29.176637649536133,56.45844650268555,60.12083435058594,30.841663360595703,33.7465705871582,36.65380859375,73.56180572509766,18.182716369628906,29.809593200683594,58.08399200439453,14.876792907714844,73.2224349975586,28.023090362548828,35.59321975708008,42.5230598449707,20.960912704467773,21.504499435424805,77.85486602783203,27.22077751159668,18.472915649414062,64.79676055908203,,21.34234046936035,10.51741886138916,19.795581817626953,9.254796028137207,49.42048645019531,0.9218569993972778,19.904781341552734,0.3582337200641632,41.44686508178711,10.317355155944824,42.5650520324707,17.957056045532227,76.63749694824219,34.18259048461914,25.005956649780273,52.254478454589844,23.41203498840332,61.1275749206543,7.938542366027832,2.1826670169830322,38.58224105834961,37.63421630859375,17.209779739379883,14.644735336303711,45.44343185424805
2011-12-01,12.123847961425781,,24.251338958740234,43.44392013549805,8.654999732971191,54.773563385009766,2.0509345531463623,4.321441650390625,123.17913055419922,63.247135162353516,32.95912551879883,33.83433151245117,60.45956802368164,24.99799156188965,58.88609313964844,58.67945861816406,32.26115798950195,36.04362106323242,34.805931091308594,74.57673645019531,18.007156372070312,27.694305419921875,65.38557434082031,16.03116798400879,69.34208679199219,30.273386001586914,35.96959686279297,43.48796844482422,22.50405502319336,22.54351234436035,81.59493255615234,30.28091812133789,19.526968002319336,68.57164001464844,,22.506473541259766,10.759197235107422,20.240934371948242,10.26613998413086,43.05638122558594,0.989857017993927,19.9440975189209,0.31766587495803833,43.31918716430664,11.236404418945312,43.97575378417969,18.454069137573242,78.12492370605469,32.814815521240234,25.81819725036621,47.55665969848633,24.954042434692383,63.83796310424805,8.283699035644531,1.9040000438690186,40.09326934814453,38.799625396728516,18.43041229248047,14.858566284179688,48.16926956176758
2012-01-01,13.664922714233398,,23.223989486694336,46.25071716308594,9.722000122070312,56.98853302001953,2.422067642211914,5.541703224182129,126.79093933105469,76.17581939697266,32.363380432128906,31.670650482177734,59.697593688964844,28.777502059936523,57.070804595947266,65.69874572753906,34.02753829956055,34.913169860839844,37.50178527832031,88.22711944580078,16.516590118408203,34.78538513183594,68.96897888183594,14.398266792297363,85.47564697265625,31.965627670288086,38.41168212890625,43.70680236816406,25.245155334472656,21.75737762451172,81.46609497070312,28.95487403869629,20.642574310302734,67.6968002319336,,23.121002197265625,13.262324333190918,23.024446487426758,10.092450141906738,44.34504699707031,1.7171430587768555,21.601943969726562,0.3385228216648102,42.87521743774414,11.11178970336914,41.556461334228516,20.68267250061035,81.2746353149414,35.17635726928711,28.20710563659668,52.33249282836914,24.56050682067871,67.3758316040039,8.05633544921875,1.937999963760376,41.11034393310547,41.865055084228516,19.533842086791992,15.351726531982422,47.58958435058594
2012-02-01,16.238170623779297,,22.07921600341797,45.57344436645508,8.98449993133545,58.419246673583984,2.6839706897735596,6.194584846496582,138.63406372070312,80.08546447753906,33.45663833618164,35.54301834106445,62.447776794433594,35.272151947021484,60.39146041870117,63.24313735961914,36.73050308227539,34.27421569824219,40.291934967041016,103.09835815429688,16.2218017578125,32.23628234863281,70.22228240966797,15.34489631652832,88.28981018066406,34.255584716796875,39.42427444458008,43.15641403198242,26.74933624267578,22.508068084716797,83.61398315429688,28.5905704498291,21.950956344604492,67.85400390625,,23.06058120727539,13.220422744750977,24.74757957458496,10.035116195678711,42.866390228271484,1.5818569660186768,22.418315887451172,0.34723225235939026,41.09284973144531,10.971595764160156,44.931644439697266,21.954547882080078,78.4710464477539,37.654640197753906,29.832496643066406,54.03121566772461,23.82198143005371,67.18738555908203,8.543291091918945,2.2273330688476562,44.25374984741211,40.37811279296875,20.924814224243164,14.781285285949707,49.1580924987793
2012-03-01,17.94778823852539,,22.918771743774414,45.89387512207031,10.125499725341797,59.42914581298828,2.7810254096984863,7.447334289550781,142.74429321289062,74.69319152832031,35.108280181884766,35.612274169921875,66.07476806640625,38.0685920715332,59.7891731262207,61.69504928588867,38.296295166015625,34.82661819458008,39.31524658203125,115.7999038696289,16.497331619262695,28.812685012817383,74.63658142089844,15.915505409240723,95.65545654296875,36.22867965698242,40.65859603881836,44.12632369995117,31.343904495239258,23.845157623291016,87.94042205810547,29.71138572692871,24.271358489990234,67.5184555053711,,23.19952964782715,14.004809379577637,25.31861114501953,10.403071403503418,36.98064041137695,1.6434290409088135,22.526338577270508,0.3529621660709381,43.674407958984375,11.883009910583496,44.65919876098633,23.493850708007812,80.87075805664062,37.44947052001953,31.552038192749023,48.85658645629883,24.475997924804688,72.75115966796875,8.722030639648438,2.4826669692993164,46.78593444824219,39.57447052001953,22.924880981445312,15.311686515808105,49.558597564697266
2012-04-01,17.4816951751709,,23.073217391967773,47.7581672668457,11.595000267028809,55.735618591308594,2.4692540168762207,6.311168670654297,134.48240661621094,72.06360626220703,35.52478790283203,33.56016540527344,64.1682357788086,38.369171142578125,59.426666259765625,63.16106033325195,37.71021270751953,35.52283477783203,38.85874557495117,120.76432800292969,16.473596572875977,29.009613037109375,72.81441497802734,15.012309074401855,88.5641860961914,37.52406692504883,40.39884567260742,43.55098342895508,29.298839569091797,24.769481658935547,89.2007827758789,30.537710189819336,24.340965270996094,67.0710678100586,,23.971263885498047,12.321946144104004,25.1302490234375,10.960015296936035,34.58670425415039,1.1448570489883423,23.316635131835938,0.29795506596565247,43.44401931762695,12.014164924621582,42.28704833984375,23.51674461364746,84.56151580810547,36.86249542236328,34.9229850769043,51.79790115356445,25.02622413635254,77.7051010131836,9.191230773925781,2.208667039871216,44.70195388793945,41.4007568359375,22.5075740814209,14.837408065795898,49.33572769165039
2012-05-01,17.29459571838379,,22.8771915435791,47.405399322509766,10.645500183105469,51.530513763427734,2.3704261779785156,5.719740390777588,119.89558410644531,61.70014190673828,35.5192985534668,32.05762481689453,62.86565017700195,34.153564453125,54.825767517089844,56.650169372558594,39.984554290771484,36.43452072143555,35.197662353515625,119.96269989013672,15.616340637207031,24.477256774902344,70.99214172363281,14.41688060760498,73.60477447509766,35.748924255371094,37.06890869140625,41.76479721069336,22.745803833007812,24.253456115722656,81.90743255615234,30.21308708190918,20.758821487426758,61.48926544189453,29.369524002075195,22.95719337463379,9.554564476013184,22.909181594848633,11.12862777709961,34.23104476928711,0.9062860012054443,22.54754066467285,0.28489094972610474,44.66177749633789,11.473786354064941,41.74011993408203,21.03091049194336,78.78279113769531,33.4625129699707,37.64064407348633,44.189605712890625,25.009878158569336,73.67000579833984,9.722536087036133,1.9666670560836792,44.399436950683594,41.01782989501953,21.584911346435547,16.577795028686523,44.93013381958008
2012-06-01,17.482290267944336,,23.995710372924805,51.08063507080078,11.417499542236328,52.632320404052734,2.570946216583252,6.374210834503174,119.20765686035156,59.791805267333984,37.615028381347656,34.78271484375,69.35987091064453,34.06486892700195,59.36503601074219,62.01838684082031,42.42509078979492,38.670677185058594,31.94020652770996,129.18548583984375,16.042747497558594,26.02809715270996,77.50006866455078,14.397272109985352,74.08021545410156,38.62005615234375,37.43169403076172,45.63667297363281,24.51606559753418,25.37639045715332,83.8271255493164,32.03516387939453,22.095090866088867,61.40882873535156,30.85784339904785,25.504600524902344,10.43421459197998,24.165475845336914,11.828536987304688,35.210941314697266,0.9784290194511414,18.356491088867188,0.31674906611442566,46.87519836425781,12.18620491027832,41.04322814941406,21.852954864501953,85.24032592773438,34.31996536254883,38.554439544677734,45.53559112548828,25.494497299194336,78.24162292480469,10.146492958068848,2.0859999656677246,46.57284164428711,44.167171478271484,22.66732406616211,17.679231643676758,49.23261260986328
2012-07-01,18.28335952758789,,25.40297508239746,53.001678466796875,11.664999961853027,52.87507247924805,2.6542563438415527,5.7196455001831055,120.61296844482422,59.29887008666992,38.79300308227539,33.88637161254883,70.22138214111328,30.64015007019043,61.660831451416016,59.2712516784668,42.984920501708984,37.888092041015625,34.74042510986328,131.04615783691406,16.682415008544922,25.722511291503906,78.04129028320312,15.710245132446289,77.97513580322266,38.02970886230469,38.91313552856445,46.75801086425781,24.70132064819336,26.402515411376953,80.42082214355469,32.87132263183594,19.710012435913086,61.98455810546875,21.540956497192383,27.277851104736328,9.769112586975098,23.280698776245117,12.187811851501465,32.5029411315918,0.8121430277824402,19.521289825439453,0.3103315234184265,48.24842071533203,12.737229347229004,43.24782943725586,21.448760986328125,88.62291717529297,33.824676513671875,39.13705062866211,49.99024963378906,26.513179779052734,80.66937255859375,10.789541244506836,1.8279999494552612,40.82394790649414,45.38880157470703,22.918132781982422,18.873567581176758,49.96904373168945
2012-08-01,19.91423797607422,,25.854028701782227,51.60169219970703,12.41349983215332,54.28849792480469,2.6305198669433594,6.2261528968811035,124.94136810302734,60.4714469909668,38.640419006347656,35.764949798583984,71.45526123046875,35.769840240478516,63.112632751464844,57.95185089111328,43.27358627319336,36.21112823486328,38.4596061706543,145.3658447265625,15.552339553833008,27.850004196166992,77.8908462524414,17.00385856628418,81.69999694824219,41.36039733886719,39.18125915527344,45.548866271972656,25.696006774902344,24.441932678222656,81.7694320678711,33.52829360961914,22.264299392700195,62.074737548828125,17.919376373291016,26.5861759185791,10.76884937286377,24.347179412841797,11.570688247680664,37.04178237915039,0.8531429767608643,20.35985565185547,0.321562260389328,48.049381256103516,12.64186954498291,45.41413497924805,22.669469833374023,86.60592651367188,36.28292465209961,41.680171966552734,50.77595138549805,24.96038055419922,79.7696533203125,10.597936630249023,1.901332974433899,43.3889274597168,44.955684661865234,23.06725311279297,18.40953254699707,50.22795104980469
2012-09-01,20.055662155151367,,26.723691940307617,52.327335357666016,12.715999603271484,54.36737823486328,2.5082361698150635,6.880720138549805,127.38719177246094,60.9746208190918,38.97117233276367,36.01055145263672,73.33775329589844,37.62017822265625,66.11360168457031,63.630516052246094,45.73161697387695,36.627586364746094,39.79129409790039,151.54380798339844,15.380273818969727,30.526262283325195,85.41287231445312,18.726604461669922,88.2375717163086,44.22504425048828,40.30986404418945,46.971588134765625,28.00684928894043,24.788299560546875,80.5138168334961,35.797019958496094,23.640186309814453,64.14321899414062,21.49134635925293,27.852174758911133,12.018034934997559,23.66554069519043,12.196830749511719,40.94477462768555,0.7777140140533447,19.920185089111328,0.30574774742126465,46.94813919067383,13.288005828857422,46.8808479309082,23.240022659301758,82.80396270751953,35.820457458496094,43.49848937988281,50.92916488647461,25.641220092773438,76.81836700439453,10.904537200927734,1.9520000219345093,44.27587890625,44.1558952331543,23.55880355834961,18.815019607543945,52.95756530761719
2012-10-01,17.897672653198242,,27.027772903442383,55.366024017333984,11.644499778747559,51.36378860473633,2.386706829071045,7.271639347076416,135.51773071289062,60.10292434692383,38.14971160888672,36.432498931884766,72.07102966308594,35.96694564819336,62.52886199951172,66.29558563232422,42.96742630004883,37.136375427246094,41.36802291870117,132.8186798095703,15.466732025146484,29.98638343811035,79.81209564208984,16.88496971130371,94.99823760986328,44.964935302734375,41.315067291259766,48.273521423339844,28.83709716796875,24.463315963745117,82.75642395019531,36.71818923950195,25.313133239746094,60.68262481689453,20.94563102722168,28.44780731201172,12.477500915527344,22.69537925720215,12.150009155273438,40.16969680786133,1.1319999694824219,19.17928123474121,0.2745770514011383,46.27665328979492,13.29869556427002,46.79974365234375,22.926513671875,83.1053237915039,35.760963439941406,41.6494140625,48.95762634277344,26.05846405029297,77.02078247070312,10.004984855651855,1.8753329515457153,44.9285774230957,45.766632080078125,22.985689163208008,19.12606430053711,52.79543685913086
2012-11-01,17.5958309173584,,25.939138412475586,55.101280212402344,12.602499961853027,54.94793701171875,2.536283254623413,7.692953586578369,140.7760772705078,60.77242660522461,39.658687591552734,36.27771759033203,76.09081268310547,38.8471565246582,59.948055267333984,65.217041015625,43.43977737426758,36.07921600341797,41.834716796875,136.6210479736328,13.0632905960083,30.3226261138916,80.07738494873047,17.333467483520508,91.42774963378906,47.668087005615234,41.37579345703125,47.5305290222168,28.63187599182129,24.950218200683594,83.53560638427734,37.02774429321289,28.352415084838867,60.85040283203125,27.781982421875,27.618621826171875,12.147008895874023,21.1685733795166,11.915886878967285,34.657222747802734,1.1672860383987427,20.45958137512207,0.274347722530365,46.92498016357422,13.37890625,47.58611297607422,22.692502975463867,84.31028747558594,36.653175354003906,44.55299758911133,50.42922592163086,24.22813606262207,76.98033142089844,10.024246215820312,2.254667043685913,43.63688659667969,45.673622131347656,22.52175521850586,18.36121940612793,51.040809631347656
2012-12-01,16.072208404541016,,26.24209976196289,56.82206726074219,12.543499946594238,55.663429260253906,2.286990165710449,9.058338165283203,148.81553649902344,63.88809585571289,38.21123504638672,36.94669723510742,72.49903106689453,41.41693115234375,61.86659240722656,67.05597686767578,43.55350875854492,36.5184211730957,42.96220779418945,151.6540985107422,13.078953742980957,26.58379554748535,79.54679870605469,17.557092666625977,99.43097686767578,45.51333236694336,43.117496490478516,48.20528793334961,30.646156311035156,24.01506233215332,85.28094482421875,37.620826721191406,27.904624938964844,62.22212600708008,26.412729263305664,25.523839950561523,13.767085075378418,21.4146728515625,12.10623550415039,34.17882537841797,1.3227139711380005,21.66012191772461,0.28280743956565857,45.735313415527344,13.531471252441406,46.26409149169922,24.397451400756836,86.89999389648438,37.785030364990234,45.04832077026367,48.98613357543945,24.068241119384766,80.58002471923828,9.900887489318848,2.257999897003174,43.516536712646484,47.03274154663086,23.470462799072266,17.39497947692871,50.4338493347168
2013-01-01,13.75637435913086,21.4802303314209,27.846866607666016,56.17538070678711,13.274999618530273,58.3630256652832,2.5974695682525635,8.840997695922852,170.1036376953125,70.55194091796875,39.24565124511719,36.95305633544922,80.46622467041016,42.40985870361328,65.87700653076172,73.37419891357422,47.8549690246582,39.34601974487305,44.45249557495117,158.4425048828125,13.826571464538574,27.399959564208984,85.20614624023438,18.75614356994629,115.25453186035156,49.244171142578125,46.35792922973633,50.83216094970703,32.792850494384766,24.670915603637695,86.44759368896484,40.9542236328125,30.002178192138672,67.21624755859375,30.738779067993164,27.222633361816406,16.452817916870117,22.007970809936523,12.606649398803711,31.861753463745117,2.3605709075927734,22.786542892456055,0.28280743956565857,49.06657791137695,14.718438148498535,51.21826171875,26.890884399414062,92.99605560302734,40.34672164916992,47.48493194580078,55.17123794555664,24.866579055786133,81.64534759521484,10.218094825744629,2.500667095184326,44.471317291259766,49.18014144897461,23.91679573059082,17.93243980407715,52.426727294921875
2013-02-01,13.330840110778809,21.872203826904297,28.76915168762207,57.245052337646484,13.213500022888184,57.63542938232422,2.484915018081665,8.770706176757812,172.60179138183594,66.2352066040039,42.065460205078125,36.92120361328125,79.64065551757812,41.69287872314453,67.02119445800781,68.51431274414062,48.48557662963867,39.637935638427734,44.773197174072266,155.58888244628906,13.628679275512695,25.031620025634766,88.80101013183594,19.88569450378418,116.7355728149414,50.40684127807617,47.62148666381836,52.338157653808594,34.33041000366211,25.651391983032227,88.54669189453125,41.694129943847656,30.10091781616211,67.64651489257812,27.03782081604004,26.895339965820312,16.2368106842041,22.28858184814453,12.575152397155762,29.881515502929688,2.686856985092163,22.95939064025879,0.2920343577861786,51.03327178955078,14.896061897277832,52.33423614501953,26.243879318237305,91.352783203125,41.71971130371094,47.323856353759766,55.029876708984375,25.586647033691406,80.9725570678711,10.72764778137207,2.322000026702881,43.05366134643555,51.29383850097656,24.26042938232422,18.145219802856445,52.1819953918457
2013-03-01,13.446809768676758,24.15894889831543,30.217140197753906,56.74341583251953,13.32450008392334,58.15612030029297,2.608360767364502,9.521219253540039,184.9340362548828,62.36308288574219,43.38884353637695,38.72711181640625,83.65311431884766,44.06061935424805,68.50582122802734,67.0711898803711,50.44844055175781,42.01216125488281,45.61374282836914,159.08975219726562,15.419761657714844,25.95697784423828,89.14207458496094,19.711706161499023,115.09081268310547,51.348758697509766,51.48808670043945,56.51374816894531,33.30585861206055,26.79086685180664,87.36399841308594,43.717041015625,29.919456481933594,70.88722229003906,25.38082504272461,27.82059097290039,15.861098289489746,23.127910614013672,13.717007637023926,31.068191528320312,2.7039999961853027,24.974098205566406,0.29777154326438904,53.66395950317383,15.706986427307129,52.93879318237305,26.944795608520508,92.0234375,43.30412292480469,49.61746597290039,53.1414794921875,26.67241859436035,81.39209747314453,10.960668563842773,2.5260000228881836,46.08232116699219,53.554080963134766,25.58133888244629,19.183481216430664,52.84376525878906
2013-04-01,13.450451850891113,27.28101348876953,31.95698356628418,61.958927154541016,12.690500259399414,58.52190017700195,2.3331403732299805,9.622838973999023,193.20510864257812,60.71382141113281,43.89614486694336,38.95264434814453,85.48213195800781,40.51517105102539,70.34501647949219,70.07235717773438,55.813026428222656,43.52273178100586,43.15265655517578,157.46435546875,16.774805068969727,23.863168716430664,85.94188690185547,20.465736389160156,114.24614715576172,54.272560119628906,50.25127410888672,59.07848358154297,34.39358901977539,28.24596405029297,90.00406646728516,42.63162612915039,30.31395149230957,72.62939453125,27.553773880004883,29.868133544921875,15.98377513885498,26.757558822631836,14.485143661499023,24.29286003112793,3.086714029312134,26.916671752929688,0.31958797574043274,55.94319152832031,15.821284294128418,52.739566802978516,28.474594116210938,100.5190200805664,42.3122444152832,53.795082092285156,52.815067291259766,27.41710662841797,91.406982421875,11.190688133239746,3.5993330478668213,48.46062469482422,55.641178131103516,26.265989303588867,20.052907943725586,52.186946868896484
2013-05-01,13.661575317382812,25.524534225463867,28.471099853515625,57.61458969116211,13.460000038146973,63.53557205200195,2.7543632984161377,10.678147315979004,202.4122314453125,61.91933059692383,42.77024459838867,39.526145935058594,86.42813873291016,41.71752166748047,70.77167510986328,68.35391235351562,56.02619171142578,38.73637390136719,46.04806900024414,149.03582763671875,14.015528678894043,24.577709197998047,89.91320037841797,21.62358283996582,126.76807403564453,58.20149230957031,53.61322784423828,58.350669860839844,38.548980712890625,26.68453598022461,90.02771759033203,40.92265701293945,33.36546325683594,68.66867065429688,24.160398483276367,29.677486419677734,18.733539581298828,28.212650299072266,13.353245735168457,25.70244026184082,3.232142925262451,26.095624923706055,0.335834264755249,54.79001235961914,14.819869041442871,53.120121002197266,27.3546142578125,92.4775390625,43.98545455932617,55.38742446899414,51.821624755859375,24.955657958984375,85.43708801269531,10.619219779968262,6.517333030700684,50.64390182495117,58.14570617675781,28.043346405029297,19.309831619262695,53.05488967895508
2013-06-01,12.125228881835938,24.71735954284668,28.09442710876465,54.158023834228516,13.884499549865723,61.62428665161133,2.728811025619507,10.052779197692871,186.20913696289062,59.53059387207031,42.36355972290039,39.38911056518555,87.41246795654297,37.6275749206543,68.77932739257812,63.755653381347656,56.08836364746094,39.48534393310547,46.96831512451172,135.85623168945312,13.930611610412598,21.85477066040039,89.41194915771484,21.850683212280273,118.67140197753906,57.321022033691406,54.49420166015625,59.962520599365234,37.27790832519531,26.764602661132812,90.68126678466797,38.1447639465332,32.4067497253418,70.94813537597656,24.686277389526367,29.51862907409668,17.6702823638916,28.117427825927734,14.514543533325195,22.45589828491211,3.015571117401123,27.040773391723633,0.32750973105430603,55.48191452026367,15.371455192565918,53.27928924560547,25.603378295898438,93.40957641601562,43.3185920715332,52.01694107055664,50.84947967529297,25.355106353759766,81.58705139160156,10.74365520477295,7.157332897186279,52.948482513427734,58.272727966308594,28.766008377075195,19.334802627563477,53.35105514526367
2013-07-01,13.837621688842773,27.19269371032715,29.079429626464844,52.586769104003906,15.060999870300293,73.65601348876953,2.6934304237365723,11.421501159667969,205.70761108398438,59.83369064331055,44.27134704589844,42.227725982666016,92.82783508300781,43.11697006225586,73.1673812866211,65.58948516845703,57.420631408691406,41.532718658447266,51.8941535949707,131.90679931640625,13.799786567687988,23.39837074279785,94.7120132446289,22.033855438232422,128.69871520996094,58.765079498291016,56.994300842285156,65.29814147949219,39.3539924621582,26.92943000793457,95.11551666259766,41.24324035644531,35.32255554199219,70.2888412475586,36.51345443725586,30.892803192138672,19.68106460571289,25.919479370117188,15.42837905883789,22.726585388183594,3.4925711154937744,26.718042373657227,0.3368403911590576,57.06612014770508,16.040977478027344,55.569915771484375,26.224824905395508,97.79268646240234,49.205322265625,51.30118179321289,57.95967102050781,25.763042449951172,82.69267272949219,10.704197883605957,8.95199966430664,59.16756057739258,59.900672912597656,30.320354461669922,20.23029136657715,55.35873031616211
2013-08-01,14.898387908935547,25.71092414855957,26.852209091186523,51.62103271484375,14.048999786376953,69.2491226196289,2.827807903289795,11.046000480651855,189.91989135742188,59.9819221496582,42.96692657470703,43.62439727783203,88.44017791748047,48.419124603271484,69.99401092529297,66.03953552246094,54.027801513671875,38.37389373779297,56.090301513671875,127.7807388305664,13.754669189453125,25.290300369262695,89.93173217773438,21.019962310791016,119.36186981201172,55.38923263549805,54.65216064453125,60.34665298461914,35.94218063354492,25.652841567993164,92.9230728149414,39.91532516479492,36.453269958496094,67.62287139892578,40.96849822998047,30.328428268432617,18.665969848632812,27.189407348632812,14.315023422241211,24.06745147705078,4.055857181549072,26.675575256347656,0.3440718650817871,54.46350860595703,15.607458114624023,54.305870056152344,24.091829299926758,93.76969909667969,46.65580368041992,50.779850006103516,57.68174362182617,23.912981033325195,75.23759460449219,10.44078254699707,11.266667366027832,58.26604080200195,57.99323654174805,28.63357162475586,18.942861557006836,51.46736526489258
2013-09-01,14.674487113952637,26.990127563476562,27.491456985473633,55.06789016723633,15.631999969482422,72.2525863647461,3.1633853912353516,10.79566764831543,198.7212371826172,60.60689926147461,44.104896545410156,45.736515045166016,91.28588104248047,51.158905029296875,71.19927215576172,64.26303100585938,57.27853012084961,39.49919891357422,60.4582405090332,135.06919860839844,13.506021499633789,27.683752059936523,92.84651184082031,21.739988327026367,124.53865051269531,56.40049362182617,57.322120666503906,60.99836730957031,36.76729965209961,25.451274871826172,95.14716339111328,39.44196701049805,37.87734603881836,69.50570678710938,49.838890075683594,30.53366470336914,19.528261184692383,27.282617568969727,14.396573066711426,21.2872371673584,4.417285919189453,30.94806671142578,0.36479663848876953,54.3063850402832,15.895160675048828,52.70229721069336,25.718929290771484,98.60960388183594,50.50703811645508,53.813575744628906,63.21206283569336,23.930757522583008,77.15254974365234,10.437697410583496,12.891332626342773,58.16045379638672,58.9764404296875,28.998435974121094,19.313804626464844,51.15718078613281
2013-10-01,16.088836669921875,29.234786987304688,29.704715728759766,59.16428756713867,18.201499938964844,74.387939453125,3.3555948734283447,10.936331748962402,220.89027404785156,60.57780075073242,48.14350128173828,48.250038146972656,93.52897644042969,52.58792495727539,70.29682159423828,65.01004028320312,60.92005157470703,42.42703628540039,63.71543884277344,118.59471893310547,13.004776000976562,30.76344871520996,102.37340545654297,25.578882217407227,126.62464141845703,58.22224426269531,59.86928939819336,65.16386413574219,36.660614013671875,26.780139923095703,99.2157211303711,39.04230499267578,39.60374069213867,69.72969818115234,49.81904983520508,29.178144454956055,20.818063735961914,29.02876853942871,15.220928192138672,20.81468391418457,4.606856822967529,32.27731704711914,0.35612210631370544,57.85153579711914,16.97954750061035,56.29991149902344,27.517684936523438,103.37124633789062,49.7716064453125,55.53273010253906,67.04656982421875,23.773849487304688,80.44204711914062,11.172224044799805,10.662667274475098,55.648414611816406,57.48058319091797,29.959909439086914,20.042381286621094,53.2857551574707
2013-11-01,17.11597442626953,29.498098373413086,29.844228744506836,57.986202239990234,19.680999755859375,74.26510620117188,3.3038904666900635,12.384593963623047,222.3148956298828,61.90949249267578,49.210636138916016,48.37974166870117,99.41812133789062,51.3363037109375,71.7501220703125,66.91649627685547,62.65199279785156,41.38011169433594,58.99087142944336,118.19020080566406,12.262045860290527,29.31013298034668,104.409912109375,26.298906326293945,132.9850311279297,60.30025863647461,61.098026275634766,66.60633087158203,41.00067138671875,27.19972801208496,100.44889068603516,39.35578155517578,37.91713333129883,70.3437271118164,46.64396667480469,32.24543380737305,22.719524383544922,31.258590698242188,15.192191123962402,18.959232330322266,5.225714206695557,33.71736145019531,0.3657343089580536,58.106082916259766,17.55493927001953,59.17832565307617,26.126293182373047,94.53668212890625,51.931114196777344,54.06465530395508,63.25498580932617,23.900341033935547,77.9957504272461,11.060504913330078,8.485333442687988,60.7192268371582,61.52019119262695,30.893306732177734,21.154827117919922,55.580806732177734
2013-12-01,17.369165420532227,32.152626037597656,29.9630069732666,59.514739990234375,19.93950080871582,76.27820587158203,3.905874013900757,12.188880920410156,233.6659698486328,66.45391082763672,48.7619514465332,46.95094680786133,94.5768814086914,54.39144515991211,73.81216430664062,72.5484619140625,67.85670471191406,41.267005920410156,60.00624084472656,130.50933837890625,12.619633674621582,31.88712501525879,109.77531433105469,27.81589698791504,139.9924774169922,61.5485725402832,63.39392852783203,64.89608001708984,41.903526306152344,28.153575897216797,103.44819641113281,40.36212158203125,39.57021713256836,70.68115234375,54.22447204589844,32.38779830932617,22.76307487487793,30.900930404663086,15.495957374572754,17.584827423095703,5.259571075439453,33.50434112548828,0.3776150643825531,57.06039047241211,17.07755470275879,57.20383834838867,25.451257705688477,93.18701934814453,53.60264205932617,54.35078430175781,64.46398162841797,24.182701110839844,79.83765411376953,11.044800758361816,10.028667449951172,61.3877067565918,64.09393310546875,32.08760070800781,20.54898452758789,60.580318450927734
2014-01-01,15.49855899810791,29.972990036010742,31.290006637573242,60.53066635131836,17.934499740600586,72.19900512695312,4.054799556732178,13.121079444885254,221.85226440429688,68.72247314453125,45.78583908081055,43.16297149658203,89.28462219238281,59.654178619384766,65.96471405029297,68.66712951660156,65.28669738769531,42.229766845703125,59.076698303222656,136.20921325683594,13.361430168151855,27.38372802734375,99.21420288085938,29.31154441833496,129.61505126953125,57.7270393371582,63.29680633544922,62.68538284301758,39.66789627075195,25.775068283081055,99.70520782470703,42.7442626953125,36.96680450439453,68.5977783203125,62.08280563354492,34.5882568359375,21.42022705078125,31.256139755249023,16.63797950744629,16.632518768310547,5.847570896148682,31.134763717651367,0.3700721859931946,55.66267395019531,16.949312210083008,53.83807373046875,26.905595779418945,98.45503234863281,53.70624923706055,54.27968978881836,62.869449615478516,24.259166717529297,81.24382781982422,10.46679973602295,12.093999862670898,59.15032958984375,66.47451782226562,32.04518127441406,19.61534881591797,55.16881561279297
2014-02-01,16.292367935180664,31.241350173950195,32.181053161621094,60.97222900390625,18.104999542236328,83.3097152709961,4.5787177085876465,12.948744773864746,225.07884216308594,71.42550659179688,47.23032760620117,44.19304275512695,92.81279754638672,61.46755599975586,68.15113830566406,68.6431655883789,72.65965270996094,42.38523483276367,67.797119140625,139.71009826660156,14.011067390441895,27.80174446105957,100.55652618408203,30.172300338745117,131.4552001953125,61.61811447143555,65.52395629882812,65.27161407470703,40.98033142089844,26.034042358398438,104.22200775146484,47.17617416381836,40.10335922241211,69.31165313720703,67.92694854736328,37.21322250366211,22.393754959106445,31.644371032714844,16.540258407592773,17.910757064819336,6.366143226623535,33.46400833129883,0.43324393033981323,55.46181106567383,17.902711868286133,55.689640045166016,28.592403411865234,105.5835189819336,55.11933898925781,59.380069732666016,66.7678451538086,25.22487449645996,84.62810516357422,10.208046913146973,16.320667266845703,63.2338752746582,68.8170166015625,32.80851364135742,19.6205997467041,57.629146575927734
2014-03-01,16.7169246673584,31.542024612426758,32.818153381347656,61.27157974243164,16.818500518798828,81.74404907226562,4.779824256896973,13.47358226776123,232.1966094970703,73.19326782226562,48.7638053894043,47.251487731933594,88.98418426513672,56.263954162597656,70.89078521728516,72.53341674804688,71.99429321289062,43.05961227416992,70.21308898925781,135.94444274902344,15.626775741577148,28.185266494750977,103.1077651977539,27.66201400756836,129.8386993408203,59.439697265625,64.66870880126953,70.10167694091797,43.78592300415039,26.347551345825195,104.70165252685547,47.005157470703125,39.19757080078125,72.01791381835938,59.77095413208008,37.069576263427734,22.662769317626953,34.11193084716797,17.443822860717773,18.049367904663086,5.0289998054504395,31.663347244262695,0.4240715503692627,57.837650299072266,18.057619094848633,57.0631217956543,28.342506408691406,105.26490783691406,55.323490142822266,58.5500373840332,70.31011962890625,26.171924591064453,86.73104095458984,11.211907386779785,13.896666526794434,67.09648132324219,71.96086120605469,35.39216995239258,20.07500648498535,58.887325286865234
2014-04-01,18.37851905822754,31.95933723449707,34.8587646484375,62.50642776489258,15.206500053405762,81.22836303710938,4.732443809509277,11.866984367370605,223.6485137939453,77.63479614257812,50.590492248535156,49.91127395629883,92.17131042480469,50.90266418457031,74.83146667480469,74.9954833984375,71.33792877197266,45.03666687011719,70.1522445678711,138.1288604736328,16.311262130737305,29.293256759643555,107.09030151367188,26.524770736694336,126.64519500732422,60.0687255859375,64.7663345336914,72.28544616699219,40.37450408935547,28.019445419311523,104.88632202148438,47.19682312011719,36.80083084106445,74.47901153564453,59.31452560424805,38.5368766784668,22.4882755279541,33.62094497680664,18.215492248535156,19.238401412963867,4.600571155548096,31.27321434020996,0.43733108043670654,59.914058685302734,17.58538055419922,58.44367218017578,28.433258056640625,110.57316589355469,56.02901077270508,59.35493850708008,73.23069763183594,27.297677993774414,91.596435546875,11.41331672668457,13.859333038330078,61.63084030151367,73.0230712890625,35.321014404296875,21.07159996032715,61.73886489868164
2014-05-01,19.71497344970703,33.63844680786133,34.56077194213867,67.3463363647461,15.6274995803833,82.92176055908203,5.266801357269287,11.866984367370605,226.54641723632812,75.74321746826172,51.69440841674805,53.69272232055664,92.44219207763672,51.86848831176758,73.2039566040039,73.251953125,75.53692626953125,42.9749870300293,75.83193969726562,146.1748504638672,17.149404525756836,29.296812057495117,106.69206237792969,28.348201751708984,126.63724517822266,60.6126708984375,64.94062805175781,72.4067611694336,40.33141326904297,28.10188102722168,106.24411010742188,47.803749084472656,37.8843994140625,74.51575469970703,62.80712127685547,38.076229095458984,22.5109920501709,34.070343017578125,17.76124382019043,17.735279083251953,5.968999862670898,32.970855712890625,0.44988036155700684,61.61611557006836,16.65776824951172,57.65461730957031,29.04909896850586,108.60122680664062,55.02994155883789,60.771663665771484,75.02628326416016,26.076627731323242,93.57801818847656,11.537784576416016,13.851332664489746,65.40061950683594,76.41291046142578,36.13216018676758,20.294403076171875,60.6054801940918
2014-06-01,20.373476028442383,34.94483184814453,36.47354507446289,67.60932159423828,16.23900032043457,88.90055847167969,5.3711395263671875,12.047260284423828,237.46868896484375,80.51468658447266,51.52812194824219,58.09202194213867,92.03793334960938,57.23963165283203,78.49461364746094,72.7537841796875,77.09243774414062,45.34847640991211,83.75911712646484,154.51512145996094,17.13552474975586,31.404796600341797,104.66094970703125,28.993864059448242,133.13613891601562,61.16415786743164,65.1200942993164,75.18223571777344,41.81924057006836,29.097909927368164,106.72615051269531,50.06132507324219,38.61665725708008,74.60537719726562,66.76605987548828,38.069637298583984,23.583288192749023,34.94760513305664,18.835538864135742,19.711036682128906,6.294285774230957,33.350154876708984,0.4410104751586914,62.32063293457031,16.83460235595703,56.08461380004883,28.75516700744629,107.95231628417969,54.93832778930664,61.62404251098633,85.05723571777344,27.342857360839844,94.1780776977539,11.50200366973877,16.003999710083008,67.14178466796875,76.50106811523438,37.66727828979492,19.967863082885742,61.10798263549805
2014-07-01,20.958837509155273,32.40632629394531,34.00142288208008,71.19723510742188,15.649499893188477,91.75056457519531,5.191904544830322,11.960893630981445,227.835205078125,74.64665985107422,47.915565490722656,55.9033088684082,93.9400863647461,53.46504211425781,77.70693969726562,68.83812713623047,77.21829986572266,44.089298248291016,78.44087982177734,157.7732391357422,14.599018096923828,32.024288177490234,100.9869155883789,28.739965438842773,137.45364379882812,61.43827819824219,64.33546447753906,71.92686462402344,41.85554122924805,27.192033767700195,103.45311737060547,49.16751480102539,38.503997802734375,70.02864074707031,72.08432006835938,37.62065124511719,23.59058952331543,36.17121887207031,17.25672149658203,19.32169532775879,6.0388569831848145,33.16953659057617,0.41627198457717896,61.91535949707031,16.27873992919922,55.17829895019531,28.78435707092285,109.00545501708984,50.03693389892578,61.421512603759766,78.46491241455078,26.08356285095215,95.25988006591797,11.57681941986084,14.886667251586914,66.87971496582031,75.73394012451172,36.477638244628906,19.571537017822266,60.05192947387695
2014-08-01,22.471553802490234,34.48624801635742,35.119773864746094,74.37278747558594,16.95199966430664,92.62670135498047,6.14302921295166,12.619721412658691,247.1248016357422,81.32207489013672,49.17485427856445,55.50336456298828,97.06266021728516,58.23501205444336,77.83318328857422,68.01310729980469,80.81488037109375,45.22621154785156,78.84142303466797,160.52386474609375,15.698175430297852,31.547029495239258,104.31969451904297,28.87931251525879,142.41531372070312,71.05105590820312,66.71745300292969,74.54266357421875,43.449039459228516,28.87380599975586,106.20616912841797,51.18060302734375,42.458065032958984,69.40656280517578,74.2374267578125,39.85507583618164,25.1035213470459,38.07362747192383,18.09483528137207,21.012632369995117,6.823429107666016,33.780208587646484,0.4626566767692566,65.0006332397461,16.81717872619629,59.78403854370117,28.876052856445312,111.27306365966797,51.383628845214844,64.9597396850586,79.36976623535156,27.072643280029297,96.3019790649414,11.567477226257324,17.979999542236328,71.52540588378906,81.09562683105469,36.86461639404297,20.08223533630371,60.36754608154297
2014-09-01,22.197763442993164,36.03339385986328,34.48444366455078,70.62396240234375,16.121999740600586,90.51979064941406,6.510458946228027,13.37267017364502,246.90103149414062,73.83628845214844,49.5471076965332,52.29151153564453,100.46163940429688,56.69758605957031,72.35220336914062,66.31462097167969,80.05061340332031,46.217742919921875,71.04911041259766,156.27285766601562,16.170167922973633,28.32034683227539,102.8741455078125,29.17932891845703,146.41421508789062,69.71360778808594,65.54885864257812,77.11601257324219,44.02640914916992,29.524381637573242,104.14740753173828,52.63965606689453,42.78957748413086,70.81983184814453,78.42456817626953,39.304752349853516,25.293752670288086,39.095706939697266,17.385202407836914,17.878965377807617,6.445428848266602,38.476043701171875,0.4408110976219177,65.42227172851562,16.920177459716797,60.237220764160156,26.59079933166504,105.3403549194336,50.535274505615234,65.3926010131836,73.88294982910156,26.61532974243164,93.85462188720703,11.660123825073242,16.178667068481445,71.17058563232422,83.9197769165039,37.43275451660156,20.47425079345703,57.48155212402344
2014-10-01,23.795124053955078,39.58931350708008,38.53328323364258,73.82023620605469,15.27299976348877,94.17301940917969,6.477912902832031,13.500438690185547,256.519287109375,75.61080169677734,50.80819320678711,49.30518341064453,106.91481018066406,63.06412124633789,72.73421478271484,69.68889617919922,82.16358184814453,50.7795524597168,68.20055389404297,153.63987731933594,17.35601806640625,24.72066879272461,104.51231384277344,28.160749435424805,151.53468322753906,74.48026275634766,67.66059875488281,77.97696685791016,44.20181655883789,29.195690155029297,102.21980285644531,53.84096908569336,46.25027847290039,70.01311492919922,74.40609741210938,38.696529388427734,25.57179832458496,39.5932502746582,18.559276580810547,14.56578254699707,5.611000061035156,40.10221481323242,0.4668534994125366,68.0689697265625,17.137615203857422,62.776485443115234,29.62759017944336,118.04896545410156,51.205265045166016,68.54889678955078,71.6814956665039,28.267744064331055,102.29707336425781,11.527777671813965,16.113332748413086,78.73240661621094,90.13519287109375,38.31317901611328,20.420700073242188,59.107303619384766
2014-11-01,26.203269958496094,43.49224090576172,38.011505126953125,79.50627136230469,16.93199920654297,100.5859603881836,7.014922618865967,13.406028747558594,270.0331115722656,75.57826232910156,53.16409683227539,45.59690475463867,113.92919158935547,59.003726959228516,66.01563262939453,70.56877136230469,83.17962646484375,50.00690460205078,62.348514556884766,173.6338348388672,17.15679931640625,23.52593994140625,107.26583862304688,27.228954315185547,150.27456665039062,75.91613006591797,69.73717498779297,78.3169937133789,44.26419448852539,31.252227783203125,104.15890502929688,55.2939453125,51.838157653808594,72.31378173828125,77.0949935913086,40.339481353759766,25.81520652770996,40.31850051879883,19.331499099731445,14.286267280578613,4.9512858390808105,42.828330993652344,0.5010191798210144,70.85059356689453,17.824270248413086,65.54850769042969,30.075746536254883,120.15583038330078,52.67919158935547,73.1176528930664,62.447025299072266,29.250986099243164,103.20467376708984,11.911786079406738,16.301332473754883,81.73220825195312,90.38287353515625,39.316280364990234,23.438154220581055,55.336326599121094
2014-12-01,24.42494773864746,41.129085540771484,40.464256286621094,74.84233856201172,15.517499923706055,100.86569213867188,7.554937362670898,14.074756622314453,268.88995361328125,68.76421356201172,52.858524322509766,47.66038513183594,113.92768859863281,58.45183181762695,68.65354919433594,72.075927734375,84.69019317626953,52.14023971557617,66.19497680664062,173.2975616455078,17.734851837158203,20.468006134033203,102.32567596435547,26.315502166748047,155.09112548828125,80.170166015625,70.71495056152344,76.14730834960938,46.04476547241211,29.636180877685547,105.11626434326172,56.40751266479492,55.87443542480469,70.60945892333984,77.41250610351562,37.92845916748047,28.471572875976562,39.418678283691406,19.82258415222168,14.67448616027832,4.880143165588379,41.4738883972168,0.481065958738327,66.92938232421875,17.97865104675293,66.02689361572266,30.6092529296875,118.37556457519531,55.33523941040039,78.72856903076172,62.0546989440918,30.28707504272461,104.70616149902344,11.309128761291504,14.827333450317383,83.77074432373047,92.58499145507812,39.82329177856445,22.99370765686035,56.911624908447266
2015-01-01,25.925233840942383,37.930015563964844,41.85704803466797,73.68395233154297,17.726499557495117,102.36211395263672,7.754815101623535,11.95394515991211,257.45184326171875,60.07945251464844,51.582706451416016,43.46439743041992,114.92431640625,55.633216857910156,62.7477912902832,69.8682861328125,82.82544708251953,54.387115478515625,64.00932312011719,165.75360107421875,17.2374324798584,14.728902816772461,97.64840698242188,26.657176971435547,137.95208740234375,80.13096618652344,69.18627166748047,72.92143249511719,40.01140213012695,28.89912223815918,98.33621978759766,58.8685302734375,55.029815673828125,69.65997314453125,75.31893920898438,40.56367492675781,24.809892654418945,34.28449249267578,20.372745513916016,19.552642822265625,6.311429023742676,39.90605926513672,0.46067139506340027,66.81324005126953,18.03635597229004,61.097900390625,32.36304473876953,129.592529296875,55.22938919067383,81.19186401367188,60.140403747558594,31.280000686645508,114.22174835205078,11.083552360534668,13.573332786560059,88.37872314453125,91.09281921386719,37.71662902832031,22.87984848022461,53.81517791748047
2015-02-01,28.425701141357422,38.309757232666016,38.37173080444336,75.3484115600586,19.007999420166016,109.76456451416016,9.619648933410645,12.474711418151855,280.8222351074219,62.79137420654297,54.38771438598633,44.996482849121094,118.11508178710938,68.37612915039062,65.2875747680664,74.30528259277344,94.77212524414062,49.02581024169922,64.63307189941406,171.34844970703125,16.22347068786621,19.212848663330078,106.23199462890625,27.90089988708496,151.85848999023438,88.05813598632812,72.73902893066406,74.6472396850586,45.37831115722656,30.394268035888672,104.29720306396484,57.372283935546875,60.379886627197266,74.52801513671875,78.35511016845703,39.392791748046875,26.33881950378418,37.21224594116211,19.294795989990234,20.470020294189453,6.78442907333374,42.012752532958984,0.5292924642562866,70.51799011230469,19.808246612548828,62.145660400390625,30.62084197998047,127.25677490234375,58.660179138183594,85.36116027832031,61.432430267333984,28.23956871032715,109.44956970214844,11.855274200439453,13.555999755859375,94.51737976074219,93.4632339477539,39.80148696899414,22.597143173217773,54.50464630126953
2015-03-01,27.642601013183594,37.06864929199219,37.806270599365234,71.55587005615234,18.604999542236328,106.34806823730469,9.57140827178955,12.14331340789795,276.603271484375,60.6175422668457,53.251129150390625,43.43460464477539,126.09998321533203,65.84330749511719,64.87837982177734,71.91869354248047,95.50969696044922,48.37797927856445,66.05223846435547,177.975341796875,16.218854904174805,16.83234214782715,102.34103393554688,27.507648468017578,150.8744659423828,87.18331146240234,74.19001007080078,73.76918029785156,44.85995864868164,28.463916778564453,98.45851135253906,59.824283599853516,60.62437057495117,74.06591796875,81.5798110961914,38.67949676513672,26.26522445678711,34.75067901611328,19.54671859741211,16.87824249267578,5.952713966369629,43.52722930908203,0.5041133761405945,68.12415313720703,20.256650924682617,59.81690979003906,31.230257034301758,127.2051010131836,56.69775390625,85.35037994384766,61.26237106323242,27.61063003540039,113.29983520507812,11.200078964233398,12.584667205810547,98.39356994628906,84.55500793457031,39.778663635253906,22.144826889038086,52.71931457519531
2015-04-01,27.80256462097168,40.943946838378906,38.22298049926758,71.84468841552734,21.089000701904297,101.36711120605469,8.836106300354004,12.608694076538086,276.7816162109375,65.80597686767578,51.669090270996094,47.383201599121094,119.06678009033203,71.76634979248047,68.63587188720703,74.74930572509766,98.9971694946289,48.875728607177734,71.2822036743164,197.02996826171875,16.416706085205078,20.669572830200195,111.70480346679688,27.213579177856445,157.65684509277344,82.5179443359375,71.77889251708984,72.74258422851562,46.8444938659668,28.707189559936523,99.98287963867188,59.18197250366211,56.11769485473633,73.389404296875,78.15667724609375,40.403480529785156,27.457429885864258,41.57090377807617,18.96059799194336,20.617406845092773,7.949999809265137,42.88079833984375,0.5347021818161011,68.22205352783203,19.755910873413086,58.04301834106445,29.06781578063965,122.169677734375,55.02874755859375,83.40034484863281,69.46348571777344,27.623106002807617,105.10521697998047,11.882716178894043,15.069999694824219,92.97250366210938,82.93119812011719,40.290531158447266,21.140241622924805,54.18925094604492
2015-05-01,28.94220542907715,42.51578903198242,37.83316421508789,70.82936096191406,21.46150016784668,103.72054290771484,11.194067001342773,13.059858322143555,278.1808776855469,65.15994262695312,51.579097747802734,44.42523956298828,119.00859069824219,71.69734954833984,63.654727935791016,77.3587417602539,100.49961853027344,47.71638488769531,64.00462341308594,206.37612915039062,16.32501792907715,17.501934051513672,112.4885482788086,27.042495727539062,165.49871826171875,85.94266510009766,74.11174011230469,73.43187713623047,49.03434371948242,28.990285873413086,100.74549865722656,64.97087860107422,57.21181869506836,72.9181137084961,78.57340240478516,41.305728912353516,28.226680755615234,40.04960632324219,19.225479125976562,21.20113754272461,8.915143013000488,44.108577728271484,0.5330162644386292,69.1615982055664,20.233360290527344,57.68568420410156,28.626739501953125,125.82998657226562,56.68324661254883,86.45435333251953,66.64409637451172,27.242740631103516,105.05309295654297,12.075013160705566,16.719999313354492,100.3251724243164,78.77799987792969,40.91938400268555,20.11640739440918,52.84336471557617
2015-06-01,27.981151580810547,42.898868560791016,35.942527770996094,71.21100616455078,21.704500198364258,96.70268249511719,10.049485206604004,13.471440315246582,263.12274169921875,64.77813720703125,50.51336669921875,43.327327728271484,112.72386169433594,68.62250518798828,60.21321487426758,80.14161682128906,103.93246459960938,44.96514892578125,63.18190002441406,196.7841033935547,15.303028106689453,16.58453369140625,109.6010513305664,26.78066062927246,168.1082763671875,85.71900939941406,72.87924194335938,71.98779296875,50.510284423828125,27.76584815979004,98.0312728881836,69.22601318359375,54.75099563598633,72.89244079589844,85.10215759277344,38.619380950927734,28.662635803222656,37.978694915771484,18.557235717773438,18.18130111694336,9.384857177734375,46.99140548706055,0.48660534620285034,66.94538116455078,19.684551239013672,57.5753173828125,26.826276779174805,119.86820220947266,53.958763122558594,82.69828033447266,63.281436920166016,26.457767486572266,101.02166748046875,12.417616844177246,17.884000778198242,101.8190689086914,74.85311889648438,41.402767181396484,19.333005905151367,52.029685974121094
2015-07-01,27.059825897216797,44.69936752319336,38.38528823852539,72.94465637207031,26.8075008392334,101.29443359375,9.487287521362305,14.194580078125,257.343994140625,60.050716400146484,52.52895736694336,35.51697540283203,121.27043151855469,72.23941040039062,55.226139068603516,78.5953598022461,109.26840209960938,47.25734329223633,55.705467224121094,216.08282470703125,15.62934398651123,10.465532302856445,108.57807922363281,32.60551834106445,165.1131591796875,90.7493667602539,75.08058166503906,74.0190658569336,51.084293365478516,29.315093994140625,94.14440155029297,70.07173919677734,56.704933166503906,76.56507110595703,93.27801513671875,40.30071258544922,28.6995792388916,40.17224884033203,19.914527893066406,13.376501083374023,11.430999755859375,50.12358474731445,0.48273366689682007,69.61376190185547,21.169845581054688,56.442047119140625,29.6323184967041,134.62010192871094,48.7929573059082,83.52218627929688,61.14398193359375,28.244768142700195,109.31265258789062,12.14493179321289,17.74333381652832,101.74748229980469,76.59554290771484,42.60273361206055,19.619197845458984,49.53453063964844
2015-08-01,25.15470314025879,40.14268493652344,36.83821487426758,70.7051773071289,25.644500732421875,99.17626190185547,9.550213813781738,12.972005844116211,231.44281005859375,58.91724395751953,48.778892517089844,35.143192291259766,116.88864135742188,68.3564224243164,50.5511360168457,67.96583557128906,93.30841827392578,45.14980697631836,56.625335693359375,209.00177001953125,14.981573104858398,9.568906784057617,103.2531509399414,32.125484466552734,151.85226440429688,90.30736541748047,70.94953155517578,69.41732788085938,48.094322204589844,28.05914306640625,87.22418212890625,68.28077697753906,56.78506088256836,72.8541030883789,88.7336654663086,36.80787658691406,25.553390502929688,37.436744689941406,18.62917137145996,13.298598289489746,11.503000259399414,48.61404037475586,0.5439525842666626,67.14276123046875,18.915481567382812,52.43053436279297,27.72784996032715,132.0546875,44.561100006103516,76.92181396484375,57.12037658691406,27.41126251220703,104.7000732421875,11.812043190002441,16.604000091552734,96.9701919555664,67.2948226928711,39.26048278808594,17.64310073852539,47.05186462402344
2015-09-01,24.717302322387695,34.997032165527344,38.946434020996094,67.476318359375,25.594499588012695,90.68234252929688,9.477429389953613,12.368657112121582,229.22250366210938,50.37717819213867,49.28369140625,34.292320251464844,120.99286651611328,68.4253921508789,49.854515075683594,61.50001907348633,93.60149383544922,46.31311798095703,52.64110565185547,213.14161682128906,14.606407165527344,8.71453857421875,104.91719818115234,31.656858444213867,140.38604736328125,89.55518341064453,68.00764465332031,69.47943115234375,45.745880126953125,28.630023956298828,84.01565551757812,69.80968475341797,56.579795837402344,76.21087646484375,89.19999694824219,33.75934982299805,23.365222930908203,38.32438278198242,18.608932495117188,12.519536972045898,10.326000213623047,53.49503707885742,0.5989701747894287,68.13257598876953,18.584060668945312,53.37274932861328,28.384559631347656,138.85203552246094,43.56943893432617,67.15575408935547,51.255802154541016,28.55881690979004,108.14205932617188,11.591456413269043,16.559999465942383,97.23001098632812,69.84724426269531,38.04962158203125,17.793760299682617,46.930328369140625
2015-10-01,26.77894401550293,38.30311584472656,38.80258560180664,78.80594635009766,31.295000076293945,99.4283447265625,9.36417007446289,13.364202499389648,271.21875,56.25810623168945,51.528106689453125,38.146270751953125,132.33303833007812,76.58557891845703,57.43887710571289,65.34149169921875,104.17057800292969,46.01052474975586,62.07744598388672,231.2906951904297,13.73100471496582,10.585148811340332,121.3862075805664,36.56726837158203,151.48696899414062,96.36320495605469,74.17706298828125,75.19561004638672,48.20686721801758,30.483203887939453,92.26951599121094,68.0412826538086,60.61066818237305,86.82299041748047,101.17603302001953,37.68319320678711,24.455598831176758,45.580562591552734,19.58373260498047,15.184736251831055,10.838000297546387,57.14588165283203,0.6893624067306519,74.40593719482422,20.009958267211914,56.66681671142578,31.513235092163086,151.83966064453125,48.18147277832031,80.43437194824219,58.08543014526367,28.81437873840332,118.58423614501953,11.922337532043457,13.795332908630371,99.14049530029297,70.5898666381836,40.11697769165039,15.7081298828125,52.22616958618164
2015-11-01,26.51003646850586,37.74781799316406,38.36423110961914,76.60897827148438,33.2400016784668,97.9331283569336,9.920863151550293,13.881888389587402,280.27294921875,56.621856689453125,51.29846954345703,39.1694221496582,135.09490966796875,78.53695678710938,57.716976165771484,66.65670776367188,103.9233169555664,43.622135162353516,60.446651458740234,240.43911743164062,13.431009292602539,7.385080814361572,125.66749572753906,37.829837799072266,153.52293395996094,104.3440933227539,74.65828704833984,75.35189819335938,50.39109420776367,30.67755699157715,93.68978881835938,68.4333267211914,63.12754821777344,88.30034637451172,103.42835235595703,36.545650482177734,25.561092376708984,47.06124496459961,19.049598693847656,14.3654203414917,12.333000183105469,57.6910400390625,0.770764172077179,72.9278335571289,19.388715744018555,56.0233154296875,31.527997970581055,158.85397338867188,47.02602005004883,83.21971893310547,57.33485794067383,28.45659637451172,109.62540435791016,12.207315444946289,15.350666999816895,94.87285614013672,66.3236312866211,40.82832336425781,16.147205352783203,51.54446792602539
2015-12-01,23.688846588134766,38.455406188964844,40.31182098388672,74.73577117919922,33.794498443603516,93.08261108398438,11.038814544677734,13.404025077819824,262.39569091796875,52.96656036376953,52.03263473510742,33.83571243286133,135.51116943359375,77.26561737060547,57.55180358886719,63.89221954345703,96.23918151855469,46.52371597290039,51.28873062133789,245.22364807128906,13.80578899383545,6.1121015548706055,130.7461700439453,38.58161926269531,146.1119842529297,103.07366943359375,74.81771850585938,77.01703643798828,49.899879455566406,31.159420013427734,85.05174255371094,70.73077392578125,62.666053771972656,92.09522247314453,103.8450927734375,36.4146842956543,23.70549201965332,48.36349868774414,19.971410751342773,14.037692070007324,11.437999725341797,54.51602554321289,0.8039358854293823,72.75311279296875,19.252952575683594,59.444313049316406,31.65335464477539,163.90953063964844,47.33981704711914,78.4521255493164,52.17278289794922,30.259010314941406,115.40607452392578,12.475606918334961,16.000667572021484,99.02261352539062,62.18425750732422,40.55685806274414,16.822294235229492,49.63161849975586
2016-01-01,21.90644645690918,35.638092041015625,42.17973709106445,73.10618591308594,29.350000381469727,91.20484161376953,10.200118064880371,11.293315887451172,243.62057495117188,48.50850296020508,52.743377685546875,28.32084846496582,126.80152893066406,67.07523345947266,55.319087982177734,65.012451171875,88.3208236694336,49.07180404663086,51.45536422729492,253.26986694335938,14.700658798217773,4.152979850769043,123.05525970458984,37.75545120239258,130.97621154785156,98.4493408203125,74.55045318603516,78.30665588378906,44.965057373046875,31.13041877746582,83.60000610351562,66.39928436279297,59.056392669677734,96.49188232421875,111.3362808227539,35.234310150146484,19.286327362060547,48.02352523803711,21.474685668945312,15.59500789642334,9.184000015258789,54.2197265625,0.7144197821617126,72.80813598632812,18.18533706665039,61.15105056762695,29.388959884643555,168.97975158691406,43.21046447753906,77.26448822021484,54.05774688720703,31.6364688873291,110.56282806396484,13.073821067810059,12.74666690826416,97.35381317138672,57.25404357910156,37.475563049316406,18.363418579101562,49.56793975830078
2016-02-01,21.760160446166992,35.822166442871094,42.719337463378906,71.44786071777344,27.625999450683594,95.3508071899414,10.219950675964355,9.999454498291016,241.8375701904297,53.42454147338867,51.58107376098633,24.51622200012207,125.88695526123047,66.76970672607422,53.38066101074219,67.68859100341797,88.0442886352539,48.40708923339844,47.030948638916016,247.65919494628906,15.655180931091309,6.8885297775268555,123.22442626953125,35.56703186035156,121.22356414794922,97.16548156738281,73.21401977539062,78.88397979736328,42.83218765258789,31.282726287841797,85.09639739990234,60.43927764892578,55.8765754699707,91.35468292236328,106.08747863769531,34.91444396972656,18.515933990478516,44.353553771972656,21.68807029724121,20.181310653686523,9.340999603271484,53.85249710083008,0.7649096846580505,71.72298431396484,17.69626235961914,60.626895904541016,28.63692855834961,166.2673797607422,47.610843658447266,81.74616241455078,53.6463508605957,31.15791130065918,112.61056518554688,13.64724349975586,12.795332908630371,100.6845703125,62.709083557128906,35.00603103637695,18.357894897460938,51.03237533569336
2016-03-01,24.661378860473633,37.46864318847656,46.34931182861328,79.32880401611328,29.68199920654297,103.68601989746094,11.786089897155762,10.798137664794922,264.01654052734375,60.40052795410156,55.518028259277344,29.410552978515625,132.58047485351562,72.76173400878906,61.80616760253906,64.99555969238281,91.53768157958984,53.13322448730469,52.726402282714844,269.694091796875,18.002437591552734,9.335174560546875,135.50669860839844,37.832313537597656,127.81620025634766,104.45368957519531,81.40412139892578,81.71375274658203,45.05368423461914,33.64724349975586,95.68016052246094,60.86865234375,62.67808532714844,98.71522521972656,113.2115707397461,36.79195022583008,18.748313903808594,48.491249084472656,22.920949935913086,20.767295837402344,10.222999572753906,53.74757385253906,0.8722268342971802,75.13976287841797,17.856094360351562,62.15219497680664,32.89599609375,183.8211212158203,49.69342041015625,86.30755615234375,55.56845474243164,33.82695007324219,124.38257598876953,14.46718978881836,15.317999839782715,108.96928405761719,63.6951904296875,36.35962677001953,18.95284652709961,53.705711364746094
2016-04-01,21.210739135742188,40.01377487182617,44.325016021728516,81.27388000488281,32.97949981689453,105.63681030273438,11.155405044555664,11.673009872436523,278.1837463378906,61.33171081542969,55.730201721191406,34.902679443359375,124.62966918945312,74.7032470703125,66.19867706298828,71.5417251586914,95.17853546142578,51.881954193115234,60.020023345947266,270.9314270019531,17.615886688232422,12.63950252532959,131.07362365722656,35.1038703918457,133.62159729003906,105.39012145996094,83.0169448852539,84.64397430419922,48.08161544799805,32.74740219116211,98.90885925292969,63.844051361083984,62.90149688720703,99.35143280029297,116.66448211669922,38.46762466430664,20.285058975219727,43.78522491455078,22.77374267578125,27.348297119140625,9.003000259399414,51.66828536987305,0.8697787523269653,76.0311279296875,19.705562591552734,60.498531341552734,34.1505126953125,164.235595703125,51.813209533691406,87.1079330444336,60.53382110595703,32.76107406616211,120.47782135009766,14.33791732788086,16.05066680908203,111.77885437011719,69.84452819824219,37.577632904052734,18.64154815673828,56.79608917236328
2016-05-01,22.59552574157715,41.676448822021484,45.1836051940918,82.37138366699219,36.13949966430664,103.28357696533203,11.814399719238281,11.857407569885254,284.0545654296875,57.77823257446289,55.632205963134766,31.98134422302246,125.53829193115234,82.49878692626953,65.4342041015625,69.99370574951172,91.45472717285156,51.51974868774414,59.23308563232422,296.88861083984375,17.204227447509766,10.003264427185059,128.85708618164062,37.13557815551758,129.85174560546875,103.99691009521484,82.69727325439453,85.10462951660156,50.02406311035156,32.60121536254883,92.5091552734375,63.42140579223633,66.54324340820312,95.87189483642578,117.88489532470703,39.463680267333984,20.629762649536133,46.5333251953125,23.265708923339844,25.34623908996582,10.256999969482422,48.4072380065918,1.1437112092971802,74.70925903320312,20.904403686523438,61.69453430175781,35.744834899902344,170.2064208984375,49.93171310424805,88.25399780273438,57.489784240722656,32.329490661621094,118.36378479003906,14.698149681091309,14.881999969482422,113.46807861328125,67.41040802001953,38.13400650024414,19.73154640197754,57.19442367553711
2016-06-01,21.7632999420166,41.00094223022461,49.34922790527344,88.46863555908203,35.78099822998047,102.84911346435547,11.893998146057129,10.638795852661133,267.4101867675781,60.407752990722656,57.83662414550781,32.02544403076172,132.51686096191406,78.2610092163086,68.63343811035156,68.93045043945312,90.16429138183594,57.09090042114258,60.732826232910156,319.6119384765625,18.41986083984375,10.057433128356934,134.1853485107422,34.88814926147461,121.47264862060547,101.03033447265625,84.94638061523438,92.26102447509766,47.62517166137695,33.13482666015625,94.63958740234375,67.01039123535156,65.74604797363281,94.52092742919922,113.39017486572266,40.410648345947266,19.582063674926758,45.240840911865234,25.442665100097656,30.593801498413086,9.14799976348877,48.389713287353516,1.1537989377975464,78.23169708251953,21.40159797668457,64.45797729492188,36.88044357299805,171.4676055908203,51.24772644042969,89.29246520996094,59.969482421875,35.46406173706055,130.92495727539062,16.22240447998047,14.152000427246094,119.86004638671875,70.32705688476562,35.857730865478516,20.505041122436523,60.7331428527832
2016-07-01,23.72336769104004,43.86192321777344,48.79300308227539,90.59686279296875,37.94049835205078,108.87773895263672,12.43673038482666,11.656294822692871,287.7354431152344,65.94577026367188,58.808475494384766,29.983474731445312,141.10720825195312,80.6164321899414,67.09487915039062,66.59392547607422,88.44063568115234,56.957763671875,59.480628967285156,307.362548828125,18.885929107666016,11.70056438446045,133.7416534423828,39.2426643371582,129.8362274169922,109.37769317626953,84.95369720458984,95.250244140625,49.02772521972656,32.136749267578125,98.80440521240234,70.5332260131836,68.32868957519531,93.08732604980469,122.97496795654297,41.48306655883789,21.654850006103516,50.11239242553711,25.030977249145508,34.43449783325195,9.125,48.79482650756836,1.4014450311660767,81.035400390625,22.422748565673828,65.15838623046875,41.330780029296875,161.4864044189453,53.796382904052734,91.13505554199219,61.06147766113281,35.37808609008789,137.045654296875,16.252437591552734,15.652667045593262,122.11136627197266,75.00209045410156,36.34260940551758,20.49099349975586,57.629764556884766
2016-08-01,24.15363311767578,42.82396697998047,45.46269226074219,88.7265396118164,38.45800018310547,113.39546966552734,13.545427322387695,12.98361873626709,292.88916015625,65.92938995361328,59.04621505737305,30.332839965820312,136.7782745361328,78.27086639404297,65.85091400146484,72.45549774169922,87.69973754882812,53.011531829833984,64.55136108398438,303.88397216796875,17.22429084777832,9.29003620147705,134.17108154296875,39.16876983642578,138.5432586669922,106.1178970336914,85.23120880126953,90.770263671875,52.13589859008789,31.989437103271484,103.46741485595703,66.15946197509766,63.852203369140625,91.51277923583984,125.13798522949219,44.403709411621094,24.331275939941406,50.80201721191406,23.596893310546875,29.926706314086914,9.744999885559082,50.6762809753418,1.5055099725723267,79.42098999023438,21.152389526367188,66.9886474609375,40.284061431884766,151.36134338378906,53.18669509887695,86.2640609741211,59.90879440307617,33.94313430786133,130.06178283691406,15.575994491577148,14.133999824523926,116.01431274414062,77.00106811523438,38.48665237426758,20.061351776123047,56.45707702636719
2016-09-01,25.875211715698242,42.135841369628906,45.58545684814453,88.68741607666016,41.865501403808594,109.54811096191406,13.245987892150879,12.648035049438477,286.5028991699219,71.41610717773438,58.887351989746094,32.12102508544922,129.04022216796875,70.29792022705078,68.09294891357422,73.14105224609375,86.21422576904297,53.80738830566406,70.54767608642578,298.38519287109375,17.016908645629883,9.804642677307129,127.21343994140625,39.87344741821289,132.363037109375,102.33577728271484,85.58167266845703,90.4493408203125,51.43301773071289,31.171829223632812,102.4415512084961,68.73045349121094,60.2242431640625,91.98477172851562,127.27124786376953,44.134979248046875,24.331275939941406,51.24319076538086,24.034101486206055,30.748430252075195,9.854999542236328,46.28915023803711,1.6848328113555908,81.4962158203125,20.75824546813965,68.86071014404297,40.61021423339844,150.8206329345703,51.08183288574219,84.36356353759766,59.635780334472656,34.28638458251953,125.92056274414062,15.47312068939209,13.60200023651123,119.38258361816406,79.07035827636719,33.8164176940918,20.390947341918945,57.03001403808594
2016-10-01,25.987363815307617,37.265525817871094,46.032718658447266,92.1583023071289,39.49100112915039,105.09378051757812,13.113429069519043,13.334990501403809,269.729736328125,67.14415740966797,56.67927932739258,32.10624313354492,125.11430358886719,74.07249450683594,69.30370330810547,76.21971893310547,86.05640411376953,53.79393005371094,65.9592514038086,295.92523193359375,17.415634155273438,10.093545913696289,125.95547485351562,40.16305160522461,146.29122924804688,97.03130340576172,80.93840789794922,88.81078338623047,53.495304107666016,31.485918045043945,99.85195922851562,63.23268127441406,55.58713150024414,89.76009368896484,129.97006225585938,41.829994201660156,25.477251052856445,53.307159423828125,25.150136947631836,29.005552291870117,12.487000465393066,44.2403564453125,1.7497472763061523,80.31988525390625,19.434425354003906,66.59734344482422,39.888790130615234,145.6531524658203,51.383506774902344,74.66659545898438,59.702911376953125,34.46684265136719,113.11620330810547,14.017635345458984,13.182000160217285,121.07333374023438,71.49003601074219,35.137611389160156,19.79720115661621,54.44247817993164
2016-11-01,25.29613494873047,40.99381637573242,41.92214584350586,80.42521667480469,37.528499603271484,114.50881958007812,13.12960147857666,17.06878089904785,293.0872497558594,77.5573501586914,52.09374237060547,36.05997085571289,127.00958251953125,70.95821380615234,73.80923461914062,86.49166107177734,92.02621459960938,49.59234619140625,74.91664123535156,280.58563232421875,16.618200302124023,13.85831356048584,133.14059448242188,38.475990295410156,179.983154296875,102.90838623046875,84.08209991455078,85.21976470947266,62.37214279174805,29.96360206604004,102.61566925048828,57.47803497314453,59.12983322143555,95.10250091552734,117.49794006347656,43.589542388916016,31.577341079711914,53.60964584350586,22.44452476501465,25.403352737426758,11.699999809265137,44.14337158203125,2.2670986652374268,75.00019836425781,19.69795799255371,63.75592041015625,38.92522048950195,142.640869140625,54.15880584716797,81.92708587646484,64.14459991455078,31.292171478271484,109.27792358398438,14.956938743591309,12.626667022705078,135.62811279296875,82.15113067626953,40.41474914550781,19.913118362426758,57.04307556152344
2016-12-01,26.64531707763672,42.22092819213867,45.11896896362305,83.1068344116211,37.493499755859375,114.00149536132812,13.61323356628418,17.92706871032715,300.7940979003906,75.26863098144531,52.2614631652832,37.26396179199219,135.88766479492188,67.46944427490234,78.65113067626953,88.94316101074219,96.76123809814453,52.7747917175293,73.87893676757812,297.6353454589844,18.32318115234375,11.908212661743164,136.7764434814453,39.297706604003906,197.13880920410156,107.19644927978516,85.99715423583984,88.8231430053711,67.13348388671875,31.04816436767578,99.96284484863281,63.39682388305664,59.60756301879883,97.8108139038086,114.15416717529297,41.936859130859375,32.2568244934082,55.65563201904297,23.652097702026367,26.679779052734375,12.380000114440918,44.81343078613281,2.6285505294799805,78.97425842285156,20.104875564575195,65.00849151611328,40.370567321777344,152.31832885742188,55.4539680480957,82.20832061767578,64.06826782226562,33.260765075683594,109.05894470214844,16.466957092285156,14.246000289916992,137.64749145507812,84.557373046875,42.4378776550293,19.54273796081543,59.49940872192383
2017-01-01,27.917531967163086,41.20282745361328,45.90726089477539,81.83777618408203,41.17399978637695,111.4437026977539,15.451530456542969,18.365110397338867,297.4018859863281,77.63851165771484,51.57464599609375,36.23833465576172,139.14671325683594,77.95548248291016,74.40785217285156,92.94123840332031,103.52278900146484,53.40030288696289,74.22972869873047,320.5943603515625,18.5245304107666,15.03197956085205,129.52001953125,40.673336029052734,188.7987518310547,109.99462127685547,87.83065032958984,87.31204986572266,65.84199523925781,31.130537033081055,101.66676330566406,66.39643859863281,61.250328063964844,98.49381256103516,129.30531311035156,44.498291015625,32.44005584716797,57.90370178222656,24.495540618896484,28.452896118164062,14.071000099182129,46.806678771972656,2.68863844871521,78.33267974853516,19.6406307220459,67.73001861572266,37.66311264038086,147.87510681152344,55.47925567626953,92.93634033203125,64.2630844116211,33.423038482666016,112.8033218383789,16.323701858520508,16.795333862304688,139.4192657470703,86.9225082397461,43.377357482910156,19.00487518310547,55.3003044128418
2017-02-01,31.515647888183594,42.115726470947266,47.99263381958008,90.76480102539062,42.25199890136719,112.00981903076172,16.3367862701416,20.019912719726562,308.1217346191406,79.10103607177734,58.61991882324219,35.353946685791016,150.37518310546875,80.17293548583984,75.17632293701172,95.0596923828125,102.99884796142578,56.12676239013672,70.98922729492188,313.17449951171875,18.95305824279785,12.097809791564941,129.999755859375,41.90018844604492,204.22735595703125,115.85498809814453,92.41816711425781,94.21990966796875,70.892333984375,31.422590255737305,101.89850616455078,71.3785171508789,62.63699722290039,102.57595825195312,134.48460388183594,47.283470153808594,35.02705764770508,57.30362319946289,25.936922073364258,26.853010177612305,14.213000297546387,50.57598114013672,2.4990196228027344,83.3143310546875,21.12002182006836,70.97100067138672,39.35930633544922,156.44505310058594,56.93616485595703,94.38322448730469,61.691322326660156,34.3629150390625,113.19001007080078,16.430368423461914,16.666000366210938,142.24032592773438,88.03166198730469,44.57094955444336,20.198026657104492,53.60615158081055
2017-03-01,33.19342041015625,44.376792907714844,48.55543518066406,96.10205841064453,44.32699966430664,107.87934112548828,16.95872688293457,19.135726928710938,304.9804382324219,75.90953063964844,58.7885856628418,37.26152801513672,142.70419311523438,81.29642486572266,72.43505096435547,94.51271057128906,106.08628845214844,56.37726974487305,71.39912414550781,335.2062683105469,18.75179100036621,12.061697006225586,130.99269104003906,42.04252624511719,189.62242126464844,117.39002227783203,93.18973541259766,96.65936279296875,68.717529296875,31.78205680847168,101.80410766601562,72.9869384765625,69.2401123046875,104.91757202148438,140.9439239501953,45.610931396484375,32.856536865234375,59.34505081176758,25.611108779907227,25.849163055419922,14.781000137329102,49.310691833496094,2.685865640640259,84.43143463134766,21.391468048095703,70.02025604248047,39.999229431152344,150.56439208984375,57.10197830200195,95.14680480957031,60.323482513427734,34.054115295410156,106.62222290039062,16.336009979248047,18.553333282470703,141.06204223632812,86.87683868408203,43.15252685546875,20.525501251220703,54.55534744262695
2017-04-01,33.19111633300781,44.90800476074219,49.06175231933594,99.58113861083984,46.2495002746582,112.81730651855469,17.17957305908203,18.990644454956055,307.75762939453125,83.68376159667969,57.86488342285156,35.79707336425781,151.06956481933594,84.87390899658203,71.9830322265625,97.43998718261719,108.15394592285156,56.71411895751953,67.70289611816406,349.7156982421875,18.04821014404297,11.510978698730469,127.43211364746094,45.847084045410156,184.73574829101562,125.56084442138672,97.8689956665039,95.82122039794922,68.06035614013672,32.598960876464844,107.99705505371094,71.20802307128906,71.48887634277344,113.27146911621094,149.08010864257812,45.065223693847656,33.26304244995117,61.687843322753906,26.646560668945312,26.556005477905273,15.220000267028809,49.180320739746094,2.5717060565948486,86.09053039550781,21.210126876831055,68.05642700195312,42.32685089111328,145.3305206298828,60.55221939086914,102.65879821777344,56.067630767822266,34.067806243896484,102.42626190185547,15.581132888793945,20.937999725341797,150.9717559814453,91.8309326171875,41.74150848388672,21.56566047668457,54.31584930419922
2017-05-01,35.296043395996094,45.409812927246094,51.91878128051758,104.26165771484375,49.73099899291992,115.67587280273438,18.63214874267578,18.233943939208984,327.5,86.99459838867188,61.666526794433594,33.391170501708984,153.5459442138672,88.34297943115234,69.81072998046875,106.91243743896484,100.98733520507812,58.900184631347656,66.21283721923828,369.23175048828125,18.923782348632812,10.373422622680664,120.35502624511719,48.94993209838867,174.38458251953125,123.47754669189453,99.2496337890625,99.53081512451172,64.63546752929688,34.351680755615234,114.31371307373047,69.04732513427734,66.62220001220703,122.1434097290039,150.2806854248047,47.07520294189453,32.1578483581543,62.93134307861328,28.218704223632812,26.823060989379883,16.30699920654297,47.032386779785156,3.5592119693756104,88.81888580322266,20.416006088256836,69.1743392944336,43.20591354370117,149.4742889404297,61.717552185058594,101.7662353515625,53.750457763671875,34.621917724609375,95.60237884521484,15.389167785644531,22.733999252319336,151.23072814941406,90.46936798095703,39.64820861816406,22.546703338623047,53.55085372924805
2017-06-01,33.41395950317383,49.87374496459961,50.68508529663086,105.15972137451172,48.400001525878906,114.87290954589844,18.131877899169922,19.804033279418945,338.0395202636719,88.66960906982422,59.86561965942383,33.02957534790039,142.01226806640625,85.34695434570312,71.10014343261719,107.89897918701172,99.40619659423828,58.06064987182617,66.36680603027344,361.0024108886719,18.983125686645508,10.842888832092285,118.72856903076172,46.102962493896484,183.78402709960938,124.10210418701172,99.97716522216797,103.34695434570312,71.91336822509766,33.88327407836914,114.53839111328125,71.87748718261719,65.57339477539062,123.9809799194336,149.80442810058594,46.33772277832031,34.33047866821289,62.46739196777344,28.154821395874023,25.440670013427734,14.940999984741211,52.36669158935547,3.568143606185913,88.37291717529297,21.20708656311035,68.43618774414062,45.617462158203125,144.74050903320312,62.4796028137207,107.9248046875,51.2193717956543,33.139774322509766,101.3836441040039,15.0696439743042,24.107332229614258,160.07077026367188,89.82467651367188,43.26011657714844,21.8543758392334,54.21100616455078
2017-07-01,34.506717681884766,48.085426330566406,51.46575164794922,108.88059997558594,49.388999938964844,114.89582061767578,19.272489547729492,19.689754486083984,343.4345703125,94.02477264404297,58.306983947753906,34.0889892578125,140.75131225585938,89.4862060546875,74.41217803955078,112.54703521728516,102.84916687011719,59.123382568359375,69.75406646728516,379.14666748046875,20.17780303955078,13.199250221252441,113.52421569824219,46.887474060058594,186.6248779296875,121.02789306640625,102.09989166259766,103.68289184570312,72.22808074951172,34.916194915771484,113.12564086914062,72.1918716430664,65.4634780883789,126.37100982666016,167.93214416503906,46.5255012512207,36.13328170776367,65.88391876220703,29.352294921875,29.238306045532227,18.166000366210938,52.58971405029297,4.011198043823242,89.2299575805664,20.935606002807617,71.3181381225586,47.6727294921875,144.07423400878906,60.66830825805664,103.71495819091797,53.36647033691406,33.17437744140625,99.3404312133789,15.576887130737305,21.564666748046875,166.2710418701172,84.9173355102539,42.11243438720703,23.09898567199707,53.74764633178711
2017-08-01,38.049495697021484,52.2583122253418,53.7202033996582,118.24079132080078,49.029998779296875,117.49850463867188,19.6951847076416,19.50199317932129,337.3795471191406,97.64554595947266,58.17692947387695,33.004493713378906,139.17965698242188,94.10832977294922,73.34224700927734,101.71170806884766,95.38582611083984,60.63758087158203,62.42814636230469,394.01885986328125,19.93044662475586,13.343703269958496,108.82545471191406,47.370479583740234,185.30796813964844,121.2463150024414,103.71253204345703,103.4094467163086,71.90544891357422,34.69530487060547,114.32500457763672,70.99536895751953,62.843711853027344,130.30528259277344,170.6309814453125,46.510929107666016,35.24128723144531,67.75984191894531,30.2403564453125,30.158645629882812,17.47100067138672,47.032386779785156,4.1822509765625,88.55657958984375,21.415430068969727,73.02520751953125,49.67182922363281,143.91307067871094,61.256736755371094,104.3299560546875,49.40678405761719,33.40278244018555,98.30632019042969,15.220840454101562,23.726667404174805,172.41697692871094,86.8472900390625,39.87174987792969,22.544540405273438,51.256343841552734
2017-09-01,35.89767074584961,61.668975830078125,51.673927307128906,109.16011047363281,48.067501068115234,122.22684478759766,18.950580596923828,20.791475296020508,362.16448974609375,103.64606475830078,59.159549713134766,37.8349723815918,146.35015869140625,92.06829071044922,80.87995147705078,110.18694305419922,92.90692901611328,58.89310073852539,71.05895233154297,377.09625244140625,19.998998641967773,12.675614356994629,107.1853256225586,48.286903381347656,197.1186065673828,133.1042022705078,106.8322525024414,102.21185302734375,75.56047058105469,34.28400421142578,121.45188903808594,75.18362426757812,67.98925018310547,128.38262939453125,169.53955078125,46.63474655151367,37.30929946899414,67.86577606201172,29.637863159179688,29.505754470825195,18.135000228881836,46.336097717285156,4.416427135467529,85.8629150390625,22.759401321411133,72.00428009033203,49.75021743774414,149.97543334960938,59.754966735839844,110.38410186767578,54.268890380859375,34.41936492919922,102.05928802490234,15.915656089782715,22.739999771118164,169.77308654785156,96.20417022705078,43.3698844909668,22.706689834594727,55.583980560302734
2017-10-01,39.37282943725586,62.633636474609375,54.741695404052734,115.30751037597656,55.263999938964844,128.86277770996094,20.70458984375,22.473493576049805,381.3951110839844,112.8629379272461,57.21056365966797,38.666507720947266,143.49069213867188,100.85921478271484,79.77171325683594,117.15287780761719,92.19058227539062,61.973899841308594,73.35802459716797,391.6292724609375,21.347484588623047,12.62144660949707,90.25833129882812,51.228599548339844,201.51492309570312,134.9107666015625,108.65628814697266,109.60201263427734,79.5951919555664,35.30152130126953,127.76095581054688,72.01945495605469,67.99775695800781,136.76502990722656,178.657958984375,40.413719177246094,38.7266960144043,75.78296661376953,31.360925674438477,28.49956512451172,19.64299964904785,49.142181396484375,5.109140872955322,84.93824005126953,22.35138511657715,68.33203887939453,50.97177505493164,146.62586975097656,61.649356842041016,121.82518005371094,50.18305587768555,36.562705993652344,98.45893096923828,13.672752380371094,22.101999282836914,182.92138671875,96.05484771728516,44.14841842651367,25.37139320373535,56.512855529785156
2017-11-01,40.02735137939453,67.73188018798828,57.11058044433594,115.51619720458984,58.837501525878906,132.60226440429688,21.8052921295166,23.11349105834961,405.98822021484375,118.00902557373047,59.158260345458984,38.66812515258789,164.291015625,102.8105697631836,81.90557098388672,132.12318420410156,98.79783630371094,62.5844612121582,75.2885513305664,392.46563720703125,22.143835067749023,12.567276954650879,81.88614654541016,51.38380813598633,205.8031463623047,146.3364715576172,117.55013275146484,109.53913116455078,83.17184448242188,35.14027786254883,134.58087158203125,74.3926010131836,71.26988220214844,140.91116333007812,175.8004150390625,40.54575729370117,40.16999435424805,76.68492126464844,31.96156883239746,29.15373420715332,18.757999420166016,53.994747161865234,4.958442211151123,89.78502655029297,23.116405487060547,71.75442504882812,52.27408981323242,150.7787628173828,62.519287109375,123.14161682128906,49.28133010864258,35.862266540527344,102.52839660644531,15.028782844543457,20.59000015258789,198.54039001464844,104.939453125,44.40793228149414,28.254043579101562,56.47220230102539
2017-12-01,39.55878829956055,67.58509826660156,54.57176208496094,114.50495910644531,58.4734992980957,133.44813537597656,20.154632568359375,24.324377059936523,416.1299743652344,131.7454071044922,61.60786056518555,41.715675354003906,166.2884063720703,100.75082397460938,86.97997283935547,137.9861297607422,101.33331298828125,59.612159729003906,79.40178680419922,384.5318298339844,21.08709144592285,17.11749839782715,78.1253890991211,52.23824691772461,212.38565063476562,155.01974487304688,116.18182373046875,110.51840209960938,85.09757995605469,35.5135383605957,135.24542236328125,74.70320129394531,79.45089721679688,141.87481689453125,175.08599853515625,41.279354095458984,40.839359283447266,78.32449340820312,31.78746223449707,29.57145881652832,19.195999145507812,55.898231506347656,4.783644199371338,93.04595184326172,23.301908493041992,73.26145935058594,50.91651916503906,147.864013671875,66.06306457519531,126.69478607177734,52.84120178222656,34.064292907714844,110.13009643554688,16.061552047729492,20.75666618347168,192.47933959960938,111.8703384399414,48.04414367675781,28.69573974609375,57.234317779541016
2018-01-01,39.13802719116211,78.4241714477539,51.01869583129883,119.1337661743164,72.54450225830078,137.73208618164062,19.587745666503906,26.367891311645508,457.3665771484375,136.0928192138672,60.61985397338867,44.694820404052734,174.10609436035156,112.2618179321289,87.09114074707031,147.2804718017578,103.25061798095703,55.63612365722656,84.61869049072266,386.20318603515625,20.605527877807617,17.605024337768555,72.8945541381836,58.6264533996582,223.33163452148438,164.3195037841797,120.96212005615234,109.30817413330078,92.04446411132812,36.837162017822266,141.93048095703125,72.04090118408203,89.52974700927734,141.06704711914062,185.43479919433594,43.8351936340332,44.01498794555664,86.99568176269531,32.241310119628906,31.994998931884766,27.030000686645508,61.167755126953125,6.076587677001953,93.34081268310547,23.829444885253906,68.84407806396484,51.73544692993164,139.81788635253906,71.46949768066406,128.87930297851562,58.144859313964844,31.953426361083984,104.76268768310547,15.470810890197754,23.62066650390625,206.72796630859375,111.36978149414062,52.09072494506836,31.140134811401367,59.73883056640625
2018-02-01,41.63689041137695,81.52766418457031,48.64504623413086,112.38256072998047,75.62249755859375,131.53140258789062,19.463756561279297,26.450284957885742,447.2961730957031,129.87904357910156,56.6088752746582,41.27490234375,170.55911254882812,114.56796264648438,77.76017761230469,142.36875915527344,98.01541900634766,53.39651870727539,74.73485565185547,332.67498779296875,19.81897735595703,16.7924861907959,63.608062744140625,54.74354553222656,219.19667053222656,149.0816650390625,114.47726440429688,102.73499298095703,92.38797760009766,33.45454788208008,131.61231994628906,68.1226806640625,76.88140106201172,130.021728515625,176.9315185546875,40.113826751708984,43.79303741455078,85.86026763916016,30.965246200561523,30.170547485351562,29.13800048828125,60.100746154785156,5.982646465301514,85.1395492553711,23.359804153442383,63.086021423339844,48.2154426574707,138.87510681152344,69.7761001586914,124.08078002929688,51.8704719543457,30.50132179260254,98.43990325927734,15.259842872619629,22.87066650390625,197.4558563232422,108.6585464477539,46.254478454589844,26.293838500976562,51.8283805847168
2018-03-01,39.37973403930664,66.61998748779297,51.371944427490234,117.23017883300781,72.36699676513672,130.0916748046875,18.610057830810547,24.711654663085938,441.019287109375,123.78951263427734,58.83316421508789,45.302120208740234,168.8028106689453,114.61723327636719,80.02186584472656,137.45704650878906,95.43104553222656,55.561256408691406,77.5718765258789,356.8521423339844,21.06946563720703,15.862574577331543,61.270904541015625,51.43191909790039,210.55738830566406,145.7855224609375,110.00929260253906,102.01563262939453,87.96456909179688,33.61709976196289,126.82245635986328,68.9415283203125,75.30241394042969,129.71617126464844,158.5458221435547,40.29878234863281,42.18265914916992,83.9637451171875,33.4783935546875,30.857685089111328,29.53499984741211,59.57173538208008,5.728850841522217,84.68953704833984,23.043790817260742,63.696624755859375,50.050941467285156,143.12481689453125,65.518798828125,121.41959381103516,51.5521354675293,32.05186462402344,100.22499084472656,14.986597061157227,17.742000579833984,186.83921813964844,112.73858642578125,41.75065231323242,25.990028381347656,51.57721710205078
2018-04-01,38.78826904296875,67.95731353759766,52.413021087646484,109.98701477050781,78.30650329589844,133.68807983398438,18.38353729248047,24.74648666381836,426.8124084472656,121.25294494628906,53.539180755615234,50.047061920166016,176.6234588623047,119.2393798828125,87.78968811035156,120.24020385742188,95.32654571533203,57.49052810668945,87.0776596069336,359.11383056640625,21.43134117126465,13.731916427612305,63.952640533447266,50.51152420043945,199.2461395263672,152.01304626464844,110.13871765136719,100.69417572021484,87.01266479492188,33.7420654296875,134.7747802734375,72.23847961425781,70.7370834350586,138.8903350830078,170.66073608398438,43.9349365234375,40.3533821105957,86.03362274169922,33.59728240966797,31.143665313720703,31.246000289916992,61.50563430786133,5.563362121582031,78.8982162475586,23.771007537841797,58.12076187133789,51.970191955566406,145.5776824951172,62.56623458862305,113.84559631347656,54.56028366088867,33.09968566894531,101.51713562011719,13.746471405029297,19.593332290649414,207.07958984375,112.06767272949219,41.39216995239258,25.9951114654541,53.74787902832031
2018-05-01,43.86036682128906,70.36085510253906,50.89260482788086,112.19591522216797,81.48100280761719,132.96324157714844,20.198495864868164,24.01865005493164,437.2309875488281,128.23687744140625,52.08620834350586,51.49114227294922,177.59091186523438,127.45870971679688,87.2213134765625,132.83909606933594,94.5094223022461,55.33893966674805,86.95865631103516,338.68267822265625,22.354917526245117,15.300232887268066,63.998111724853516,54.549156188964844,188.83786010742188,153.45249938964844,112.5975570678711,95.22522735595703,86.03093719482422,33.578067779541016,138.0796356201172,75.77598571777344,81.93081665039062,132.7272186279297,190.28672790527344,44.4274787902832,39.38503646850586,90.92772674560547,33.98673629760742,30.858308792114258,35.15999984741211,64.57240295410156,6.2384352684021,78.35887145996094,23.329490661621094,59.331626892089844,51.52183151245117,152.83563232421875,64.99805450439453,117.43445587158203,54.6478157043457,32.224117279052734,104.03655242919922,13.84394359588623,18.98200035095215,211.5557861328125,119.72447204589844,43.009300231933594,24.25543975830078,56.16048812866211
2018-06-01,43.614810943603516,65.88773345947266,52.34888458251953,116.89875793457031,84.98999786376953,128.28424072265625,19.442859649658203,23.410888671875,408.430419921875,114.5276107788086,53.50619888305664,53.41459274291992,187.75819396972656,134.42640686035156,89.48954772949219,124.21171569824219,99.58311462402344,57.387725830078125,91.84506225585938,369.04443359375,23.2054386138916,15.626152038574219,61.86178970336914,55.99668502807617,185.05068969726562,161.38414001464844,110.21560668945312,97.31082916259766,83.77183532714844,34.2496337890625,139.74978637695312,76.55868530273438,82.41374206542969,129.9733123779297,192.8069305419922,45.30065155029297,37.232757568359375,91.10934448242188,34.23680877685547,29.891258239746094,39.143001556396484,71.65914154052734,5.863829612731934,85.87922668457031,23.786699295043945,63.29679870605469,52.59469985961914,163.67210388183594,65.4747314453125,126.48914337158203,53.342708587646484,33.6995849609375,111.92167663574219,13.753992080688477,22.863332748413086,214.9107666015625,119.4239730834961,44.49690628051758,25.327917098999023,57.77021408081055
2018-07-01,44.83530807495117,65.58906555175781,53.77762222290039,120.87059020996094,88.87200164794922,136.19696044921875,18.00884246826172,25.64484214782715,413.7046203613281,121.39069366455078,55.32250213623047,55.371028900146484,196.5001678466797,135.16554260253906,89.37627410888672,129.28536987304688,107.8967514038086,59.23100280761719,95.17401123046875,377.10540771484375,23.15096664428711,14.938096046447754,62.50257873535156,60.85801315307617,199.19564819335938,163.3859405517578,122.1514892578125,106.27686309814453,92.41429901123047,36.73699188232422,148.7814483642578,88.65303039550781,85.66472625732422,131.5084686279297,171.23623657226562,49.538963317871094,39.714935302734375,98.01113891601562,34.57669448852539,29.1807918548584,33.744998931884766,69.3612060546875,6.060858249664307,90.71469116210938,26.17978858947754,65.5834732055664,52.92646026611328,158.62159729003906,71.08325958251953,136.7803497314453,54.12444305419922,35.36601638793945,115.88059997558594,13.694026947021484,19.875999450683594,222.5980224609375,126.34427642822266,45.98175048828125,26.38657569885254,56.91828536987305
2018-08-01,53.633182525634766,68.95296478271484,54.2236213684082,121.58815002441406,100.635498046875,137.9557647705078,17.78633689880371,25.686368942260742,394.20269775390625,117.93074035644531,55.18033981323242,56.56907272338867,209.4558563232422,150.47084045410156,83.84823608398438,128.40139770507812,107.28910827636719,58.955230712890625,87.39703369140625,374.4012145996094,23.810087203979492,12.756653785705566,59.33847427368164,61.08513641357422,199.51449584960938,166.0742645263672,121.70005798339844,108.01712799072266,92.61742401123047,35.11404037475586,140.51185607910156,94.78993225097656,94.2264404296875,135.42352294921875,174.3616943359375,51.58460998535156,38.58275604248047,103.7857437133789,35.10501480102539,24.68593406677246,36.768001556396484,74.1319808959961,6.947486400604248,88.35612487792969,27.222259521484375,67.87242126464844,54.1846923828125,154.79859924316406,68.96760559082031,141.38902282714844,50.62944412231445,31.858518600463867,120.3656234741211,13.964046478271484,20.110666275024414,235.99502563476562,126.95964050292969,46.93685531616211,28.34716033935547,55.98255157470703
2018-09-01,53.37441635131836,67.9471664428711,54.05356979370117,118.473388671875,100.1500015258789,138.5863037109375,20.03571891784668,24.465579986572266,387.8418884277344,129.51573181152344,55.62901306152344,59.627498626708984,211.55194091796875,156.7289581298828,87.38189697265625,134.23211669921875,112.00132751464844,58.7357292175293,94.3012924194336,373.56292724609375,23.973825454711914,12.63862133026123,51.77212905883789,59.859256744384766,188.7527618408203,172.2300567626953,127.93831634521484,111.5464096069336,91.21095275878906,36.39033508300781,143.4901580810547,96.81136322021484,99.48579406738281,140.51919555664062,163.17945861816406,53.351985931396484,36.79703140258789,106.07722473144531,34.81564712524414,24.025632858276367,37.41299819946289,76.59284210205078,6.959705829620361,88.19046020507812,29.140178680419922,68.10151672363281,54.67670440673828,146.82492065429688,73.60565948486328,141.55172729492188,48.8338508605957,32.13343048095703,117.56303405761719,14.681049346923828,17.65133285522461,233.8677215576172,137.98350524902344,42.494083404541016,27.931812286376953,59.98166275024414
2018-10-01,51.74769973754883,55.92818832397461,55.94482421875,127.74406433105469,79.90049743652344,128.89157104492188,18.284778594970703,22.948265075683594,340.77423095703125,103.04185485839844,49.48033142089844,53.849639892578125,205.92263793945312,135.2542724609375,79.78565979003906,121.4869155883789,109.98043060302734,60.65149688720703,77.86858367919922,326.8340148925781,24.056190490722656,10.577579498291016,46.75663757324219,54.08201217651367,189.7039337158203,146.23135375976562,116.17339324951172,113.01571655273438,88.1231689453125,38.04265213012695,147.7217559814453,97.83082580566406,82.50337982177734,148.59136962890625,150.60812377929688,55.73772430419922,36.078006744384766,99.06539154052734,35.833534240722656,24.71520233154297,30.17799949645996,67.8414306640625,5.2213897705078125,89.38121795654297,28.47234344482422,72.5608901977539,52.370826721191406,151.04811096191406,65.39274597167969,122.35311126708984,41.458614349365234,33.18735122680664,122.0660400390625,13.41317367553711,22.488000869750977,230.52005004882812,123.90802764892578,43.035770416259766,29.826454162597656,56.21428298950195
2018-11-01,42.22381591796875,68.44894409179688,59.285057067871094,134.8605194091797,84.50849914550781,134.33616638183594,19.42363929748535,23.699296951293945,354.5155944824219,115.9642333984375,53.130149841308594,51.198341369628906,208.3094940185547,140.69436645507812,84.99512481689453,138.92420959472656,110.61255645751953,65.01155853271484,76.50533294677734,332.4778137207031,25.47287368774414,10.882010459899902,34.72026824951172,55.02769088745117,160.51217651367188,149.9228973388672,117.72156524658203,118.59424591064453,90.5066146850586,40.044891357421875,141.99041748046875,107.03289794921875,82.16775512695312,158.3433837890625,139.51516723632812,60.076499938964844,35.315574645996094,102.84955596923828,37.746734619140625,25.85025405883789,28.613000869750977,67.91374969482422,4.047487258911133,96.98475646972656,30.56842613220215,78.01451110839844,54.70220947265625,156.77481079101562,64.14501190185547,131.86846923828125,36.440921783447266,34.88246154785156,123.5093994140625,13.928327560424805,23.365333557128906,248.16954040527344,130.31443786621094,43.884681701660156,29.044204711914062,56.0872802734375
2018-12-01,37.42648696899414,66.93867492675781,57.510101318359375,129.69532775878906,75.09850311279297,133.65138244628906,20.803850173950195,20.561641693115234,325.3680114746094,108.6133804321289,49.784427642822266,48.23537063598633,183.913818359375,134.98817443847656,78.50165557861328,133.80242919921875,105.01919555664062,64.032958984375,64.58259582519531,306.0338439941406,24.95203971862793,9.396444320678711,35.04433059692383,51.81970977783203,141.18276977539062,143.71026611328125,106.57789611816406,104.84716033935547,79.46090698242188,37.919036865234375,139.30320739746094,104.92417907714844,80.41763305664062,150.0739288330078,130.0692901611328,57.8578987121582,31.5445613861084,94.61231231689453,36.334251403808594,27.696697235107422,26.766000747680664,67.22671508789062,3.309553384780884,87.87005615234375,29.085182189941406,75.87654113769531,47.69994354248047,148.79859924316406,56.37995910644531,122.6041259765625,29.152748107910156,32.78622817993164,112.94181060791016,12.72453784942627,22.18666648864746,220.4348907470703,117.75708770751953,37.556495666503906,27.70576286315918,48.59576416015625
2019-01-01,39.49071502685547,58.298160552978516,60.88035583496094,142.48574829101562,85.9365005493164,138.22171020507812,22.17807388305664,23.89048194885254,346.45880126953125,113.81881713867188,54.100406646728516,52.36651611328125,193.7726593017578,149.77113342285156,82.73014068603516,147.87062072753906,107.63872528076172,65.13107299804688,73.46168518066406,342.0052185058594,26.4237117767334,10.608593940734863,47.09909439086914,55.83303451538086,167.34873962402344,153.50450134277344,115.86273956298828,108.12135314941406,84.24711608886719,38.543670654296875,146.2947235107422,108.67794799804688,83.72632598876953,151.09657287597656,165.39208984375,56.753700256347656,33.65283203125,97.2763900756836,37.41285705566406,27.378498077392578,33.95000076293945,74.24498748779297,3.563657760620117,90.32344055175781,28.28559684753418,79.63240051269531,56.599853515625,157.705078125,62.516719818115234,131.34780883789062,36.11177062988281,36.279850006103516,122.44157409667969,13.402220726013184,20.468000411987305,239.08761596679688,135.5105743408203,39.86302185058594,28.65842056274414,52.2231559753418
2019-02-01,41.0827751159668,58.24142837524414,62.442378997802734,145.21441650390625,81.99150085449219,152.33900451660156,22.765905380249023,24.402366638183594,369.9466552734375,118.14688873291016,55.467742919921875,52.49029541015625,197.4832305908203,161.28208923339844,86.28759002685547,147.90667724609375,108.91278076171875,66.5260009765625,69.76654815673828,367.612060546875,26.882917404174805,11.807842254638672,50.0919189453125,55.86577606201172,166.24160766601562,154.85110473632812,124.28443145751953,111.01368713378906,85.6369857788086,36.30937957763672,155.47572326660156,114.5080795288086,91.96637725830078,155.37303161621094,160.19288635253906,61.984527587890625,33.63572311401367,104.35578155517578,39.23982238769531,27.386526107788086,35.810001373291016,77.7359848022461,3.824206590652466,92.7043685913086,29.137556076049805,81.9927749633789,57.336387634277344,156.94076538085938,66.54086303710938,134.98731994628906,35.989253997802734,37.093528747558594,121.79618835449219,14.180949211120605,21.325332641601562,214.329345703125,142.86241149902344,41.030357360839844,29.603431701660156,56.32090759277344
2019-03-01,45.26216125488281,59.233680725097656,64.99272155761719,162.4521942138672,89.0374984741211,160.56214904785156,24.86176109313965,23.270235061645508,356.71697998046875,116.55545806884766,57.71609878540039,51.86600875854492,219.19972229003906,156.0784912109375,89.7788314819336,144.1197509765625,107.16576385498047,67.47721862792969,70.64237213134766,395.626708984375,27.945133209228516,11.798689842224121,48.16346740722656,58.36213684082031,162.91622924804688,160.496826171875,128.88050842285156,114.326171875,83.06851959228516,37.52663040161133,157.8898468017578,118.29203033447266,95.79943084716797,161.51644897460938,165.39208984375,63.41805648803711,33.81199645996094,110.33013153076172,40.68055725097656,28.710893630981445,35.65599822998047,76.35774230957031,4.455997467041016,99.04051971435547,28.546070098876953,86.56874084472656,58.883140563964844,161.60838317871094,68.65133666992188,134.5571746826172,36.00101852416992,39.055335998535156,123.87777709960938,14.290311813354492,18.657333374023438,218.7890625,143.17697143554688,39.739166259765625,29.166810989379883,58.22159957885742
2019-04-01,47.81657409667969,58.3516845703125,66.38961029052734,161.00128173828125,96.32599639892578,174.09335327148438,26.55946922302246,25.792097091674805,408.0992431640625,119.93621063232422,61.29490661621094,49.052772521972656,222.26861572265625,162.95751953125,87.50485229492188,150.0609130859375,132.20297241210938,68.31694030761719,71.2880630493164,396.97119140625,28.402240753173828,11.267793655395508,49.08320999145508,59.45659255981445,174.7366943359375,171.64341735839844,140.80995178222656,115.47933197021484,95.22967529296875,39.631431579589844,162.61720275878906,106.69621276855469,99.0111083984375,168.04010009765625,191.8940887451172,60.424522399902344,38.659454345703125,122.1732406616211,40.91624450683594,25.031972885131836,37.05400085449219,79.84507751464844,4.491734027862549,103.48540496826172,27.295879364013672,88.5904769897461,63.208805084228516,165.64529418945312,75.95909881591797,142.09243774414062,35.265625,40.219146728515625,118.09213256835938,14.108039855957031,15.912667274475098,207.02011108398438,151.60308837890625,39.813175201416016,30.920278549194336,57.84691619873047
2019-05-01,41.71648025512695,57.12945556640625,66.83195495605469,172.89669799804688,88.75350189208984,172.23223876953125,20.990652084350586,22.435243606567383,349.49664306640625,103.6914291381836,58.99296951293945,45.81990051269531,216.88226318359375,149.21920776367188,82.97871398925781,126.9941177368164,127.44454956054688,64.1858139038086,60.898338317871094,424.1141052246094,26.802352905273438,8.921184539794922,45.560035705566406,54.871490478515625,154.85479736328125,159.97300720214844,133.2516632080078,107.26001739501953,87.61524963378906,39.68796920776367,162.8787841796875,105.69340515136719,81.97813415527344,168.6354522705078,176.08815002441406,60.80835723876953,32.807655334472656,115.69976043701172,41.70956802368164,27.333009719848633,34.327999114990234,70.126953125,3.361603260040283,103.44499206542969,27.907533645629883,86.22471618652344,60.73552322387695,178.1521759033203,67.2718276977539,131.03948974609375,28.66364097595215,40.43073654174805,110.19892120361328,14.231566429138184,12.343999862670898,214.77439880371094,142.81732177734375,36.490623474121094,30.499347686767578,50.994327545166016
2019-06-01,47.34290313720703,54.15790557861328,68.84957122802734,169.31900024414062,94.68150329589844,191.5035400390625,24.011962890625,24.459476470947266,394.693359375,117.95431518554688,60.73002243041992,47.641353607177734,239.87014770507812,149.5345916748047,91.58951568603516,150.13339233398438,134.78005981445312,66.87268829345703,69.2878646850586,442.5326232910156,26.92046356201172,10.666830062866211,50.675880432128906,53.69620132446289,174.39915466308594,175.24143981933594,142.27757263183594,114.68848419189453,92.44416809082031,41.13395690917969,182.01522827148438,101.56515502929688,88.6836929321289,177.6563262939453,191.49725341796875,64.37042999267578,35.32325744628906,125.78031921386719,43.38151168823242,31.776988983154297,36.731998443603516,76.53024291992188,4.0802178382873535,105.97454833984375,29.37564468383789,91.87191772460938,66.03657531738281,178.36941528320312,69.73165893554688,143.5498809814453,32.836360931396484,42.260597229003906,109.88755798339844,15.595154762268066,14.897333145141602,216.7373809814453,145.57049560546875,39.2929573059082,33.39683532714844,55.84975814819336
2019-07-01,50.95963668823242,49.614959716796875,68.693115234375,176.01333618164062,93.33899688720703,194.11843872070312,24.421552658081055,26.016258239746094,396.3409423828125,113.95587921142578,60.78935241699219,46.1418342590332,250.1907196044922,152.26451110839844,90.61062622070312,150.76876831054688,138.0327606201172,65.72075653076172,63.85105514526367,440.61090087890625,25.303213119506836,10.161510467529297,50.48311233520508,60.41070556640625,187.63673400878906,181.3242950439453,140.5417938232422,107.22814178466797,95.9170150756836,42.847225189208984,173.38575744628906,99.87836456298828,89.11431884765625,180.27420043945312,192.71762084960938,64.1357421875,35.92797088623047,127.94928741455078,43.87068176269531,30.28965950012207,32.29899978637695,78.42640686035156,4.191769599914551,104.0477294921875,26.33772087097168,98.90161895751953,66.90685272216797,183.31117248535156,71.5525894165039,160.6991424560547,33.49834442138672,42.96391296386719,111.56586456298828,15.846465110778809,16.107332229614258,222.15797424316406,154.90162658691406,40.19805908203125,33.36357116699219,54.19533920288086
2019-08-01,49.93106460571289,49.706153869628906,71.30599975585938,191.4588165283203,88.81449890136719,192.12001037597656,23.802576065063477,23.328142166137695,358.1034851074219,103.78288269042969,63.196224212646484,40.96000671386719,267.5552062988281,153.81178283691406,86.64350128173828,140.9936065673828,133.30331420898438,70.28299713134766,55.358551025390625,488.1557922363281,26.538612365722656,8.481630325317383,39.85508346557617,59.038551330566406,173.81100463867188,193.39048767089844,134.15280151367188,105.696533203125,91.483154296875,44.80924987792969,171.23748779296875,103.56365966796875,99.13748931884766,186.47666931152344,184.2243194580078,66.82511901855469,33.71356201171875,129.4421844482422,46.392757415771484,33.084747314453125,29.375,77.0316390991211,4.161706447601318,111.30931854248047,24.106746673583984,101.3888931274414,69.40521240234375,199.90858459472656,69.7530746459961,164.99351501464844,27.179168701171875,44.538734436035156,102.44525146484375,16.739606857299805,15.040666580200195,208.76658630371094,139.41574096679688,38.67018508911133,34.53635025024414,49.90985870361328
2019-09-01,53.777679443359375,57.25205612182617,73.84431457519531,183.9232635498047,86.79550170898438,188.66744995117188,23.24928092956543,24.735803604125977,377.662841796875,110.15811157226562,62.650779724121094,44.727882385253906,262.097412109375,146.2921905517578,88.18855285644531,153.52655029296875,126.56338500976562,73.42884063720703,55.380924224853516,508.413330078125,27.3463077545166,8.832340240478516,43.18843078613281,60.55650329589844,177.74951171875,196.8780059814453,138.57781982421875,107.33479309082031,98.00341796875,44.32078170776367,176.42010498046875,103.09327697753906,97.15827178955078,184.65899658203125,176.69342041015625,65.05537414550781,34.672401428222656,130.97543334960938,49.61522674560547,31.450824737548828,26.761999130249023,85.84024047851562,4.328969478607178,111.61056518554688,24.592370986938477,104.8885498046875,70.73322296142578,185.2064971923828,73.55139923095703,172.61398315429688,28.637434005737305,47.735633850097656,108.5592269897461,17.96445083618164,16.058000564575195,193.88523864746094,140.29208374023438,42.35523986816406,36.048927307128906,52.102134704589844
2019-10-01,59.73002243041992,60.14793014526367,74.39604949951172,182.16578674316406,88.83300018310547,182.3107452392578,24.889347076416016,26.691347122192383,394.40313720703125,120.17884063720703,58.46611022949219,43.33063507080078,270.2848205566406,154.22573852539062,86.3593521118164,159.22329711914062,126.1749038696289,72.20323944091797,51.71722412109375,499.5814208984375,25.750019073486328,9.063070297241211,48.26470184326172,62.4240608215332,183.0246124267578,200.26571655273438,141.46897888183594,109.5415267944336,104.02399444580078,44.63662338256836,180.63665771484375,105.04769134521484,98.61617279052734,169.169677734375,190.15774536132812,67.4170150756836,37.418880462646484,135.0640106201172,50.75452423095703,33.07337951660156,28.740999221801758,81.84618377685547,4.999191761016846,112.43922424316406,26.26243019104004,104.9981918334961,73.29535675048828,169.64157104492188,77.35502624511719,179.6614532470703,27.826086044311523,48.42342758178711,105.09286499023438,18.273040771484375,20.994667053222656,226.5132293701172,143.30616760253906,43.3545036315918,35.61760711669922,49.858951568603516
2019-11-01,64.16967010498047,67.3000717163086,71.99998474121094,178.7827911376953,90.04000091552734,202.03273010253906,26.874710083007812,28.441171646118164,422.7724609375,127.21476745605469,58.16755294799805,47.40727996826172,273.33355712890625,160.53311157226562,87.0954818725586,153.65496826171875,147.21054077148438,67.53827667236328,53.12457275390625,499.6429748535156,25.133012771606445,10.561762809753418,54.503326416015625,64.66999053955078,189.8607940673828,188.25389099121094,146.2356719970703,114.06289672851562,110.59876251220703,43.79194259643555,187.7947540283203,108.18204498291016,104.1643295288086,167.2603759765625,200.06997680664062,67.82157135009766,40.50876235961914,142.6099853515625,49.7919921875,31.966211318969727,31.465999603271484,85.4472427368164,5.390134811401367,111.3407974243164,26.365095138549805,103.58960723876953,76.46067810058594,160.37008666992188,79.91952514648438,183.05482482910156,30.813831329345703,47.90565490722656,105.46250915527344,18.07164764404297,21.996000289916992,250.86773681640625,152.42625427246094,45.73090362548828,36.173458099365234,50.27216339111328
2019-12-01,70.72028350830078,67.92145538330078,75.06187438964844,191.97244262695312,92.39199829101562,200.88719177246094,26.85856056213379,30.062969207763672,429.4269714355469,129.80776977539062,59.04236602783203,51.43303298950195,267.96368408203125,160.28672790527344,90.49172973632812,158.4186553955078,140.4608917236328,70.62075805664062,62.76042556762695,516.7725830078125,26.018869400024414,12.176656723022461,53.971336364746094,66.4205322265625,198.33221435546875,186.43548583984375,145.6868133544922,121.85340118408203,117.01174926757812,45.730133056640625,193.8872833251953,121.85891723632812,106.33978271484375,171.04147338867188,203.65184020996094,70.75442504882812,41.85141372680664,149.06935119628906,51.843841552734375,36.17011260986328,32.356998443603516,92.83611297607422,5.856024265289307,112.02934265136719,27.076013565063477,105.9998779296875,74.4478988647461,162.1056671142578,81.0864028930664,183.5352325439453,34.21868133544922,49.72123336791992,105.32632446289062,18.89352798461914,27.8886661529541,263.51556396484375,157.44107055664062,45.609039306640625,36.0975341796875,52.11062240600586
2020-01-01,74.5399169921875,62.15263366699219,82.77375793457031,194.4410858154297,100.43599700927734,205.07823181152344,26.198280334472656,28.175918579101562,453.55938720703125,115.45401763916016,63.279296875,47.00391387939453,278.539306640625,179.67210388183594,80.45211029052734,145.6256103515625,135.1278076171875,75.59156799316406,54.63064956665039,522.111083984375,27.160297393798828,10.301897048950195,60.264549255371094,71.0517578125,205.07757568359375,195.97911071777344,142.57557678222656,124.35948944091797,111.1024169921875,48.25005340576172,185.77809143066406,129.47103881835938,103.21421813964844,185.2018585205078,200.3378448486328,66.92372131347656,42.78472137451172,160.91363525390625,57.418731689453125,37.644195556640625,34.50899887084961,88.24517059326172,5.884145259857178,117.23021697998047,25.735336303710938,105.76226043701172,78.04522705078125,171.96498107910156,81.32463836669922,175.1847381591797,28.921794891357422,54.950950622558594,94.14742279052734,18.187679290771484,43.371334075927734,245.1554718017578,156.24803161621094,39.793479919433594,34.93220520019531,46.39025115966797
2020-02-01,65.83382415771484,66.6387939453125,70.8922119140625,190.296142578125,94.1875,188.66920471191406,23.404693603515625,24.45975112915039,398.2223205566406,109.9704818725586,58.3048095703125,38.29597854614258,256.3123474121094,167.9344482421875,70.08959197998047,143.6971893310547,114.94316101074219,71.00016021728516,47.55791091918945,507.122314453125,24.603496551513672,9.278151512145996,52.66492462158203,66.4135971069336,173.17947387695312,187.16392517089844,133.4804229736328,112.33871459960938,98.08792877197266,44.19340515136719,174.69338989257812,116.94486236572266,95.05509185791016,168.06399536132812,190.97134399414062,59.96815490722656,37.107540130615234,153.14346313476562,54.11318588256836,37.28495788574219,36.90299987792969,81.90396881103516,6.72136116027832,108.98393249511719,23.331384658813477,96.666748046875,70.81883239746094,160.71383666992188,70.70696258544922,162.52845764160156,23.38082504272461,47.11418914794922,87.02716064453125,17.3304443359375,44.53266525268555,229.41769409179688,139.17063903808594,34.63065719604492,32.854400634765625,38.41460037231445
2020-03-01,61.38650131225586,59.23708724975586,63.95970153808594,182.70278930664062,97.48600006103516,171.4870147705078,20.355262756347656,18.220365524291992,378.4061279296875,102.7123031616211,57.260719299316406,24.532514572143555,260.4981689453125,141.89671325683594,55.046630859375,126.873779296875,94.3774642944336,63.232852935791016,27.00411033630371,555.246826171875,21.168926239013672,6.287903785705566,38.433780670166016,57.62126159667969,134.1609649658203,160.41763305664062,110.71717834472656,110.23878479003906,76.0559310913086,36.559326171875,158.2218780517578,129.28469848632812,76.75228118896484,144.01441955566406,165.50123596191406,60.26580047607422,28.018129348754883,149.4860382080078,51.78317642211914,37.82797622680664,37.54999923706055,76.02972412109375,6.564263343811035,99.1363525390625,22.786846160888672,93.90921020507812,67.53330993652344,152.6366424560547,51.317317962646484,144.89801025390625,11.814920425415039,42.639305114746094,39.38459396362305,14.343623161315918,34.93333435058594,224.396728515625,123.54777526855469,24.59007453918457,34.66676330566406,28.762495040893555
2020-04-01,70.92436218261719,63.909793853759766,66.46273040771484,199.69346618652344,123.69999694824219,195.06369018554688,23.7152099609375,20.772294998168945,435.0669860839844,103.01325988769531,60.63458251953125,33.53308868408203,276.8243103027344,159.60670471191406,69.89083099365234,133.96363830566406,105.66172790527344,66.18810272216797,35.717288970947266,600.2570190429688,21.324201583862305,8.225510597229004,32.948272705078125,66.78303527832031,159.18113708496094,190.13734436035156,117.42858123779297,126.13607788085938,80.89654541015625,38.246795654296875,169.0652313232422,144.12184143066406,93.43175506591797,163.3585968017578,203.11605834960938,62.65907669067383,32.49279022216797,169.8648681640625,49.73870849609375,49.831275939941406,41.98500061035156,80.1096420288086,7.2784624099731445,109.9358901977539,26.780126571655273,100.62799835205078,75.60302734375,143.95159912109375,56.02476119995117,169.1306915283203,14.731430053710938,44.67912673950195,47.93490982055664,14.993146896362305,52.12533187866211,264.3098449707031,139.9723358154297,24.88994598388672,37.250396728515625,35.201290130615234
2020-05-01,76.75181579589844,73.12470245361328,68.17408752441406,217.52203369140625,122.11849975585938,208.95977783203125,25.43086051940918,20.83275604248047,458.1184387207031,107.30876922607422,62.79140853881836,33.5968017578125,282.4656982421875,172.2609405517578,69.66293334960938,140.48355102539062,114.6012191772461,66.9464340209961,38.66178894042969,620.197509765625,22.031557083129883,8.449076652526855,31.833837509155273,71.08845520019531,170.52394104003906,214.9175567626953,120.69734954833984,125.05156707763672,83.06019592285156,38.90522003173828,185.92672729492188,142.5467987060547,116.9417953491211,162.27857971191406,223.3373565673828,63.748931884765625,36.744041442871094,173.6942138671875,54.99836349487305,48.98512268066406,41.972999572753906,90.58509826660156,8.840836524963379,109.32093811035156,26.661447525024414,99.62322998046875,77.52635192871094,157.37257385253906,55.774070739746094,187.25555419921875,16.17654800415039,44.946903228759766,41.4234504699707,15.540755271911621,55.66666793823242,275.497802734375,148.79345703125,22.679412841796875,38.019615173339844,34.44378662109375
2020-06-01,88.3023910522461,77.4725570678711,64.25847625732422,217.83377075195312,137.9409942626953,208.7954864501953,27.555988311767578,20.513179779052734,471.507568359375,112.99889373779297,63.59876251220703,33.804046630859375,277.6490173339844,184.61947631835938,68.78167724609375,145.1288604736328,108.94441986083984,63.18803787231445,38.42665100097656,626.8665161132812,21.096336364746094,10.777934074401855,33.0936393737793,70.32130432128906,172.57666015625,216.67337036132812,120.53685760498047,119.04481506347656,80.28614807128906,37.23833465576172,194.90419006347656,153.73326110839844,121.22110748291016,161.73854064941406,225.30197143554688,61.0716667175293,40.15242004394531,193.4349365234375,51.68633270263672,51.724666595458984,45.50400161743164,90.32283020019531,9.460657119750977,109.91094207763672,23.056238174438477,102.76009368896484,79.0768814086914,148.9504852294922,53.739017486572266,182.6438446044922,16.106483459472656,41.31875991821289,49.09074020385742,15.223491668701172,71.98733520507812,266.551025390625,148.9324493408203,22.379676818847656,36.869422912597656,34.53248977661133
2020-07-01,102.88389587402344,74.89225006103516,70.10015106201172,221.15664672851562,158.23399353027344,249.25465393066406,27.940441131591797,21.6390438079834,501.6272888183594,118.69798278808594,67.0191879272461,30.079330444335938,298.0874328613281,192.0306854248047,64.7039566040039,163.65773010253906,114.2494888305664,67.02408599853516,35.53668212890625,701.1119995117188,22.44501495361328,12.03551197052002,29.455270767211914,73.78764343261719,172.87356567382812,231.00115966796875,124.52169799804688,123.38743591308594,82.48834228515625,39.729644775390625,226.28921508789062,140.72711181640625,133.59263610839844,170.33969116210938,251.69482421875,63.87357711791992,40.63457107543945,194.8606719970703,60.7414436340332,58.223453521728516,48.88800048828125,89.91747283935547,10.578121185302734,115.28645324707031,27.131620407104492,112.686279296875,89.87236022949219,156.7526397705078,49.430816650390625,204.79119873046875,15.996014595031738,43.51818084716797,44.76174545288086,14.896162986755371,95.38400268554688,274.8056335449219,152.7026824951172,21.20823097229004,39.83055877685547,32.493896484375
2020-08-01,124.94013214111328,76.49320983886719,63.60492706298828,210.8006134033203,172.54800415039062,254.15057373046875,30.62201690673828,22.38702392578125,518.359375,128.07357788085938,69.21366119384766,30.792531967163086,319.03668212890625,268.7049560546875,64.69625091552734,194.9857940673828,128.83599853515625,63.54396438598633,34.665225982666016,704.950439453125,21.456758499145508,14.54135799407959,30.765470504760742,80.80862426757812,178.90794372558594,248.0115203857422,138.01004028320312,129.86318969726562,86.35182189941406,41.65557861328125,230.56370544433594,138.94801330566406,148.31552124023438,187.2088165283203,290.9170837402344,67.87760925292969,43.747093200683594,214.36483764648438,60.41035842895508,56.60801696777344,52.95600128173828,103.0721206665039,13.32834529876709,117.29637908935547,26.905540466308594,119.63290405273438,86.83741760253906,166.57125854492188,53.19830322265625,212.1020050048828,16.763187408447266,41.58172607421875,49.69337463378906,15.359143257141113,166.10667419433594,283.67291259765625,169.51889038085938,21.112070083618164,42.73935317993164,30.841402053833008
2020-09-01,112.33264923095703,69.959716796875,66.4900131225586,204.522705078125,157.43649291992188,259.0203552246094,32.13657760620117,20.951950073242188,491.6297912597656,134.22930908203125,67.37112426757812,26.688486099243164,325.772216796875,247.68362426757812,56.30031204223633,205.72547912597656,121.2252197265625,70.85638427734375,27.478342056274414,680.8308715820312,20.995967864990234,14.569307327270508,30.231687545776367,72.67931365966797,176.564697265625,241.63372802734375,138.00233459472656,126.8673324584961,82.97322082519531,41.52101516723633,219.84518432617188,139.2771453857422,149.36917114257812,193.56903076171875,259.8607177734375,66.03082275390625,40.474002838134766,200.4005889892578,60.36487579345703,53.385536193847656,50.00299835205078,115.90254974365234,13.483804702758789,116.07368469238281,26.12948226928711,120.20366668701172,85.78028869628906,174.66456604003906,50.55434036254883,220.6665496826172,13.720948219299316,43.715980529785156,47.371673583984375,14.689336776733398,143.00332641601562,282.9649963378906,174.29071044921875,20.637155532836914,43.2426872253418,27.032373428344727
2020-10-01,105.59133911132812,67.97090911865234,73.16097259521484,195.24449157714844,151.8074951171875,241.3198699951172,31.121950149536133,20.756343841552734,525.8786010742188,141.33900451660156,68.89057922363281,23.25896453857422,328.17657470703125,228.90924072265625,54.34543228149414,210.41900634765625,118.46033477783203,73.69671630859375,26.1785945892334,654.9544677734375,23.420839309692383,16.152929306030273,36.0657958984375,80.14311218261719,166.0834503173828,233.28646850585938,138.28738403320312,116.83758544921875,84.49876403808594,40.7464714050293,204.1864471435547,122.75436401367188,142.38075256347656,187.84548950195312,261.0613098144531,60.30498123168945,40.30657958984375,192.91165161132812,63.68802261352539,53.074031829833984,47.57400131225586,110.86170196533203,12.49448299407959,112.4293441772461,25.26087188720703,118.5691146850586,85.04988861083984,181.28811645507812,47.72526550292969,217.89212036132812,13.261425971984863,46.32024002075195,46.00209045410156,13.921637535095215,129.34666442871094,278.08880615234375,156.86785888671875,18.828882217407227,42.8841552734375,25.685876846313477
2020-11-01,115.47535705566406,84.66743469238281,69.06077575683594,196.56227111816406,158.40199279785156,244.7268524169922,35.74623107910156,24.662389755249023,612.8857421875,157.17860412597656,75.19755554199219,32.54503631591797,360.2058410644531,242.24346923828125,68.17028045654297,243.6803436279297,144.60464477539062,74.13677978515625,36.203529357910156,624.9940795898438,24.113656997680664,21.78874969482422,49.481101989746094,87.00093841552734,202.57894897460938,242.64559936523438,170.958251953125,123.28832244873047,102.5412368774414,43.74776077270508,237.621337890625,137.04714965820312,140.80987548828125,191.76113891601562,274.8133850097656,64.4583969116211,52.14180374145508,203.96401977539062,64.01860046386719,49.678768157958984,49.06999969482422,124.35936737060547,13.359249114990234,121.65717315673828,28.7486572265625,120.7667465209961,85.77864074707031,177.63973999023438,63.01283264160156,236.78408813476562,18.45415687561035,48.255287170410156,61.60177230834961,15.17577838897705,189.1999969482422,306.5227966308594,180.67379760742188,24.007923126220703,47.223567962646484,30.024595260620117
2020-12-01,128.92784118652344,86.74809265136719,68.29871368408203,190.8320770263672,162.84649658203125,238.68170166015625,38.974761962890625,26.545351028442383,633.23779296875,164.81163024902344,75.0833969116211,32.89877700805664,346.4235534667969,219.3101806640625,67.0072250366211,250.600830078125,177.01148986816406,73.99041748046875,38.51258087158203,641.935791015625,25.013227462768555,24.238706588745117,52.49467849731445,86.91365814208984,231.6857147216797,232.3330841064453,179.1551513671875,135.04244995117188,110.53541564941406,46.85926818847656,244.1915740966797,159.6837158203125,145.04808044433594,190.36367797851562,271.0331115722656,65.58898162841797,57.791969299316406,212.47462463378906,67.43033599853516,50.58249282836914,54.073001861572266,130.60963439941406,13.013838768005371,125.0902099609375,27.90709686279297,121.00155639648438,85.44425964355469,182.7601318359375,63.284828186035156,233.18499755859375,19.37730598449707,50.0333137512207,63.623565673828125,15.18105697631836,235.22332763671875,319.5915832519531,185.2058563232422,26.613740921020508,44.55316925048828,33.24083709716797
2021-01-01,128.21856689453125,82.96728515625,66.363037109375,194.37945556640625,160.30999755859375,234.1959228515625,40.442481994628906,26.129169464111328,618.5654296875,165.5541229248047,68.4891357421875,32.93168640136719,332.5231018066406,222.2963104248047,67.6023178100586,269.769287109375,164.30081176757812,75.96221160888672,39.35435104370117,665.1077270507812,24.622209548950195,25.067777633666992,51.95915985107422,90.61902618408203,239.53834533691406,238.17306518554688,164.55821228027344,139.97634887695312,111.9272232055664,41.14285659790039,228.2582550048828,196.69163513183594,150.77735900878906,184.38430786132812,256.3185729980469,62.28437805175781,56.543880462646484,221.5880584716797,70.68167877197266,50.675506591796875,53.23899841308594,123.58269500732422,12.95262336730957,116.01673126220703,27.217199325561523,111.49639892578125,88.99629211425781,181.7928009033203,59.05461120605469,219.50633239746094,19.833860397338867,47.98896789550781,70.4244613647461,15.112439155578613,264.510009765625,305.1012878417969,175.64402770996094,26.349185943603516,43.58066177368164,36.16008758544922
2021-02-01,117.8219223022461,88.24594116210938,61.39258575439453,184.77845764160156,154.64649963378906,224.41578674316406,42.18136978149414,30.588306427001953,612.6026611328125,196.51052856445312,66.39905548095703,42.787322998046875,312.3036193847656,213.367431640625,79.34544372558594,326.1143798828125,184.6906280517578,69.16600036621094,50.16818618774414,582.7559814453125,22.86855697631836,31.588563919067383,61.008235931396484,100.26678466796875,282.2130432128906,227.19744873046875,170.4373779296875,135.9691619873047,128.94195556640625,41.86061477661133,227.2071990966797,193.7787322998047,144.8685760498047,182.8761749267578,255.61412048339844,58.68807601928711,65.15847778320312,221.98928833007812,64.22270202636719,46.237152099609375,53.8849983215332,124.68358612060547,13.675298690795898,109.74736785888672,25.66628646850586,108.07447814941406,85.4346923828125,186.84033203125,63.709598541259766,215.87010192871094,24.92404556274414,46.19712829589844,85.57331085205078,15.068683624267578,225.1666717529297,303.85736083984375,183.19566345214844,31.89592170715332,40.30180358886719,43.84531784057617
2021-03-01,118.86404418945312,88.63909149169922,70.1123275756836,204.38229370117188,154.70399475097656,246.99607849121094,41.62389373779297,34.095699310302734,665.0509643554688,211.06581115722656,69.60421752929688,43.977325439453125,333.2270202636719,208.8043975830078,84.32139587402344,349.4857482910156,180.274658203125,78.8184585571289,56.36151885986328,613.483154296875,25.913747787475586,30.67565155029297,63.8786506652832,102.28064727783203,288.8558654785156,268.45257568359375,183.64524841308594,141.90257263183594,133.37521362304688,45.039249420166016,260.5716247558594,177.426513671875,172.46388244628906,200.06822204589844,292.2366027832031,62.3005256652832,65.8281478881836,225.7464141845703,66.43110656738281,51.24518966674805,52.16600036621094,123.18508911132812,13.310096740722656,120.16226959228516,27.766189575195312,118.48558044433594,91.41089630126953,197.07928466796875,68.80307006835938,234.7440185546875,24.394989013671875,51.16211700439453,86.21746063232422,16.354572296142578,222.64332580566406,340.3052673339844,196.95335388183594,34.56227493286133,42.1351203918457,45.78729248046875
2021-04-01,127.923583984375,91.32561492919922,73.43168640136719,217.81341552734375,173.37100219726562,254.61585998535156,41.2743034362793,35.89461135864258,726.9656982421875,207.64317321777344,71.25537872314453,42.458003997802734,351.7658386230469,226.98745727539062,82.9373779296875,347.2618408203125,181.74012756347656,82.21517944335938,57.22406768798828,650.6483154296875,26.883583068847656,35.128414154052734,63.877044677734375,116.71038818359375,309.0128173828125,286.4357604980469,188.6959686279297,140.5038299560547,134.759521484375,46.508338928222656,267.016845703125,173.58013916015625,177.96844482421875,210.72592163085938,322.5487976074219,60.736412048339844,69.9731216430664,241.45870971679688,68.10043334960938,53.583595275878906,51.34700012207031,122.9347915649414,14.971765518188477,123.44232940673828,29.620847702026367,116.72706604003906,101.11555480957031,226.41659545898438,74.118896484375,261.3352355957031,24.269372940063477,54.462642669677734,92.25730895996094,16.970504760742188,236.47999572753906,366.049072265625,198.45449829101562,39.852325439453125,43.58195877075195,46.943660736083984
2021-05-01,121.25786590576172,93.8453598022461,71.18842315673828,219.53578186035156,161.15350341796875,264.4833679199219,42.73366165161133,37.541893005371094,778.198486328125,220.44142150878906,74.39144134521484,46.27706527709961,358.3742370605469,234.65487670898438,83.51673126220703,338.1319580078125,174.53968811035156,81.8313980102539,62.78030776977539,665.0557250976562,26.99125862121582,39.88412857055664,68.45362854003906,116.87651062011719,329.9151306152344,282.22332763671875,195.35411071777344,146.13327026367188,144.74520874023438,47.63702392578125,280.8048095703125,189.69692993164062,177.20191955566406,208.77113342285156,326.1704406738281,61.869598388671875,77.42086791992188,239.0650634765625,64.33124542236328,63.088008880615234,50.28099822998047,126.49436950683594,16.203657150268555,126.67904663085938,29.68215560913086,118.73298645019531,102.25226593017578,227.47958374023438,78.98950958251953,270.5531005859375,28.109411239624023,52.61072540283203,98.46661376953125,16.262731552124023,208.4066619873047,378.0916748046875,200.81353759765625,41.32964324951172,44.24234390258789,47.870391845703125
2021-06-01,133.5020294189453,93.381103515625,70.61425018310547,232.15135192871094,172.00799560546875,253.90977478027344,43.141693115234375,36.514549255371094,776.36181640625,198.99896240234375,72.23375701904297,50.954490661621094,374.8591003417969,240.735595703125,85.31282806396484,330.2756042480469,171.72596740722656,81.38249969482422,65.20277404785156,727.4472045898438,26.74431800842285,34.64653015136719,65.53240966796875,121.08869934082031,337.7118225097656,282.2057189941406,186.36178588867188,143.12673950195312,137.07786560058594,46.62035369873047,270.0621337890625,218.94277954101562,176.419677734375,207.32131958007812,345.00262451171875,66.44558715820312,78.05079650878906,259.9818420410156,64.38395690917969,54.416419982910156,52.82099914550781,143.4966278076172,19.95221519470215,126.87601470947266,30.30742645263672,118.80341339111328,103.71870422363281,242.1439971923828,76.4194564819336,260.48956298828125,28.719507217407227,50.309207916259766,99.99160766601562,15.903544425964355,226.56666564941406,367.5544128417969,197.46827697753906,40.15203857421875,44.100242614746094,52.486812591552734
2021-07-01,142.17730712890625,96.41532135009766,73.56105041503906,244.19464111328125,166.37950134277344,258.21002197265625,44.259918212890625,34.115806579589844,773.0384521484375,189.05035400390625,70.59107971191406,46.9049072265625,407.1181335449219,238.429443359375,82.92628479003906,339.4640197753906,171.97021484375,86.6502914428711,56.935184478759766,743.5895385742188,28.247215270996094,35.57080841064453,63.09736251831055,133.6221160888672,333.5742492675781,291.9587707519531,198.63015747070312,149.6079864501953,133.76417541503906,49.50641632080078,288.1582336425781,232.27854919433594,175.25552368164062,217.84042358398438,353.5257263183594,66.24117279052734,81.70263671875,273.4271545410156,68.80488586425781,54.33975601196289,51.75699996948242,155.59011840820312,19.454439163208008,135.3760223388672,33.13228988647461,125.23094177246094,111.66061401367188,253.35134887695312,77.88854217529297,278.2539978027344,25.970008850097656,53.102779388427734,96.95690155029297,15.500154495239258,229.06666564941406,379.7527770996094,196.4178009033203,40.72829818725586,44.57870101928711,47.90211486816406
2021-08-01,147.99661254882812,101.24559783935547,74.77149963378906,252.28543090820312,173.5395050048828,239.11688232421875,45.3367805480957,37.1307373046875,840.8956909179688,193.85244750976562,69.5876693725586,46.81669235229492,432.3416748046875,261.4317626953125,78.82111358642578,354.8979797363281,177.1287384033203,86.2793197631836,53.71513366699219,764.47216796875,29.587141036987305,34.04579544067383,64.19974517822266,143.51138305664062,367.9478454589844,290.17071533203125,197.03286743164062,150.4159698486328,141.77674865722656,48.881404876708984,294.9077453613281,246.38699340820312,186.2144012451172,213.1283416748047,376.4259948730469,65.74137878417969,89.54816436767578,289.7132263183594,74.1838607788086,50.161773681640625,56.91899871826172,153.0172576904297,22.33384132385254,134.89303588867188,35.978267669677734,126.16029357910156,117.43377685546875,262.3751525878906,75.92677307128906,290.33905029296875,25.258386611938477,54.649227142333984,104.15147399902344,15.521397590637207,245.24000549316406,383.4837951660156,194.69384765625,40.51552200317383,46.314308166503906,45.36430740356445
2021-09-01,138.13404846191406,90.42361450195312,68.33366394042969,229.17852783203125,164.2519989013672,227.22801208496094,44.21706771850586,37.75328063964844,747.623291015625,176.47769165039062,67.47193145751953,57.136085510253906,426.5137023925781,267.2956237792969,83.74713897705078,314.5667724609375,165.27781677246094,81.19744873046875,63.858306884765625,718.6510620117188,29.410411834716797,30.4344539642334,62.750213623046875,132.5802001953125,338.0115966796875,292.02105712890625,181.0741424560547,141.14561462402344,145.09182739257812,45.54798889160156,275.0247802734375,221.11395263671875,185.27371215820312,217.5906982421875,336.7474060058594,64.72452545166016,83.4427719116211,271.07568359375,69.66980743408203,46.96989440917969,61.034000396728516,135.11814880371094,20.672300338745117,129.7349853515625,33.588558197021484,123.86553192138672,109.38449096679688,240.88160705566406,77.46388244628906,267.939453125,26.818199157714844,52.04576110839844,100.6810531616211,15.289313316345215,258.49334716796875,359.9646301269531,176.8457794189453,41.32406234741211,43.747772216796875,49.68297576904297
2021-10-01,146.23663330078125,96.12382507324219,71.30506134033203,244.613525390625,168.6215057373047,267.5421142578125,48.8342170715332,42.71131134033203,844.7169799804688,187.54603576660156,68.0165023803711,62.8016471862793,466.5596008300781,295.35369873046875,94.51168823242188,322.3199462890625,165.1801300048828,84.87501525878906,73.55599212646484,761.3446655273438,32.36119079589844,35.290122985839844,63.920509338378906,146.83245849609375,369.59271240234375,332.3822937011719,186.48214721679688,142.35166931152344,150.5873565673828,49.302799224853516,300.2433166503906,243.8043212890625,213.54974365234375,221.59765625,321.050537109375,76.55530548095703,88.13330841064453,318.86383056640625,75.71224212646484,47.15541076660156,69.03099822998047,155.64219665527344,25.5130615234375,140.34228515625,34.15866470336914,126.69190979003906,127.0165023803711,271.0111389160156,80.0772476196289,303.264892578125,29.188772201538086,52.3397102355957,114.8277816772461,14.29870891571045,371.3333435058594,425.6914978027344,217.7979736328125,45.55352020263672,46.8990592956543,54.4553108215332
2021-11-01,161.36788940429688,97.80670166015625,68.2242431640625,227.7056121826172,175.35350036621094,256.50341796875,50.8558464050293,39.75245666503906,809.9330444335938,178.72775268554688,67.37745666503906,59.48098373413086,512.7966918945312,280.8368835449219,93.17436981201172,325.361328125,141.5662078857422,80.71487426757812,69.52994537353516,738.724609375,32.08131408691406,34.764129638671875,57.898441314697266,140.73434448242188,340.6582946777344,358.19573974609375,172.5100860595703,136.27757263183594,141.63233947753906,45.87425994873047,299.2462463378906,237.373291015625,224.19488525390625,220.7403106689453,321.93359375,65.13067626953125,81.87020111083984,317.87353515625,76.9988021850586,47.958797454833984,64.19000244140625,157.4564666748047,32.6070671081543,138.76168823242188,41.96033477783203,128.8948516845703,132.08978271484375,267.09503173828125,72.92204284667969,317.27825927734375,25.949596405029297,51.31509017944336,119.73175048828125,13.257393836975098,381.586669921875,410.6688232421875,212.6011505126953,42.54393005371094,44.14011001586914,50.54452133178711
2021-12-01,173.59906005859375,114.87706756591797,75.59369659423828,253.74844360351562,166.7169952392578,271.5130920410156,61.11832046508789,39.77033996582031,819.737060546875,191.1051483154297,76.6461181640625,61.21968460083008,539.7208862304688,250.4529571533203,97.99224090576172,322.8661193847656,151.32635498046875,88.13097381591797,70.99246978759766,772.0986938476562,35.389400482177734,39.12371826171875,57.58149337768555,143.6645965576172,342.05316162109375,371.0711364746094,178.6269989013672,150.48873901367188,141.2042999267578,52.188331604003906,325.85614013671875,265.19976806640625,236.9267120361328,243.26205444335938,333.7310485839844,66.63484191894531,84.75406646728516,323.9747619628906,83.20406341552734,54.15886306762695,60.24399948120117,155.06533813476562,29.348955154418945,150.85928344726562,46.519752502441406,145.83355712890625,147.51998901367188,305.58709716796875,78.0089340209961,337.87432861328125,27.213420867919922,58.206504821777344,125.16056060791016,14.285229682922363,352.260009765625,464.21429443359375,227.29844665527344,42.886962890625,45.41444396972656,52.379425048828125
2022-01-01,170.8714141845703,116.14122772216797,76.8087158203125,219.26394653320312,149.57350158691406,253.00482177734375,54.157684326171875,41.44382858276367,740.2090454101562,186.3168487548828,74.050537109375,75.37191009521484,480.234619140625,229.26405334472656,109.6661376953125,355.49884033203125,139.6806182861328,88.26539611816406,91.16545867919922,661.7023315429688,35.50581741333008,34.89539337158203,57.63801574707031,134.19436645507812,318.8070983886719,329.4833679199219,175.174560546875,151.56195068359375,132.510009765625,53.77487564086914,300.75579833984375,235.59976196289062,217.55862426757812,235.4398193359375,310.82086181640625,71.51509857177734,88.53585815429688,299.56488037109375,69.62191009521484,53.94272994995117,42.7140007019043,138.00799560546875,24.437339782714844,151.7125701904297,41.50933837890625,143.04312133789062,137.9547576904297,294.1652526855469,81.7525863647461,274.8874816894531,35.500099182128906,58.97884750366211,116.53470611572266,14.80786418914795,312.239990234375,438.3025207519531,221.693359375,48.089168548583984,44.059417724609375,65.02273559570312
2022-02-01,161.4274139404297,126.6730728149414,77.0211181640625,197.79087829589844,153.56300354003906,211.91355895996094,54.30188751220703,39.70127487182617,669.10595703125,174.2354736328125,69.48625946044922,80.67904663085938,493.65875244140625,207.4838104248047,120.24612426757812,340.02850341796875,145.0443115234375,84.3587417602539,94.66950225830078,647.8549194335938,36.55911636352539,44.164432525634766,58.2663688659668,133.94993591308594,306.7713623046875,283.5597229003906,162.55564880371094,144.77078247070312,127.20423889160156,54.85901641845703,276.7466125488281,239.9778289794922,203.2951202392578,222.1183624267578,209.3868408203125,67.21437072753906,78.89339447021484,287.82232666015625,69.7555923461914,58.3784294128418,39.45199966430664,127.27085876464844,24.336538314819336,143.16168212890625,37.2606315612793,139.7282257080078,128.30447387695312,291.285400390625,93.09224700927734,252.45582580566406,35.654571533203125,54.97279357910156,108.90296936035156,14.129366874694824,290.1433410644531,441.36328125,222.96249389648438,47.70481872558594,42.59402847290039,67.12852478027344
2022-03-01,170.92269897460938,138.9657745361328,85.50939178466797,219.0198211669922,162.99749755859375,224.11900329589844,58.20646667480469,37.02458572387695,687.3472900390625,206.96849060058594,68.47489166259766,85.47846221923828,548.2990112304688,209.24790954589844,137.3975372314453,392.3899230957031,134.00428771972656,94.74821472167969,98.22001647949219,676.964599609375,41.254608154296875,46.788883209228516,55.82004165649414,137.92752075195312,296.7132263183594,268.74560546875,167.6112518310547,156.90843200683594,122.28831481933594,54.64747619628906,301.46356201171875,276.09259033203125,185.94155883789062,225.6443634033203,220.62860107421875,72.015380859375,75.98945617675781,297.6069641113281,75.91315460205078,70.06294250488281,37.45899963378906,125.41609954833984,27.23177146911621,146.34422302246094,41.094642639160156,136.95855712890625,142.0541534423828,320.21533203125,90.30111694335938,240.0501251220703,37.65230941772461,62.175411224365234,104.15290069580078,14.093579292297363,359.20001220703125,472.9905090332031,248.8878631591797,43.510494232177734,46.93031692504883,71.48187255859375
2022-04-01,154.32081604003906,125.91014862060547,84.94373321533203,210.1272430419922,124.28150177001953,211.2655792236328,51.59334182739258,32.20514678955078,565.6218872070312,195.5620880126953,69.57656860351562,81.89302825927734,506.28033447265625,173.39430236816406,132.19964599609375,357.49407958984375,109.06166076660156,93.47539520263672,97.01673126220703,659.2249145507812,40.51837158203125,38.144134521484375,45.52046585083008,113.17412567138672,276.2108154296875,271.3338317871094,166.68955993652344,159.76808166503906,107.07402038574219,57.383888244628906,295.5949401855469,281.64581298828125,181.83998107910156,227.35986328125,198.9090576171875,78.53573608398438,70.06853485107422,267.8858337402344,63.64481735229492,64.70124053955078,19.035999298095703,116.49132537841797,18.51329231262207,151.11746215820312,38.951416015625,143.90512084960938,141.73170471191406,306.5092468261719,86.50933837890625,264.4186706542969,35.55595397949219,62.92996597290039,94.60584259033203,14.893176078796387,290.2533264160156,473.0692443847656,213.43260192871094,39.1738166809082,48.39940643310547,73.78410339355469
2022-05-01,145.69686889648438,127.40389251708984,87.44637298583984,224.49411010742188,120.20950317382812,222.17770385742188,53.98879623413086,33.57711410522461,605.8243408203125,201.4558563232422,71.58321380615234,96.33062744140625,444.6363525390625,157.9214630126953,147.37979125976562,338.7742614746094,107.89904022216797,95.47795104980469,114.49040222167969,629.897705078125,42.57114791870117,36.87659454345703,47.80412292480469,112.82946014404297,295.5236511230469,273.4565124511719,166.7843017578125,158.9446563720703,119.49853515625,56.29144287109375,307.64776611328125,302.1910400390625,180.33200073242188,230.14303588867188,192.13226318359375,81.49333953857422,75.53712463378906,262.43194580078125,67.82984924316406,60.260528564453125,19.743999481201172,111.02641296386719,18.6380672454834,147.63235473632812,42.10276794433594,133.29229736328125,112.7204360961914,272.7974548339844,86.70072937011719,257.76397705078125,41.89057540893555,64.8764419555664,91.92000579833984,17.054460525512695,252.75332641601562,462.1205139160156,200.21434020996094,41.095237731933594,40.69295883178711,83.08824920654297
2022-06-01,134.02947998046875,132.40943908691406,82.87554931640625,224.02081298828125,106.20999908447266,217.05108642578125,45.2110710144043,28.0982666015625,551.4605712890625,166.83924865722656,72.79126739501953,77.3433609008789,457.0917053222656,162.65199279785156,123.17176818847656,283.5617980957031,92.22808837890625,91.79483795166016,92.32123565673828,605.2330932617188,39.53440475463867,27.61026382446289,38.87710952758789,108.0698013305664,270.1972961425781,247.73216247558594,150.4879913330078,158.1662139892578,101.76761627197266,55.874019622802734,272.44659423828125,313.64715576171875,161.28309631347656,225.27938842773438,159.9944305419922,80.7318115234375,66.6978759765625,248.4915313720703,69.81143951416016,52.99551773071289,17.48699951171875,95.47242736816406,15.131450653076172,146.67308044433594,41.95794677734375,129.605712890625,104.0285415649414,257.9710388183594,88.12650299072266,215.82452392578125,32.712467193603516,61.71290588378906,76.10155487060547,16.790111541748047,224.47332763671875,477.79486083984375,195.44113159179688,35.361602783203125,38.602455139160156,74.8808822631836
2022-07-01,159.3119354248047,124.06684112548828,85.13876342773438,238.79295349121094,134.9499969482422,225.54888916015625,50.24665451049805,30.69304084777832,610.2529296875,185.02951049804688,71.51964569091797,84.55669403076172,516.2404174804688,181.3573760986328,139.33604431152344,326.14202880859375,103.65888977050781,94.12374877929688,94.25146484375,648.2706298828125,40.55503845214844,29.771148681640625,45.18356704711914,115.36648559570312,303.2828674316406,273.53826904296875,166.63552856445312,155.50205993652344,104.25282287597656,57.40486526489258,287.20892333984375,318.928955078125,176.8509063720703,241.6585235595703,157.86119079589844,79.75878143310547,73.92362976074219,271.625244140625,76.14724731445312,40.543785095214844,22.489999771118164,107.62107849121094,18.133825302124023,155.04869079589844,40.42144012451172,125.20716094970703,118.0550765991211,271.13031005859375,85.46737670898438,233.20343017578125,33.874229431152344,66.54193115234375,88.44055938720703,15.043814659118652,297.1499938964844,506.3010559082031,208.2884979248047,39.604637145996094,41.9267463684082,84.75250244140625
2022-08-01,154.1260528564453,117.33030700683594,86.5554428100586,223.9979248046875,126.7699966430664,229.38330078125,46.83388137817383,30.511476516723633,607.7085571289062,173.5931396484375,71.47150421142578,94.98848724365234,498.7887878417969,153.8610382080078,134.4697723388672,347.11627197265625,109.50130462646484,91.5379867553711,103.57514953613281,605.5556030273438,38.30440902709961,28.090457916259766,44.89623260498047,107.33289337158203,302.6278991699219,262.15838623046875,163.94284057617188,143.75830078125,103.68891906738281,55.2042121887207,269.0063171386719,291.3979187011719,180.2797393798828,231.48275756835938,161.66136169433594,76.20562744140625,75.43894958496094,252.98089599609375,76.66098022460938,37.033817291259766,22.356000900268555,99.68903350830078,15.069754600524902,152.66477966308594,36.476898193359375,125.13998413085938,110.88591766357422,285.9566650390625,82.29479217529297,223.71875,34.89878463745117,66.6977310180664,83.01886749267578,14.237646102905273,275.6099853515625,484.8200378417969,205.73184204101562,39.46019744873047,42.08549499511719,83.58084869384766
2022-09-01,135.6685333251953,117.1121597290039,75.26441192626953,189.30270385742188,113.0,211.4651336669922,41.66358184814453,27.415847778320312,501.8231506347656,154.2047576904297,64.19733428955078,89.21733856201172,451.1836853027344,141.75872802734375,123.33805084228516,317.3132629394531,92.15969848632812,80.37911224365234,95.40357971191406,526.2861328125,32.92130661010742,25.936222076416016,37.84757614135742,94.8659439086914,268.59844970703125,252.45114135742188,145.28773498535156,146.53619384765625,95.27381896972656,50.11408233642578,256.3862609863281,313.817138671875,174.4016876220703,212.8773651123047,134.62353515625,76.88410949707031,69.94171142578125,225.81675720214844,71.01033782958984,37.633731842041016,23.54400062561035,77.84080505371094,12.119501113891602,144.68020629882812,35.29137420654297,114.53474426269531,90.48275756835938,253.09364318847656,75.497314453125,197.828369140625,32.84053039550781,59.36660385131836,73.06278228759766,12.451854705810547,265.25,471.47955322265625,179.52935791015625,36.559410095214844,41.35996627807617,77.08283233642578
2022-10-01,150.53123474121094,127.7491683959961,76.54421997070312,182.6811065673828,102.44000244140625,229.12216186523438,44.48351287841797,32.93301773071289,593.4326171875,203.43226623535156,67.47801971435547,111.50259399414062,479.1086120605469,160.23745727539062,155.29933166503906,377.4013977050781,104.0887680053711,80.51737976074219,118.01136016845703,524.065673828125,33.914398193359375,30.073871612548828,47.62678909301758,93.73529052734375,315.7648010253906,270.9224853515625,177.52647399902344,156.05345153808594,114.7662124633789,53.930660247802734,283.961181640625,351.4149475097656,181.03192138671875,251.55213928222656,92.43461608886719,91.07521057128906,72.73900604248047,225.07020568847656,70.18619537353516,38.39975357055664,29.187999725341797,87.04293060302734,13.479324340820312,161.9967041015625,37.541439056396484,122.17343139648438,99.25845336914062,269.32244873046875,87.44996643066406,217.4228515625,47.81570053100586,57.16655349731445,90.2437973022461,14.797736167907715,227.5399932861328,519.8859252929688,181.66725158691406,41.80426025390625,45.387535095214844,97.83012390136719
2022-11-01,145.31849670410156,142.07736206054688,84.27526092529297,196.50035095214844,96.54000091552734,283.8040771484375,52.139339447021484,34.58698272705078,657.8281860351562,223.66824340820312,71.27127075195312,109.2210922241211,516.10302734375,157.93130493164062,157.36825561523438,420.47906494140625,95.61824798583984,86.35009002685547,123.41478729248047,638.9837036132812,36.357574462890625,37.96775436401367,52.62145233154297,100.16215515136719,353.9303894042969,296.4109802246094,191.03982543945312,159.66845703125,127.10740661621094,57.318782806396484,321.329345703125,360.1399230957031,198.448974609375,251.67210388183594,117.18042755126953,99.10279083251953,83.18696594238281,247.38038635253906,76.70673370361328,43.07268142700195,30.55299949645996,103.01834106445312,16.900836944580078,165.50283813476562,40.42863082885742,136.27919006347656,105.56800079345703,259.0712585449219,91.04684448242188,240.75645446777344,47.374576568603516,59.05231475830078,98.9054946899414,15.928011894226074,194.6999969482422,512.9652709960938,200.36476135253906,43.58586502075195,48.605133056640625,98.29804992675781
2022-12-01,127.76162719726562,142.4564208984375,83.44059753417969,188.16075134277344,84.0,282.0655517578125,52.90578079223633,30.264751434326172,651.0569458007812,226.64845275878906,72.4762954711914,104.74732971191406,436.9051513671875,130.67152404785156,155.2808074951172,408.8086242675781,84.88109588623047,89.91692352294922,112.62373352050781,608.9830322265625,38.32341384887695,36.25061798095703,51.28709030151367,87.50676727294922,316.7930908203125,290.72125244140625,187.38473510742188,159.48025512695312,123.35433959960938,57.72529602050781,311.4930419921875,356.0448303222656,186.02197265625,244.49818420410156,119.40298461914062,99.84973907470703,75.99179077148438,233.18162536621094,76.09504699707031,42.82769775390625,29.488000869750977,109.89310455322266,14.598593711853027,161.1759033203125,41.67799758911133,138.47190856933594,101.03302764892578,243.6205291748047,93.62159729003906,229.87979125976562,49.12986373901367,63.003597259521484,97.28245544433594,15.209270477294922,123.18000030517578,496.50201416015625,190.81790161132812,37.77375411987305,45.215335845947266,98.1637954711914
2023-01-01,141.8819580078125,130.2390594482422,82.57060241699219,199.8685760498047,103.12999725341797,294.8082275390625,55.81645965576172,32.610843658447266,702.3362426757812,238.69236755371094,68.55766296386719,108.85762023925781,489.19970703125,165.53961181640625,150.54859924316406,404.2918701171875,105.99391174316406,89.44547271728516,116.36701965332031,686.2412719726562,37.401451110839844,42.565860748291016,63.164405822753906,98.02977752685547,337.4864501953125,298.369873046875,182.29571533203125,147.53616333007812,128.74476623535156,55.64714813232422,317.1414794921875,334.935546875,194.43421936035156,248.08872985839844,147.81005859375,97.30437469482422,86.99459838867188,240.95042419433594,67.93030548095703,48.5941162109375,35.38600158691406,119.95247650146484,19.516407012939453,153.52734375,35.91920852661133,130.0846710205078,116.64280700683594,266.38604736328125,92.62898254394531,229.1630401611328,52.54371643066406,59.71268844604492,108.00778198242188,16.828506469726562,173.22000122070312,468.9216613769531,189.32318115234375,42.8785514831543,46.05158233642578,103.24554443359375
2023-02-01,144.9498748779297,136.9497833251953,77.30668640136719,177.16087341308594,94.2300033569336,263.0471496582031,56.70186996459961,31.526269912719727,637.7835693359375,227.7198944091797,67.85029602050781,92.31504821777344,463.39691162109375,161.24270629882812,139.08570861816406,400.84979248046875,97.3182144165039,82.29507446289062,100.07945251464844,639.88623046875,35.80575180053711,39.213680267333984,66.48429107666016,89.32174682617188,324.4227600097656,272.93896484375,167.4308319091797,138.36367797851562,132.837158203125,54.00459671020508,333.8447570800781,302.8872985839844,193.0885467529297,244.8507843017578,173.57781982421875,96.24445343017578,86.94842529296875,242.51589965820312,64.65348815917969,40.03758239746094,32.2130012512207,111.90727233886719,23.191524505615234,155.7805938720703,33.30208969116211,126.46957397460938,111.33757781982422,261.66827392578125,90.99626159667969,214.4014434814453,49.06724166870117,55.636558532714844,102.65196228027344,15.847929954528809,205.7100067138672,447.0813903808594,192.18820190429688,42.78707504272461,45.49462127685547,97.81671905517578
2023-03-01,162.39552307128906,141.81735229492188,80.70172119140625,182.82440185546875,103.29000091552734,264.17852783203125,61.21004867553711,26.287208557128906,618.9951171875,217.53878784179688,69.56275939941406,89.01162719726562,476.3699951171875,196.8893280029297,142.4011993408203,394.76873779296875,97.82624816894531,85.0860366821289,101.50511169433594,670.3525390625,37.45779800415039,39.15625,75.03126525878906,102.87969970703125,301.7828369140625,271.63189697265625,168.001220703125,140.94105529785156,120.75345611572266,56.29145812988281,340.6199951171875,335.3064270019531,187.6642608642578,260.91473388671875,210.2897491455078,96.38033294677734,79.10956573486328,281.02178955078125,70.61357116699219,45.00440979003906,34.54800033569336,115.53421783447266,27.74772071838379,163.65354919433594,33.49089431762695,136.70220947265625,112.57366180419922,264.46044921875,91.34768676757812,218.3061981201172,45.491455078125,62.029476165771484,94.14315795898438,16.132871627807617,207.4600067138672,443.93450927734375,187.86529541015625,34.41485595703125,47.197509765625,98.34520721435547
2023-04-01,167.10296630859375,134.47598266601562,81.97003936767578,182.86912536621094,105.44999694824219,272.4598083496094,60.20530319213867,27.086769104003906,625.4171142578125,207.99461364746094,73.86703491210938,92.88506317138672,482.4580993652344,195.499755859375,147.13157653808594,362.5686950683594,100.1417236328125,87.21163940429688,106.7686767578125,676.4490356445312,37.9495964050293,36.284854888916016,77.74820709228516,106.46011352539062,319.11712646484375,278.62371826171875,175.6663818359375,148.85191345214844,128.10189819335938,58.66188430786133,355.3724670410156,386.50750732421875,195.04054260253906,275.9755859375,238.44879150390625,105.33331298828125,81.06477355957031,299.50311279296875,70.20130157470703,43.93058395385742,32.99300003051758,119.71820068359375,27.724456787109375,172.52293395996094,31.923053741455078,143.77224731445312,113.83196258544922,260.7634582519531,93.18529510498047,230.708984375,45.72307205200195,65.56865692138672,96.70288848876953,14.80871868133545,164.30999755859375,463.89862060546875,182.67532348632812,36.596858978271484,48.52228546142578,106.12959289550781
2023-05-01,174.55799865722656,123.89476776123047,73.72158813476562,166.24737548828125,120.58000183105469,249.1161651611328,77.64319610595703,25.708375930786133,612.6981201171875,196.6507568359375,69.28997802734375,89.6441421508789,490.4539489746094,220.14788818359375,131.45663452148438,331.83831787109375,85.93624877929688,78.75330352783203,96.53472137451172,696.5067138671875,35.45480728149414,32.98823547363281,79.75926971435547,121.8628158569336,300.9610290527344,262.780029296875,168.4231414794922,140.99559020996094,126.7444076538086,54.55599594116211,340.1841735839844,419.3136901855469,189.69668579101562,266.04693603515625,262.6587829589844,100.71751403808594,74.30540466308594,320.0997009277344,67.29724884033203,37.58195877075195,39.52299880981445,99.44396209716797,37.800540924072266,164.80465698242188,31.20891761779785,131.83151245117188,113.19577026367188,250.56565856933594,85.9468765258789,221.2296600341797,39.682254791259766,62.1810188293457,89.7309341430664,13.369824409484863,203.92999267578125,459.3264465332031,179.7069549560547,36.6521110534668,47.20453643798828,91.63697814941406
2023-06-01,191.2882843017578,120.99404907226562,75.3582992553711,174.81028747558594,130.36000061035156,277.2450866699219,83.35813903808594,26.54096031188965,643.996826171875,235.1685028076172,71.76798248291016,94.01728820800781,517.2440795898438,208.20321655273438,138.67518615722656,388.628173828125,87.22588348388672,79.9607925415039,102.96797943115234,735.8240356445312,36.740848541259766,38.425437927246094,86.29523468017578,118.71878814697266,301.9793395996094,290.0604248046875,183.35682678222656,151.6424102783203,135.83157348632812,55.06809997558594,366.559326171875,459.0910949707031,212.86997985839844,278.4577331542969,284.7455139160156,105.26033020019531,77.613525390625,332.6685485839844,68.41140747070312,39.93289566040039,44.04899978637695,104.27159881591797,42.264583587646484,167.39849853515625,30.43476676940918,140.3797607421875,111.45079040527344,258.1542663574219,91.93736267089844,258.57159423828125,45.509979248046875,63.2195930480957,98.54615020751953,13.556815147399902,261.7699890136719,453.10455322265625,192.2962188720703,39.601829528808594,50.71010971069336,97.01850128173828
2023-07-01,193.73402404785156,134.33009338378906,75.84159851074219,172.945068359375,133.67999267578125,284.3015441894531,86.81841278076172,29.839250564575195,693.5154418945312,253.44288635253906,71.04134368896484,107.4627456665039,538.658935546875,221.75424194335938,144.23629760742188,413.31549072265625,86.8448486328125,83.41798400878906,119.24453735351562,760.20947265625,37.75089645385742,42.892398834228516,89.74391174316406,131.63204956054688,333.1846618652344,311.7235107421875,171.54244995117188,153.48390197753906,147.5244903564453,57.06310272216797,377.14361572265625,444.9653625488281,220.9528350830078,275.04833984375,316.1192321777344,97.93758392333984,83.21186065673828,328.1554260253906,67.58163452148438,40.17627716064453,43.89699935913086,104.6337890625,46.692501068115234,170.60650634765625,29.920333862304688,144.59835815429688,114.19004821777344,251.8207550048828,82.5240249633789,269.26422119140625,54.34632110595703,65.10041046142578,108.10333251953125,12.341378211975098,267.42999267578125,479.3200378417969,218.0460205078125,42.83085250854492,51.574745178222656,97.00943756103516
2023-08-01,185.27259826660156,133.44027709960938,70.1673583984375,164.7753448486328,138.00999450683594,275.1392517089844,89.16022491455078,26.734102249145508,657.5559692382812,270.0278015136719,68.87488555908203,108.65857696533203,527.716064453125,218.25564575195312,141.98011779785156,395.36285400390625,81.75472259521484,79.12323760986328,116.51071166992188,733.4210815429688,36.181697845458984,38.48072814941406,89.98323059082031,135.05377197265625,306.8196716308594,308.41802978515625,166.0726776123047,148.1243438720703,137.60133361816406,55.128143310546875,373.6392822265625,542.5142211914062,218.4049530029297,263.7444152832031,293.5860900878906,100.07726287841797,78.10206604003906,320.1840515136719,61.588722229003906,36.900020599365234,43.36800003051758,96.40640258789062,49.31645202636719,161.92416381835938,29.683176040649414,143.68475341796875,113.68659210205078,247.02117919921875,80.75022888183594,264.60931396484375,54.92388153076172,60.951778411865234,98.46427154541016,12.794999122619629,258.0799865722656,451.1213684082031,207.28561401367188,38.31208419799805,52.46196365356445,100.5826187133789
2023-09-01,169.07095336914062,135.34710693359375,68.01982879638672,149.44468688964844,127.12000274658203,263.88189697265625,80.24217987060547,25.74396514892578,606.8224487304688,262.21875,66.66249084472656,109.83747863769531,543.80615234375,199.84593200683594,150.03579711914062,363.0749206542969,79.18524169921875,79.53105163574219,114.8258285522461,684.8155517578125,34.3859977722168,35.954551696777344,86.90936279296875,129.78729248046875,305.4696960449219,283.9440002441406,164.13839721679688,143.7275848388672,136.3695068359375,51.5806999206543,359.4579162597656,526.9310913085938,196.9510955810547,248.45947265625,297.8724365234375,94.53983306884766,74.91010284423828,309.1047058105469,53.18656539916992,34.58791732788086,37.7599983215332,90.63396453857422,43.46501922607422,155.2914276123047,27.82902717590332,135.79019165039062,102.7115478515625,235.52725219726562,68.01658630371094,248.92709350585938,54.30905532836914,58.84656524658203,93.72716522216797,12.993975639343262,250.22000122070312,477.2565002441406,192.4857635498047,38.20962142944336,51.780757904052734,107.23491668701172
2023-10-01,168.63644409179688,128.1920166015625,68.3092041015625,161.93093872070312,133.08999633789062,264.6021728515625,81.72731018066406,24.7661075592041,578.8811645507812,217.12294006347656,70.42169189453125,109.46733093261719,531.7548217773438,197.92413330078125,129.6685791015625,352.74951171875,79.71280670166016,80.09873962402344,114.36383819580078,688.0027465820312,35.43240737915039,32.57025146484375,85.4614028930664,123.0628890991211,286.626220703125,267.52716064453125,162.82342529296875,136.88951110839844,130.76499938964844,52.46357727050781,370.1475830078125,543.412109375,180.58587646484375,247.26168823242188,298.9241943359375,94.95321655273438,64.95816802978516,330.99407958984375,54.124229431152344,35.43965148925781,41.16899871826172,97.73783874511719,40.75149917602539,149.64576721191406,25.6392822265625,139.6723175048828,92.87149047851562,215.6922149658203,76.91913604736328,232.49136352539062,52.0662956237793,61.192420959472656,96.9320068359375,13.322715759277344,200.83999633789062,508.9242248535156,196.24798583984375,37.19032287597656,52.90747833251953,96.53695678710938
2023-11-01,187.5768280029297,130.58485412597656,71.93535614013672,191.64596557617188,146.08999633789062,253.46310424804688,89.92168426513672,28.668136596679688,710.2514038085938,242.06300354003906,74.33087158203125,106.49107360839844,570.5458374023438,248.25521850585938,127.77335357666016,351.8323669433594,90.55742645263672,83.1534652709961,112.17469787597656,768.5010986328125,35.0411376953125,36.12936019897461,95.82250213623047,131.44363403320312,322.4344482421875,294.5909118652344,174.07164001464844,142.72174072265625,147.85272216796875,54.27458572387695,400.7640075683594,579.8175048828125,189.51979064941406,265.8131103515625,324.6027526855469,94.74980926513672,73.662353515625,370.9353942871094,54.319183349609375,38.01226806640625,47.39699935913086,104.87062072753906,46.7373161315918,154.23745727539062,25.56377410888672,143.82345581054688,105.942626953125,233.8088836669922,77.00418853759766,272.1069030761719,48.680023193359375,64.53845977783203,110.16324615478516,14.608748435974121,240.0800018310547,525.4683837890625,212.9414825439453,41.69767379760742,50.40796661376953,93.70059967041016
2023-12-01,190.3750762939453,142.1218719482422,74.28194427490234,198.16331481933594,151.94000244140625,256.5078125,108.42803955078125,31.91079330444336,767.5175170898438,285.4609375,75.21790313720703,107.49107360839844,636.5304565429688,259.3326110839844,134.11181640625,386.06842041015625,88.212646484375,88.4544906616211,110.24235534667969,763.6964111328125,32.97217559814453,41.21186828613281,100.40908813476562,138.54493713378906,367.1807861328125,327.8446044921875,187.42018127441406,145.79945373535156,161.1337432861328,55.16545104980469,397.8001708984375,572.9083862304688,212.1291046142578,281.3244934082031,351.2039489746094,100.7964859008789,86.57695007324219,368.8730163574219,56.84832763671875,39.53706741333008,48.6879997253418,103.25384521484375,49.48740005493164,156.84495544433594,24.479944229125977,137.2843017578125,122.87613677978516,275.59014892578125,80.10421752929688,305.1094055175781,48.680023193359375,64.39801788330078,125.82020568847656,14.793893814086914,248.47999572753906,500.2862854003906,232.17776489257812,46.437686920166016,51.04256057739258,92.01724243164062
2024-01-01,182.3360595703125,150.7700653076172,71.46504974365234,181.0166015625,155.1999969482422,241.0989227294922,115.14750671386719,32.233028411865234,736.95751953125,289.94073486328125,79.45486450195312,103.60150146484375,685.3270874023438,277.0228271484375,132.55633544921875,381.39141845703125,94.14595794677734,87.3515396118164,105.04618072509766,786.8143920898438,31.9710693359375,38.42374801635742,104.24291229248047,138.95156860351562,365.5056457519531,333.9085998535156,180.7620391845703,147.80868530273438,165.16915893554688,55.68968200683594,393.3169860839844,634.5216674804688,202.87376403808594,277.7286071777344,387.10223388671875,112.47798919677734,80.99702453613281,390.0024108886719,54.873512268066406,32.965065002441406,56.4109992980957,96.88365173339844,61.48941421508789,155.6351776123047,23.025941848754883,147.21478271484375,117.52871704101562,258.6865234375,86.74944305419922,297.7531433105469,45.77561950683594,63.84696960449219,124.05469512939453,15.596183776855469,187.2899932861328,487.9478454589844,231.87413024902344,47.34341812133789,53.701934814453125,94.62184143066406
2024-02-01,178.7269287109375,162.99676513671875,77.9128189086914,183.9865264892578,176.75999450683594,220.66712951660156,126.90522003173828,32.71638870239258,772.2013549804688,323.922607421875,82.13184356689453,104.22199249267578,733.6632080078125,304.35162353515625,136.6742706298828,353.7449645996094,109.36809539794922,83.70543670654297,106.49979400634766,842.807373046875,32.91706466674805,36.73714828491211,123.50604248046875,137.32501220703125,370.3027648925781,360.066162109375,177.60723876953125,150.1155548095703,177.33926391601562,56.185821533203125,436.05596923828125,740.7355346679688,230.55410766601562,277.3111572265625,486.3136901855469,118.41014862060547,80.66543579101562,405.75634765625,51.65391159057617,29.851009368896484,60.29199981689453,99.17381286621094,79.06367492675781,152.6892547607422,22.92363739013672,149.8414764404297,123.63289642333984,259.3077392578125,85.36898803710938,324.8011474609375,45.42783737182617,61.7622184753418,132.583984375,15.169624328613281,201.8800048828125,470.65130615234375,241.1517791748047,52.44758987426758,57.140159606933594,96.19566345214844
2024-03-01,169.7770538330078,168.5982208251953,79.65149688720703,182.81150817871094,180.3800048828125,228.42684936523438,129.33700561523438,36.1919059753418,793.482666015625,355.41668701171875,85.4828109741211,118.71337890625,723.6203002929688,296.8221740722656,143.37376403808594,398.02001953125,119.93439483642578,89.15414428710938,118.94926452636719,786.4215698242188,34.5059700012207,45.68581771850586,138.1797332763672,149.69277954101562,400.37994384765625,362.89483642578125,184.44244384765625,148.26548767089844,190.91180419921875,57.271724700927734,451.1151428222656,765.9387817382812,244.02316284179688,269.0322570800781,482.3102722167969,122.88021087646484,88.27820587158203,413.464599609375,60.36270523071289,34.23552322387695,60.733001708984375,89.67916107177734,90.3008041381836,162.8527374267578,23.950716018676758,152.96200561523438,120.80345916748047,264.96209716796875,93.46324920654297,340.5274353027344,51.81220245361328,66.5832290649414,140.05714416503906,15.769960403442383,175.7899932861328,471.7000732421875,234.98129272460938,55.06771469116211,58.661033630371094,107.97649383544922
2024-04-01,168.63845825195312,150.58106994628906,79.58673858642578,158.72837829589844,175.0,224.47006225585938,127.42414093017578,35.3233757019043,722.6934814453125,324.5143127441406,87.25797271728516,117.16512298583984,714.0099487304688,265.3948669433594,146.58230590820312,380.6928405761719,108.89761352539062,90.58305358886719,122.94094848632812,677.5861206054688,34.88502883911133,48.5229606628418,159.61590576171875,161.44566345214844,409.0261535644531,318.0711669921875,173.19171142578125,135.5187225341797,182.75303649902344,58.28654479980469,429.686279296875,769.0302734375,218.40711975097656,260.53045654296875,427.2734680175781,121.10118865966797,85.16559600830078,382.6159362792969,63.25286102294922,39.12689208984375,55.06399917602539,88.3524169921875,86.353271484375,163.6902313232422,22.112335205078125,153.85760498046875,95.3707275390625,239.46365356445312,97.28688049316406,293.7420349121094,44.88311004638672,68.21672058105469,127.40409088134766,15.133783340454102,183.27999877929688,463.02972412109375,226.60177612304688,56.35984802246094,58.058658599853516,109.86217498779297
2024-05-01,190.3407745361328,150.6790313720703,83.49068450927734,182.72669982910156,176.44000244140625,253.3052520751953,130.1955108642578,38.167572021484375,739.3473510742188,329.5425109863281,88.75703430175781,108.64028930664062,801.2140502929688,231.34967041015625,147.51849365234375,364.4987487792969,101.85014343261719,95.47817993164062,116.67286682128906,727.0109252929688,34.85718536376953,51.385711669921875,163.18045043945312,171.08596801757812,437.6007995605469,318.68975830078125,181.6926727294922,137.4682159423828,194.25917053222656,59.38113021850586,424.3853759765625,807.6637573242188,213.00196838378906,247.02874755859375,463.6865234375,117.65239715576172,92.57600402832031,407.9709777832031,75.57853698730469,40.37849044799805,64.16200256347656,91.02424621582031,109.5711669921875,160.88931274414062,24.73612403869629,156.1225128173828,103.25833129882812,252.73593139648438,103.3145980834961,297.8500061035156,43.38007354736328,74.37942504882812,137.17723083496094,16.5929012298584,178.0800018310547,474.20098876953125,222.45497131347656,56.92990493774414,64.3292007446289,108.92398834228516
2024-06-01,208.81118774414062,160.28573608398438,81.96495819091797,181.45713806152344,193.25,245.08970642089844,157.3390655517578,37.95759963989258,753.989990234375,324.2662048339844,92.65254974365234,107.36028289794922,840.8844604492188,253.71096801757812,143.6096649169922,363.39971923828125,97.32173156738281,93.32469940185547,117.90937042236328,724.814208984375,32.44972229003906,47.361000061035156,157.08367919921875,180.65687561035156,436.19866943359375,329.88446044921875,192.90805053710938,138.0975799560547,193.9044647216797,60.060523986816406,427.59124755859375,892.9092407226562,212.20309448242188,243.16427612304688,500.8247985839844,116.021728515625,91.96097564697266,440.0345458984375,66.87973022460938,40.311092376708984,67.48799896240234,72.17778778076172,123.4703140258789,153.4729461669922,24.51341438293457,156.4830780029297,104.95919799804688,265.4913330078125,96.78276062011719,293.2479553222656,44.59952163696289,72.65315246582031,137.62149047851562,17.40342140197754,197.8800048828125,487.49737548828125,217.4199981689453,56.7507438659668,66.46603393554688,107.80470275878906
2024-07-01,220.1727752685547,173.1818389892578,91.6617660522461,207.45509338378906,186.97999572753906,250.598388671875,157.9635009765625,38.70698547363281,844.9297485351562,337.018798828125,94.70536041259766,104.37545013427734,813.1943969726562,255.38856506347656,147.32798767089844,363.2119445800781,91.8327407836914,101.74189758300781,118.78055572509766,757.0409545898438,34.8780632019043,44.25232696533203,168.18038940429688,170.3291015625,490.8874816894531,352.80694580078125,184.9673309326172,149.14271545410156,204.00904846191406,63.46491622924805,443.324462890625,793.1919555664062,236.3148651123047,254.88462829589844,472.1009826660156,106.65637969970703,97.65708923339844,411.8770446777344,72.61737060546875,47.526668548583984,62.834999084472656,71.96953582763672,116.96359252929688,161.9422149658203,26.756242752075195,152.535888671875,118.81570434570312,276.1406555175781,113.26832580566406,344.70855712890625,45.93983840942383,78.22599792480469,140.94134521484375,17.530920028686523,232.07000732421875,553.8782958984375,237.09024047851562,56.702972412109375,67.37895202636719,111.05418395996094
2024-08-01,227.0333251953125,185.1372528076172,93.6795883178711,210.90016174316406,178.5,266.6741943359375,160.06735229492188,39.129486083984375,869.328125,348.0680847167969,102.20359802246094,106.80650329589844,884.0773315429688,249.9547882080078,135.83331298828125,376.6475524902344,88.99705505371094,106.09947204589844,121.51358032226562,799.307373046875,35.71250915527344,43.27772521972656,172.8400115966797,162.22671508789062,492.0639953613281,353.1327819824219,187.82203674316406,156.71087646484375,216.70748901367188,68.91374206542969,467.5191345214844,946.7965698242188,240.35275268554688,277.2230224609375,518.3138427734375,111.67195129394531,98.91740417480469,410.6857604980469,76.53390502929688,51.71079635620117,70.13500213623047,80.10287475585938,119.31248474121094,162.1392059326172,25.77449607849121,163.74334716796875,120.48411560058594,320.7456359863281,118.90812683105469,362.9560546875,41.8491096496582,80.92344665527344,153.71824645996094,18.394880294799805,214.11000061035156,567.375244140625,246.0845184326172,55.87163543701172,75.8111343383789,110.44550323486328
2024-09-01,231.266357421875,186.2406463623047,96.7149887084961,218.90090942382812,186.3300018310547,284.7393493652344,169.5836944580078,38.1020393371582,915.31005859375,382.2981872558594,99.62211608886719,99.5335922241211,878.2717895507812,270.52239990234375,136.72227478027344,407.4929504394531,94.71815490722656,108.35755920410156,115.95762634277344,854.7271728515625,38.40837478637695,48.790061950683594,186.65773010253906,164.6792755126953,480.28826904296875,390.6607666015625,187.75973510742188,154.28268432617188,203.26931762695312,68.33368682861328,466.16033935546875,874.957763671875,261.97003173828125,292.445068359375,569.14990234375,107.06177520751953,99.51886749267578,424.4056701660156,80.87581634521484,51.76890563964844,70.927001953125,84.98673248291016,121.38148498535156,159.4850311279297,25.71230125427246,165.32791137695312,119.03250885009766,339.5487976074219,117.43151092529297,375.7962646484375,39.908390045166016,85.16575622558594,155.25222778320312,20.33605194091797,261.6300048828125,562.06884765625,238.11012268066406,54.391998291015625,79.49241638183594,110.65501403808594
2024-10-01,224.22911071777344,192.2669677734375,93.08583068847656,200.99803161621094,186.39999389648438,296.9709167480469,167.44879150390625,40.41873550415039,951.2910766601562,367.7147521972656,89.92957305908203,103.56107330322266,866.0465698242188,288.42889404296875,138.1612548828125,396.54547119140625,94.72799682617188,108.32936096191406,115.04265594482422,874.4191284179688,37.22439193725586,44.000980377197266,170.2808074951172,170.12759399414062,502.2892761230469,379.62164306640625,186.82418823242188,152.18829345703125,213.93116760253906,62.53085708618164,447.22637939453125,819.4545288085938,253.2457275390625,282.1687927246094,564.856201171875,97.11035919189453,110.98491668701172,400.7838134765625,75.82405853271484,44.22506332397461,75.60299682617188,74.48263549804688,132.70736694335938,156.94773864746094,25.143678665161133,157.67242431640625,107.25023651123047,309.65228271484375,117.2667465209961,353.2486572265625,38.36939239501953,85.968505859375,157.3043975830078,20.835208892822266,249.85000610351562,544.593505859375,224.189453125,62.508907318115234,80.67372131347656,110.2396469116211
2024-11-01,235.5641326904297,173.8964080810547,94.13215637207031,198.15597534179688,207.88999938964844,321.643798828125,159.8639373779297,45.9180793762207,991.7948608398438,398.3762512207031,93.1952896118164,102.42655944824219,962.8375244140625,326.65899658203125,150.33229064941406,456.5235595703125,115.67253875732422,110.00218963623047,126.60633850097656,945.0983276367188,37.470664978027344,43.33256530761719,180.57022094726562,167.97999572753906,590.3517456054688,413.732177734375,211.5760040283203,147.57101440429688,242.20562744140625,61.353206634521484,451.9716796875,785.49072265625,264.6160888671875,285.93609619140625,571.5638427734375,96.46497344970703,126.6426773071289,417.659423828125,75.2691421508789,40.818641662597656,88.68099975585938,76.06634521484375,138.19520568847656,154.46234130859375,23.286779403686523,172.11851501464844,110.89677429199219,327.5222473144531,118.08089447021484,391.2841491699219,42.07514190673828,84.17414093017578,170.7727813720703,21.68318748474121,345.1600036621094,588.6819458007812,236.35195922851562,73.3410873413086,91.05943298339844,111.35356903076172
2024-12-01,248.83021545410156,168.9246826171875,87.78734588623047,173.8937225341797,219.38999938964844,279.0343933105469,228.67010498046875,42.47737503051758,994.0348510742188,355.8518371582031,87.67861938476562,94.4122543334961,908.9511108398438,330.9552001953125,135.83799743652344,415.1728820800781,109.64617919921875,102.2178726196289,116.4595947265625,912.2423095703125,36.011329650878906,37.332672119140625,165.33433532714844,188.2131805419922,555.4779052734375,377.00738525390625,206.1914825439453,138.7843780517578,232.496826171875,60.06277084350586,410.4796447753906,763.6929321289062,239.72119140625,280.0243835449219,582.7001953125,94.41495513916016,120.97498321533203,416.55841064453125,69.0505599975586,36.440467834472656,89.13200378417969,73.07275390625,134.2367706298828,143.6986541748047,23.937210083007812,160.97105407714844,100.3749771118164,281.7792663574219,112.75627136230469,335.3157958984375,36.71281814575195,78.38463592529297,160.17852783203125,21.318056106567383,403.8399963378906,488.0213623046875,220.29629516601562,68.02101135253906,88.9428939819336,102.37986755371094
