,AAPL,MSFT,NVDA,AVGO,CRM,JPM,BAC,GS,MS,BLK,WFC,JNJ,UNH,LLY,ABBV,MRK,PFE,AMZN,TSLA,HD,MCD,NKE,LOW,CAT,HON,UNP,RTX,GE,DE,GOOGL,META,DIS,NFLX,T,PG,KO,PEP,WMT,COST,CL,XOM,CVX,COP,SLB,EOG,NEE,DUK,SO,AEP,EXC,PLD,AMT,EQIX,SPG,PSA,LIN,APD,NEM,FCX,SHW
2016-02-01,0.0196708066086716,0.03614328962374393,-0.023257419925774032,-0.03114235294287257,-0.07235615936818679,0.04570903794271168,0.0073968668550976205,-0.13396794015843533,-0.016489567239784012,0.08543805713022835,-0.020331985939874564,-0.1336870721111743,-0.011049544679089486,-0.010358995401724157,-0.03549863083025463,0.050954259271669224,0.003297768010583267,0.00683095642211334,-0.08381646975142815,-0.02972547835404625,0.05629864636497203,0.4914242841645916,-0.023544887135411512,-0.061617607074541704,-0.09283689960895247,-0.012125929324517956,-0.009633634548619157,0.011222759403260885,-0.0631706581295685,0.021721866351053287,0.029246904669904674,-0.08187719002147308,-0.05734552783803395,-0.05321014805281499,-0.03580198439704245,-0.002327313208368962,-0.042118717310101556,-0.04668809935828869,0.001482432433948102,0.2415719840168743,0.04046426006349959,0.011693095373737973,0.07998895933470429,0.0032125602747470824,-0.02238779434359051,-0.016005502595738203,-0.03021039135504098,-0.027369579220061696,0.07665933351187416,0.03906457180635778,-0.01880475292428021,-0.02765036970127379,-0.012011199725276343,0.03615762073332158,-0.017483993614454837,0.028091047617620254,0.06733443976821157,-0.021823899390453143,0.046507769234099564,0.014573061748775009
2016-03-01,0.09246738458526019,0.026792440890178175,0.09738875724635411,0.08442275978620045,0.0705092539283722,0.07712734351212466,0.1392881343029688,0.08199694217067437,0.08982104328456468,0.12262242763739416,0.06350164261370336,0.16931267950345164,0.03973758902166292,0.09316617318536637,0.14077617009709426,-0.046539365227195637,0.033012155115866096,0.08199392940384083,0.09003678463647155,0.07793286809591014,0.14839313249752922,0.30558196816114264,0.09620205362324159,0.07405160418035647,0.05520226657185684,0.06821256768058286,0.10146616223882308,0.030578841169040513,0.06851256824816514,0.06472368750887386,0.09601314213090732,-0.011756144961882101,0.11709230528693362,0.07861447010760617,0.058002332894600696,0.04577112941282424,0.007999812363927696,0.07970782398568356,0.05736811046560021,0.03432414795363467,0.07805843690693745,-0.0069619561367751616,0.135486327114079,0.04531856250245659,0.016892789533134153,0.03085875683569462,0.14852463650749143,0.11451464042101935,0.058955485514329456,0.07377264315167913,0.04742353296389331,0.09010010480946387,0.12346671175834814,0.06649758573025913,0.19597740565411795,0.08308110619618692,0.019623138359411686,0.058529796575685814,0.04921992682968211,0.05863870171331739
2016-04-01,-0.1090833670532343,0.10043718443871438,-0.10392102756775792,0.01779270706706245,0.08942966425916958,0.028772214403930976,-0.03894695706060616,0.06006135036322881,0.033672090772349214,-0.010968837727253076,0.019566488890431215,0.1924801769079132,-0.05615415485023138,0.039537522593284705,0.055678762521869485,0.11273939287644084,0.06160464471027348,-0.006646104613653898,0.13615241875494996,-0.002545749838346943,-0.02483209132067033,0.29179068678397635,-0.06262801600344904,-0.09230418690009805,0.030913155352280897,0.014238796715147745,0.028974348906872165,0.03397504350482293,0.039418257104058614,-0.00358892508414433,0.048748806859350784,0.06307915330975698,-0.027364592982743678,0.012037649101399883,0.050329890274371514,0.05447034793373907,0.0828694804219022,-0.044762000357959617,-0.01414019826186461,0.25686921402767193,-0.09062984973477137,-0.008162185935566876,0.027134752306722614,0.02772765692223959,0.10848136297189367,-0.034397681143994496,0.04122150640941153,-0.12089256855588337,0.016961696916053825,-0.0026307252626843695,0.07099992256784153,-0.0532153771012584,-0.07340208922706526,-0.01742961096874807,0.017863253455202656,0.015992271248122317,0.04698780262838089,0.0710580761006489,0.009572664510290187,0.021000954633786435
2016-05-01,0.03200434103278858,0.03168647142804474,0.06503461886509396,0.02880812804613016,0.09077342221237869,-0.030299128128744468,0.03384894116144696,0.004854023911036799,-0.007454944207408089,-0.058727765710301805,-0.016749558515513113,-0.08119407817330064,0.01923434451971455,0.09575529963084321,-0.02055259125040017,-0.03898906634073977,-0.058408063147774435,0.0054935463324395405,-0.04352216938755494,0.1174434897396527,0.006079862800393729,-0.21441175627602385,0.0004001833093640432,0.05028281317964355,-0.011613681417010982,-0.03990851575333369,-0.017782279886140798,0.02218104555907289,0.03254338471517782,0.012614498421824383,-0.04472094057102545,-0.025129632300558473,0.06017938071855521,-0.01730934578638968,0.012633100025276074,0.04067203667822992,0.026452372477150526,0.029213097389158345,0.032758880598102,-0.05972494051801751,0.11988142606113134,-0.08572917047352191,0.2184108227755326,-0.04400069170487079,0.022499156769630546,0.038556328788354896,0.0508665803674565,0.058659222168330964,-0.01174279458415502,0.023429221877387038,-0.0367124109694677,0.0015656996708453257,0.02267218628654887,0.041934168536107166,-0.027552605748294767,0.014167627100438446,-0.020085549761739263,-0.02647230043154728,-0.018271233700458696,0.013285410628929904
2016-06-01,-0.004056343822438704,-0.0008572732349822372,0.003935183112037208,0.057068890273241565,-0.030955847522648905,0.0050511869858693124,0.024367686916196837,-0.09782346516888628,-0.046370812560916345,0.015998505623207697,0.06363153117883678,0.007179221750592844,0.055522932051933926,-0.01852556409776112,0.03756492205118781,0.00984541256922924,0.0044482817922838185,0.03531952993210265,0.05168864666537112,0.0500511549946718,0.04460069078284651,0.0017993100446538355,0.015771751508807993,-0.06296481168066498,-0.07921865725981547,-0.003181515382220928,0.0439634723646396,0.06204718812236802,-0.03716879750682768,0.003117910800743546,-0.032486976359783204,0.05700465437544912,-0.022972324920679,-0.003526486298868101,-0.01583803144398862,0.02660742667643141,-0.046617760383916164,0.03632209975513663,0.09312684746711684,0.1819189481597083,-0.09550021639110987,0.0077856655928076664,0.040681467790573064,0.06623569939130658,0.03507483242502591,0.04314050661702015,0.05222887327483887,0.01344463847660127,0.02286044543150547,0.027670692033109706,0.018637240670100582,0.07090887740097121,0.07068748895181153,0.0955442845166795,-0.0755438050772608,0.05516045451647733,0.012242062672394641,-0.042239547526398726,0.054106170237690834,0.04306266094480425
2016-07-01,0.05652123725619007,0.07077037926444295,0.07076883851214055,0.03043609479988664,0.07463794510213163,0.04605281154039257,0.028113331984548906,0.06958061199130636,0.05033089754794406,0.09942907445663472,-0.003682928799584574,-0.06759575764292089,0.05635069543755874,0.0018956723756400756,-0.02722259596462225,-0.0452767463503354,-0.026135794945547127,0.04730416038183153,-0.047618508423521694,-0.030598298779006793,0.04131482211463431,0.13929586948119962,0.01269355485349576,0.1079868504884097,0.07088549208821496,0.061743857936140595,-0.01523655236144868,0.03957435098334294,0.013700788043007445,-0.011282965495820144,0.05927498030252397,0.03209061644729494,0.04272531695967749,-0.018258273786339596,0.06947509628219896,0.027441241600351066,0.09618791093633954,0.07999051646872854,-0.016264172875111282,0.11897663452704323,-0.010608424829966637,0.00695158534286809,0.16907447522145574,0.01799845779436648,0.03737989590741221,0.02024842650580551,0.11169743369014395,-0.05531262682640408,0.06048553625754772,0.020249120024278013,0.04390240379077054,0.007205560346255958,0.0824602319652988,0.006868276946168217,0.13060198899223902,0.009515556402631796,0.07331404150240517,0.026835803905537192,-0.0168454380844567,-0.04551376722156274
2016-08-01,0.0050573878042712034,-0.037909284625557475,-0.021257044751527322,0.028249248380454388,0.024430272214116224,0.02810442598790723,0.06370429947949577,0.10405901235164877,0.0158777194460639,0.009438856806939596,-0.00822728106931596,-0.001089838163138063,-0.02541066570642977,-0.032033030816666176,-0.01133045944468292,0.07438567378953255,-0.016551939994801666,-0.06969302125352146,0.06504164367979058,-0.0066471097935934245,-0.0953388076877357,-0.22305384587985003,0.023040366431338947,-0.0029912250407674716,0.07197974458432267,-0.03467566929826266,-0.007026688944883716,-0.052003639571963335,0.06315344403770497,-0.01685587982561093,0.056640957120182064,-0.06074486118209992,-0.043658635919596116,-0.02276173340579775,0.0016287847999286696,0.05785508255590602,0.11138178392902105,-0.0189740425046635,-0.05779563002157704,-0.1346582326768344,0.04399344319058868,0.02104192056385489,0.0510308579041231,-0.03679552206801212,-0.0645537392411615,0.03212325555612194,-0.030389248369856438,-0.0659670818018874,0.0006032191122603558,-0.05197656177693654,-0.01039563598189021,-0.026836499437257272,-0.023582691871003914,-0.03759232724799572,-0.08995911068566849,-0.055963682693093014,0.042345231792121435,0.061362751806670286,-0.04678331248682953,0.0029942247947059367
2016-09-01,0.032236655996343656,-0.03322553154713545,0.05315741282621456,0.011646188366258862,0.07011821030460286,-0.05523986799772422,-0.04115953762206631,-0.05001672496381218,-0.047531137080116664,0.06018456380414978,-0.015250614648865155,0.05736750858060031,-0.04841293598005335,-0.08521701908407558,0.005461461714048269,-0.00010410048477466766,-0.027906341132658306,-0.004371428760353799,0.09413450482447891,-0.02490898868602502,-0.0024758500415529624,0.05854140722125349,-0.05425990633533364,0.0006396135165236232,-0.04854135110258324,-0.036096432568813556,-0.0009872261981939707,-0.01659293449617715,-0.014883518516900413,-0.03575127250091232,0.0048896986531602165,0.00511090953863403,-0.06453478653037993,0.020287118543024008,0.011860635544724826,-0.018987529493246464,-0.004566421676311982,0.02440096379244594,0.021684106038151116,0.02265619175659917,0.0018373030959956856,-0.10206351296260045,0.0968644111804128,0.010966055758108368,-0.021060868513768805,0.05254073167709203,0.03935563041368009,0.026815543243484105,-0.006459902719259843,0.012777098391654838,0.0074692053230983714,0.0093715345310151,-0.00126996053822458,0.01487889474977554,-0.01372605193901014,0.015795387656582137,0.016637673601678137,-0.04802731947996293,-0.012226568644130392,0.00618648339826706
2016-10-01,0.011044026969755403,-0.1354197667888373,0.019918902151218554,0.07001909279243873,-0.04288139044534372,-0.04756672257818027,-0.007934099797510282,0.06611182550499267,-0.04025046823609936,-0.04537463034795787,-0.03878068698565243,-0.025594270613440603,-0.03257844394135775,0.059643682193848406,0.029292695537020973,0.027215549712491426,-0.007882469363179875,-0.00432768479617972,-0.062052116773451814,-7.448607066929715e-05,0.013163551861653829,0.04250757184197512,0.012978515800239478,0.012266591832334452,0.09960398913287971,-0.04890421680917767,-0.06803588026976219,-0.02616363167782851,0.042898214962209365,0.0017340153460806106,-0.042466325435252236,-0.06992232674771215,-0.04215986371832824,-0.04532801602340957,-0.004392964657851679,-0.0676413547685947,0.03648040114806704,0.002576925523617331,0.04936384553657882,-0.05962804888052069,0.2074314126318113,-0.06975208120581855,0.0438331797166244,-0.031049706348211838,-0.06690942559026068,-0.041862744423594056,-0.028598282135925128,-0.04469149438446383,0.01053023298806924,-0.12262688430546792,0.002441975208083657,0.011919005090316986,-0.09923424634012647,-0.09176416862017359,-0.021325447983562618,0.012590994086881208,-0.08280322625529284,0.006868165557222909,0.0011856513600115824,-0.02419336085127984
2016-11-01,0.024015343969992945,0.1516918514926756,-0.02196447105936264,-0.07680239092899122,-0.05782906568127591,0.1062792178980485,-0.0014592467980449023,0.22330919431602225,0.06157170426698316,0.1316663167634736,-0.08172608936020159,0.1423322083704839,0.05835532459070909,-0.03521153003733862,0.06664139262327769,0.14262329652074607,0.07135098961461478,-0.009438842123382224,0.09799271942095633,-0.025891749512930096,-0.0509585724741117,0.31831316279328775,0.04458505331351725,-0.06852086886500604,0.20391948287235198,0.0471369088031841,0.02226158624847463,-0.030250715452710075,0.11370786450350065,-0.015902873827310496,0.09911627154855242,-0.06663361357950529,0.07059393738425168,0.06590146802009379,-0.08933463090844472,0.046564824021302985,0.22582257967135846,0.008372939316860626,-0.1182278622517748,-0.15141444651864208,-0.05040945050595122,-0.0023947213356763984,0.20370053486351986,-0.08600195447679093,-0.018513176499430746,-0.04914954909149572,-0.04889525763008655,-0.03898799835142734,0.02731909192429809,0.052797843121005716,0.0584086057608184,-0.10686021712259672,-0.014659798166631283,0.05430181907395254,-0.06710433528972184,0.08903118467926073,0.11970588425425029,0.11652097967076722,-0.08758266690653374,0.023896081599073127
2016-12-01,0.052545147470424575,0.027442700769906743,0.07756493325520804,0.047468982483574625,-0.0018947761390560951,-0.007815068362035613,0.03708642610349278,0.04638927618749699,0.022356163307124265,-0.03994349264148429,0.006757248286536366,0.029764848309191815,0.07060770337143625,-0.030307564935024713,0.054923155076660096,0.020958962171803912,0.04512716948421224,0.061604555862890494,-0.0034663793280938545,0.062309524996713606,0.09734522894334315,-0.14129250165485163,0.03011138944831735,0.00816535953087308,0.08690617143111126,0.03768903570319756,0.01372285140125713,0.03430699258394534,0.06802133551051397,0.03810175131835145,-0.00886448579899014,0.09607996042923064,0.029010409894537733,0.02978489650446285,-0.035082008190903576,-0.04346431119006453,0.02005900628557806,0.03514844622008991,0.05436895870970038,0.04425824679775327,0.04887114680912572,0.0015373508839036862,0.14547392666454773,0.04060671401472863,0.015244581231587001,0.02631340871202659,0.042760408681006244,0.07325497063410069,0.03342560160147708,0.007580746232105719,-0.004498210101687025,0.060137365390456415,0.010478428336778162,0.1025442144637306,0.13376225387422053,0.003834603994689269,0.021808115638696474,0.04863054036922213,-0.02925452783224126,0.03967243586043476
2017-01-01,0.027966703745053497,-0.03762196283355976,0.10628712156952322,0.011092113406531056,0.09202976932729111,-0.022218012366851492,0.12066288201056405,0.033868514273839176,0.01125132597039926,0.055299127515693575,-0.03272376774383281,-0.047429177130151386,0.037697635726654216,0.11221755106071288,-0.04415657076101049,0.0462370909586215,0.05701088639946136,0.0034999436205123483,-0.018132229462048025,0.07735826195435837,0.006090592789657797,0.21680020196108574,-0.04190477357734339,0.0690367363398812,-0.035758130096751904,0.0376853668614889,0.020626345992441616,-0.023653843636467047,0.0015380370641305575,-0.023403238525211836,-0.005043214042170906,0.04339070667063059,0.0175370772156268,-0.008292632017971643,0.10411480464627908,0.039509927512139935,-0.0055798035334094845,0.008045760770600784,0.029841450463651394,0.06028409547572909,0.10354485410787509,0.041041733600481925,0.009005061446342645,-0.007134648508939073,-0.0025742135635430964,0.02665194548382903,-0.09208789977529344,-0.04819843921691491,-0.01119552661642254,0.12295374728238168,0.02058332674731905,0.010387975383797123,0.05331378537874669,-0.017072181888083505,0.1601025398547494,0.025314383117666824,0.06298924492321764,0.02737320920957048,0.005860129009204209,-0.04666020581723751
2017-02-01,0.08730399252828705,-0.007951070682185205,-0.01323844954769475,0.10890904802889981,0.03333484699966401,-0.028654519412542427,0.021079184957657787,0.07454830168316273,0.013469833253542656,0.02008902801715839,0.12093199839897834,-0.040084305052230665,0.06515735359139418,0.05578526545354666,0.007757379900507139,0.010517425996700415,-0.011602812455497852,0.013135261709975372,-0.04031551452477923,-0.02021795744663096,0.03708275691221571,-0.18527441764470898,0.03291001742218736,0.017653164994577468,0.08564243837749597,0.04210248368535706,0.03987028206062719,0.06836410667579301,0.08580568563520621,-0.004068472773543996,-0.004751296072834114,0.058056110807422956,0.02576957187567859,0.035481394539917374,0.031740579950955694,0.06031156705755307,0.0775952582061491,-0.0164889936513688,0.07050091120098519,-0.03613868985851186,-0.013280119776880851,0.047984401420581996,-0.07285409022921777,0.05253033541488425,0.07145494829977511,0.06565411118597492,0.06848143284778557,0.08571536708420988,0.06281822978551467,0.044936715958665684,-0.03575797359655254,0.04395789850891386,0.03417787982792884,0.037108521960928606,0.03852748499046936,0.023280488438478252,0.03098470041694218,0.03031797517270449,0.028528183567583264,-0.0011706604241564535
2017-03-01,0.011603753883268307,0.027085340640104916,0.04340830412144182,0.07428550926114635,0.03204637177690314,-0.040413478071863226,0.03140165373308706,-0.04541810863000724,0.0032576864728438275,-0.03525994090954493,-0.01362954506815006,0.03705828947126123,-0.04061537157312779,0.010417522409297032,-0.04885180670886484,-0.004951183879692531,0.016348967506869407,-0.01641055585296011,-0.011602767567967963,0.0625243998917264,-0.0021314681026142254,-0.00905154892800626,0.010121180771839669,0.015223788474514352,-0.057200306754245485,0.021711713811744752,0.015713651716423742,0.0165929356921046,-0.004175039660136222,-0.011378444716139607,-0.02230270854538923,0.01198629982395638,0.08679856599238465,0.016926254240374104,0.04345192391866058,-0.04062173504536112,-0.06689236609885517,0.030122686959332033,-0.013554864146769844,-0.03819626156619263,0.019972022162060947,-0.024015542542397853,0.0771660923350143,0.014276601285313677,0.03252891911059298,-0.008979526592745595,0.025733007912741246,-0.025777229517373337,0.018396006229799557,0.033606530643380726,-0.004331339194142959,-0.008833392006259209,-0.03759761693153523,-0.002390959563883918,0.11214190537721129,0.005936723180129225,0.008391629722757563,-0.04734454571389479,0.0005030925728337979,0.02420870958872278
2017-04-01,0.00033406196196386547,0.009504138049483413,0.03343729856075579,0.04634707486024089,0.039502303966561236,0.044739372836781165,0.01368811515053693,-0.006115917388336842,0.008533358669907851,0.08991647570244962,-0.016680818345648576,-0.04025051507392834,0.06353029005214468,0.04970596555963168,-0.01100683387974548,0.02613218586000628,0.014357276555437653,0.011016694471294133,-0.0530489960174485,0.046523009994793314,-0.038923324099056744,-0.041410759935613065,-0.02616108922102201,0.07914060262577348,-0.029479467144863734,0.06401913802675639,0.04101624393870772,-0.013200528408737781,-0.012351227125005018,0.026249030662145102,0.07109756019757506,-0.02918067207499278,0.04351191531750131,0.08042901260568303,0.05383364351042637,-0.015555699167528414,0.011850382611787077,0.03706600011010332,0.042155518748811814,0.025005946624094454,0.024630324317016047,-0.009722947395918436,-0.05315143447380334,0.011027613669104508,-0.01332787283232702,-0.024174615998918746,0.05997054654476249,-0.03209090006850319,0.06352396710339561,0.0760104093992853,-0.0757423482829508,0.00047022454087675966,-0.03002612192047529,-0.04599235234549729,0.12491101425471673,0.058998852931094366,0.05162057292167556,-0.028803639904246312,0.040570754274029265,-0.004931692588982747
2017-05-01,0.022875957492354847,-0.019303732958032026,0.07318011308824104,0.08306074068610125,0.06519133101353698,0.00595645667132445,0.047570426186150795,-0.052667563485623875,0.04578225460941779,0.03434633002441687,0.04395525946974519,-0.08441179906443858,0.03800006649214524,0.05935129219913644,-0.04240964073767867,0.07698095398314472,-0.08042967006469717,0.029739533506273653,-0.04222523096393452,0.06472910858121787,0.055288740496453964,-0.07577976982117063,-0.031197068863549976,0.04639121646956468,-0.04660246210035929,-0.023089895449968666,0.003586542383808731,0.027807133292298745,-0.03952970697840155,0.03304969150833295,0.06513329885108503,-0.04603380647280259,-0.05620183620977938,0.07718252686114334,-0.0012383022862353724,0.03641288201182936,-0.03365772318236946,0.00969384850476527,0.06628607958016404,0.015338721766548817,0.04350117897417899,-0.06983519007229286,0.30798007514738324,0.014806309740250517,-0.04200173778829587,0.030435229237811598,0.040496672184446574,0.0533654345098,0.05099684848781026,0.018340452012749704,-0.03211537032998695,0.023792630776090753,-0.02047051196012864,0.0072321408435519,0.11663555933099332,-0.002775475338269798,0.004937076013968894,-0.04442210610884644,-0.002631590508964221,0.0018808425258053183
2017-06-01,-0.030495059565865245,0.10930095295510875,0.01041642589237661,0.004106130810069042,-0.013961136362414457,0.011459719351518204,-0.008765765016816925,0.0894512656528434,0.026269473746301876,0.008075957201873459,-0.006232047736539497,0.0022558105820661666,-0.07557279061961979,-0.02951252585755007,0.02921805235852886,0.010273205371421427,-0.009196209558279128,0.023408392029369,0.019230999988755798,-0.01718090463582498,-0.006582205781746141,0.047305658132003436,-0.017808251454050926,-0.07607827556765737,0.032523823920729646,-0.006898890886699341,-0.010339737544161712,0.039577547644741626,0.07488766402008107,0.006747839400459586,0.032694524395076995,0.046896102211865145,-0.005211259422676671,0.022272629080931063,-0.0037541174411552143,-0.015149137750600774,0.0629721223095033,-0.0056200732948576805,-0.0051474789271812385,-0.05922972800762628,-0.07296702269290954,0.10939708346036818,-0.011065565836883133,-0.012625017983883081,0.026411513238492015,-0.015205733546658932,0.03859867536384698,-0.05178870630820549,-0.008118027331614739,0.03120776600007614,-0.06276920183211147,-0.04956125404413045,0.043805599405902396,-0.030013013748708316,0.041573765377213204,0.03292633109660671,-0.03303349569729346,0.0875474724322543,-0.0005511596332329373,0.0036885598267001104
2017-07-01,0.0007158976377208554,-0.061511965757758524,0.08228520409117493,0.08396129128716529,0.027772794253770633,-0.018207146798577132,0.04710353293164595,-0.007164676056315046,0.018577277767236774,0.0716318591947286,-0.05441061969783738,0.004210703053093925,0.004997516118929981,0.04492619358402546,0.04102276493858915,0.02871570444619414,0.02316973512155457,0.026355000506129756,0.03594193253742339,0.06379939521617128,0.06587263964059337,0.2011937649095738,-0.011158145497514232,0.018980098733542186,0.028149826548697743,-0.026453613534696243,0.011930678686274317,-0.008087746432618802,0.02549302262538289,0.010067464335498367,-0.024796101768772373,-0.013824362338528552,0.010230561484733218,0.010957415634687055,0.09220606346528204,-0.015874846162519766,0.04394655216172685,0.01871849106824708,0.056431024324823775,0.1417375253317911,0.15300262110559068,-0.02861567363805926,0.09489247812676609,-0.022754474188269425,-0.025924334718601325,0.04592616471407049,0.04758827548681126,0.004415856079091429,-0.010346711423585245,-0.027246867888687035,0.0580608262687288,0.014158386572833175,0.032929785837267786,0.046658440428406826,-0.08108577736234109,0.03766681379802981,-0.03224479129621022,-0.025928543299232585,0.03326265729304769,0.025790252930802594
2017-08-01,0.07216603045271228,0.057957729727152574,0.028715973598383716,0.06822237945642577,0.005133838248189152,0.006030732034532003,0.00629094198210803,-0.005445591137031085,-0.023515384581504196,0.04118517717004674,-0.0016283078803559004,-0.04617531531182156,-0.029818957799344764,0.05610266432842115,-0.009221338078767518,-0.1056344483652851,-0.07344974181950034,0.007283368124365943,-0.11791221895599527,0.033541675415871205,-0.028354742429397336,0.018093635233048227,-0.024174826775305903,0.012891890464639181,-0.012801768484348445,0.006032471287590241,0.008655969097608136,0.002032994355117681,-0.014781925308384881,-0.021289867311962016,-0.004923559346639102,-0.021465522682485735,-0.04625523273489198,0.03547021566138862,0.006146671282258263,-0.009529507991149528,-0.03176087832926879,0.015332522058406673,0.03835698576844346,0.0407777302303104,-0.04496794336850553,-0.11624377686477583,0.05018286334060869,0.003532444789643983,0.03519690935472619,0.022973074705960835,0.04263588039017795,0.006608787610635871,0.016826251220130897,0.018084128918350068,-0.07321256331648987,0.013137226554340783,-0.007830148171697967,-0.0005420214954331357,0.11067345055695091,0.03384701531475597,0.033610892774368135,-0.025181934670194868,0.02983107021427154,-0.03159802174863207
2017-09-01,-0.05591397395243569,0.16908419544620004,0.002336551409186316,-0.05515585120079583,-0.020801722663295247,0.04258221976699424,-0.047432797804897404,0.05241115062370325,0.04854734012040571,0.04415247330584651,0.021803255714156613,0.14612457966726589,0.062070260504927324,-0.007522809226620027,0.10680328210646398,0.07794487946424408,-0.01923175111480321,0.01531925432775028,0.11446124143614615,-0.03055369353117403,-0.003286715969088326,-0.033503939760954185,-0.007173249514229469,-0.014367521771512362,0.05322959247128047,0.085434918410248,0.013857946530480118,-0.0025988280193178035,0.02297337163138169,-2.8615901879020314e-05,0.09506704393936921,0.054161193446420695,0.07441518229171698,0.0029487975232160603,-0.0022253911351961123,0.0013413920990351157,0.05932441559974767,0.0037644532973627686,-0.011097683718192777,-0.01868084805274352,0.044954442473538844,-0.02492534908125084,0.02508989038629807,-0.03889562621013248,0.046817046987791475,-0.010675604920836364,-0.0014909659187902179,0.044963337712156284,-0.026220739107302778,0.0401078079285373,0.0875691367968668,0.027133053394006096,0.05265834598119398,0.05320894523865624,-0.04353955208255558,-0.03521611745157609,0.08921425996439995,0.08643207194247975,-0.026206778530710136,0.07337731317816854
2017-10-01,0.019545189840596805,-0.020302554572675824,0.0707259635413571,0.08780072709370533,0.1227552944085381,0.00721549827461547,0.009164607585479045,0.02947550319508297,0.0070397449151122435,0.09963344474725847,-0.0744528072688063,0.009159357266906441,-0.003732779791067096,0.11343234889045595,-0.03431514381423252,0.05350371413496859,0.004857336850619604,0.08807185790269054,-0.05277269404090582,0.05753848332361473,0.07508622348197866,0.008959540415969983,-0.13156845557294194,0.03806945199144734,0.05611320092986911,0.005423466881473597,0.020786227391434698,0.08134350174337825,0.05144150082801159,0.016388303234510227,0.03003880982891536,-0.06277125574060168,-0.04262099693091718,0.07314986786345777,0.05579399247811063,-0.14355680618406363,0.05207532867697691,0.08783709171768891,0.0764591213211574,-0.010656812044275293,0.06485181799694742,0.031908368978152975,0.11118344163635621,-0.023804680009925396,-0.01731232543269723,-0.033488853511180874,0.04908103558704341,0.021313723365750284,0.06998652792776673,0.12801274069265972,-0.03549578274819007,0.053329074510544104,0.02888721333683253,-0.0904197042962552,0.03794635063865753,0.08563265608337382,0.04091414406018151,0.0478300227580269,0.012957469858365947,0.0409651439227188
2017-11-01,-0.0018859731380220998,0.06326045380864326,0.057917202218503994,0.014779819536003217,0.04486749175211681,0.019553843351108987,0.0295908680284481,0.011881732896010553,0.044816406665246576,0.02715844361371398,0.02455607971448734,0.0037422904796233524,0.15323223142217185,0.041047539834549285,0.012782719705651192,0.11397312588117871,0.0647729683286035,0.009727284249499259,0.02578408921291813,0.005336468047429485,0.04573202359053518,0.000183573274384485,-0.09800319622706903,-0.01370316941420833,0.025765014522523208,0.07496520248878984,0.07572951529185556,-0.005983407838520095,0.046204139340805514,-0.006985901257683759,0.06358713602109159,0.016568491732032196,0.05445199860355385,0.03803273540623142,-0.00870212226039932,0.00690052625938091,0.04148488890658402,0.02313030352345246,0.01747936745913765,0.027008799046909313,-0.046503312035488534,0.08349758486561619,-0.04678052725552425,0.04692850133238491,0.02783484600300332,0.07146825981925442,0.048044386002548324,0.05276252510490494,0.040411284764927974,0.028910516734515362,-0.012762398399215594,-0.02000513561580453,0.06265217482073798,0.10242573422847386,-0.05548869715018166,0.07430456705529362,0.08561342225307794,0.022067323178389827,0.05390064704833568,-0.01076316160141898
2017-12-01,0.0050887014031649625,0.025510934953765156,-0.02419852738598013,-0.0006917149829111877,0.0008000417034774929,0.02184488730247867,-0.06315471402653569,0.0531888258320301,0.030338013688913743,0.11795028127053653,0.04234691149403007,0.08460276772814024,0.023020289873796975,-0.03291186611729904,0.06337512071261686,0.04127847423027153,0.03124583390534759,-0.012475017404976745,0.035461822614461014,-0.010531570069323653,-0.04282895322796565,0.2965783632550982,-0.05489406546586016,0.020266781482193637,0.0355985364319635,0.05226729799331476,-0.009627648872187583,0.006010670605983391,0.014960294891938558,0.02833906172119631,0.020480575912104577,0.0129896943098902,0.11638055169671567,0.0009419714585155187,-0.004098733014478314,0.021267600247097656,0.01895705363415409,0.015687237907505855,-0.01028944421583931,0.0029313770348898243,0.02707124593743645,0.04217136392943223,-0.04644533407068593,0.028565735398625478,-0.0022335047094363993,0.013813594003857343,-0.041844095481874795,-0.03634806241373559,0.036282607962911814,0.007877881238896513,0.06804135067831894,-0.058036992880847876,0.06790045495748964,0.05063228045162497,-0.006785899838458353,-0.029890236335706127,0.059601314083218455,0.06512502488206673,-0.005506792438450736,0.009536896591401535
2018-01-01,-0.054161529750663254,0.1256873635571457,0.11989674198233943,0.07080204661302064,0.1769288065985249,0.03391753621039449,-0.05878643992735726,0.07676151990243585,0.062490086727597885,-0.004134993234004021,-0.028056582159594112,0.059109109008154595,0.07815848804740563,0.12081885574962936,-0.0422603639852982,0.06559219724192956,0.0016802779392827982,-0.003522300159389924,0.043956829362902544,0.0019192664199786697,-0.018284876720499374,0.0337326992013468,-0.07599426386448248,0.07115352411682631,0.03852190118953244,0.02619794206104009,0.01619945466426109,0.024832766256773737,0.07594312252500512,0.04336395782808691,0.05219242033281263,-0.05312730077533727,0.21084814766863536,0.04372616148779726,0.04502647603377473,0.0443563675530425,0.07359383315835186,0.07378792068929768,0.017346499207065227,0.07317511892491271,0.3331487427519662,0.07532795162057832,0.1988710418833275,0.009442388195969873,0.02389593963134108,-0.05657727217073186,0.020962802450248792,-0.03659958834954937,0.09524496566258076,0.022695700419523922,0.09742840315594317,-0.07694487249844957,0.003825029577663522,-0.026955204192304752,0.1620854005698059,0.031034970115798692,-0.014458183264284143,0.12485333736954299,0.027415260134441448,0.006186976855506579
2018-02-01,0.033845218311692564,-0.01396597439062243,-0.03364618561869631,-0.07239743499672975,0.03849747487915125,-0.07687235219369927,-0.021965494543835454,0.0024995566951945994,-0.01827279196811654,-0.042052596537246925,-0.06243601853317396,-0.12016089305957336,-0.04867311517775546,0.005367374339672836,-0.09945693178224307,-0.033765820560619664,-0.07696365647531529,-0.07493331444006612,-0.09652504011203228,-0.15703642597000483,-0.050444332796438215,-0.034244528862992465,-0.08988529039647317,-0.05234537779025088,-0.03149770335229944,-0.08534968182810417,-0.06611948578560646,-0.06858756326352482,0.030802190061973853,-0.12246729372804835,-0.12335554289383874,-0.07580277296066582,-0.1063904735570076,-0.08998372746405073,-0.07234717824975942,-0.11223956755130263,-0.026158491786139833,-0.0025707518842935703,-0.03293847787617884,-0.0584765543829661,0.05725057254936316,-0.02557108283021469,0.01875101480428672,-0.07308043560675924,0.016334930840261414,-0.10487381785974076,-0.07511917859761699,-0.01143138616609041,-0.014224349268930674,-0.02697272732724746,-0.11095188386162708,-0.03442584318541854,-0.05523094542532665,0.0026027062409182643,-0.03351539151443771,-0.039959060411082874,-0.016453126085006917,-0.09606018066832599,-0.06376760339054287,-0.11893033073149535
2018-03-01,-0.03696723841517628,-0.1828982546835977,-0.04363561564243725,0.022741324821279517,-0.02494384499733912,-0.010619349902857395,-0.040537916874941016,-0.059654107692638146,0.0010142628876398194,-0.019709031510096373,0.03286887227615993,0.1094704440287173,-0.013589684323782849,0.0008278847487036807,0.02095279116066525,-0.035306337615809945,-0.00011000591298630097,0.016452290828983657,-0.0010237728746288338,0.07334003475881491,0.06375258815771179,-0.06849438465311972,-0.04444604684554845,-0.0473590178828484,-0.028506964917701265,-0.0051832739872741986,-0.017426368094336127,-0.014467580502301642,-0.055926853087450545,0.004994759914175913,-0.049480262077365854,0.028956205337108066,-0.07093925851178905,-0.025832577733601113,-0.10451304177855214,0.024237696769644265,-0.025645921070293582,-0.018292385085177817,0.07542346739876248,0.030031740690086576,0.026767256310072488,0.0014708709953283518,-0.03032824114828178,-0.012230484563111117,-0.02249749931616295,0.013090174693500066,0.03670937458613916,0.0223098742679389,-0.0757461271529898,-0.027205734892081123,0.005942965498603929,0.055769593709250775,-0.01853983965942662,-0.01918955691319434,-0.25422270536962366,-0.0338349940523508,0.059835184313890864,-0.10264123759173303,-0.02497215015335956,0.009937276969961838
2018-04-01,-0.038110782339551036,0.00034350538254169366,0.04293346798463839,-0.055679754417810146,0.07024020697006927,0.017139007760797673,-0.013515860482135341,0.009454799327207402,-0.030280509958615545,-0.026015907252038083,-0.09125247961633116,0.08823319083053034,0.02909160482847081,0.03957423558053379,0.07231624397391063,-0.12024658235614878,-0.009199255906962776,0.027077238985282734,0.12220165081759969,0.0005041133256823592,0.012985156561084173,-0.15105879264879785,0.05873859782256023,-0.0312597144202342,-0.05536537608137532,0.03344077491271327,-0.006251809584668912,0.008924044002533502,-0.010763958498221956,-0.003383218607510593,0.05170818704014186,0.05026982292105569,-0.06246071242463283,0.0745753092876706,0.06989197121990309,0.07713811248765469,-0.04444326565497373,-0.0014163394232463537,0.0020980210516806895,0.015897943558183192,0.04874514072838982,0.027816884391803402,-0.02976741146548261,-0.05822673297901876,0.04362778014024857,-0.10108514702088649,0.03905853950714562,0.023928199376456107,-0.03919370061169086,-0.05877057706010312,0.0626908160277411,0.03851061832451503,0.041515924419786465,-0.07745629309767108,0.11080310949378533,0.09823976546403015,-0.0027723697059723823,-0.0014949596020378568,0.013382385847335494,0.05040456601599365
2018-05-01,0.058422832322479454,-0.030190339498607513,0.03355165591107705,0.06508548517669771,0.010606808697909035,-0.036982200141304065,0.09224395713445879,-0.018431493173861276,0.028742745135046904,0.03673726456204989,-0.02179528499741806,-0.00720328486921654,-0.005348178788361729,0.05417762596781533,-0.024417462551670148,0.1220472690896857,-0.040576508270001956,-0.04632542935310684,0.06344568031875084,-0.05109881734464681,0.050753412313844025,0.08614438456885498,0.05846827233131281,0.06341354842653771,-0.03944973823916753,-0.013748736216784142,0.015815514109761772,-0.008211757289686407,-0.0004902964931344164,0.004560904959246779,0.038106298919302534,0.04851946099180322,0.12925898266781127,-0.043275919783486806,0.08778008154177049,-0.020149235109398207,-0.02667936974328415,-0.0006376824437639705,0.022089564535433703,-0.0029950063256247673,0.0843387628840325,0.01898659270650629,0.07448839956786885,-0.002637484479740067,-0.011185278905876467,-0.007724664087724171,-0.013327895610286158,0.0593943942926832,0.050414335776599,0.023015163367223854,0.02984317349853487,-0.01039213013064547,0.09968459586614695,0.016945957521538657,-0.01421537206684239,0.01679554017738689,0.08108309109128378,0.04087615393845914,-0.04573213667797941,0.08485174666252021
2018-06-01,0.003292982189053469,-0.051074978466339294,0.05230770283334461,0.038995409272764334,0.05224586365841784,-0.030486261353004532,-0.018330914396945647,-0.01610229076770116,-0.052642796450335046,-0.09514958325774364,0.034025642252888406,0.033865337839867504,0.050786354422070856,0.0324068100052776,0.030752076593082888,-0.058081387681947275,0.0552442962445084,0.061338663435118665,0.04522786444031945,0.09090431973067496,0.03658059263778109,0.005261782807521681,-0.028931556849085507,0.034629807275691364,-0.012630266312259669,0.04662879847607301,-0.01416868207130362,0.018415201284152215,-0.030027807310136,0.04088764279387919,0.017665523941094545,0.02210077340575075,0.006616418438062444,-0.04039792446914939,8.177898718698777e-05,0.016140378197174815,-0.0590827662766744,-0.0170166980986007,0.01220792536761302,-0.039844873968658726,0.10361740901391274,0.10560821404515895,-0.06918644524917866,0.09103825903488512,0.015091813328974558,0.04977591582791272,-0.0017231565595190734,0.04478697061823304,-0.01685509239059278,0.05253705848219829,-0.014271416318761942,0.04553259019377847,0.06528629158775553,-0.016510470316268247,0.17282305491780134,0.023000435707720823,0.0031115720404977943,0.020853504683165665,0.050394974563052565,0.0432425859983009
2018-07-01,0.025080357439062784,-0.002093617307292183,0.04471897512369813,0.04731170164417862,0.03473832229551786,0.06097678906948006,-0.08953190028161762,0.08066453354576851,-0.003657125878613143,0.0412796828899373,0.023551326367841637,0.05300558328207599,0.05325990433003916,0.016667202951542417,-0.024803183952629412,0.03637043249725769,0.08104860941676603,0.026057316321146294,0.03168944318615864,0.02229222785717171,0.009792339122234482,-0.04407174915409419,-0.00468445569943288,0.06598174097222517,0.07304291418343344,0.011179177794714633,0.10037806129310978,0.09386469526781266,0.08880946280776575,0.07077180398547461,0.06910575024563864,0.14039374369456994,0.01580542028608328,0.026312692980131534,-0.10218265754075039,0.10123212873304502,0.07597965216751322,0.08214442587978604,0.007929129649339587,-0.014483237399961503,-0.14450264459223777,-0.035444304823159536,0.01511696374403965,0.044170778354139774,0.08184261461874304,0.05375873087460786,0.0269653019413699,-0.011265249661824822,0.10279641351109031,0.09078444443648309,0.017542018921106833,0.05140633501258313,0.05058002669631755,-0.0025427360475242184,-0.12933268479689883,0.027974285039777523,0.0511753810422798,0.03838771635657538,-0.0035242388743033787,-0.027791734526128754
2018-08-01,0.1120434519249567,-0.0027657754583279848,0.08641538151216308,0.0479270015218014,0.0801768524698945,0.001066427380839183,-0.014614119541811075,0.034044292107128796,-0.011405326750551253,-0.00680283329291945,-0.010977664698428603,0.02356022750014063,0.04111123775644829,0.09358242245419046,-0.10079197313465077,0.0019784601717363843,-0.024783482884278916,-0.09107841203296557,-0.09716295889783078,-0.03741161565481349,0.05656783616191209,-0.1980238926574932,-0.05765021955253272,0.029233599092471054,0.024007330489181522,-0.016973561021066952,0.008999806287843408,0.05652113044935672,0.035919004201706115,-0.06906967488427931,-0.0752659417561898,0.06696769335121128,-0.008037507326667165,0.042200134893998646,0.023604812227693145,0.04111185255438094,-0.019123460629109204,0.020139304688366062,-0.009366390791889334,-0.13716930239879002,0.06027018391373974,0.049558773122878846,0.08324705902100168,-0.023589099527376433,0.034079791401820644,0.03672640764044177,0.0427037630755223,-0.013777418471428623,-0.003622510938179384,0.05119260142997756,-0.024489570400146043,-0.07398667030469344,0.0892699761657777,0.01966100778053784,0.01996116876483739,0.05998275211247716,0.03625693718574904,0.08568239760065255,0.0870604051941828,0.007515308327089493
2018-09-01,-0.02018977954491041,-0.02655589463568994,0.046914916535634836,-0.0035150457708112877,-0.014858101696870237,-0.003601611399658872,0.10885719685919222,-0.050771442937759724,-0.01709322285937805,0.09438061080068773,-0.005446594576794641,0.052424940424439216,0.012638271723957737,0.03355666686155799,0.03266244994409653,0.03987326515723324,0.03184734729565515,-0.02335191373389723,0.08367944007939844,-0.011796021625355667,0.02069189089968982,-0.023880961095378038,-0.1457857158761622,-0.016721207862320352,-0.05318625963159096,0.030912104437304848,0.04879324074896486,0.03734093593042011,-0.0072175791318050235,0.023662494914178312,0.02793589276966374,0.006495771247915977,0.03654727850505128,0.042167908353374986,-0.06121061124418503,0.030446582190587667,-0.046308288373477696,0.016407184632333253,-0.01818532176248713,-0.019853928387856032,0.004908287286466714,0.028739326415682286,-0.02036262688231207,-0.01265983417348508,0.05591017878834857,0.01579227609763936,0.021708890100906982,-0.04270917705200239,0.08364645131089804,0.013603846005299704,-0.020285288774856573,0.021586845559257953,0.0024071409989483636,0.04633301261436211,-0.12387890254782123,-0.011968184157788227,0.08521729199026394,-0.06904607522920134,-0.022191091730462745,0.06916094241080081
2018-10-01,0.023650071261167433,-0.1463520093034506,-0.003924299912739911,0.006789789327863699,-0.13732514336422624,-0.06825322603677775,-0.07490100952141696,-0.07717734963814603,-0.1443506914688922,-0.23570254896300605,-0.11137809217656493,-0.12849830409202162,-0.007641302935150456,-0.121441245490261,-0.1101950228832534,-0.10787872361286904,-0.003553573751668657,0.15367403277622815,-0.24138484654494224,-0.11932483278402772,-0.02810522139435967,-0.0817122324481457,-0.04996693367192809,-0.12517534300023353,-0.0030253280774057752,-0.13599969086253266,-0.09292270957125869,-0.04320260196376883,-0.054698447412123104,0.06258562326401781,-0.019483256006370558,0.032636575598539184,-0.0705363622142632,-0.0009151012151106946,-0.12475293506182268,0.02583294245999452,-0.03912047726675959,-0.06291394487004603,0.08749681965712515,-0.0050890730476222945,-0.23351856371135166,-0.15154837874834198,-0.2062075069048293,-0.007305722086602804,-0.0010375068177508433,0.04927764314180865,-0.07514189685780026,-0.014996897685684758,-0.14418640935385663,-0.14755475858822859,-0.18517166068146615,0.018719847385733224,-0.013381977089143363,-0.06494958729154153,0.23142949017016937,-0.011565864201140046,-0.10336988557624169,-0.07783824616238659,0.07638195785931576,-0.045488050210487616
2018-11-01,-0.15490033676290363,0.19869028678949135,0.049506696183236734,0.024953161433006868,0.07352710909725868,0.01207344774583996,0.022850567243803167,0.011814369144950841,-0.01582640331558352,0.08457691042809462,0.06869981349431853,-0.06450389268375831,-0.00286152547495698,0.05905678963963642,0.0908157630479874,0.14479978288365852,0.00420529775304181,0.13009409635329328,0.04807915055025978,0.017217949173438787,0.0401374810957741,0.061403118843964016,-0.2575535457740825,0.014896909369254346,-0.18850293680822144,0.02720563315605948,0.011142051473906754,0.06756641408211964,0.027770726205005553,0.04947278410258724,-0.04223742480732928,0.083780112056841,0.09056714806943209,0.06092632363353382,-0.06149075293889462,0.07167209069150146,-0.01691693636199725,0.048248192274213314,0.04059904411339543,0.0374304560493003,-0.046041241080334534,0.002794480684110515,-0.2315152579163144,0.09827837317969125,0.09846635123363917,0.051111967452133554,0.031540883677460066,0.03342601708938905,-0.03583612352808445,0.04647002015630236,-0.17550586840908297,0.03211986134344243,-0.0011099093083628327,0.04093965587939517,0.031131206703501387,0.052354426207159646,0.009762497773031523,0.00705451609275236,0.008049956481946563,-0.01833987092103589
2018-12-01,-0.1151133550150648,-0.054470337263682264,-0.016902318730081307,-0.059324923865979706,-0.11803756425397809,-0.03206618874653113,0.03558657395303292,-0.14073379810349562,-0.11125523576803172,-0.08991420100633493,-0.07234007943528353,-0.07369529465987441,-0.13734908511823155,-0.0254716299456082,-0.08526656710633357,-0.02955052969561554,-0.06251280783617455,-0.02540765672818691,-0.10862543191140446,-0.10882017541883722,-0.024909646601714498,-0.13731048798914303,0.026826097805151154,-0.06813070909295442,-0.1404717617332276,-0.039172839814147604,-0.10007336534376961,-0.10108202784890374,-0.11879312745775579,-0.0846533116448341,-0.04233616923246388,-0.0442132378221535,0.03465441385295629,-0.06708821922920336,-0.06995264852201262,-0.044902661811424306,-0.11380931602735098,-0.08903516638963099,-0.0368077843728309,0.0674529471170131,-0.07426317975949605,-0.02518772344955307,-0.18258789974578915,-0.0811977133483415,-0.02151653103071944,-0.025592681167069364,-0.1305592081984613,-0.03189849008849485,-0.11559996430418804,-0.06357256579871792,-0.2272412391566299,-0.05492474450622572,-0.07761395238334504,-0.06697874865131012,-0.030846849914572906,-0.12429489968489686,-0.11403942547309787,-0.13267716388186115,-0.05458477476318546,-0.1388818061802531
2019-01-01,0.055687120619278746,-0.12667571836421704,0.07165425034677261,0.09617988960373419,0.12816058691648277,0.048061354236619114,0.07934605615522101,0.1546010779978578,0.0809858326323787,0.06327384801865991,0.09248679424005979,0.08736505834054635,0.05428691878906595,0.08910274506173126,0.05006345375342766,0.08800750977764224,0.02160718472405535,0.018473621966470816,0.10016781447268408,0.12289356319559365,0.05698468158699811,0.1132842904517676,0.292712036762095,0.08330305153141956,0.17626388938605084,0.06310736757321568,0.08885803065728037,0.011173411641256077,0.0533437500909839,0.02943491948903697,0.052206322126011534,0.04273439944740497,0.02015919604275572,0.015104926815570442,0.23698424903790333,-0.019767653111970155,0.06413447366316588,0.031952300031081585,0.0289274661239102,-0.010714228050191324,0.2417880437137631,0.10579567927265723,0.06727109763542204,0.02622158366821157,-0.034757101656715736,0.04455882516455703,0.16651699925258043,0.04612838515586249,0.09678582351085543,0.06140827576986026,0.2118279643630845,0.09334697787200036,0.07685921909119171,0.044449887134566,-0.09027656661505835,0.0840959969739751,0.1453941890525764,0.05261543516412054,0.04857313195864748,0.0706520160937844
2019-02-01,0.0416118304705342,-0.0005247940121855069,0.028951639126701748,0.0274499078385775,-0.03605875293856448,0.09149199620543721,0.019584323316144826,0.010749464860002238,0.05586543369089793,0.026640596136948823,0.011679495030014921,-0.0010865574133484433,0.02600155232909218,0.08901556516061229,0.04683220553729042,0.012482248309477483,0.020312769329224312,0.026771087195284305,-0.03763110101784697,0.06599111271952501,0.019281870488751764,0.11139485664497077,0.06060114730691434,0.003138762819791402,-0.010428438738275224,0.01608397759809031,0.06398465816960425,0.0147712359006334,0.022126740125389725,-0.06788121625976605,0.052839259438176744,0.04857177074909699,0.10640031399778059,0.019015646094648037,-0.029148365154096908,0.08712035071845553,-0.003326605294311876,0.06313062395210368,0.04881116686247809,-0.00637241103217392,0.04270933655331373,0.04146545610543059,0.07627358858084828,0.008262996979325369,0.025959910307791188,0.03441886007820799,0.01843000041386865,-0.001620759256506068,0.06777493598114048,0.03667914866496454,-0.0029995974639575322,0.02841663274678496,-0.01010834507851983,0.058721644376687566,0.04371402933762444,-0.10909181402984872,0.05302200017381103,0.0311749270325598,0.027008066287063124,0.07774060393227636
2019-03-01,0.04789385315934264,-0.02756653323729961,0.0059593131455481715,0.10295943456158985,0.05871939510746543,0.04274006925368805,0.07134682362316937,-0.028696958946159527,-0.008145265320991971,0.010428672741579017,0.046400910435942036,-0.024868225746654597,0.07661131478434342,-0.04304598836804382,0.040597245005537075,-0.040257307914414564,-0.0231190166512165,-0.06002820347245947,0.011661178660053477,0.06516706352484213,0.043330045114921466,-0.00479635835099159,-0.03906668982030636,0.044903011206171205,-0.016142750984477303,0.023627832652039202,0.040439554942687764,0.038185986858736684,-0.02103791541923846,0.011738159300461765,-0.020130395576094678,0.03371767944852306,-0.006099373501320671,0.05559973715655882,0.021364075787797174,0.022796712861574402,0.005399623553398005,0.04652623670840072,0.03504684891138299,0.07193954322841874,-0.01644401193289343,-0.026917570632952928,0.15257678479094172,0.0785110449393781,-0.014682262119095103,0.0699404952516553,0.05261780134290131,0.0492282176310658,0.06224236274818686,0.026964591369759386,0.0010392783578674282,0.05310827435384966,0.034937613358945664,0.029493720852438097,-0.09582169326219071,0.03526648631656955,0.0318131410316532,0.008375975984355133,0.012443856996734844,0.051112610746711064
2019-04-01,0.047323416256184636,-0.0549663117304839,-0.0012010847797199256,-0.009149678061313301,0.0633465851964831,0.060364248109900445,0.04174403347488784,0.11707743170842774,0.12656636903872226,0.03068873386935722,0.05743285897174876,-0.06672567594041978,-0.0030977789438840792,0.04091672275588645,-0.015443728416112343,0.029102457945186018,0.20105390800679204,-0.028363570280293904,0.05971550602411276,-0.008880791539180902,0.008716413396207443,-0.04784621838151122,0.024376312619172488,0.020883393518070954,0.06526213614977527,0.05464316742730336,0.08853825528708198,0.06803987103387754,0.1325040280674651,0.031717768557501164,0.028139667230733904,-0.10213656877532586,0.017585454408928988,0.044196583538165975,0.13742375185388794,-0.04704991292291437,0.13320909883613638,0.0858267220812401,-0.0013002626608496432,-0.12305627585530968,0.03367032982536723,0.037868972697414495,0.007652676058578125,0.07145115538300442,-0.028137803323094818,0.014735707363544803,0.07863603049702944,0.04492412807702802,0.10974537097365594,0.05824963034778761,-0.0214465390309249,0.027975300021741742,-0.03373791000497424,0.0028393794348146855,-0.13471896936828281,-0.061217757522627564,0.061655383560450444,0.037375459915458986,0.0890711073730265,-0.0013670614208736026
2019-05-01,-0.11436433836492729,-0.012719643282298505,0.05422838795391541,0.10029371610549928,-0.0730936245987703,-0.013101395272665907,-0.23206682142380347,-0.1442998109899879,-0.15750175146111667,-0.15311345019788714,-0.055349325294907575,-0.07454776229542162,-0.02326879321039155,-0.07486138494724345,-0.049776360489889884,-0.16472816041190808,-0.04161244928713144,-0.042704576080068925,-0.12545708168597502,0.058684098892733697,-0.06765715082710211,-0.23143685681529924,-0.06716591458785408,-0.07100885071617419,-0.12443427143612548,-0.06461893335760384,-0.05744178229187778,-0.07039085991322236,-0.07451846660526491,-0.005729830055304589,0.007288132334538686,-0.01343893120226149,-0.15033917770222224,-0.014087431895636925,-0.08781143160001675,-0.004574472017401817,-0.16972148803773987,-0.06647246792856096,0.015999077828669606,0.07441236401156998,-0.08450933124145353,-0.13867590145959044,-0.29667128240974866,-0.013332930388486411,0.017514238619716294,-0.035350141561709306,-0.050046756833486576,0.06805294482329573,-0.13319431726370692,-0.08812999728367138,-0.20811618633895465,0.01324990101626184,-0.07242772736273481,0.0004065354099043409,-0.2666030500433981,0.02721143671782566,-0.067819827491829,-0.08538997167970622,-0.021107459340669484,-0.12935201482327466
2019-06-01,0.1165121632271843,-0.052676312158568335,0.04452392347126154,0.0026713011835502384,0.07502248240799646,0.0992547925049563,0.13411548158176576,0.08051637516967461,0.12453467911994254,0.12266816803799746,0.004839895704976071,0.028981780552407407,0.08935171484440152,0.020865878414982345,0.08242863123332146,0.17331312978514693,0.04769640519515461,0.035291439082984925,0.12021319453839226,0.03564145894955754,0.008133020436609285,0.18589378799325543,0.1171486188669589,-0.01493274441106971,0.1270051176160587,0.10781472112065649,0.0675089104449296,0.04248342613441741,0.07302810047654529,0.018996159057427544,0.09316523274104643,-0.034650645160311924,0.09898337557706396,0.03350743077058417,0.08973167416697489,0.047010402061100555,0.07591561045670382,0.07821769361379986,0.04618862594166999,0.15189643376101458,0.04481134390586858,0.07005925563840265,0.18750876098012684,-0.007170741424982668,0.041212989936120326,0.0669320103565803,0.08999631636804917,0.010468753716426573,0.05028414440378482,0.10951788659373077,0.14832812847457483,0.06817882368800042,0.0039373357240665725,0.09141024018779481,0.18652288314560367,0.014397116428052012,0.03717412441600637,0.06311804885193657,0.0793798417718673,0.10504348624986673
2019-07-01,0.08839459396461084,-0.09445817285930504,-0.0348862536402995,0.034032659903360345,-0.02228076100944789,0.01700094022486266,0.016820960401716,0.07239218110514573,0.00028413438781792547,-0.023850811384878195,0.02767593545136108,-0.016589833837582398,0.03900727532180167,-0.0030305519819573343,-0.005150042048912239,-0.0070040872540114854,0.02237503618968818,-0.008931073420115109,-0.059478223939981485,0.0035915261450762057,-0.08160960155591324,-0.04398694556468588,0.007212004669978709,0.1154783807669938,0.06848956712651899,0.018563734850157797,-0.0010392871743135947,-0.028060224192814315,0.024247170592769603,0.054504321181915984,-0.025955087752667538,-0.01446690112469158,-0.04827222205570346,0.03117616201445278,0.000727367667174965,-0.0006852756751941822,0.01544153188267962,0.02099894134407628,0.006614282975116046,-0.04591789714995888,-0.09245976172083978,0.039576942594468076,0.02250844848436634,0.036815682619346424,-0.08905432823245671,0.05398985004245524,0.004065357440414084,0.016009798468457938,0.001433127937810981,0.08855969855659623,0.010229759753670652,-0.015708080051767177,0.005453722673787541,0.020975064451634697,0.06587916352216047,0.007348567803895291,0.03707304800700929,0.02233101459292977,0.029054453125284468,-0.03477434049020497
2019-08-01,-0.043175104822364786,-0.018804674527768333,0.008080678634200422,0.10453408967526617,-0.052618246323113994,-0.02829051408125585,-0.03318637185409529,-0.10252563615155617,-0.1059050974920991,-0.07977465528638429,0.0321121453313621,-0.12903083902169685,0.03929997549662381,-0.000502707139945777,-0.06208301995291929,-0.06970209005541375,-0.0446647075136136,0.04623785060434352,-0.15129141204687405,0.10006685353838746,0.043797997292026145,-0.1734855967010101,-0.2105477329158853,-0.010936451222871327,-0.063189119409708,0.07342909058378559,-0.038138699433126394,0.008427365814523415,-0.025931940864105343,0.017011568242902494,-0.008134353210372505,0.0401401173551969,0.08461073572339081,0.04151378586461981,-0.043202306254119596,0.023149781130638925,-0.06894494206122534,0.008202360906301134,0.06507435287070812,0.10115840115689566,-0.0922511996647853,-0.030441761623466332,-0.03015327239456442,0.09218965352147332,-0.0798371383066739,0.012734369838508784,0.03067188471157294,0.08869734471665333,-0.021113470919760253,0.030521244667875563,-0.18624050663099972,0.039173637759278866,-0.07103059799425543,0.05548622907992624,-0.07018093093580277,-0.06573858190096388,-0.07784407281018356,-0.037255152657354226,0.06314278036704789,-0.06679223676351256
2019-09-01,0.061077820489659956,0.13791677623493853,-0.007880957448162022,-0.054940243401871036,-0.0242906111822676,-0.01749067810991844,-0.03153527834469003,0.054301395511862346,0.055471371803588826,0.05744068901618331,0.006401628433048465,0.10145090705922645,-0.021954002147507427,-0.0438285229083449,0.012957863713518723,0.09297970420839517,-0.04155502776520366,0.0310705947713997,-0.018817516845586687,0.04222711031062631,0.03507216667981708,0.041832169150595254,0.07903198154854103,0.015918905448837617,0.024888137707083577,0.01078475265916646,0.035394609825850125,0.002217009830103216,0.055179371965202256,-0.0026436534966049526,0.023993556662261245,-0.006125514575282412,-0.05307201981878497,0.0016007015277240307,-0.033496443368015244,-0.015604121660133969,0.03795405278866367,0.02292023721737272,0.0675394210890637,-0.04000426045271059,-0.08205364019153034,0.11636604161641283,0.043416027067861955,0.0037192744878857364,0.022712270741000753,0.04152797896650977,0.031221860942225423,-0.06863071863019157,0.06338107033421522,0.05408167460699403,0.04883877743592821,0.06191864989283744,0.05627013811077286,0.08607096179290852,0.07125519120319698,-0.06847001518453145,0.005830015009687845,0.08646036347427209,0.036555775903317184,0.03856028366390746
2019-10-01,0.09171472342661606,0.04118263789199547,-0.012089103031559138,-0.016163637973747542,0.018529533738015563,-0.03513488213524151,0.06884136934879219,0.07912798823033289,0.04900019295990836,0.09565676252424966,-0.05985140597545964,-0.028685492767397583,0.020122966418475646,0.04771335318963429,-0.026158378912900185,0.03409979710238221,-0.005891398453950989,-0.01864100322373881,-0.08481909117393042,-0.013679828012789764,-0.06691444650343298,0.027706452171568852,0.11752046351256865,0.037336849744817484,0.03624774769779669,0.01847828808727313,0.02781110195655089,0.020368155631538116,0.06040263178559779,0.011039683239918725,0.023241923668669118,0.016136503068425862,-0.005769194224868742,-0.08058156794673729,0.072449857152822,0.03418070086448453,0.07663176168846018,0.03262821316538424,0.02006506202230444,0.05923104343382981,0.08126823032731119,-0.04308328206768546,0.14492028456993813,0.026106404664429768,0.08140604003357602,-0.004251628035143284,0.03491330359177862,-0.0868594263165286,0.050085112780135034,0.03815954185111941,-0.027827652139235496,0.0014268002980018738,-0.03189518148509414,0.02548736706710108,0.26212045697600783,0.15502085068449312,0.023950477010492043,0.013657158794689088,0.001770851270526454,-0.03915293998340776
2019-11-01,0.04614975389743499,0.09611501527323667,-0.033346628900698984,-0.007343897885525528,0.0060026875725514356,0.09317156744538503,0.07615243895086697,0.06470464842828619,0.07073869860816966,0.06719750773755752,-0.015313806642287537,0.06528190991305295,-0.008854042668406403,0.028323296278280126,0.001633779533147051,-0.04700962558396847,0.12976997305434868,-0.08956833090402237,0.022781804817934882,0.0033453665858352946,-0.026767560664235187,0.16157986888640452,0.13372493400513144,0.042404985804048764,0.04037081180290583,-0.05834718420294988,0.035118627383510174,0.04599425517129686,0.08427340412749106,-0.03644424004935532,0.03282654020711413,0.02418498959812355,0.04955761048299273,-0.0072541006701368595,0.04975543704284066,-0.007652572154906027,0.07471877311495102,0.04003671295798298,-0.013880744771818186,-0.023290777045569103,0.07387771322730993,0.03132605331329785,0.06435559958921754,-0.006488518002904512,0.002980527154017711,-0.009886371602907206,0.04546493620598931,-0.03999775237291747,0.042524435002647465,0.026564180919574527,0.11989686219547327,0.004033962534410327,0.029352174670434904,-0.018154082620137596,0.06162439415742909,0.1003310428302583,0.08583145416104523,0.0727543417801092,0.03300218225595071,0.031836898852969094
2019-12-01,0.06667046345856528,-0.003538382530861391,0.0357264490580999,0.05107394177445784,0.03912900390477668,-0.009040391809004665,-0.0038862383558463695,0.05724267000149771,0.022844754309867325,0.025041806574336665,0.02796184073339499,0.08813820041456547,-0.021972173314146404,0.0021797987823787114,0.039018638844093276,0.026931092214639955,-0.0412443417333161,0.047763942316214045,0.1370747853178477,0.02776285273555299,0.040782172477611005,0.14030928241930368,-0.004481451436217269,0.043242594591508476,0.055856188321911526,-0.0002759652104626902,0.0021131007331719608,0.026971416373711275,0.06586542472400957,0.04062030961125445,0.0015864325294457013,0.0979635773154084,0.027979650942324248,0.01627491532577703,0.003183657990769506,0.04055530830432945,0.037152417518347844,0.04172165874126033,0.04458921627235332,0.137675335213268,0.03177545010185082,0.08762567157416072,0.09658607574004408,0.015756182168034732,0.04799074277269559,0.023295136620007956,-0.023144671791848846,0.008541771086113684,0.024858331185226547,0.022811868184415163,0.10817365967080549,0.022738058886253562,-0.004023651133265556,0.06697816705729052,0.2364727430890521,0.049785866035169137,0.031271967078556416,-0.03150482542876247,0.004421372674099158,0.04758395076444204
2020-01-01,0.045553175989099,-0.10215387036510028,0.1209642210690803,0.018161364828318476,0.08507288172319327,0.017534113798601356,-0.018602639143379368,-0.057397720189889694,0.06334976758456752,-0.105324819664437,0.06912868981318043,-0.10483713451551133,0.03432698938653231,0.1052133516360758,-0.12224519507100316,-0.09662218992054458,-0.05198151010313218,0.059596716765191834,-0.13603463735305085,0.006279200035365655,0.03186981485217007,-0.16243914611388355,0.1229351048691522,0.08193557616800726,0.037761131011174606,0.05309643734226029,-0.01667590033100529,0.03108462237680639,-0.036065948327012605,0.04339968505756969,-0.04505058167692274,0.05735557883095756,-0.01986386361592733,0.07175751776100917,-0.03172305965356711,-0.07194966139579384,0.009896513750215101,0.06520555454016336,0.10300122596494375,0.03852663176326801,0.057392884908370904,-0.05960361357421681,0.005954872550887556,0.06392524960049015,-0.03565083878013053,-0.010014166276035106,0.038873277933435216,0.05515966743134749,-0.0010855445884792344,-0.04751381362824442,-0.16186205810878207,0.09561485631702288,-0.10724362259057302,-0.04029714612328406,0.4368151203653883,-0.07384579511094244,0.0001085397895381722,-0.13924718224221272,-0.006900256421205633,-0.1023898680794726
2020-02-01,-0.08791066341923859,0.09244686775257707,-0.10422127653576403,-0.01989874565721443,-0.0731309856189338,-0.06655007151857324,-0.10144508382281042,-0.13813282766332266,-0.1203389161270769,-0.03661780073405229,-0.0882741996100315,-0.22247538454131555,-0.09556355953317183,-0.08081900580607551,-0.14598588718256564,-0.020116160414370195,-0.1949876555780624,-0.07581062667256866,-0.13635654764698377,-0.03183003273258139,-0.11318850686341303,-0.09509243623223702,-0.11968038505903185,-0.06113957066183287,-0.16101449252195776,-0.04520066843724425,-0.05272771135667627,-0.11011100302594498,-0.12404266359429797,-0.09646532621623193,-0.06404877998993551,-0.09825525093803998,-0.09492416512705298,-0.08857830855378515,-0.0498058406595698,-0.1253921584297322,-0.1499737357822621,-0.052123026466834116,-0.04205272123626738,-0.02315842121285929,0.04296317211260863,-0.09098394659850524,0.11737355035341357,-0.08485437414608421,-0.11671666689179602,-0.07894541787598401,-0.11738422174710025,-0.05496046777965335,-0.13835685802728337,-0.09636336551665532,-0.19582767334813916,-0.14427654419613234,-0.051554818779246815,-0.08548868822694004,0.0010850035317922467,-0.05668886017591548,-0.0884965790331338,-0.13808321664880563,-0.05485216635242788,-0.160304424461181
2020-03-01,-0.08256962908041322,-0.1355780429853699,-0.12128335413340423,-0.05651563738236679,0.02406582019014322,-0.11858166729474039,-0.17944143799564935,-0.2845939495870502,-0.042964278344267,-0.06711828887472843,-0.054308245035811414,-0.4695196766626274,-0.005882540895002054,-0.1651172738071817,-0.2494075119613066,-0.12823617582310376,-0.22311234592702908,-0.17832496229725991,-0.5541875115012298,0.08907493976737134,-0.13690809544470622,-0.39395286375619315,-0.31336050062930704,-0.1568550813959941,-0.2503788463527918,-0.15545692012842585,-0.19325187138485916,-0.024593032981922645,-0.2581599197080533,-0.21268485960712039,-0.13520223283127347,0.07801447701945449,-0.25723075867321094,-0.1362770342351337,-0.1329980698833963,0.01970110736406372,-0.2630544946679805,-0.03664289292191304,-0.012992625343446793,0.044534662356641275,-0.044779882776448746,-0.10848226402261132,-0.047742692862935386,-0.16124168455767457,-0.06496947876902708,0.021676320835157338,-0.015171925511748487,0.010737955057028424,-0.2627728721192973,-0.07724816107883115,-0.6443016526280968,-0.05364671679584035,-0.7340666258164772,-0.2164242345746491,-0.19641985509085266,0.0013292829756925903,-0.06813423782355711,-0.28583517384869817,0.02773533525353269,-0.24923111839020423
2020-04-01,0.15527479359674837,0.06715317097046888,0.06601605408727151,0.08418795182643211,0.23089712786069097,0.13513109682960803,0.1623593761404616,0.1462513483595155,0.1552424127235739,0.007309233668842849,0.059011460753915626,0.2934593525620478,0.04992361777620749,0.09775000148791793,0.23671508507617836,0.028047823334561805,0.08871015196357779,0.02792297671554299,0.3533828398078676,0.07779385600863191,-0.0023418941142373372,0.2613087610676535,-0.14818727614260901,0.1393620358100884,0.16302204411641424,0.15834339176871026,0.06680698125566839,0.16133082668397344,0.06008968409041507,0.039244351530808436,0.0648938381852529,0.10781460468724606,0.1842902207849875,0.13016019397922168,0.18776060931282432,0.03602559043393085,0.1355120489103788,0.10867814554458917,-0.051533389741085886,0.26090451307341656,0.09979495858785144,0.04292069774361966,0.11755353048115669,0.14006166460091038,0.18790642136656555,0.06656223643942277,0.10358423504075258,-0.055678117676647376,0.08355325150376017,0.1382093024474337,0.21786278931429426,0.034946568555990126,0.19458448181125299,0.08169617369012669,0.3901835148677542,0.15374995248469753,0.12572128130099203,0.025259029196580865,0.09833563247830236,0.20982801995713662
2020-05-01,0.06075549874208996,0.07551256412036714,0.05916844818680052,0.056969150745988045,-0.05564915751516266,0.042533107286060495,0.05044960385428493,0.03591824906180327,0.06104669603050618,0.05877393439917264,0.04210763129193038,-0.006908838035506037,0.008810061729414622,0.07074829300955955,-0.0039352787318868016,0.040571595853107045,0.05971639289045795,-0.06275131790851243,0.1402308585101006,0.020857674261769946,0.008777108599373213,0.012124600960487276,-0.03355006760431842,0.07322924304270044,0.06776663689778131,0.10406333884304726,0.026495288857472224,0.03612206278190038,0.034105197780136626,0.0021334408135178454,0.07540084378927432,-0.036801507281149656,0.17439599318158566,0.028046693944559314,0.09028081636819335,0.01100849504080762,0.13020668037332658,0.012689330301555229,0.11241727813035128,0.021197511817058774,-0.02030526970300433,0.09886652844030036,0.16553610286009043,0.010577700959989882,-0.0010716902787124595,-0.009535557476895747,0.040228203553870905,0.11960922206136419,0.010051678123713041,0.09650944768880435,0.11333952634144315,-0.0016617453736930132,-0.08216113643383596,0.006022299442886094,0.08872220060650325,0.0357644712372487,0.06930356771167878,-0.027318245824518944,0.05910959748677476,0.007042258457945715
2020-06-01,0.0994572038507291,-0.01506466723353097,-0.019366716093377173,0.002936936910935312,0.10195937243391513,-0.02279813670538537,0.07926943211953501,0.020774298460274038,0.05358677383344046,0.07700470690581833,0.023737527455385203,-0.01774751349280902,-0.046187487705241795,0.043450285475544095,-0.02728725970776796,0.006433817412166254,-0.07752175254570563,-0.12358301024498944,0.03208598795536868,-0.0038020665752951533,-0.06249756987831075,0.23683929036746612,0.06334191008320163,0.00853866806058649,0.01555216822962099,0.0030556591409346065,0.014272829892831424,-0.01735748029085249,-0.0034179161218272913,-0.06855036096475772,0.020742068832213207,0.05158069392186914,0.004880807459696056,-0.0004330134224135641,-0.021531877884251205,-0.06360775776626859,0.07438870080180227,0.07332159832089608,-0.07076183183200886,0.07248041608299452,0.07808905187835737,-0.013245887756091881,0.08374851671767115,0.06361753870182502,-0.09061313566987804,0.008511115711719995,0.027836897350022982,-0.042597507994922255,-0.02604815575735612,-0.009013815495043091,0.006311768471631484,-0.10738748051295682,0.18481215821311525,0.008166939653021,0.26451163951863926,-0.04234250623774304,0.013137573526758008,0.009487396988474166,0.03895445022956551,0.03278487770768208
2020-07-01,0.1417175896929592,-0.08372649000533657,0.15971168720163176,0.014031022102389573,0.11802859176302073,0.15605066239936122,-0.0020340804270217658,0.07555699723362166,0.07819713026730404,0.07012405611290556,0.04670926147929267,-0.12091865017993574,0.06576301138543347,0.04869447283966452,-0.037222550733405024,0.10699650946199718,0.02356995036604155,0.007060966436745038,0.010950671602246886,0.1054637412388797,0.04295294141421428,0.11326125348845821,-0.09773680585809214,0.054529502193920755,-0.007933110216283071,0.05266055070256238,0.03224990474697812,0.05741965482965328,0.03552474695828189,0.06623412535412698,0.13435059772121896,-0.11572783075720425,0.05838551590881572,0.061512006568334464,0.09757057965602978,0.033016716617145406,0.010487575354916713,-0.011799427723292087,0.15130623073042596,0.14349203131472124,0.05195311445423137,-0.02776077916999712,0.08836038641168108,0.051222721940953196,0.16170164147113658,0.08664553557071958,0.14099383097962986,0.0628586461723639,-0.07692389308879895,0.11780618582273183,0.0007902930902372561,0.05248116596455225,-0.05921109822167787,-0.04345522316671967,0.2915348102993791,0.015574549855181231,0.019740227332007306,-0.020094976273334772,0.09872607750720738,-0.03372523019288272
2020-08-01,0.20851312411599549,-0.0004388917007623304,0.11763038646986235,-0.02578781362570991,0.027782936334445348,0.021451364090240517,0.14268987119390625,0.11788700013789198,0.1102392955255653,0.1845326517210627,0.03067372218194246,0.01829398692615101,0.029249248227083975,0.24292255529773193,-0.002270117195220865,0.09668863425814266,0.029630406212924315,-0.046958154793671505,-0.020089776335592988,0.02270689700280843,-0.1146095714069519,0.18797858016452482,0.13611566757390658,0.15219843245057244,0.0689385698733424,0.0884078012986402,0.1375264107169386,0.0033466358786767778,0.08851789818510034,0.06955040236585328,0.0557596178918318,-0.06562556089733015,0.1467726569753662,0.08930094228759927,0.08338131116719234,0.006360575776669618,0.0709109370627886,0.044096173890290885,-0.0217272916130336,-0.0025499649107326994,0.09965586435461123,0.11349134895555918,0.20337527316216053,0.06741315024427173,0.06197378290287048,-0.040770152129323396,-0.07379703637015378,0.01877516747305291,0.01899381693991148,0.018707746008184756,0.09958701932654639,-0.100659901033372,0.12269201167852095,-0.08265609484761614,0.448465774629306,0.019526298652862963,0.10479199843123597,-0.05963631348553336,0.17763529526347532,0.014735494319573703
2020-09-01,-0.06178991945141107,-0.06477522216667131,0.04417902150607056,-0.03435164928070509,-0.08332798290813957,0.007508750095424932,0.021708259993662236,-0.09641084447818074,-0.07127106746376827,0.023692378170325545,-0.050738995720314636,-0.1296331914008287,0.040249241074324094,-0.03825366890076265,-0.11018566493620442,0.0668059740329145,-0.03369705593899279,0.1342305422350531,-0.11670829658470401,-0.04020724181045229,-0.015477134727897829,-0.0036478343289667384,-0.04320174202325941,-0.12952201962142773,-0.04179270668781279,-0.051551638989974814,-0.03150833908947791,-0.01672719654544239,-0.06658592816419619,0.003529845624583154,-0.03867249848873133,0.003692845623731912,0.0003962328017710799,0.02840006207636915,-0.09631268292604607,-0.02025212415380938,-0.07724969814339126,-0.05240199934238268,-0.01225161187007617,-0.06975702463256818,-0.07507534244205238,0.11258465218149774,-0.00540403721864887,-0.04222145169186797,-0.06905660430479274,0.03546007244905147,-0.0007868197079005882,0.049480696684375367,-0.04504788298579415,0.021639610039857027,-0.2150512587555404,0.061727191653392514,-0.03873020099135598,-0.047834039501403226,-0.14081032446616484,-0.0006373542842617863,0.014962142350568083,0.026701269309849573,-0.01806553398564655,-0.16170529775966963
2020-10-01,-0.034891030333889524,-0.007521178559288959,0.021949183861718083,-0.0541972287258201,-0.0271999546926565,-0.06435315091760258,-0.0444035127159071,-0.0368888708765002,0.045285881288781686,-0.0007383970840474721,0.025025996602627654,-0.1227224401960337,0.01089228122331964,-0.027794625918488254,-0.01875756711873206,0.039160045510733,0.01477146951791685,0.05465902120625645,-0.0015269164914774869,-0.041328206063915324,0.12407714718830834,0.09455558823170084,0.14346053674888953,0.052435813075880404,-0.09529922875918465,-0.06322251973285065,-0.015111954764382741,-0.031801755725955144,-0.02472028834309149,-0.007362152483092776,-0.06883558358944185,-0.10025873505644613,-0.09756747899048165,-0.03439471975463533,0.019076793158086965,-0.07016380832215874,-0.009499694585886993,-0.02722102467657942,0.02617437276636733,-0.045135519231716395,-0.03440742159309418,-0.01987643928170054,-0.047818864457309145,-5.4223970079606e-05,-0.0282988684059342,0.015672363966835603,0.011800454974484873,0.04706361386063963,-0.039545698739821514,-0.027866899821738858,-0.071227691118966,0.05571923639638192,-0.05475468346139706,0.03479559776050058,-0.09379396904932802,-0.02868178154673124,-0.13383570230567582,-0.06863123935825934,-0.030961313019295146,-0.0997148337028138
2020-11-01,0.11368392705677104,0.2496468330052595,-0.05179131108093807,0.011196486870856732,0.04957272776657595,0.040688662740535037,0.17686645645986393,0.18351613293855168,0.16238499563524086,0.11713182752189276,0.094491435497032,0.3375821423234425,0.09671312395113799,0.013585793382118086,0.20229867888619663,0.14421021516040836,0.1834456465583814,0.03923153206537951,0.2638967770448432,-0.022510024654606126,0.022236686194071018,0.3024588204315551,0.3357181396235914,0.08548385311707866,0.21173749175983264,0.05410232176530631,0.23135258404939732,0.013777413382643953,0.19897390492527303,0.09402985238095599,0.18187343934055922,0.1270473793435759,-0.0016578359902898552,0.028730780507998807,0.054226259728457335,0.06723374220276838,0.26123219073273457,0.05495624440902187,0.016505032303863493,-0.07729009732687274,0.05318246430553166,0.12281373103688513,0.06908353500004698,0.09492096353420307,0.14075803585792504,-0.004682374584783839,-0.022433843033689886,-0.04157396562450506,0.24640667773879144,0.05839666646233397,0.3403876488177942,0.025319924310515794,0.2680624534262102,0.06919955656322303,0.33957691400214857,0.09105080713543871,0.13620604235710654,0.18553313287290957,0.09545047276777752,0.1675326986136796
2020-12-01,0.09362489025007889,0.01004572281467535,-0.008496567258397456,-0.032638004703499965,0.04061204614222054,-0.024839760593317474,0.10028056143355979,0.08492950460952736,0.046009658014085617,0.05741288490866556,-0.0012538620757646182,-0.017358454735510124,-0.05466006457754584,-0.12374998920382105,-0.04355269309400216,0.027170663526179504,0.1799923991291902,-0.019668986608378652,0.04166253477654594,0.026567813865997044,0.023691011794275924,0.117671228855466,0.08900180456529322,0.0036399928703609225,0.14591001074911508,-0.023065240131522103,0.06882661999898818,0.06493788442469886,0.09062153756639642,0.05600800240479284,0.014250923873491837,0.15198996983063234,0.03993844690343071,-0.010226352125857659,-0.03013038648861372,0.0013767045944855366,0.09242580619285762,0.014303030343792992,0.06348732805196333,0.01535990698215247,0.09086912738629993,0.04492011138080497,0.004499961938113715,0.05449221993097113,0.003959116626458942,-0.010780188671616165,-0.023015392817166653,0.02577495557676933,-0.004116301052069109,-0.013181373746704084,0.06724135730545812,0.03513199695252394,0.026582592171841238,0.020532698756968545,0.2039170083432134,0.04692379213139456,0.04938764832916586,0.07850367848664151,-0.024998551734032502,0.13377275278462103
2021-01-01,0.017583288688810633,-0.025242055364931643,-0.05034632980386092,0.01708708932442597,-0.010972678212443614,0.0035811189394230544,0.059649202256516626,-0.012089982663305509,-0.0191622404815305,-0.01006708876047687,-0.07328950729254917,0.005759442996299319,-0.03995475306439606,0.01478903884170641,0.0005943260400627787,0.07694227172184098,-0.07507331527038377,0.040590263883241336,0.007651193293678202,0.03507721428412672,-0.02210390192269562,0.030436753502140965,-0.0116436536979856,0.02360362509898345,0.03239090448157244,0.024876862867125656,-0.06730923559715277,0.03700826250270402,-0.007636388956400583,-0.12107492659065884,-0.055826123518310886,0.22845735868280753,0.029638166020852317,-0.03127138519813245,-0.05823116213901691,-0.04777157653118247,-0.02752577483316421,0.03547167463636578,0.03677532748407649,-0.02442733200543662,0.009197352659416286,-0.0371687528131158,0.024092999011214457,-0.04044922356376638,0.0014193363973342456,-0.08994053428959586,0.022317331663541457,-0.015458970209533282,-0.08374223897761107,-0.08002683617597019,0.014352808709727832,-0.050994819600647175,0.08046127140989301,0.027171866305442327,0.08787434613096187,-0.051729549795916964,-0.06510215401069126,-0.03534919577456769,-0.02894164451128261,0.07220518185121963
2021-02-01,-0.04959566631337844,0.09842456035382005,-0.12431452719477622,-0.060465103332827376,-0.0075616565773661965,-0.02650639826104777,0.0498046979504323,0.14475329733830838,-0.019763002247311506,0.13787868708587545,-0.024831033624237085,0.26058372207127195,-0.0728135715344843,-0.0073622633137125845,0.13502302759477755,0.2007142131622136,0.1167492317179694,-0.08047442463157581,0.2544151961478263,-0.13268698377967855,-0.07053439149512228,0.225709297189392,0.14674831838057845,0.05733657676664172,0.15543020076273228,-0.048005471171866716,0.048912056295443526,-0.027606125781809255,0.1029839042688295,0.026125555297336567,-0.0053806018995257035,-0.00027656730302234867,-0.06082616233974479,-0.009144635577556645,0.007516086472827177,-0.04780710840561267,0.1385729694687368,-0.005689960124901557,-0.09276424787514076,-0.12240393518308132,0.02054897839563104,0.01944270668449804,0.08611960542239436,-0.04065901172412236,-0.04931448548063193,-0.006403598251999078,-0.04058406197837493,0.040542097161913704,0.08974723275555407,-0.024520939479463433,0.22625789699757703,-0.027044347405064798,0.1851612719940476,0.03796924833360878,-0.17879265467876776,-0.00889292083464013,0.04069959715699033,0.18025832168089717,-0.12932051660444507,0.17731630031075693
2021-03-01,0.010817553013541254,-0.009387904536069493,0.135653215129961,0.08503236616942908,0.010166151788209706,0.08320766098788072,-0.027543734705245806,0.10057674220918535,0.07563420228778966,0.06120728763204749,0.05885177935490516,0.027925649732145858,0.06499558497116846,0.000725999979001489,0.07787180753245096,0.06462691541178159,-0.003257895931400148,0.1393279022024171,0.1484714074900886,0.04988887023802084,0.11658707785040863,-0.035666677630143494,0.04172417221376154,0.00828187598782978,0.01174251077828812,0.15351980643198693,0.07135486720686819,0.07050142038595807,0.021597563443801544,0.06707284569537664,0.14051504935682935,-0.08465848372573166,0.16953028191011743,0.07539778851288309,0.1273499540873227,0.05421539657077451,0.004961830808722771,0.021728213306414123,0.022151888436964105,0.09600606996635652,-0.021251196173758084,0.002930517828419084,-0.004611043306342939,0.09037786255271407,0.09035117395932354,0.09499706670950075,0.07369715157354288,0.04326065410550877,0.08317899410496667,0.08204338801091383,-0.037962204561218404,0.09750933686300037,0.009792844012622606,0.08316808897812386,-0.009306966215322529,0.11471957364364992,0.06546276459374697,0.11247274856775634,0.03636994653477231,0.02845320330737299
2021-04-01,0.06404334535665523,0.02649555209287087,0.04992132611445481,0.0783703782316913,0.09048532319196884,0.05193774437059476,0.01795472289346762,0.07124020838283615,0.10265668830822061,0.0026027138678469675,0.02876501471866597,-0.021090434122728527,0.06433069747163397,0.03262587018088378,-0.01541471310399859,-0.018031663621546117,0.0035102374122335574,0.05018591055506366,-0.03933720879764711,0.0657048396826386,0.047130184049193,0.12866553147025125,0.000733325829714875,0.1525383720653195,0.07288825820544081,0.06995880343036287,0.032027883016287645,-0.011115756118760863,0.0189199388462492,0.04382992850140816,0.037099641421866496,-0.022666656563338466,0.037574820933106746,0.06921501389519025,0.09294612180009468,-0.019294365060726456,0.06702947275247152,0.06501778986515157,0.014488431303650063,0.05332397530464534,0.0019987164497608997,0.007464102292435069,0.11022081417688932,0.040745095609309244,0.06696326975416972,-0.039071846555719915,0.0905299631224286,0.12889735613363804,0.05354221268977772,0.10196360090791814,-0.00871250527449376,0.044977103652152836,0.04331247308564484,0.045331426626075005,0.05573370256496987,0.05923447915019257,-0.005608161750369077,0.1280352592037975,0.04877000754687165,0.02370590926121285
2021-05-01,-0.04395657667497392,0.032591582727708276,-0.03147414207443434,-0.002947147194522595,-0.06382645729582156,0.03850469659661096,0.023904691671166406,0.029293846798142148,0.05425214634602802,0.048333280472651514,0.05214736865118316,0.0954715350437482,0.025156076658716293,0.054928199404189304,0.025082990837639433,-0.01621764852438709,-0.02141951444619232,0.009638486216549846,0.08652660986588404,0.02184573459496405,0.006352190891592813,0.12626355984551382,0.04721561759335709,-0.0064725701697958635,0.05811648658549613,-0.027056424182551733,0.030208585010822554,0.05094559430890341,0.05599754235913671,0.029817349487817637,0.05595653132268903,0.0957863001875857,0.00014726807463461434,-0.01133177319295889,0.015835470654545325,0.028756875595422764,0.10332800932133718,0.00797888916201582,-0.05820089955805515,0.16001356654439394,-0.014672055025249599,0.036109470440356346,0.07781307818107693,0.0025197699347994755,-0.016045511253811616,0.031350163329031365,0.024334863654297358,0.003977397741041053,0.07319268633681666,0.036592362465209666,0.136511651238214,-0.03475066755135666,0.06918504103854838,-0.06011744120285373,-0.11681286529827435,0.0359972053069936,0.0017493983170018147,0.053094367063869774,-0.027446679524617865,-0.002472892610670324
2021-06-01,0.0460175474999204,-0.019693099445512882,-0.033984479748821905,0.08332630959239604,0.022005434976341054,-0.04372452242167291,0.019700149303574294,-0.0016371417421697822,0.01158209249712545,-0.07378998275219559,-0.04865082282109826,0.09366870324428955,0.048229853415830144,-0.026561176061117568,0.0013074702941682954,-0.030002451341488174,-0.033015026500756765,-0.04404474188088117,-0.0027582742174339994,0.09083986479891067,0.011620120080154228,-0.14029859464688302,-0.013016618804532178,0.060729221970037855,0.03464296896780837,0.015817410235321506,-0.06275531356813488,-0.03929529396887673,-0.013472991082117441,-0.02986346645490785,-0.06627510951086296,0.11751763273078675,-0.0032046981738127808,0.011298733979418413,0.05809395825661444,0.06798513678115563,0.016774718389044624,0.07350544174453263,0.016128125064387554,-0.12071544212683964,0.018845359029683005,0.09503877842288541,0.15601683000596134,-0.015533953546115595,-0.004426060258502253,-0.0005776509191689027,0.02183272231336745,0.08918610754249123,-0.02851031408589507,-0.01344994931477421,0.05065018714316521,-0.02930503518715339,0.020485212628952452,0.004378258652563628,0.1184208508883487,-0.032639989457193846,0.005099832012384568,-0.051401223474091005,0.05750921180328462,0.1327895562565029
2021-07-01,0.048645409890225845,0.020205886867046264,0.03054125036077005,0.05549153005318594,-0.02899102580962397,-0.008461673505332994,0.014462851893730134,-0.05723640467984953,0.009341113854224928,-0.04160300776991343,-0.049255506612742694,-0.10778550499502546,0.05917452332498488,0.0013365522039903103,-0.046585025253008366,0.017635701002354773,-0.02570447176385009,0.028161676122116147,-0.09882690620378246,0.015772819907517905,0.049705933579193534,0.01977954581603381,-0.006612799413020509,0.0961255626310663,-0.007669230347687387,0.048995783712439185,0.06511723578948914,0.02491910790788301,-0.010735585516590316,0.027280366398468384,0.03193944804218415,0.04196778483817557,-0.02763173467274685,0.04904458284648836,0.020996944736328037,-0.025191641794223982,0.03797377045133793,0.02953961116933318,0.06973250302168381,0.013731402955006411,-0.05017571609091902,0.061444717380973075,-0.01638433244949172,0.08547037541845422,0.11551839201682135,0.05277422175324719,0.0686711910638195,0.056932643114954884,0.03330733890268127,0.07481400130528822,-0.07578407664806382,0.07972989071003794,-0.004464745577263382,-0.013179892606150595,0.0019210968450949061,0.04284622170837191,0.04003988169087958,0.036337684662124545,0.037968002293938985,-0.0533941346439594
2021-08-01,0.0380351767813879,0.042797923823466914,0.002149233178381945,0.04632517472697263,0.0551434993790845,-0.0902814480775942,0.020236402465259987,0.08510277368516848,0.08207149052851563,0.03501950033888859,-0.03788976682430158,-0.004020045711935323,0.05562010138510868,0.050356812091140526,-0.06420275389329255,0.042858595342001524,0.02317592701224488,-0.006693243308167902,-0.0776255356951126,0.03467370184589673,0.057956462964033055,-0.04919884522156637,0.04373089663776801,0.06256136777355231,0.09884850596281845,0.00935948992406785,-0.010797840268436108,-0.02911572599692244,0.056990705899358986,-0.03132512536296568,0.023912899844666637,0.04201317860723636,0.06878759189126812,-0.006131039287457049,0.07021836406599226,-0.011632094289465895,0.09619370078487693,0.05291124250575515,0.07977588776878027,-0.06156772534711728,0.07771054859124336,-0.02634356468344124,0.12248558898702443,-3.569839756805771e-05,0.07994401547464694,0.011365814345321558,0.04698001542519596,0.04691097104073265,-0.016779971625530417,0.05269842507279664,0.00039526581925409393,0.03953304173373798,0.08259117730162284,0.002010847118489434,0.06502294071806092,0.013311369864251306,0.02595541744683049,-0.007941909969476883,0.033765267169016254,-0.026789391482825345
2021-09-01,-0.033861328284957234,-0.08696322828140528,-0.07524597022292266,-0.10417261815765483,-0.04297238524010513,-0.02889391671526112,-0.0028752623373159564,0.007650396792953731,-0.1261831278394783,-0.10311128380530157,-0.026530417912082053,0.21886840172600044,-0.00011047679516127881,0.007322409378070837,0.06814140672244243,-0.1145145675136976,-0.0560050740999908,-0.01045784179556495,0.16556696937717263,-0.04932341762380135,-0.00687563218425094,-0.12089573839063122,-0.027384193909941255,-0.08991169211780856,-0.08809518128080629,0.005779013065408819,-0.07486016318067495,-0.07627260056426244,-0.005849012192215286,-0.05270409633407974,-0.04101971428152654,-0.0889679513418383,0.01257104434660214,0.02741315535971229,-0.10876011441248826,-0.006292099569226399,-0.06705211642490948,-0.053771723314057815,-0.06781298532679704,-0.07790277518791275,0.09394604835886002,-0.10215668117405825,-0.06226511989431685,-0.02423528908996596,-0.06246238614819782,-0.030937731458809924,-0.08949531596214634,-0.10643949163700209,-0.0023134524187733325,-0.10402190959560034,0.04331917649724813,-0.06821787694813115,-0.059618055183816125,-0.025934404145908925,0.0197110986173525,-0.07459660240471903,-0.12266520258505687,-0.01682970168080823,-0.08434084213849519,0.07112377339995438
2021-10-01,0.09730173218657107,0.06856824092842304,0.03826867995018804,0.11504922127458511,0.06985115727256007,0.17395452958722998,0.1354648521212334,0.15740044213663446,0.15409519884485134,0.07909864286029832,-0.007182676287208423,0.10960059146103192,0.06510434685135408,-0.01677809651481539,0.07731787441301066,-0.021138733656029595,-0.024927812878297116,0.07808138222162395,0.15055402689844868,0.07186510740127075,0.1182647806085427,0.13408012332786592,0.06563718362895807,0.07851753064459205,0.0930903121713849,0.13853055239202242,0.044134680185054904,-0.044603181447216624,0.04097711621755569,0.08779155113612509,0.13175385189467068,0.08017352285558976,0.1437789802926449,0.04190735112149332,-0.04070513266291581,0.15055644952175665,0.052776282625730864,0.13830621503815227,0.07871012802417061,0.01813584410606079,0.12349551159385536,0.13444695664114018,0.18323830711552283,0.12562267506199867,0.03551923635651219,-0.00850968081918941,0.11661766190958284,0.12283246317260899,0.0024804346177326464,0.10598113906020706,0.1025734835246734,-0.0164714956306957,0.10767460117169927,-0.030839714434749026,0.3135278899486785,0.16248919294826758,0.2233990466191104,0.03517742554246579,0.09074269789902892,0.12430298724770728
2021-11-01,0.0773159203862766,-0.004727835398269067,-0.0808005366911135,-0.06111990236944701,0.051846174109854565,-0.06572591391936514,0.009842510094413795,-0.09937044961760128,-0.06755600762632168,-0.042360765175189156,-0.051983527417626706,-0.0496807065090749,0.08642699671441936,-0.08417631264446503,-0.0065183029331932875,0.014316043392801299,-0.16605460967890542,-0.05485261831602429,-0.10288883579164068,-0.029396739628899438,0.013078794224044489,-0.007304573521781643,-0.08485556921694559,-0.030660708030734632,-0.06913417499926566,0.08730110535319373,-0.08197918252837706,-0.05124662835630961,-0.05396349130803739,-0.0995207368574987,-0.011455111632573256,-0.04218748035812075,0.050957364418589106,0.02213131012691508,0.023641511191491313,-0.15453502406015657,-0.059721679450747925,0.012003354688497765,0.024686730747378906,0.06144960953509871,-0.11358877178107817,-0.0007081166281313247,0.19396486788187933,-0.03693361964955508,0.16126567602430877,0.03892353487165815,0.06445476013496283,0.017388956758776018,-0.053350940435694244,0.07063043867770764,-0.10249946103807506,-0.0006949712015190158,0.07504490321738799,-0.09860423544185258,0.046055178446837916,-0.02768222664253301,0.015046318481584265,-0.03165390775519816,-0.07678713996851626,-0.050829097116540725
2021-12-01,0.013619338495745419,0.13718991057657656,0.14848004052278638,0.08860132027513978,-0.07124497892068887,0.03357064860954715,0.1793849676524109,0.008717049473393657,0.0016327320627985264,0.0601259546986283,0.15633470937674596,-0.0009178441313128401,0.056121757270518234,-0.03516963361679225,0.05162012000817049,0.017264578890828212,0.07765599275687823,0.03144057347871371,0.01232132813162495,0.031257224209399276,0.07839800347566334,0.1188929277255464,-0.00783670395156515,0.03799197984630741,-0.024377523578853654,0.024989674219742436,0.006839092434946858,0.09913388013135857,0.004397309641722864,0.12301324670386489,0.03798716661955257,0.07980312565073337,0.06228854477832556,0.07332898424380012,0.018276436064839592,0.020355501283971907,0.021803541531903524,-0.011020469317207123,0.06992250313402387,0.11347250907890423,-0.042396121377273374,-0.03202985121619311,-0.06328291083598792,0.07978094907890093,0.14093525449369335,0.1324274487824962,0.13199597667379942,0.13938570473155454,0.08874784078146904,0.09186304117865711,0.05493047594339926,0.14667695314920484,0.06875492447231231,0.07418252837618808,-0.026511991260870046,0.11714616774105681,0.0694484489601231,0.04918455281151721,0.039136681670471365,0.03156656830177331
2022-01-01,-0.06242524789835005,0.04682265571594785,-0.03684243155421539,-0.1493141985669399,-0.10360708072914603,-0.03650048685052011,-0.07582675847564643,0.031035453510700632,-0.1156825217070266,-0.06046842762801717,0.037126025053707754,0.2352954371563533,-0.08124960812694604,-0.058649829015275115,0.13573519071820234,0.11745566425078902,-0.011695626470539913,0.01746981455876559,0.09793492072136936,-0.12453165644251041,0.018454425106157274,-0.14073504201679793,-0.0063340024075592485,-0.08942450132076954,-0.10757755369214073,-0.13391500778132323,-0.0075834295510185615,-0.009936002968464228,-0.0953683620288759,0.081655461571641,-0.07879854813616156,-0.13415325957055207,-0.10484787127475213,-0.03986785655138957,-0.06455996640111264,0.08687914945378555,0.04990494205754511,-0.0740104539323053,-0.18075843983109535,-0.047384453498137594,-0.25684450222699196,-0.05514623405378748,-0.1114047335073911,0.04696914059393178,-0.05477767499882084,-0.04298231173095024,-0.0682983305348747,-0.07077595246326177,0.025842014473436068,-0.20629879962931474,0.2568878628452944,0.007689892841936707,-0.13341575063614725,0.09637391112970434,-0.11432691772609743,-0.0783910004470337,-0.07879045057801386,0.06390466071398335,-0.0929091186557329,0.17397176351434834
2022-02-01,-0.047204381935487205,0.10412027875004912,-0.04654035938074923,-0.09722840557471502,0.022068282384290448,-0.1491897662864012,0.026142699540656747,-0.036863451615907566,-0.09487912558011262,-0.08251795643059745,-0.03604980169115625,0.09054290105657534,0.041589105308105404,-0.11579727582679587,0.10380033769545294,-0.05250507567278334,0.041102166405995066,-0.030132915447735692,-0.03915133745354861,-0.02439346961502527,0.05034028365694715,0.22144084851259332,0.008765289553184112,-0.0069457522329759375,-0.03462642763653244,-0.15059145612126776,-0.05673442460348438,-0.030319673358768805,-0.04223839394891902,0.042339136694180296,-0.12113536245403753,0.025315199985062407,-0.10907279153753136,-0.05258296611289078,-0.37025663754445726,-0.044426597040887195,-0.09490314148623513,-0.020757225064155806,0.017113310574996442,0.08137675419764892,-0.06653171341526086,-0.05083298770935195,0.006151971269605895,-0.06839591660263672,-0.11481132795130154,-0.03877826141745715,-0.07151892545297363,-0.012829144625485081,0.12560541580163462,-0.06976667023144154,0.005501690138950377,-0.08681163233504192,-0.08623747380672993,-0.0198661336541804,-0.07152318590093396,0.006024575271818968,-0.026160641846109035,-0.042919257174621576,-0.07566319959512549,0.008047105181311857
2022-03-01,0.03571952156569779,0.08411156316508148,0.07499821542635512,0.10031663427097269,0.07625956076673694,0.06899565251907444,0.070478831905475,-0.06237228673649481,0.01862268329944993,0.17608632116332865,-0.020688801867490038,0.06466930469031966,0.09534693156446321,0.010701871039964577,0.12627960722352163,0.15196058633132958,-0.0879531005666847,0.1364191288797369,0.026497641452074224,0.03529362413091963,0.11175020397963344,0.06913948752409921,-0.06017140635338809,0.04572076609644703,-0.023033690970258744,-0.04582612320248342,0.03446076047509471,0.09552370381146953,-0.0413374343896376,-0.00853487876945586,0.10873497722228084,0.17449240047067785,-0.04621884202812271,0.027508357356306926,0.03937782105059329,0.06745940136586606,-0.052627041369645675,0.037508348834126,0.05814365423373283,0.18075032663420224,-0.04828350464899256,-0.014260852648347954,0.10089441550672429,0.04260898329541175,0.09136938694561347,-0.013441831604995017,0.0941152566758698,0.08703107261761932,-0.036893514722379006,-0.07818781476421299,0.028199909042530648,0.1287501382394027,-0.049042080750878,0.007230267906781529,0.18636750470403105,0.06239808948698046,0.1173372422009105,-0.08897124990140644,0.11959325657912537,0.06482705026948749
2022-04-01,-0.07146962249901187,-0.05630643162331086,0.024638770179395135,-0.030862988944591038,-0.2900092309953437,-0.07651004150148054,-0.12230214309632093,-0.1815251637505701,-0.22290758463280982,-0.10353757255238405,0.05107177801537181,-0.026122310392808025,-0.044918839448825,-0.14386182497021255,0.004581162781706241,-0.07366199111625765,-0.16605885252477132,0.00035202227977534396,-0.10084092192327371,-0.03672544800277684,-0.005876259187531695,-0.22517539101041553,-0.2221484627374562,-0.24886871868327265,-0.10776764264589905,0.00010313809738267572,0.020018035984100038,-0.017413220906886462,-0.18402439456826586,0.07961118016431201,-0.07796636586836286,-0.02909078921866901,-0.08322697272241247,-0.010920126481265328,-0.06940031930791493,0.11489420861123104,-0.05392839380153824,-0.08973489457710106,-0.12429346744446948,-0.09271486567968207,-0.6180542163923973,-0.022506428920450613,-0.326331135849033,0.035052433627209556,-0.023605221760020466,0.04174222290925345,0.00012525670650409462,-0.04972109352382659,-0.041718663417893445,0.13280975269775408,-0.03254741250720621,-0.001593098695255913,-0.10582193848235245,0.042284499538718254,-0.17175593290942495,-0.018124720180938317,-0.21187257692243067,-0.11418538067259607,-0.012559996391545022,-0.009503965098209458
2022-05-01,-0.07040226821148529,0.010818598641228581,0.056077432407002165,0.06156421699972666,-0.04875343626443057,0.02654674830920847,0.017772242564624025,0.012379202402559155,0.040832879932012914,0.01308644741633909,0.013308666922749608,0.16458049689019616,-0.12146324903172727,-0.05370273349531005,0.128012830697489,-0.031167726964634317,0.002720305999031775,0.007989036202749827,0.14197909684014154,-0.054967834136282444,0.05038041597752609,-0.03521772710131156,0.034615671904347126,-1.422819122205276e-05,0.051185581684543784,0.005813198825119886,-0.011554898499582305,-0.02008201213100054,0.11188194764949384,-0.028729135861172598,0.012126041996486057,0.0367438996181477,-0.008603287656954804,0.014444626993759618,-0.020098323825683877,0.042160524656337676,0.08358513435818424,-0.004664048712637776,0.09465649260162975,-0.06056810228852283,0.042437048247338766,-0.04348574696646906,0.007984049179794098,-0.05429634639512292,0.06974560895423665,-0.05861006885846161,-0.21090289048192237,-0.10032944426774418,0.023196812527875765,0.0028221465898439803,0.19006374388658018,0.04525280337448667,-0.005049558551240917,0.08683934281135003,-0.09916528798947385,-0.02639576762058461,-0.06749568695395591,0.08174856500867539,-0.20192394435412409,0.11666769750029583
2022-06-01,-0.06923085755002474,0.035762224480536405,-0.026767036749333825,0.007091572237930922,-0.1465800627243462,-0.04680231485590004,-0.1947232199478331,-0.18532290837100146,-0.09651881107878357,-0.20036077199760527,0.0012577292088017805,-0.22376718187643843,0.034972027262125116,0.052129002278557594,-0.16657983281661004,-0.17564275283334818,-0.15607287305165662,-0.06676314760463642,-0.14425215795974478,-0.04774853874337943,-0.07616336579529445,-0.2952833008310846,-0.2013807522525423,-0.04387424080214529,-0.10179384224445126,-0.10398526815884837,-0.10813029129944819,-0.02839105001469111,-0.14509410722884092,-0.015708471108898184,-0.1563294586914861,0.003077395390484086,-0.15265959402140034,-0.0336339632517238,-0.17801371453974715,-0.008596047912293537,-0.12139535841313698,-0.05624748477739915,0.04846316048203819,-0.13339366994413002,-0.11123186789136216,-0.13522287808184977,-0.18929308103705475,-0.013034436993724488,0.008197857680833129,-0.034661925217729,-0.0746499941988153,-0.04754468261207021,0.02382977331947769,-0.1524612780785643,-0.22642430577949638,-0.05955239714572896,-0.18701178715284078,-0.035654644487087495,-0.10014158241655248,0.03416109283348702,-0.037021244873000736,-0.13999771985912088,-0.03784934068791318,-0.1006118151038367
2022-07-01,0.14801361857374476,-0.09549565200489762,-0.0078016620630928235,0.05396744258132851,0.2505896262477825,0.04736283389590877,0.11677799147357214,0.1199453205963836,0.1285641105401037,0.1209040929744342,-0.007633181271315908,0.08093864610778673,0.1051863325280976,0.0808516504821628,0.10962971211301778,0.11635028948242473,0.09391494077699476,-0.009573963206309159,0.010809083177345729,0.06372096230137173,0.03285177188146772,0.08517520710472869,0.1680227187473367,0.06698236446979092,0.13820650363311138,0.10575475719712184,0.11907676969802311,0.006452146551050385,0.02937733364157144,0.022461658799024915,0.052868179566128916,0.03468645229722285,0.06601554464420539,0.06815191657009494,-0.023768677689518108,-0.017660570618949815,0.10331411163495222,0.07039845786534704,0.06670193113820885,-0.25192672999100507,0.22482135891085978,0.09667087442031964,0.17325130751367332,0.07472831045176925,-0.03306093021995698,-0.050020068758933466,0.1320410500924027,0.052124443733244784,-0.021217859383081066,0.08327872806155842,0.023626083613155168,0.0718956952881307,0.16136847866442763,-0.05720829457237024,0.2839777260471812,0.06648406050646952,0.08160565235973583,0.10487562553319359,0.11370145678220454,0.13465829256786127
2022-08-01,-0.03913151531767714,-0.05506758367153012,-0.03851055934469765,-0.061451018237954506,-0.060643687110034636,0.027857102275818335,-0.05252121228477123,-0.010339086965781731,-0.016080778176584758,-0.07528338545590424,0.01897017831793635,0.11788040811422844,-0.03190257909803919,-0.18407962089705748,-0.044151649541678314,0.0721143904491972,0.06778584253183743,-0.010105446104349686,0.009410179303290828,-0.06535715598943179,-0.05505697005660608,-0.07280575956847413,-0.01766105016506614,-0.08008703857767034,-0.004423523200517329,-0.03238881605332421,-0.005350267527615398,-0.07120177131659876,-0.025776700779940914,-0.04484052978081689,-0.05881944856701465,-0.07213539047333559,0.03140811231841821,-0.03862805305628689,0.024899244153679837,-0.03659330531960002,0.020358312811247427,-0.0672156514578858,0.0032464845637145503,-0.10015368405034153,0.026869298458051562,-0.04471392658524567,-0.14852908813014565,0.028062031801713277,-0.06641612557883192,-0.0037743826031607385,-0.07208383023295123,0.05022402597824823,-0.04229555297411435,-0.04591689400281272,0.024122659225388976,-0.00115502662333722,-0.08606631340624235,-0.019793956367887118,-0.08571270890109117,-0.04852350200399736,-0.016892164048396514,-0.02204968299324889,-0.015927416910485784,-0.024920630160716647
2022-09-01,-0.08424104233895985,0.03710561120775599,-0.17155875916601615,-0.16569538876138082,-0.1248376677673766,-0.07057436559622841,-0.11227049258701365,-0.10803047807284784,-0.1878594772413438,-0.1361524048015316,-0.10787355298974653,-0.034370374871519165,-0.0670468385491873,-0.061585395153527,-0.06805278239774823,-0.08106379702200514,-0.16764187204405057,-0.11637846734163071,-0.06858126092813763,-0.13079148311070182,-0.1316431463961556,-0.09823267367843834,-0.1689875548233306,-0.137795000050011,-0.11730202414507906,-0.041353562251225634,-0.11004742744725357,-0.01141709947880366,-0.09493800643549391,-0.07518790102930163,-0.06369646389031298,0.06267898146638543,-0.10007121249997128,-0.09094764855331748,-0.16418560088116557,0.030048588463237616,-0.05135891773389324,-0.10078539681308671,-0.06852776483069184,0.01236889604326543,0.08458235273814207,-0.22016827389957158,-0.20552046419463282,-0.06759997615865132,-0.034971460292544776,-0.09108055349780513,-0.20540033153664852,-0.1210741311990611,-0.09339426219321997,-0.1298299214421235,-0.08147860438821083,-0.12835571875079954,-0.1418686240483304,-0.15361464897576774,-0.05470701303447811,-0.022172630905966644,-0.15216922519427156,-0.11516572401292395,-0.051455675301814996,-0.10652044999387533
2022-10-01,0.06250297293416834,0.0811944413802291,0.0066649750574013945,-0.056985056469494144,-0.07615462941255585,0.08862787295462368,0.05071029593350481,0.16252769408238124,0.14100327817826583,0.2747600977468975,0.043110978009102144,0.2510122504875178,0.04341728935268854,0.14360165530912786,0.23078415905014163,0.2084170422337553,0.13400216598860193,0.0012138598123414492,0.1129559218910836,0.004657513904391125,0.0424322686578759,0.16064333158201882,0.2233851964967413,0.004398781856837883,0.16670334815674342,0.04965298441279317,0.19767157955893933,0.08034396803191782,0.185624900800454,0.06451317940001827,0.12093388482413218,0.1084367226957424,0.08162078267473336,0.2129372859632402,-0.3393130197136172,0.16953709224633604,0.04883285295270564,0.03584570461407774,0.0001829342991429752,0.0595921781355504,0.1689106978169022,0.05563955451049067,0.031891162485108954,0.04516722320611577,-0.010816954017606184,0.08702105989643737,0.11950796413374462,0.0705513577899251,0.16528982751685273,0.101539084559423,0.3846091819185839,-0.013701439854532097,0.2617932871619429,0.11585951203291894,-0.1292683308102258,0.09854139701269937,0.02660350192917845,0.20767583261335382,0.037010587346363255,0.2530832151267035
2022-11-01,-0.0745296603641125,0.08986472034230505,0.11548738659497461,0.05748730491354144,-0.04426618012190045,0.19023176213129378,0.1416500400750612,0.06615107515175332,0.12450085159304819,0.10942335198566305,0.040657289566241414,-0.02175727574954171,0.07567749312060099,-0.0040270627943079125,0.00845343548056936,0.10703285609159206,-0.09492617851498028,0.0240494692262591,0.12367376609720152,0.1957685520465155,0.07329575537906248,0.23982587037343184,0.13425114747832348,0.05822652987123582,0.11601609527841826,0.09975958520717669,0.07291440270781514,0.01753715372283125,0.10906871125407488,0.0632448747250293,0.07884024479302741,0.005164172861500928,0.06663786956713318,-0.006151506621727076,0.23320392456484912,0.0808803512282359,0.1415735274951957,0.08380458872504642,0.0916803214936092,0.15195816779705387,-0.009461507441257191,0.11527843393605247,0.1827485812116199,-0.039543804348535536,0.04376783383467174,0.11085212299900205,0.09076794973003649,-0.02092132875200819,0.06808364889485076,0.13791397297196167,-0.0027463340471436132,0.045469483560438506,0.12307897571198359,0.057416956763961455,-0.11424597267893088,-0.004281433905054094,0.11692848236437342,0.0593718067740622,0.0838137745709648,0.026248830582148063
2022-12-01,-0.14010211450243537,-0.010897983271311966,0.03676344787629388,-0.05348755870015886,-0.15692611368392473,-0.03826932154445606,-0.01669196405671285,-0.13861194464837379,-0.012339895774980722,0.003803258441728144,-0.006937859131841837,-0.032215887749090295,-0.1476758394959852,-0.13964105424974171,0.0060780454977969085,-0.011152966719921477,-0.11964219640476863,0.0058429812185511465,0.006853779241635244,-0.05327742159286766,0.06303796533849643,-0.06666433933099997,-0.012760563069445872,-0.1346682833012744,-0.1187634742090005,-0.027745994036167503,-0.023216457089798297,-0.028535167539642595,-0.00769665179006529,-0.005748644280351237,-0.08550074869506627,-0.05448535668752798,-0.103158673874614,-0.030598821650421253,0.02164402351101829,0.011018802366815125,-0.07652937984228378,-0.059227761851916715,0.005841069488804652,0.018185194992975943,-0.030108288790901036,0.05975679407527831,-0.14325426317917106,-0.05120578698794179,0.02874647804420311,0.022726860131548496,-0.02635975558329252,-0.0448413442775181,0.04783951504770073,-0.023063181819146305,0.03340310169112902,0.06365955046911038,-0.007151282098847057,-0.10380701441291,-0.4228676675225648,-0.03081495987265189,-0.04863057049555258,-0.1297939356106849,-0.07782568220119608,-0.0037368911448632924
2023-01-01,0.114133736364594,-0.08989633604188159,-0.02026142991122614,0.0601691459943192,0.22774381962964624,0.06500739508343342,0.08083511529005016,0.08256385571549779,0.08027966824162541,0.05986318503262854,-0.034942925768064306,0.02299151813842787,0.09411279441869781,0.19337204613745052,-0.053414160864466265,-0.03406726380784046,0.2142490863075939,0.02261132881953426,0.014799502391839442,0.11530578583565428,-0.03479595761445439,0.1753036168593278,0.19643705535438635,0.11194365931131255,0.06732516142293873,0.030527135184645456,-0.02626017806921194,-0.05273748086759481,0.024762951462228833,-0.028831190654299697,0.05765234173335097,-0.020537221831881232,0.08160939836520123,0.012573604972534597,0.19851301789850084,-0.034308441194539685,0.11874406995303147,0.022841128261028923,-0.12914459091328812,0.10182897781082867,0.17909077658386188,0.09451569433117209,0.29871479591565586,-0.015877039768029406,-0.13706811527497775,-0.07657352204075016,0.12439957393174375,0.07289480009818027,-0.029563093151299166,-0.02335533115698424,0.06717317488597617,-0.056687912275967825,0.0904781447261458,0.1578577471183381,0.31483760385868476,-0.0627752323871006,-0.014041817888725223,0.11411230130312285,0.03580159182655647,0.04936857198838552
2023-02-01,0.027962087352714975,0.051614370279453474,-0.06873767931188535,-0.12117752159697769,-0.07498304310559574,-0.10403315922472516,0.031626592698178024,-0.024546438877573434,-0.09004326558053977,-0.04167515191849739,0.002801583128933036,-0.17515761800088636,-0.06612181317888881,-0.0515636323169464,-0.09617241564667878,-0.023494337621313175,-0.09467841833104541,-0.06968592790368316,-0.14303622852057538,-0.07045038809321412,-0.047543052819105744,-0.07761622641278851,0.0477364220822313,-0.10030349317248011,-0.0376737692716911,-0.08533186090994813,-0.08305413512408016,-0.050560800202850496,0.016522680871720583,-0.022533259851682568,0.06526234037844748,-0.07802763586830658,0.008639355569706528,-0.016077192434210057,0.14916348586207515,-0.01438921332536263,-0.008471613221798001,-0.0017667068646645663,-0.056445403525679824,-0.2067894744931485,-0.09612113111384343,-0.06765310723286799,0.17994832408997405,0.03661488937782382,-0.06367340756171039,-0.03824918117953477,-0.05795896570411413,-0.028365313220290768,-0.027108261827661434,-0.07861541437110738,-0.0690251837467729,-0.07284213923381885,-0.0596593909796533,-0.02528640729336412,0.15931960166280423,-0.050296383950418,0.011012470510688568,-0.015025360805875963,-0.0049341861484912125,-0.05349472931823005
2023-03-01,0.03831197398942754,-0.037113801069668786,0.008161752062469323,0.01652520271436197,0.10054736069711076,-0.023444043789214088,0.08933215985176648,-0.16194137250694993,-0.019829907521028065,-0.029379682486344778,0.046331324285859204,-0.05912917431144109,0.0023098981717067854,0.14196581423919127,0.013037329646778827,-0.07333965626658981,0.006875990164023595,-0.013985094710747152,-0.0025676729238032162,0.03177370321908039,0.033790670515010966,0.007347334890968217,0.15772766329837506,0.12256071128467494,-0.06724121588638216,0.033857142594460946,0.02207623108805578,0.02633144589408288,-0.08949450022743075,0.024576679617451892,-0.013901088111703073,0.1214875773735045,-0.024795072644662727,0.0500172712151047,0.17545916275105383,-0.007260633554946892,-0.1057169151102748,0.10857778939280026,0.08266885605683251,0.16276526908752786,-0.010179998012472907,-0.010058281120864057,0.16115848285248024,0.032684915702155204,0.0251689872793049,0.08082730373552481,0.0418266519703417,0.03275888879316176,0.04618404887158841,0.07413813644332491,-0.050472286584019845,0.13116350211143524,-0.06375427928172188,0.07875275289607674,0.06979769981604055,-0.011351740188431282,-0.024098653920698557,-0.1680429680643063,0.1004008327810073,0.05919031808248199
2023-04-01,-0.0004926971586109337,-0.08279950961511648,-0.00982907253736085,0.0009721374405488345,0.00261166025976586,0.017055588213600523,-0.024748960673329018,0.03650309495151563,0.01978747054174946,-0.04503746025728124,0.056582214805786187,0.0395361252449117,0.013347702509892046,-0.009994749734035531,0.04046150877287274,-0.08870412643439952,0.02484666032577973,-0.014500859225363615,0.05191300830402348,0.005353743069330307,0.014574357830220076,-0.08692950411969029,0.05207794789463256,0.03467354329096571,0.055700944352428894,0.03710731089706826,0.055224167617247424,0.04731250775283578,0.07451397010396751,0.027116543599755155,-0.0038306561743865278,0.1248821796195758,0.01878524857242722,0.05222523737134364,0.12063767633003943,0.09025842550073,0.026682880919630447,0.05204125165558596,-0.007959190609509748,-0.007075378020930775,-0.05316371525743242,0.02890083354249299,0.006759707214066938,0.05978598093187511,-0.030319035615987464,0.05340167654751645,0.027500555791710415,-0.0017272743615642117,0.03883340210653084,0.08124693994979278,0.004861572770587495,0.058206023001385825,0.029970778707114353,-0.06971064461142924,-0.20933852666956307,0.04789691790126371,-0.020433336680324307,0.06809902935799998,0.07328097960699766,0.08555322735620208
2023-05-01,0.041374966060849075,-0.0791452445081672,-0.10991653501975797,-0.1109155458666615,0.14928903915296987,-0.0796019754721372,0.25491365255582554,-0.03183544173932562,-0.009696736848791798,-0.014939232912520015,-0.0725455771371207,-0.04119381399851091,0.017765619685411186,0.08828391829201361,-0.12189011988074884,-0.08894872098175415,-0.15299370061365455,-0.10459838481837709,-0.17027791422756045,0.04531528969301864,-0.06377010551006891,-0.09201209356042625,0.03751303666185558,0.13019541171600954,-0.04155843114702615,-0.024134123389756873,-0.0366581713620758,-0.028870805955011427,-0.02684044190477362,-0.06853144486700925,-0.09159820359275236,0.1053487899420909,0.04444663725726054,-0.046281926269926096,0.0786755479823897,-0.04158914476253299,-0.07949219299897868,0.07948774351500149,-0.04257291980767243,-0.144554010583964,0.14518856557783538,-0.20410175536282055,0.27493839637223944,-0.0786390532899291,-0.051782167795857384,-0.06922734975000341,-0.009038914499175169,-0.04867223720992414,-0.08041895638125869,-0.047942072134017584,-0.14189094788825868,-0.03111529215266818,-0.06100548241133644,-0.08904247691380632,0.21959022038065906,0.015534691437759736,0.010731371146940255,-0.0519523674963136,-0.05505908214720837,-0.12960564491613213
2023-06-01,0.09046395946905081,-0.023136966825020512,0.025122723293917806,0.05078597540768451,0.08218960234313503,0.10179501564574046,0.07010403937844698,0.018846732425836496,0.0373998674947823,0.16006926809494912,0.04053436808810724,0.05678242848606546,0.04935193327332905,-0.03728816311354785,0.05754015396902819,0.16326051080255963,0.01870665899163283,0.02981401323030016,0.08911254693107548,0.049311541381807884,0.03526077430644197,0.1541260545278362,0.06739770191234429,-0.02328483634303266,-0.004728594461118188,0.08041725242515288,0.08375924928698684,0.054146460696841876,0.06681315876773061,0.010436408308390977,0.11763207801357828,0.08525625524701914,0.08470566187989276,0.06432427551362847,0.09325649982212608,0.042278281616612526,0.0397368828707697,0.030385108312000163,0.013888630410392512,0.05774617981646679,0.12731307920495571,0.054191881509891265,0.12122831806120914,0.029411791959988477,-0.02039904272571478,0.05917967878946925,-0.012352030471158617,0.036159602528346914,0.07005745714982618,0.1542312465101872,0.12998018885358684,0.013723959095794758,0.09255541767599702,-0.0038612991830205626,0.2375974199842839,-0.03382569724271891,0.06244815987359884,0.11609224636213106,0.05211489694141849,0.046515827959008785
2023-07-01,-0.004612580078325703,0.09289333192325427,-0.013876914314334386,-0.01465314613454886,0.024128747191477798,0.024846968552813962,0.03353878421076924,0.11790458894879677,0.07404776623488611,0.07901239604092411,-0.014927178905832108,0.13463214499044315,0.03656520007390835,0.055012493316682065,0.03602195321905151,0.0673007478535445,-0.00785465354863911,0.03092939321891653,0.09456715906081999,0.03719616181464281,0.032130913982839224,0.10786640810858932,0.051028963145126664,0.09999535677348766,0.10340889059024777,0.07708153257400077,-0.06361958146148489,0.026058971756018876,0.07886758143372655,0.020826124801390126,0.014518368411122074,-0.031684362209495276,0.05729857390541322,-0.007944659332716956,0.1061432518399607,-0.06963263826093986,0.07730476597406809,-0.0042993121737427715,-0.01633136472909876,0.023401387699270575,-0.01723247156089655,-0.004831121294280986,0.09156449661929984,0.009508583414198987,-0.02350633204648777,0.0370206549620616,0.03330635241016268,-0.015808580764153597,-0.09361810220454582,0.04749952794175599,0.18183789451486335,0.037673814782002525,0.10396380890645784,-0.08763209347038868,0.03119125109737975,0.06376517916636236,0.137393987361822,0.08605719613151722,0.006923841827875636,0.010094670522706548
2023-08-01,-0.03330531038681239,0.017848531524007512,-0.07301691441583782,-0.016791541152320878,0.006712316415862195,-0.02015621088654203,-0.0027415951788936355,-0.1304113019873761,-0.06403368918528239,0.033761595787039064,-0.048792449740650584,0.0361508598272409,-0.002851229461836687,0.035952449047205244,-0.0009364692011156819,-0.005448584568352982,-0.05954219539213834,-0.07191195465436248,-0.09132041859916976,-0.028300163717795545,-0.02103975614302261,-0.1445421218415877,0.01881681333802696,0.0171665788290106,-0.09180975349004374,-0.02575341646564345,-0.01859789355439511,-0.02054351727935863,-0.06994033381901252,-0.03986538186361096,-0.0011969644830044264,0.15022324141457097,-0.008337767091425318,-0.04563061568756327,-0.04485740171061324,0.03790612019596187,-0.03969138504502784,0.0023635023840052685,-0.09308982858975269,-0.0735241613508851,0.015087896732185713,-0.08084777894461723,0.06075607630452348,-0.05828405264077802,-0.013234150969835963,-0.0042643211266646525,-0.0012991662676295076,-0.008081118133588907,-0.021284437862055177,-0.0150584520974009,-0.0075415854041911996,-0.09168626249365763,-0.09825736508980985,0.0032669725556612322,-0.03662723889835885,-0.04863939893051285,-0.05238363663021335,-0.11686493713577527,-0.014547414650902524,0.023456985657065162
2023-09-01,-0.06802863191022207,0.029906904620198203,-0.01612216803422806,-0.08813975795928071,-0.09330039434539017,-0.04159945872141559,-0.09583293581275368,-0.03464890544180716,-0.07508064114285233,-0.04550049373377568,-0.013991835107523432,0.00649618097281507,0.044645251973031715,-0.05322179043125374,0.06188140496482239,-0.08931375925510476,-0.03449024599956533,0.01795136268849394,0.041399971724803364,-0.07663047979550687,-0.05668740961189751,-0.0792907794241337,-0.049045742598525274,-0.040134113856111694,-0.014413848419122226,-0.098222091222532,-0.008468052314207764,-0.04660050100819364,-0.0002569470378016008,-0.048994304518119536,-0.021809681064808913,-0.038405509310822164,-0.13186991661930453,-0.07107526964350099,0.011047188687622408,-0.06134830843446212,-0.04715696854354534,-0.046788888913718754,-0.13876810203627798,-0.09413144646922487,-0.08613879644642897,-0.03458408452171032,-0.08551593310550389,-0.019899031193090163,-0.03302914064691276,-0.06273827359329906,-0.1142145420455865,-0.05258798797590699,-0.19119699074477842,-0.07365299260574058,-0.02602792200665749,-0.05557422053047209,-0.07464567890819045,0.00469818772520895,-0.04451096011346252,0.0380711890683694,-0.09599364615719237,-0.02842010568151391,-0.01061701649716413,0.03857501974155571
2023-10-01,-0.036803383289818005,-0.08720125835658923,-0.05763329276894844,0.06420039179710227,0.002418934945747332,0.0006779406283354606,0.020158512824959073,-0.009713948123685475,-0.03651867444229458,-0.15248290137696813,0.05775505301864636,-0.02014521881378789,-0.02290347302123839,-0.04521423212523849,-0.15552664914883213,-0.04262031705873256,0.006171483265913033,-0.045200445775402706,-0.07328019899000583,-0.003583744649377039,0.0410539132668942,-0.10160984943218135,-0.01293695331148071,-0.05240321740956335,-0.03641294375102534,-0.04119252217879257,-0.012636210433640289,-0.013457150086531255,-0.023979149948627203,-0.013496567774325313,-0.026727959077053776,0.02702625139035188,-0.0883265650042999,-0.020504633151246184,-0.027372780977085308,0.006088950899096787,-0.1348797590274288,0.06228546839631745,0.016505891942335767,0.03610874550630047,0.08863887160377963,0.08934997037277767,-0.03022372935782349,-0.017182456717513363,-0.040455109581584055,0.024247809950928352,-0.08810621762937917,-0.0793049183878154,0.1414471468404439,-0.030303274071790474,-0.0216328542437397,0.04927779234806015,0.03139254398743822,0.07941249919405256,-0.17653193892501723,0.08567862975300816,0.014168317951587617,-0.06445129531237795,0.044849443223777846,-0.08541666200958639
2023-11-01,0.0810013407579396,-0.006737703623457773,0.0785353702074586,0.1699269667907371,0.10837471566533509,-0.047686775172310965,0.09684439153979241,0.15251577265233934,0.2088123199715537,0.13274631629602537,0.04916755101596761,-0.05018358204498046,0.04046588511106538,0.1817371328869784,-0.035932932047898644,-0.021876375956618056,0.11696021467760893,0.03369889768441233,-0.01689963848910772,0.10682209940097878,-0.0197646951493239,0.12828501995342936,0.11864676487790053,0.0824128601749323,0.1269473827096409,0.10721618458381033,0.05605755747592725,0.07291950350301775,0.12796687871420384,0.028858638795465873,0.09582136683795636,0.08411806994974402,0.08607153132816259,0.06990091701150188,0.06741480413937852,-0.014563944541425958,0.11187812387582098,0.10340706124807815,-0.0009712293494959405,0.07492763366602144,0.08715718988746747,0.043132564063232404,0.09266440970705986,0.015397143891973141,-0.03473895792238286,0.03206244295161006,0.13750014843601502,0.08247575757557643,0.013119345314231864,0.16671818655256482,-0.050573653509597305,0.06633601349083235,0.14750714113993826,0.11722497253990319,0.18877450501640292,0.0342654532165294,0.10095469041494393,0.12872617837423617,-0.014591025390754728,-0.006175400906199419
2023-12-01,0.01509239632018436,0.09170799637886468,0.0676838625222983,0.04968857432782736,0.04032612100176974,0.010767886590943677,0.17371144653268966,0.10256719362555701,0.067832436060668,0.1614351646999629,0.004340888703799173,0.0015300996862435221,0.10844357473459872,0.05806967662188034,0.04297168106231469,0.09057747778371847,-0.03765076302529394,0.06649427494154311,-0.03635137619205643,-0.01227403047345453,-0.06038624593610335,0.12852817699049535,0.04418863972060586,0.0493612631471531,0.1259759147058916,0.1070907473960593,0.06556647296537914,0.04615668172200971,0.08175909228626012,0.019378218769602225,0.03135745187684455,-0.022220135260891703,0.1209054255572449,0.04833862029373282,0.07661738005346219,0.058995905349691326,0.15888586310752137,-0.0036442786346600918,0.04728536987004485,0.04028757824448604,0.027754329499930286,-0.021265310177961783,0.061326462929568636,0.021431354326533678,-0.04031809710764365,-0.058188076673092844,0.14747559055818182,0.16675231626322856,0.03626572091815237,0.11943780034395471,-0.004182205478397299,-0.009590425899916323,0.13791714994280477,0.01581379599687796,0.03156279675601888,-0.040252494660087415,0.08629689674020194,0.09636471552088105,0.00851324731730912,-0.018865638919305653
2024-01-01,-0.06044184097228328,0.034874604709326865,-0.022728803965302326,-0.10264681354166791,0.05742348830277049,-0.06632277938341848,0.06155075531238584,0.015537909822417735,-0.041703082648277746,0.04160894124633788,0.049029089976444014,-0.05495381970694603,0.04213065558924183,0.0013222390685378171,-0.04596264082886213,-0.04090024205194751,0.05231829743944541,0.0034031498102884156,-0.02424114139377697,0.019628414761902434,-0.03550473042322372,-0.040604984688482296,0.04035232943001539,0.004989577425490487,0.01095047507042591,0.03549449927490167,-0.05720872161572376,0.05739251423587745,0.01601254481589784,0.007057003397569248,0.025309473905599646,0.14301998419398124,0.007692115197397292,-0.004683782776011126,0.08314242740097866,0.10103688718657192,-0.07607978428416617,0.05264518015922865,-0.03478263847545524,-0.16167118817770826,0.05625029558510479,-0.1194653198471754,0.14308388218539217,-0.046803814465245654,-0.11374370817701768,0.07522810023058762,-0.034866988413707146,-0.05717513363464885,0.09807827154345967,-0.016696998716275075,-0.04391409960639746,0.012468989128287613,0.018257075086565974,0.07128655363157463,-0.26775226299868155,-0.019064459139943046,0.017586441640652446,0.04667498946358938,0.07241403145967867,0.05774498444961272
2024-02-01,-0.01853160301940454,0.07689795246829005,0.08851081906908809,0.008210414969613366,0.14658913975003043,-0.08696140223460787,0.09830301949760624,0.020666192349174852,0.03788880068239532,0.1329550785457237,0.018487307692796294,0.0024255146766623925,0.052793454852987434,0.05970395285169082,0.007673721551323027,-0.09755509340455795,0.15186586544836983,-0.01943340068166746,0.022743590175652112,0.06869680450982323,0.028129136616345952,-0.02366508536686917,0.1671175806337233,-0.01422036170019438,0.027530074863304332,0.08861341942248159,-0.044056157375415704,0.039143462675966606,0.06995950157669766,0.01694853919585495,0.11693630109225202,0.18014560104666863,0.1703393971808727,-0.004214163281478723,0.21822975831251606,0.04615233421678903,-0.007184928174918618,0.043159027544198474,-0.05493063098848765,-0.0923176757636817,0.008669725680909728,-0.006958487432427173,0.20442026713535438,-0.05762417533212438,-0.04448615581302097,0.02850446580152478,0.05789209313838714,0.003402420489768589,-0.009622470887011028,0.0893127628859149,0.005383728725359694,-0.020507212384048915,0.0894350291010752,-0.016310398865836448,0.0782438107959565,-0.03204046123073759,0.05001915574236137,0.10314031589493783,0.07453971080553105,0.0335158727287235
2024-03-01,-0.02877888801940256,0.060350899305157205,0.03621536752640316,-3.913763781787476e-05,0.024354861310643197,0.045304063916713315,0.021184141443997294,0.09698860045125934,0.01933965112829675,0.0901358873921218,0.03826483970975353,0.13915184088619664,-0.00685460797741701,-0.01780199660357117,0.04860222285082944,0.11882624905056495,0.09243447288157317,0.08960756008642194,0.11270168955484955,-0.06385023692341692,0.04887413837956576,0.21418208543864284,0.10659409892947128,0.08039005108790889,0.0779490963663181,0.007392849172203775,0.027636055379119034,-0.01041015123172272,0.06558148646455243,0.0361172244854386,0.053253702082609086,0.03698872364724515,0.06352293614741321,-0.034295887341225524,-0.0015150206906181032,0.041631980934331764,0.09262472263607067,0.030835381756297055,0.16277002561300252,0.13264035084371564,0.0052078667737602505,-0.1018386899170358,0.12544636805198242,0.04767696084549392,0.029061366969208774,0.016512799900081795,-0.02952146129469389,0.01626856146953105,0.07914507171139241,0.033755632740555805,0.12595571196076477,0.0686562838643784,0.0508130583249606,0.026866475489855123,-0.15190076592859073,0.004084745751265639,-0.03553152988665588,0.03219810151563865,0.011152169863385259,0.10945962390574386
2024-04-01,0.008933958465660792,-0.08421852048004116,-0.0005076353019011352,-0.12653200219421618,-0.044703020226484515,-0.005338868309220916,-0.02753590097571547,-0.029303105914538243,-0.11617452978414924,-0.10957795795880906,0.028551425717449626,0.004177420600530002,0.010693292988195815,-0.06661328372117672,0.03442537920102078,-0.020015242561506965,-0.08631206076717286,0.033004460161063384,-0.03582757159616407,-0.15252699603357145,0.031602155557181315,0.03702327259732267,0.13244401770994305,0.0494418631359983,0.02389376412613078,-0.12840862927773974,-0.07704621855932568,-0.07756648093976906,-0.06451326745250456,0.029375945472481388,-0.03716930923791765,-0.02447929350814562,-0.13167483054589457,-0.031995937267524026,-0.10145819938303449,0.009031596863150557,-0.01205552921678768,-0.04784138310484025,0.08041092262102924,0.15314392338761149,-0.08674357781283094,-0.008410518099128114,-0.023314420421399012,-0.017358256549226667,-0.07595665523108529,-0.013848083137741485,-0.22941351403534166,-0.0875089128271972,0.04192762969163505,-0.1354491271015543,-0.17434175257363876,-0.0019690680419121587,-0.09824426569132484,-0.05525733555851461,0.030534726922540188,0.0005993893981430139,-0.0423680587771629,-0.024003051270578047,-0.0591865013392168,-0.0013162990664607882
2024-05-01,0.054992105482206594,-0.04026134892326284,-0.004705663519847657,0.11253238785444508,0.040493640342788524,0.1372472359650557,0.05284170180016795,0.0756549306607574,0.015196308062947524,0.013330082326516848,0.05324596493108273,-0.054857542453106686,0.10932157450889109,-0.1970506192118991,0.001017492304968835,-0.08224767536785751,-0.04584980363789819,0.08348012941584261,-0.02628250576110363,0.08641184960114766,-0.02776016799875568,0.028569907812207623,0.03496104570025849,0.07794142119116684,0.07988133317451962,0.021915853423478,0.07738721441412455,0.0021897555458176583,0.07159897385378611,0.020929420479784456,0.07636866820764346,0.08735026036396512,0.008585910275581043,0.007487311080402681,0.08256381806905753,-0.04395240764956829,0.051720579869234166,0.07165367821676913,0.14758635674454385,0.07069953470013984,0.04893991289280228,-0.04383001033440593,0.17364857365267783,-0.05044591168957102,0.07834500931524595,0.03879292324822196,0.09686347747747144,0.066502666479478,0.06623750243626574,-0.011173970857666232,-0.048613967262622425,0.11550807338358388,0.07970090873908538,0.09074352533026991,-0.026860360401132787,-0.008390696633003791,-0.009493894897221924,0.09813625616770974,0.10272055345179903,0.026193645358575372
2024-06-01,0.06001330705188737,0.02611225480063018,-0.08737711566639718,-0.04054832287300844,0.0760253439682752,-0.048655639126147864,0.18104251999043217,0.007295953122499908,0.014882480268953275,0.005911468242661932,0.03994496980417509,-0.009870732991840114,0.039935215670886315,0.032198686724533035,-0.04720883364496506,-0.017125107993499346,-0.03312335879834023,-0.048668520368360293,-0.024745439450480015,-0.014709690377879637,-0.05034445980877548,-0.05765478092975697,-0.0356725334562737,0.04291877955667841,0.02473534501151744,0.049121868520518745,0.031707518920989504,0.002435895991254408,0.018122138976002948,-0.001435159643179815,-0.04906890738969077,0.10559314057770418,0.006532121570902305,-0.012506875584296922,0.07354965433946946,-0.0015320352872021537,0.007759864330115825,0.06831585875956789,-0.12108738800234281,0.022427532003356978,0.029790767929912424,-0.23215117130726684,0.11360159698280446,-0.04586728441050466,0.0011699692544013575,-0.015418418306598115,0.04569058993348564,0.06905595915900004,-0.024425029905672815,0.030640634236655917,0.038722111184749206,-0.013353374040169794,0.03311240838103925,0.08218279669123668,0.133059704843171,0.045196321754379126,0.016936410717834374,-0.012638480934654129,0.038387369450481,0.004774229937327902
2024-07-01,0.04085362470816795,0.08394259119203802,0.07766422687572402,0.09506334479102667,-0.025096651543768004,0.02775309762916099,0.01065301411861092,0.010601905795422552,0.1217533560724948,0.002476965777837903,0.024370726535409146,0.0048266694125541215,0.004585668406838099,0.04717653159430555,0.06071550767052851,0.019297989438521825,-0.022465671542674072,0.09098104430611736,0.028870272844468456,0.05039260097170088,0.054777439764904866,-0.07646349461062744,0.06795800026686408,-0.08256408382167875,0.0912352658111282,0.04884775398006458,0.02722459018247768,0.03977336918799893,0.021043453822699745,0.055084594202007085,0.10032767287516572,-0.11303059809377475,0.0666673238806905,0.07617906515537742,-0.036037338323303386,-0.07914159066619242,0.06160421295672904,-0.05185267994627094,0.05891860971471405,0.17737249329623503,-0.060789816343370204,-0.01848906123616398,-0.0669741920335827,0.03341808338985763,0.06952248176644284,0.02281938241181169,0.13146637034436273,0.04638048578846413,0.15001809400882538,0.13618700229692815,0.013780867529738759,0.09146442065545471,-0.002273132395785169,-0.047569498684428384,0.14450250988903704,0.09023686619262289,0.062287518569152815,0.08858122977676801,-0.02156403339917363,0.01724135847531686
2024-08-01,0.005753349099249308,0.0404219107830618,0.06034750037828971,0.03867622138767169,-0.02898969073588168,0.036833970141127964,-0.00901738581473378,-0.0010816273158681458,0.04205360941961818,0.027548633778475905,0.057331118934117895,0.003777802362399999,0.0721090589086299,0.022707719166857803,-0.07444536902960994,0.043382071525376625,-0.03196386535254567,0.00600649529595558,0.047513500962306235,0.05069012838929351,0.011499217042310354,-0.018500046055718276,0.04674250392934488,-0.02729451625944653,-0.022178435933587353,-0.017752984567586654,0.05199943173317775,0.052014161278910856,0.053324983829954015,0.05436845192386677,0.0545146666759866,0.1674992249075806,0.00813960640844578,0.06852005933273926,0.07434712950272894,0.020460621356150104,-0.008333046443647858,-0.02020177114058635,0.039697888193243436,0.06890688736986804,0.11865896416514267,0.11027180260853948,0.03134422371006775,0.02460979189141964,-0.031512364736492715,0.10212919352480217,-0.0033957573398069353,0.14375271581459184,0.03880740713762517,0.04894136127099643,-0.06277671504428191,0.053650299665254864,0.08827447586250944,0.043815091848208434,-0.05728103779566711,0.004979944903047075,0.03209598908825117,0.030488494186783583,0.14016218333653097,0.013359553463455317
2024-09-01,0.021769720476229635,0.010349114772372082,0.01981792632722719,0.031879139229417944,0.0379268453180683,0.06925240120093192,0.0626382608855278,-0.02395300771007986,0.04850126258903667,0.09328107320089842,-0.020943656546192575,-0.06459369197506434,-0.002637015740646816,0.06706148451254786,0.006473473377228121,0.07828513024701286,0.06493455808390645,0.028797928341249942,-0.05779234769561622,0.0665107264302149,0.0755020644601248,0.11656593169022254,0.07236854189333078,0.0055465464625163545,-0.01837762864676918,0.10491241047899576,0.0003350673196655076,-0.016420568994714117,-0.06347310528939477,-0.0026906517152445967,-0.0023223821904979135,-0.07764286986092837,0.08798057351231874,0.06024997441200605,0.10089152350239596,-0.033179866818323016,0.011960458020753365,0.03812491836396244,0.05762704300141259,0.00993231191695843,0.006874995753229153,0.05608535617726056,0.010913914027167366,-0.02572768658894105,-0.006194782885157679,0.007257512361525834,-0.005420639904586702,0.06189081585492348,-0.0071823398674667,0.036219227700484274,-0.05707257127870971,0.048079574228108435,0.008723439490259758,0.10102017715121543,0.19603851218453575,-0.0057801046133600705,-0.0332602709069067,-0.032330520834593444,0.03838299373795326,-0.0030550366422203955
2024-10-01,-0.01592574113904299,0.04620411814371777,-0.035200933572285494,-0.09256548218446568,-0.0013280664558282095,0.06928802303014292,0.022900203248479585,0.08189373772322699,0.043524910875110664,-0.02402334753037026,-0.08407117030442998,0.0485478219252673,-0.018785853671740203,0.005998461211853698,-0.004208356547829271,-0.05055114581331256,0.0011294505370073682,0.04129753676014715,-0.025695429182236905,0.02800443675341311,-0.03162461764071697,-0.11543566608221799,-0.10186908415072865,0.01567001356682494,0.058691532731818305,-0.022595805423910913,0.01067023428770992,-0.010318036311495036,0.043438894162685614,-0.06381152287030563,-0.020914721804242663,-0.049794482713343094,0.011933774301663286,-0.01522372557440526,0.003704288082163238,-0.08768399196049477,0.11124671057283528,-0.04442125589550308,-0.053813366633684245,-0.14794716485736242,0.029421704687174498,-0.15163150394419847,0.04991822729504295,-0.07157558431347469,-0.049684001518021687,-0.04972060034349574,-0.09079748048298845,-0.08549416678038352,0.006200624095217854,-0.07282667973158391,-0.06418346176031785,0.007806529698155822,0.009110361918928559,0.040074438319534014,-0.06140662757294409,-0.030789826964544985,-0.07317540682878344,0.11508540985047315,-0.011261540401289643,-0.011055024508720057
2024-11-01,0.09966408551060205,-0.06366985520226301,0.05831699474728115,0.005148686387951169,0.11252778166680603,0.11190877932784962,-0.009798326577492425,0.14299823027041955,0.04057073255647957,0.12976933492662124,0.03992227219181796,-0.011665612923865573,0.091485227376256,0.06420521455359332,0.04942486206945206,0.10622577191649688,0.16933427121850206,0.07042128988207352,0.054654524046131955,0.083595879999034,0.018694038994359445,-0.04317144024110313,0.04282649755286866,0.011956382356228487,0.171188410697306,0.10004148215055667,0.09516824298920264,-0.006736140045144081,0.11460910486452992,0.0199673148496884,0.003201384315855236,-0.0533638142054184,0.09747956425704761,0.01676320963992133,0.009720816583216586,-0.005288743233504197,0.13952449296160777,0.05561736572129437,0.014462416698357551,-0.0954119375846835,0.17664557193004196,0.0418737126289051,0.029946133440272433,-0.0464382000938145,-0.0872503799313349,0.04032798232629105,0.03646473463474412,0.053070262247267345,0.004823499678467916,0.08819291958775718,0.06498480094912866,-0.03933938685265156,0.08396564755517583,0.07136165884924675,0.2873305122050096,0.1049745004094891,0.03995580905088356,0.05418382815169187,0.10454550358007615,-0.0026446988934919462
2024-12-01,0.032536685800453866,-0.038627554050814576,-0.12500962111956623,-0.11493192950452144,0.04207610806482108,-0.16766448589926108,0.32029064859647854,-0.10380547935322908,-0.01935639193221822,-0.15622031669182343,-0.07556838130353273,-0.07114867633891775,-0.016781648099712554,0.07642004206183002,-0.07908455566772235,-0.05680213078359188,-0.04456655602156975,-0.11580842020112606,-0.07640897604015155,-0.0477679704314042,-0.03827818304981589,-0.1356661162154727,-0.08941495317794249,0.09514106816360596,-0.06813080476738526,-0.10068545516243897,-0.01574201809449144,-0.0711137792670331,-0.034929187839026196,-0.04367949671990635,-0.11600198527755184,-0.034885095504080685,-0.1647863301998048,-0.02812710431963194,0.028404542255141482,-0.013100586519958587,-0.03548476989933958,-0.016856280314222413,-0.10683643042240419,-0.10039633844447507,0.02898282719131921,-0.03317828002047186,0.0078075794127430605,-0.01934834369162016,0.055166694971312775,-0.054269495398373405,-0.10083011117028746,-0.1406514374454118,-0.04431447173899695,-0.14417006423608025,-0.13187485118713577,-0.05906094950565344,-0.06581672765440075,-0.05403401166753571,0.1667739458344191,-0.18319732842889927,-0.055856995440707144,-0.02220287775969492,-0.01962058162998414,-0.0836328506223053
