Date,AAPL,ABBV,AEP,AMT,AMZN,APD,AVGO,BAC,BLK,CAT,CL,COP,COST,CRM,CVX,DE,DIS,DUK,EOG,EQIX,EXC,FCX,GE,GOOGL,GS,HD,HON,JNJ,JPM,KO,LIN,LLY,LOW,MCD,META,MRK,MS,MSFT,NEE,NEM,NFLX,NKE,NVDA,PEP,PFE,PG,PLD,PSA,RTX,SHW,SLB,SO,SPG,T,TSLA,UNH,UNP,WFC,WMT,XOM
2013-02-01,-0.025611213700177604,0.006249356062464795,0.043118131374142,0.01886237262855861,-0.004643502424048318,-0.012546254451635264,-0.04429916786096444,-0.007083581891548896,0.014579272599920756,-0.06313669316481807,0.06368250259160613,0.010461935921527221,-0.007646972412460151,-0.017050497755964233,0.024974732126450405,-0.06852943681495827,0.013091490704867148,0.018460509823776228,0.0058238491947575355,-0.018174724276698306,0.0023420947270760273,-0.09923298954944126,0.04947370678569207,0.05847950059869911,0.016160228816597844,0.023335974795918535,0.03273684218042261,0.0371635969996964,0.038975474560202894,0.03897291497974864,0.023992233115719408,0.027055206056061376,-0.0010480800099283982,0.014415855095270658,-0.12828834369119013,-0.0120963477127356,-0.011025758161773425,0.020914621623230545,0.006672882956415549,-0.06416612527799348,0.12946860368620838,0.011428820430011921,0.03822167912794994,0.046426543718381286,0.0032936477871898795,0.01347957946982925,-0.024353934257248966,-0.017828530423766864,0.03942724626714744,-0.00025461370983670406,0.0012792919413042725,0.017481464525484824,-0.0012162942944300426,0.03168588042679055,-0.07412863957729021,-0.032397543850843924,0.047275683874534735,0.007152237385979365,0.011795690720081797,0.001689280958389272
2013-03-01,0.0028503709106888486,0.09943833793395562,0.03857093788984223,-0.008801275049813206,0.008365416226146838,0.01710190357924013,0.053786023662036775,0.08120667878405019,0.07600004082996659,-0.06023918542506834,0.030975549546928605,0.03642991393048378,0.046488481693635286,0.05523595787213331,0.014154752075687504,-0.015401070039722242,0.03968552935555936,0.04710381285950982,0.018599032961311934,0.02225165678583174,0.10671517209737225,0.036300871083804864,-0.004315715906508366,-0.008787966745401388,-0.017581275837001975,0.02399721892107598,0.07222091219741555,0.06879141301525982,-0.030298853368075473,0.05067581410698452,-0.008118686602772485,0.03822818334891487,-0.0060471855177248734,0.03875943904203627,-0.06324279415990075,0.04341636448091046,-0.025602127452044154,0.028720400220920705,0.07773920847515603,0.04983083561211865,0.006360053304797164,0.08024050165610053,0.013338760804734617,0.0431369007864264,0.05300886096557855,0.011485559987322258,0.03348021516237054,0.015656095607782916,0.0313102950404871,0.044185237248561826,-0.038763624726310564,0.04155918427709482,-0.0018901889042082232,0.02148827021322841,0.08420813821368955,0.07185617775716091,0.03792660389548974,0.05301659966065042,0.06207285251169292,0.00623407524896491
2013-04-01,0.0002712398453703635,0.13074809896911743,0.055981173138539564,0.09127829182970082,-0.04875074970038673,-0.0018382134066765587,-0.11680910373005238,0.010616818924032323,0.036765086470069264,-0.0203986463437289,0.017376100611908196,0.0058065442189083605,0.021628357059408465,-0.08388968353392245,0.026493324552347985,0.03788655143331887,0.1010555010951073,0.03532372163481057,-0.053998107719369415,-0.010269307118146997,0.08422807930352683,-0.07477017740864111,-0.03656030830477963,0.037539223331061855,-0.007366383849051417,0.0498948471489693,-0.024314224107515603,0.04438224658027767,0.03836997172996348,0.04567673146882312,0.02444318652763311,-0.025142046184725153,0.017305713504123688,0.024279099593917053,0.08214567968549069,0.06142320959478953,0.010040656621325805,0.145776971209977,0.0544867236788682,-0.2568886097484464,0.13237494737188904,0.07490642830493499,0.07070651795209959,0.041595176036410386,0.007250290866516629,0.0035498575735180005,0.04809930392318318,0.07996204576786958,-0.023171165839373842,0.08083948638671545,-0.006161121968431882,0.027537547400021012,0.11604357138864518,0.03656455373903267,0.35411153082770397,0.04644820991863252,0.038231603837815875,0.02641206879697,0.037893750582214114,-0.012507258119444753
2013-05-01,0.022171900824969004,-0.07576300701872096,-0.10586026934021309,-0.07604274118662513,0.05886862455691588,0.0821986853469383,0.1659700329769075,0.10405973568734117,0.04655423369780909,0.013257522869487559,-0.031735450661684705,0.024931241145371708,0.013793725597345485,0.029244575972892317,0.01407919112726752,-0.02482994655622406,0.003811925561002738,-0.10583368574226837,0.0634757202949956,-0.055012586476312464,-0.17100316480805233,0.020169687807341852,0.04517387439143139,0.055032643566411465,0.10715918081222142,0.0698922205154493,0.06990475511080163,-0.004907071484336001,0.10782669242052467,-0.05686654596909646,0.0002624048384332056,-0.03216774232179187,0.0917072411974682,-0.04827211389144903,-0.13142450969520203,-0.00640404137835926,0.15640537683493694,0.05994137935756649,-0.07260921737248882,0.056403379409642795,0.04603825746450596,-0.027635353905090643,0.05465160013583614,-0.02082902515613938,-0.05708556882060245,-0.0001304032809472666,-0.04012736978736964,-0.08338168887479913,0.04437481744026073,0.031756782204366285,-0.018988543831144344,-0.08341267295948906,-0.06110504955479623,-0.06821132219071746,0.5937166840689896,0.04406762529143604,0.04841227399895942,0.07331860837143811,-0.03178013305056426,0.023388400803357356
2013-06-01,-0.1258960362177599,-0.03213399516610327,-0.022958917597713402,-0.0582436071607888,0.031050750556967266,-0.023129532442474954,-0.00346600568260369,-0.05960134170209219,-0.0771235536149879,-0.039342380663324406,-0.009554266461771821,-0.013788604503401913,0.008537273985398386,-0.10318417843877636,-0.03658823521951238,-0.06343583169504718,0.0011090742726471703,0.008480482424811697,0.019786984730653767,-0.09258975888237675,-0.014786455457621361,-0.07315039937726109,0.0023645749402323446,0.010447765547743071,-0.06915621067008892,-0.010299976347906359,0.011153820476157428,0.0197605652349937,-0.033529319298888804,0.009884350476394577,0.012389844526218496,-0.07903975473527769,-0.02915530432977187,0.02485204828090737,0.021532361651121157,0.0037750562618348305,-0.05843100204247076,-0.010368922948283732,0.0746367522669531,-0.12471861200384193,-0.06935612402557823,0.03223513308008963,-0.030166882198637834,0.019532189005785128,0.028242334033487193,0.002991902875343566,-0.05900309798025738,0.01819053991935249,-0.020869314489788682,-0.06536980197361819,-0.014642928645272058,0.005225621761738797,-0.05254554714829318,0.011649462565400448,0.09367216329803973,0.048896704845021066,-0.0022013809204812773,0.017600322473710683,-0.004687130520348415,-0.001327193692180817
2013-07-01,0.13210231645402848,0.10459363587661574,0.034459407242708906,-0.033067582451900446,0.081335535010437,0.17093597475396116,-0.01890378805053361,0.12689998677026582,0.09327283208496251,0.012025890437556086,0.04984806425472188,0.08016800427541382,0.06010852809942069,0.13617973612283407,0.061846178804815466,0.02215279727063102,0.023475417339723137,0.050552326787709934,0.10103310180589276,-0.029502072043553262,-0.00943542996406066,0.03538201089183168,0.0496316708083393,0.008347732039941658,0.08111524749222809,0.01993670648211765,0.04485685380983728,0.085243472143536,0.06146277180488813,-0.0007482117554498124,0.04258524766432625,0.07809871497645027,0.09022941373154802,-0.009337039557634874,0.3914336284123432,0.03635943580065071,0.10957946987184064,-0.08139438765073281,0.061057854756935814,0.0016679905484529023,0.14684893670700228,-0.01200634693691427,0.02809206053964375,0.02117062725288399,0.05075553215539008,0.04955703709371084,0.016824854476967133,0.03769452617408575,0.12742003841827643,-0.013855442426013997,0.12658219470981935,0.01596063109836976,0.013459731977720324,0.013089186800196995,0.2237395223262939,0.10665755726462711,0.027553522643373185,0.052625018116759126,0.04527404522700218,0.03694055434509913
2013-08-01,0.08044260679215398,-0.06518371689899105,-0.06892439213314416,-0.018534888225655965,-0.06955740895413998,-0.06169564971490438,0.048686065059148964,-0.033429138641386746,-0.07335697738521674,-0.004472967276575979,-0.035705858625635134,0.021958979371008436,-0.045822539901453574,0.11597821366146333,-0.03611271322221832,0.006837899303910433,-0.06090499456714982,-0.06802971241623235,0.07645679317883669,-0.031779099874124306,0.006756196092618794,0.06634896940675228,-0.0517904121274162,-0.047107433358581474,-0.07204505886650825,-0.05916270412605318,-0.03695039770557873,-0.07135195566430053,-0.09795129565628224,-0.04856608728662026,-0.023320952541789453,-0.023619875729863793,0.02743570568168563,-0.030619482046708058,0.11512264115732718,-0.018437162934068052,-0.05476187421398926,0.05485449838199141,-0.06672647210680571,0.057325128038116624,0.14952387973152437,0.0017287366346381283,0.026269927688400196,-0.04667968759668861,-0.03551882386753924,-0.030472258854231882,-0.08483368393988311,-0.04200852321960813,-0.04818272622206399,-0.007365981972697,-0.0009639509523271528,-0.06314847721107819,-0.08704272610128161,-0.0416848372579679,0.2299716423839726,-0.015354201254935695,-0.027204499045670794,-0.0504021404603745,-0.059699873753433774,-0.06599829585184791
2013-09-01,-0.021722954591989474,0.048555254761540656,0.012768639786461033,0.06834053953388741,0.10676888968423182,0.048946714508453226,0.11801367688919062,-0.022221983367269438,0.038803974645353456,0.010365583353551422,0.026139701705118146,0.04728093518971477,0.02907204656928819,0.05504146584376057,0.008845801023423583,-0.021225097010473704,0.05842683170831764,0.01782830988479045,0.07498976412269531,0.05547164457225939,-0.02827391085041686,0.0904251812415997,0.03956946648615389,0.03368080089172221,0.0391872086964975,0.0233421790766144,0.04268483626346242,0.0032350499207973726,0.02269698202376036,-0.0006413696665625856,0.028774258381847773,-0.021036943045658063,0.03832213114684002,0.01941583026675886,0.19599183307100843,0.01571642119051697,0.0451609335758838,-0.0035996504959427966,-0.002491874451072462,-0.11485277038195907,0.08536340803494835,0.14524233458082847,0.05346023369131836,0.004218644350364453,0.01826520973355894,-0.029973780590863086,0.07286272159351048,0.05827607103889054,0.07429355013080219,0.05517745565618437,0.08771161067386224,-0.010628121127656431,0.017696049520860235,-0.00029580674516216376,0.13470662022363644,0.0019457139680127966,0.011654794111822575,0.005825054503440175,0.013339513890191057,-0.012932998398592854
2013-10-01,0.0920147444416739,0.0888546339907208,0.07743117339569672,0.06804790570126684,0.15218391156754452,0.022637308130816436,0.05311392692699979,0.012243918225111727,0.1057631484148569,0.00649939957007728,0.09299203127182087,0.06343743673358482,0.024275329809200663,0.027550059029870066,-0.012755578697152714,0.005513250664873404,0.06163665230048121,0.07150532632286799,0.05351259294237298,-0.13007519218909458,-0.03781844316294025,0.11504631916602959,0.090006910118543,0.16261362520919764,0.0166115644294047,0.026539760764351605,0.0434779321641976,0.06605864977356823,0.004434192178357055,0.04364777401939168,0.03675080998235103,-0.01018459837943464,0.048354217215432094,0.0032173421721681805,-0.00039822935970112994,-0.05438247539558816,0.06568516407963498,0.062037576548311435,0.05568132320003283,-0.030348797098120883,0.042020345267589576,0.04205461898244334,-0.024065630971705554,0.056130182552242225,0.06599494872135692,0.07382231710443055,0.060093148892323534,0.03920857410439105,-0.01466817876941695,0.03144715595689007,0.05889248039315209,0.005595553365317585,0.041753248175967705,0.08568590248181707,-0.18980659531302546,-0.04791122052333652,-0.025690624289310016,0.03261759001325615,0.03702840104055527,0.04076616526976595
2013-11-01,0.0677086447602222,0.0,0.015480343495686277,-0.020112433002693386,0.07814968602068983,-0.0016527608021883466,-0.015528476930710244,0.12436274602066266,0.011905146938262057,0.01476551448789909,0.01654696840416836,-0.007253446840596478,0.06359815471998775,-0.02408847675486836,0.028824481928241497,0.028904027429862644,0.028033144037639346,-0.014050514622413246,-0.07808225240684052,-0.003417081252247378,-0.04774297314279341,-0.057958704108163506,0.019697596142665752,0.02776028237687278,0.05228747079787066,0.03506936146492823,0.025403042553308275,0.028850861603268108,0.10454528319560996,0.02252778054808191,0.012352261184609858,0.017833512077401803,-0.047304847367589886,0.017050496239031432,-0.0658536738701474,0.09995662231051616,0.08567650855396858,0.0815625476419557,0.005804937633153706,-0.09336797182129342,0.12604567146443335,0.0436478118776229,0.03203426096979989,0.004390880884951542,0.04103777023549293,0.042074281616896414,-0.05188647048351758,-0.08933870314414794,0.04797957665791053,-0.02407848868093998,-0.05821343811103663,-0.006867382618302553,-0.022839977401569733,-0.027729076080234893,-0.22840940499013662,0.08720649108907086,0.07278110259406834,0.03774191485029821,0.05401938179184729,0.04894995946980396
2013-12-01,0.008862137870281561,0.08616784354391394,-0.0068230208315922525,0.029752201805447243,0.013049038615695174,0.03302466864574782,0.172059119945988,-0.01528518696548442,0.044321004363223615,0.07083541677983529,-0.009158832836199782,-0.029977786586556476,-0.052456308072265756,0.05780883784010671,0.019972364635049367,0.08642217784960327,0.09207281902038833,-0.013672002612123979,0.017065343164543556,0.09914959681813773,0.017680061165778582,0.08426908659735144,0.05816946135320755,0.05608039151424027,0.04807340990851028,0.02539140551753416,0.031801563695122326,-0.03296895799043309,0.021780940942654148,0.027486259104659627,0.03426299736058169,0.01541225144305658,0.04267396357471176,-0.003497856603079441,0.15058880591166668,0.0134349609472868,0.0019152080159701157,-0.019063117073518487,0.012102897679327373,-0.0668266074666164,0.006458000045145962,-0.0032094250985030826,0.026567297542438473,-0.011359451983551594,-0.03528229097550328,-0.03393422062708584,-0.01843155002957797,-0.005288429947536422,0.02617398124706094,0.002564606267432712,0.022479004432361727,0.01174474144054738,0.01529766981946068,-0.0014208496225731615,0.1671085408972579,0.014754345499980559,0.03612068635575216,0.030867888621771478,-0.023252092109005584,0.07935111954672891
2014-01-01,-0.11394927381124287,-0.06230761171366206,0.04333500610651431,0.013192488498419586,-0.10597651187014012,-0.06124012272023549,0.03274120067219588,0.07305188697866516,-0.05188034037750455,0.04008140618453648,-0.05771017735117656,-0.08412062908663387,-0.05758361399500167,0.09235735019070246,-0.11240368593310102,-0.060597500052731235,-0.05087994675734375,0.023062328415339284,-0.014496173826653802,0.042747706814617814,0.0571177266062417,-0.1435624829633655,-0.10921265166947602,0.05237369354999055,-0.07701910347933971,-0.06900138275828027,-0.001533238266166137,-0.034659047136427645,-0.04830783747447809,-0.08826688164752783,-0.04169398265486457,0.057343309106852036,-0.06431350274688219,-0.029918694846470473,0.135336645186245,0.056702820442648516,-0.05914330935615286,0.011428553436173772,0.07110858265208364,-0.06410467266160769,0.10597686475233092,-0.07647835307964979,-0.020176755047485728,-0.03160123355455635,-0.007537755398280943,-0.053103790852872645,0.04782304524631309,0.04590074644624842,0.0019313645538989732,-0.0013086432675804005,-0.028592607558483252,0.015633895398307285,0.017459612083783327,-0.03617162279657249,0.18726171378380796,-0.040932566787470925,0.036469476568924186,-0.0013223867602274453,-0.052303636015091914,-0.09357246741971359
2014-02-01,0.055917909950305766,0.03355619977781865,0.038561934096522865,0.007268031891061177,0.00946190025181215,0.14313929118170954,0.12151743395905701,-0.01322105280571284,0.014439335936590858,0.0320645621747806,0.025795600437589883,0.03422021299756928,0.04145424255860686,0.02994527625545995,0.04145131762665599,-0.0003486155824354853,0.10699801002289888,0.014674620387864934,0.1365676440253294,0.025377176464401963,0.05805091124297013,0.006458671463847487,0.022137772977774972,0.02894281243308061,0.01746699790872519,0.06522935123654783,0.03939180980255408,0.04759885672730224,0.026030693020622664,0.00999806243486523,0.044305183680687144,0.10768380706092229,0.07769686071667703,0.018835865344577485,0.08996369477288102,0.07315064656598746,0.042785563829488726,0.019814579395570853,0.002051409154507411,0.07404196581094524,0.08496748370724827,0.07521076320035114,0.16210702503925334,-0.003615237791684933,0.06302901775644143,0.026277133885149073,0.060806880981357114,0.06990190621494996,0.03120805983267516,0.09258223638660823,0.06460226733474439,0.026559835087835548,0.04869416859340969,-0.042611945941103624,0.2997227846531336,0.06675839138073769,0.03973789393230831,0.03026405379839492,0.00026765909724568715,0.05068864847902166
2014-03-01,0.019756934834351814,0.009578894854042286,0.009121358958198211,0.004898366976760826,-0.07370861606695156,-0.012449553005748903,0.04725223814738988,0.040330454872170574,0.037435323172418045,0.024449039522332683,0.03195259645234838,0.05628069822961557,-0.04482537594347846,-0.08845544861504262,0.030569282903746497,0.06091654886385456,-0.00919951559991361,0.004785515838252596,0.03501492272068596,-0.027322919219891162,0.09856338685342125,0.013701015458997823,0.016355324660457526,-0.08686400264844885,-0.015743476156163005,-0.030257509502429336,-0.017948939686452725,0.06421913185862937,0.06622008675466695,0.019861636527302995,0.009566059954094541,-0.012661304150749952,-0.02284551886935482,0.029819195364094497,-0.12791301271501698,0.003906734971584669,0.011941673993153046,0.06761761653649279,0.04524629118769408,0.013898122059227802,-0.23577270878670564,-0.05837634834579486,-0.025903862925413024,0.04899543357317704,0.00031174992689830816,0.024363311109820707,-0.0006708722178254689,0.005355514696613106,-0.0015394901406571293,-0.016850958667419924,0.04725327863907047,0.03685613556003231,0.016662540170121254,0.09380014418937188,-0.16078324198958027,0.06289788943743524,0.03956598157241942,0.06907914833113526,0.029325992279138013,0.01453950784120206
2014-04-01,0.09476118180316506,0.022052706373284714,0.06032267348423348,0.023927856224826627,-0.10075653033193888,-0.012851247989412506,-0.014229033940235114,-0.12756949632522163,-0.04381038681846938,0.06478301647137652,0.042148037327669474,0.05476285772891876,0.03519018948162067,-0.10013875239267067,0.054098215867532495,0.027589199005562115,-0.009158838061624763,0.04489114315491749,0.0004008770678893825,0.015939949337072434,0.04286995062778454,0.04803278773264852,0.037897851167769225,-0.041981157743350206,-0.024902993161830977,0.004790822240120285,0.0015078118714910715,0.030676319436602206,-0.07483065476318673,0.053631478291046975,-0.003212110672923707,0.004068526023655039,-0.05924064090112635,0.03360204998834604,-0.007665457475726889,0.03104396420055311,-0.004454173383376059,-0.014498415096316553,0.043286854624168036,0.05760874004472294,-0.08904065846739817,-0.012397210399781144,0.03078827363171166,0.028221051598793956,-0.026499899652587366,0.03186316697867131,-0.004910556549569289,0.04081982118722838,0.012671869849118167,0.013653409670941308,0.04069874493260439,0.04211459729651601,0.0545807233689537,0.03511395993061095,-0.0026901218881487665,-0.08857598519321996,0.014652803834931838,-0.0020128363913647362,0.04201985468853087,0.047288003745525664
2014-05-01,0.07576518015085965,0.04229547473666351,0.0009203452501931331,0.07060400779938547,0.02730918443776975,0.02063306223626782,0.10698091406037169,0.0,0.01287342665605351,-0.030537370633547667,0.01621247898749356,0.08185517909570006,0.005992237370337605,0.018796090009452815,-0.013489619395026686,-0.023522551536514058,0.05719360504773974,-0.03592362169259866,0.0765831274008324,0.05661734947559438,0.058846346727485344,-0.009353988918843648,-0.003725796442798135,0.0664845330016588,0.00334309210991357,0.009014818744839559,0.00759655477708332,0.008622507870110319,-0.0073506209821507795,0.0029374419231342763,0.012862400277566799,0.02105850118107444,0.0251655664874173,0.008521165951188792,0.05721428057867328,-0.012025155796688392,-0.002266152397912613,0.020307454434392636,-0.017779221752090013,-0.08135284497493034,0.2603989261425663,0.05601369110940624,0.03288660073294036,0.028012086813189008,-0.04531798606360615,-0.021550288188894484,0.021427847169038117,-0.01799465992683924,-0.013011656781086955,0.026339286499239556,0.024223796054632984,-0.03424092783177235,0.02887703625299931,-0.006462820172259409,-0.000577422004106154,0.05936946790275677,0.045375675783718705,0.02986140623784017,-0.03140919559560906,-0.011761957674909063
2014-06-01,0.027285912005982293,0.038101803755544505,0.044362262958627774,0.0077582444695938335,0.03838362024270037,0.07561545809885128,0.023716721436991772,0.015720604745996347,0.05331673729355302,0.061090204183868124,-0.0032213143079551365,0.06992607566334152,-0.007440259130707894,0.09853506022003877,0.061280457233420016,-0.00018944079619309662,0.020383604106299913,0.04282339351894304,0.09942605771187374,0.055487838954104696,-0.00954837617865989,0.0694821322984831,-0.011005478420446302,0.022520695974871607,0.046639550520055195,0.014888504914110534,-0.0021491298965150563,0.030669969518848816,0.036225607965167494,0.04232276683990488,0.009401061440843073,0.03786400317523064,0.01914421355254259,-0.006826146640030117,0.06112610970719956,0.007336753035398491,0.04653518983618721,0.018393913309399768,0.051252113054396364,0.10672649604482887,0.05306281566318072,0.008286758338183375,-0.024508364895706514,0.01882172094610901,0.0016859549622649794,-0.027609359383911958,-0.00231717881544391,0.002198868433056056,-0.006646978493499489,0.01117793079491225,0.12933795731455255,0.03589434299379102,-0.001081874292731655,-0.0031059288407502272,0.144457223612529,0.030963608435685686,0.00561637524809111,0.034452596469654484,-0.022392924990364715,0.0014908328490168543
2014-07-01,0.02832625714289616,-0.06786079466364692,-0.07018461532514042,0.04784708775832058,-0.03697681544659703,0.02556076640301974,-0.038039008638113936,-0.007837862142626495,-0.047644209589864595,-0.06937010574666758,-0.06750615330034959,-0.029948080592780535,0.023483177290215984,-0.06821837865020886,-0.010084853950838024,-0.06195777893072041,0.0016311271633702162,-0.0281594968465968,-0.06451911972400914,0.020867039233977813,-0.1601999903964142,0.027621465185037497,-0.04395025516216933,-0.0087955753568707,0.03191462609351614,-0.0013597138319845214,-0.012122547121170335,-0.04426503156587813,0.007834079599280397,-0.07523467773673342,-0.03602204116533958,-0.018015465800202968,0.0019006681645308277,-0.06330807526262916,0.0766419560960383,-0.019373967466167485,0.0033376409297716236,0.03441314891371228,-0.08754350984368209,-0.021053431820106105,-0.04142744899885775,-0.005430418579219332,-0.057729776674108835,-0.013976581761794726,-0.024792652411073757,-0.008334595048556714,-0.006837479977177097,0.001516118823369439,-0.09344990868835712,-0.0032918287534355883,-0.08452500096104476,-0.03524936371713183,0.011421198309855107,0.023536149025289888,-0.07237267584425133,-0.008599748598664192,-0.014541026580746852,-0.03209224441190228,-0.02004781945711187,-0.017433076912787726
2014-08-01,0.07465206360013577,0.05465019101654223,0.042245024560540134,0.043636513157699675,0.07994684039465527,0.00950364184278385,0.16821761922236567,0.05361845641469154,0.08707443004434268,0.07934781184723594,0.020760926567884752,-0.015636425320765035,0.029672850377220783,0.08545879507526521,0.010086992270369244,-0.012057163362324985,0.04552490245443774,0.03665997804572463,0.004012141662802726,0.017284099887923787,0.08236502097678944,-0.023102309104662933,0.03246942052771207,0.004836804846949594,0.03855650518278608,0.1453658999434655,0.04109070674676474,0.04246266917638852,0.03039830739223337,0.06001056759258949,0.026263517264572656,0.04814389166196564,0.09293221852506939,-0.0003285285204563948,0.02943180851840488,0.057696547037883406,0.05913191168247556,0.05748479549115615,0.054948856340685914,0.08389530630731556,0.1221473943597231,0.021257979189609255,0.11005995056356266,0.048627666831163374,0.023757694082033876,0.07221199934511979,0.003180440075501778,0.02058968235618064,0.03219806584699736,0.05862180143327489,0.015103720945831789,0.025317910954040457,0.018689386060591673,-0.01785993021879584,0.18879400654841616,0.0671567025910349,0.07315095684741468,0.017521711816300023,0.032325762207563,0.012183068844243472
2014-09-01,-0.017220658318489068,0.04388547936241327,-0.02813897465093307,-0.047959147190667295,-0.05020101839178581,-0.017278721329589963,0.061738197144115325,0.06102992450587541,-0.0067087742377358595,-0.09656678507194538,0.007541176416561601,-0.059609522599300746,0.034419056368533596,-0.02675535449614408,-0.08148584909091738,-0.018046217534362974,-0.009502271943980567,0.010486626766601947,-0.10406639190262901,-0.026839046786524712,0.019849025886090832,-0.10789928626278122,-0.005544262727938509,0.010335028928559531,0.02459603451662229,-0.0139635383701604,-0.02240605335856216,0.027198427666709435,0.013200893932278746,0.029539928186345765,-0.014646575539011941,0.020092579560544,0.007777673889404646,0.011563721083084566,0.05486893623480604,-0.006636244424323756,0.0075493062044680315,0.020264522893168824,-0.047531169469723356,-0.16051009805662186,-0.056990973341521256,0.1271454173351656,-0.05278263909574532,0.013574276153022424,0.0061057082586932765,0.007551418390843168,-0.07394819476787351,-0.046646533943119906,-0.02228772734001172,0.004026583450537302,-0.07527329765697655,-0.01703617286828596,-0.033550685659635704,0.007977243074945406,-0.10556647677589615,-0.0007292075179199387,0.0294840756459811,0.008324670805313072,0.012765775743838415,-0.05592815336554757
2014-10-01,0.0694887376919846,0.10154573900032027,0.11101403008391886,0.040501742563900045,-0.054098234668899625,0.03383468951608837,-0.008658120580046447,0.006430884405623338,0.03821621926812213,0.031337563348881936,0.03073896481780025,-0.04896157631243803,0.06225662148283728,0.10642040922382812,0.005266311337777552,0.04238675473811693,0.02605343621452505,0.09413045082404459,-0.03891330440687302,0.021502542602857666,0.07077125048506527,-0.12583868909665208,0.007388878250332631,-0.03553138523870558,0.03437534705322065,0.06109939303769085,0.03170850530565783,0.011102343739080922,0.010690635459447595,-0.01845301474407801,-0.023610279626550934,0.022565359566210752,0.08216258284889966,-0.011456487969744522,-0.05259942168746701,-0.02286375208209579,0.013846760110064249,0.012645892072879583,0.06534971070358209,-0.20593883038098015,-0.13864220621538115,0.04139624662728014,0.05739947095937037,0.03255043018856085,0.012769147497619482,0.04893049806092531,0.0996413907760827,0.10575832059407908,0.013170537687904105,0.04713866133843325,-0.030248921673805107,0.07160786226724758,0.08613374111010952,0.005972870413351039,-0.00404647650113521,0.09673192734337288,0.07144899978726027,0.023247932872152877,-0.00261884926250211,0.027890096481836046
2014-11-01,0.10073044559855848,0.0865910483284611,-0.004722620344305817,0.0742037792475525,0.10311872769455688,0.06587909172945494,0.07964122195147039,-0.007017385113744723,0.05133994063952052,-0.008019488641649808,0.039720874986890475,-0.08803298757939304,0.06613835761499409,-0.06655121627786365,-0.0876898525422174,0.012546517245036526,0.012290159227216435,-0.0056690198897757504,-0.09171807576281754,0.08384263338894371,-0.0032551224887504837,-0.05963811953260345,0.026005561940689148,-0.03364849331332476,-0.00516304915909771,0.01909410609109674,0.03560939641202765,0.010842909809579027,-0.005304498008315228,0.07495754856926817,0.018792613091643595,0.03387649838465201,0.10966955157160108,0.041133053692572474,0.035500384907432014,0.041581249302417245,0.006559301621005265,0.02443894069063246,0.04781502156039652,-0.019376439088830022,-0.12508165932834148,0.06576771114257474,0.07485189284955929,0.04005277991795975,0.047908374698864886,0.03557028175372423,0.01501298831881348,0.017690360247238246,0.03384341410789293,0.06683991834091607,-0.13791422934657316,0.022818041914547837,0.016057268349099374,0.015380820822773256,0.011599801020913514,0.03739329449364348,0.0068075492034953555,0.032437045699851286,0.13781630770477848,-0.05873116996321048
2014-12-01,-0.07460591296302477,-0.055867354433958294,0.05361926709378162,-0.056643293777778325,-0.0872368614082557,0.007981809760413405,0.07776435914185309,0.05159778146959626,0.00114756655094439,-0.09448525861454549,-0.005764663224218758,0.044261054695758695,-0.002606570935049568,-0.00939767699829197,0.029950131618710962,0.027803579581215487,0.03062717438530793,0.03211210687499477,0.05986407463919452,-0.0019382930631124395,0.02484797774221592,-0.13924046266920742,-0.03777916539059767,-0.034122411580113976,0.028360869904704877,0.059286977770592664,0.008544056970303693,-0.034586664169901304,0.03943801294944649,-0.059983722134963724,0.014222540443034504,0.012690413190659555,0.07498029975625808,-0.03265173857759951,0.004110053527416113,-0.05409815516340011,0.09794271659633136,-0.028858307746381318,0.01803754169424643,0.02811585851477849,-0.014472751672799822,-0.02926394991451664,-0.044863380078718595,-0.05038921836790955,0.0,0.007271112956413361,0.025426323547818264,-0.007358150833877808,0.04372459723925415,0.0716189675799832,-0.0016377981141264542,0.03480750853393477,0.007219454749085585,-0.05191831389997681,-0.09477451914585355,0.028399494048607643,0.02000911982479625,0.006221274270392652,-0.013573918508240634,0.020876103326528117
2015-01-01,0.05961157309291476,-0.07349342525710778,0.03384107356342447,-0.019408340347808917,0.13309225571979155,0.009522487799603851,0.022510236747018464,-0.16624116168046266,-0.04885832061754769,-0.1268488666502554,-0.019198240841589165,-0.09215849484361804,0.00870958961852697,-0.04942251927634356,-0.08994893612189081,-0.03777938314695817,-0.03489455091115001,0.04219061358679621,-0.03159849701380946,-0.044508111895275704,-0.02844861675520205,-0.3153909667014081,-0.05615772094954696,0.012900283538634927,-0.11710622163885542,-0.005252900141406336,-0.021854610149333098,-0.043287451534997246,-0.1340373722870014,-0.025184258873189425,-0.07174801386064455,0.042705231184306136,-0.011759201221278381,-0.01353845276720822,-0.02741683482703028,0.05963954898939594,-0.13477451918214545,-0.13954656627204143,0.02737572744731187,0.28569589164057474,0.2571875639570771,-0.04140715168268505,-0.04331890537149041,-0.008282961443172532,0.003204921145919304,-0.07049750407148547,0.047870848848806435,0.08296406536863365,-0.0019149284765793695,0.030808471116873903,-0.03599884488667815,0.032257638458844884,0.08698434799927401,-0.001454616045552637,-0.08836528889064521,0.04978346088212415,-0.016248059434536444,-0.054351073126678084,-0.01053475412241145,-0.05594407965027459
2015-02-01,0.09601583918496592,0.002482299273608213,-0.07841593456603446,0.0223380000516471,0.06979924256667625,0.06982122330358376,0.21549393928241667,0.04264222886758473,0.08688892077868626,0.03598365560655914,0.04771725604761068,0.045454726700114634,0.062376811547865785,0.20624311979875198,0.04945462571264336,0.061570569706591805,0.13474034947805702,-0.09429212268686937,0.007720375211157204,0.03319746033001536,-0.0517279523233829,0.252106847580281,0.09340234851741425,0.04560053413248211,0.09917705734619986,0.0943343049803893,0.05505036849361211,0.030366662486468243,0.11945759108501663,0.05044303788585891,0.05885235269306488,-0.018628257899166556,0.08930856211659144,0.07620203200890074,0.03951971740989446,-0.02928959252839114,0.0569120384966979,0.08903676707210284,-0.04707675246621745,0.04585140132440202,0.07226802372511343,0.05434065725222892,0.14269877639553952,0.0539661521383632,0.10249204385254274,0.009916288323585043,-0.05533523397583506,-0.018188713466934736,0.06564062136226134,0.05240746643431393,0.027075894370321762,-0.0912449588884221,-0.03546340924506719,0.04861712204048141,-0.0012778075562325242,0.06715275408499455,0.030181588738403597,0.06037336195385734,-0.012432716472071448,0.020229409399167064
2015-03-01,-0.03187415674851746,-0.03293284281290232,-0.023369474307691984,-0.051643996848318,-0.02142957548125013,-0.02630374217378506,-0.0020802088345583947,-0.0238025258312784,-0.009286207742388086,-0.03523393423025478,-0.021119500195901697,-0.04614006317832198,0.030424934217737842,-0.03774583103309581,-0.016063514161026582,-0.02580569996363824,0.007752220788741049,-0.022791295218849594,0.02171980765677617,0.04514625192153243,-0.009181029015817632,-0.13227700762650052,-0.046464867519080855,-0.014195061521491859,-0.009635552076983522,-0.004851832798983047,0.014776141531837261,-0.018807909736239914,-0.011489030730829963,-0.05735341119370796,-0.05205325501845426,0.03473286975594636,0.004040856879817589,-0.014872321847612113,0.0403304741720385,-0.010213740039156871,-0.002797860015456788,-0.0755303511630232,0.005686354081386291,-0.19182040495545438,-0.13078289996361492,0.03251785658590345,-0.0525820454771746,-0.02785687931953973,0.013601945030939255,-0.038192094500696605,0.02822316174544426,0.007154968493142455,-0.03940104948069578,-0.0024572350079141714,-0.008591734208798663,-0.033533304531728536,0.02735904602903183,-0.05685201540815932,-0.07435005121525773,0.04353159964647535,-0.10465853307948514,-0.007143379629640734,-0.014231551691536115,-0.040803354758597976
2015-04-01,0.005769690278489392,0.1076919876694502,0.010961941844456202,0.00837308624829447,0.12532127361833512,-0.053285312198046775,-0.08288158161464443,0.03448590271921326,-0.00520716920442954,0.0903803485565211,-0.024592640568575685,0.08701104764129797,-0.0546590087277492,0.08613797028381587,0.05630052794502571,0.03176270126005143,0.0358637091196119,0.010236504558618797,0.07797697287901517,0.09450965202173123,0.012124565500029938,0.20809692328306184,0.08754855913313708,-0.010747941919796222,0.04397315755299225,-0.06012981952058727,-0.03303895030929738,-0.014014591800338039,0.04991321343350519,0.0002465818217887161,0.009807680506701999,-0.010794745562886732,-0.07407080926253595,-0.009175702566421862,-0.04286646960904417,0.035547175258916486,0.04844747277438621,0.1792012545065118,-0.030444295112319164,0.19899407509672518,0.2893246603103963,-0.014962922001353629,0.05890846343322831,-0.005243109678351843,-0.025030446666012285,-0.022093017066411313,-0.08027257955868006,-0.04795055591737274,-0.029879272506683208,-0.02311236511703907,0.1256347680352068,0.00045189000497058984,-0.07507569690236426,0.0781081741282863,0.18022680786809087,-0.060011531545804964,-0.019390894385185042,0.012785421147567533,-0.05241368547844916,0.027500756115026892
2015-05-01,0.04434116784276876,0.029411676920263474,-0.0007243196442106026,-0.01857805074518115,0.017509029251769892,0.022951601330788662,0.23653761510742255,0.03515639354234601,0.005043284787989322,-0.01811952990525878,-0.007309726502586766,-0.0531864112608762,-0.0032207829060464377,-0.0009618426488886556,-0.06542615971737131,0.034314198307710875,0.015062401703675121,-0.013532343296343896,-0.10946780685134172,0.05266503234132447,0.003654833891486131,-0.16908747250927636,0.006991775971722625,-0.006306506476700946,0.05165649561325303,0.04066542594099953,0.03684746127508021,0.016697080400283504,0.03906243130862208,0.009813479348566023,0.0075983260049179435,0.10021404928630595,0.016134343666691642,0.002210087473867084,0.0053179102031020165,0.022084494757828033,0.023574446265639093,-0.030803624463657808,0.02152396336081175,0.027919224049359315,0.11457938835165216,0.030956555439884514,0.001459893138840096,0.013678447393726145,0.032120200550584954,-0.014186329196603786,-0.015290225809371893,0.029521029243023023,0.03509099949619454,0.03828771481771032,-0.041434085391640174,-0.0012690287326391214,0.007670303038531223,-0.0028907984798047792,0.10389957420138529,0.07611275270213103,-0.04601799994208111,0.022240034377155382,-0.043351726274942326,-0.016913548178590698
2015-06-01,-0.037938104476984424,0.008970029464805407,-0.06079160547349627,0.010106146799956583,0.011258981394398404,-0.06434209211763697,-0.10504133010523642,0.03402347860409982,-0.04954029454897224,-0.005877216008286723,-0.02087761966021695,-0.036297628135929294,-0.0542544197033763,-0.04383328811314158,-0.0654970065249012,0.041744645578634554,0.033587270536414415,-0.0698606065527505,-0.012937092757518087,-0.05391413180038551,-0.07390330345130858,-0.053841060320900525,-0.01753450446331062,-0.009729602932645687,0.012530955718725423,0.002691169777005342,-0.02163351754069609,-0.02712717126444364,0.029656339996871228,-0.03493809491764699,-0.021458575858233964,0.05654545834196156,-0.04396473190488326,-0.009004819442476553,0.07981908828864714,-0.059668789324323956,0.01532692702738192,-0.05957151861185794,-0.04302712010861409,-0.15269328343675426,0.05134615875427473,0.06058421090314381,-0.09571696677285868,-0.025222912572893108,-0.03573948273877159,-0.0019154740474389698,-0.05587316560970734,-0.039418551777611555,-0.054726412761046284,-0.04674162724774522,-0.04625079580417335,-0.04183343750228952,-0.04729720849399843,0.027977734541112298,0.06730093529615067,0.019007066113180926,-0.05646499569995456,0.00499148080504952,-0.04601317706805563,-0.023754074304814576
2015-07-01,-0.03348087106155262,0.048507691989294166,0.06575347321050451,0.01932088365254092,0.21116210895932808,0.04067259179082505,-0.060389849051293965,0.04929339159407897,-0.02831836167741475,-0.0665865743955747,0.04474656313612657,-0.18542981613406218,0.07308176144728584,0.05136513730135306,-0.08645565941513311,-0.025885468169198234,0.055865450467354805,0.04972007954755586,-0.12396680393380066,0.09355495676677972,0.02109975422659316,-0.4507188532600943,-0.017847318265665102,0.19680160427978333,-0.01797758665513971,0.05172957666321221,0.029757403865409593,0.02782594386282078,0.01781423603158494,0.04607972173752373,-0.04630932808120125,0.012143187177742654,0.03922017988251092,0.049155537865069654,0.09173208887749418,0.03503690795792869,0.005117020277321416,0.05615108201338348,0.07059001893942884,-0.3078615723521718,0.19723148990551476,0.06452692774925772,-0.007987960429933327,0.03173876047105395,0.07274406503305952,-0.011724244076933843,0.09039719313508732,0.10694304207900807,-0.10063396016986959,0.009913311843503969,-0.03988481059962812,0.06535859046831449,0.07887737840273168,-0.004654149019780007,-0.007896616136353174,-0.004930021959848929,0.023010740024338006,0.02857060705441894,0.014694492757427735,-0.04914464101418847
2015-08-01,-0.06848901589842171,-0.11491245033800679,-0.0317393310731795,-0.031182382286954358,-0.04435257818430349,-0.02113216134682805,0.0066104234867196965,-0.09006636025579517,-0.09905175865932492,-0.028247350684304173,-0.07968731034457521,-0.023922909631697742,-0.034055637792265614,-0.05525058256542614,-0.0759296858556131,-0.14530792994802955,-0.16369628332555664,-0.034603913606086056,0.014404936987953754,-0.027070815227954625,-0.03262216909592919,-0.09923282147940338,-0.050285558872794844,-0.014831938092465968,-0.08028156513806017,-0.004882640644088276,-0.05170674729181535,-0.056565087123167324,-0.06682724336853196,-0.043788209490797314,-0.07634785562883639,-0.019888129866759918,-0.0027430696270167587,-0.04091029716687711,-0.04994504812113032,-0.0906570537004332,-0.11994187992023919,-0.06395089431500312,-0.05903019364177897,-0.0058412360027757515,0.0062789517785857285,-0.030579186507774914,0.12359567316447384,-0.03614072071985497,-0.10481273310705053,-0.08188065492339369,-0.06642818175001919,-0.019240205197795568,-0.08421358972157833,-0.0798471935829923,-0.06147509662820383,-0.018226129184576223,-0.03500780807510928,-0.04534209317171589,-0.06636625004434826,-0.04809006648758363,-0.12289435165321194,-0.07519319316848261,-0.09935786792553447,-0.04210639436536434
2015-09-01,-0.022057682268944667,-0.13717725289361216,0.04625237558322404,-0.04164574130401366,-0.0019516836771980017,-0.08304819830257593,-0.004519365326714375,-0.04441378128683393,-0.016668558232304953,-0.15659569608209312,0.010295532697173648,-0.02450993880863539,0.031763888964622566,0.0010090531549638015,-0.026397853207248634,-0.09202165538329155,0.0031361846382251812,0.014420940100042579,-0.0729590243208893,0.01336606155586928,-0.035067967693890534,-0.09352592512564106,0.024897158060228186,-0.014694902313691749,-0.08195361167215154,-0.0032849169699629144,-0.04723514613551316,-0.0067260139608107394,-0.0500624635500273,0.028768198122499644,-0.030508945104347873,0.01614109896909799,-0.003620782869719008,0.036273801940150285,0.005241953301696967,-0.07788195091453964,-0.08952130518815293,0.016860589722546226,-0.008777794334035693,-0.05877473322345139,-0.10794288631912385,0.09820890083161693,0.09215049928349273,0.02236161401593506,-0.025460822808606842,0.01781152498623717,0.03406362492778836,0.05871967526295929,-0.02901649194880429,-0.13825013215623017,-0.11492747110444901,0.02928332974360881,0.024240748600168338,-0.018851388873675212,-0.002653518997431714,0.006991856579455558,0.030665593283367265,-0.03783437842159865,0.0016975389124391782,-0.01189932706489083
2015-10-01,0.08011270121459546,0.09945487781230788,-0.003700625965354476,0.15011566591403014,0.20108087425798082,0.08558650598877549,-0.015152992255527575,0.07419981714954904,0.1682326810567787,0.12152599680956166,0.05021657966721671,0.11994023374503238,0.08959083452699712,0.11266502399540279,0.1416121410846749,0.05264403405652729,0.10698323970315293,-0.006554746905767406,0.16685742567879291,0.12111676705795649,-0.06180360786611949,0.19833050060894974,0.13689593066203098,0.14419881734582551,0.07610392591276671,0.06819033652410234,0.08683543508666158,0.07906145593103098,0.059589328123198726,0.05409341548245461,0.0867411506491127,-0.025658358473795495,0.07267324381647988,0.1303672771262825,0.1259806013099567,0.10138431539972714,0.05027544641742665,0.17339523012983715,0.05105754027288878,0.19140702199271686,0.04839349745257904,0.06348562672370939,0.14055535611903397,0.08035280340458506,0.07392600822176432,0.06883575730554492,0.09390672398569633,0.0808889780536255,0.10061842715429492,0.18042727179379536,0.1250864387950794,0.008908813008565719,0.09217814882876585,0.047003523364449684,-0.18265977677171774,0.015142225229880069,0.01057609242298252,0.05290878516709041,-0.12466950633439611,0.10691947778236965
2015-11-01,-0.00582123283356939,-0.023790467916877223,-0.0013987550431018292,-0.02827425127590022,0.06029567766807675,-0.015152187530683037,0.05774916037012012,0.038005111205885456,0.032838150885722506,-0.004669041334224744,-0.010149188130197828,0.01303507929788017,0.023236501845901536,0.02516014835002256,0.016969022768557274,0.01992841094838571,-0.002376471380705958,-0.04109369729954171,-0.028593209642502337,-0.0006070218425584528,-0.011271995788385336,-0.36386161162473796,0.03466203454243466,0.033944573656153665,0.01676881960021248,0.07956988854307845,0.012262149997289917,0.009421151886584767,0.03712324349496132,0.01399472861937534,0.015275797070043673,0.012065991618841032,0.03683197188396292,0.02468262073925942,0.022017251593518417,-0.030651290911191342,0.03954714198799625,0.03868592112581615,-0.01996150208307812,-0.05546716700380916,0.12922010683272545,0.009494685994388519,0.11540539625724194,-0.020064745352984303,-0.02349992286228364,-0.020368324192578946,0.0004684031108492803,0.045160181674615885,-0.01783090774620444,0.036559403764629295,-0.006519637909652154,-0.00036247969476121966,-0.07025438929027938,0.004763482377997619,0.10682858591042388,-0.04400040933538385,-0.055832753142709635,0.024426730646775585,0.027568528854374552,-0.004459272861314645
2015-12-01,-0.11679015663731995,0.018571418247194327,0.03955738273429432,-0.019511075338971118,0.01654400081747287,-0.04469812739251644,0.10985374400950842,-0.03221885974163019,-0.05989878413856342,-0.06673457679817929,0.01421041655659172,-0.14637969773835913,0.0004955702318234501,-0.016320334195358832,-0.015004525655182732,-0.03463241042326448,-0.07042689272021718,0.05218564774885115,-0.16429075422875705,0.02533022428230236,0.01670304444775894,-0.18919082840488488,0.04707074582096027,0.01967808896593448,-0.05289549850018016,-0.007833201272198664,-0.0036629899833471313,0.014512947709154567,-0.009795985661685158,0.007945929977762667,-0.09022983915226224,0.026700478912519365,-0.007337542437779732,0.03426933116491426,0.00402114002789844,0.005013574221830908,-0.07536447085884213,0.020577998351122062,0.03956384516186384,-0.02178710998672395,-0.07533748995029965,-0.05418587113255757,0.03834726246237899,0.004581175043329999,-0.015065611539541113,0.05927187978125659,0.013540100850046866,0.03841121846395712,0.00020800161576417509,-0.0615129063109201,-0.10083444611978498,0.04928177122627542,0.0430877223111521,0.02173973966631859,0.04147151877477029,0.04712097427831097,-0.0709520654089717,-0.013521373816527404,0.04929950818262441,-0.046496782608640874
2016-01-01,-0.07822369252006345,-0.06563572327660072,0.0452943481178405,-0.027290231684093058,-0.14100546202873954,-0.026479396289752266,-0.0820944029280346,-0.17415479459596828,-0.08025307603659915,-0.07547833222973699,0.019670303403060085,-0.17791904525167856,-0.06643090052119671,-0.14143434974626867,-0.03956759166584334,0.00965563056085994,-0.09225041066486561,0.053322484163079054,0.005917513369755767,0.02665864015061281,0.06280445904365317,-0.3864447885170845,-0.0680760622875134,-0.021646234578403867,-0.10935731436315521,-0.050318781048505734,-0.0035784817548201175,0.01660605026145845,-0.09744658619892776,-0.0009315738927471173,-0.02371618082478477,-0.06319458910771036,-0.05531340689585296,0.046635329423409644,0.0696549665051025,-0.04155576875695699,-0.20040796482404488,-0.007054290453900158,0.07257349300702431,0.10391427843065815,-0.21947828024167748,-0.007870794654806001,-0.11804855144107515,-0.006223942901179669,-0.05704901978967136,0.036985396762818645,-0.08379707944646864,0.02338211559594683,-0.09126904792892665,-0.015254029407801184,0.035492039523018715,0.044516543071142056,-0.04287283200275738,0.06538095171982627,-0.2273606261518646,-0.021306571297220245,-0.08260303128529944,-0.0790163172963041,0.0793145988618087,-0.0012835440463043746
2016-02-01,-0.001288477022898693,-0.005296065350983703,0.021663651167699083,-0.022945369868057952,-0.06053522087763952,0.044455553913292256,0.0019423570982910476,-0.12168056850372988,-0.0073455657923560125,0.08408820315325238,-0.028386523967443456,-0.1365022746630884,-0.004531636164626818,-0.004565173376432696,-0.02306572621550851,0.04033870282191643,-0.0031358202481115427,-0.0031312476812921375,-0.09258208351600272,-0.02240193651936373,0.0726629689870184,0.5060314259298564,0.009347372765120987,-0.059710664795392,-0.07304413624413186,-0.013126508430918449,-0.012415346678287698,0.014566401407074103,-0.05528163591961954,0.004881078993767662,0.017741287169634745,-0.08710649928928582,-0.05936104070334469,-0.04716176596696453,-0.0482912268565876,-0.009119899439778756,-0.04666756369094305,-0.07234440863259595,0.017407804937283,0.25780619907511726,0.016950429180307314,-0.00679645057855538,0.07192396830029152,-0.015016869252763243,-0.01725905131824268,-0.01728629156437389,-0.025922258466116066,-0.016181417374869334,0.10440591046796932,0.05962407828276639,-0.00034873263637935636,-0.004146499177633434,0.02733308267097101,0.024381330011415514,0.003810669454686888,0.03364091492716348,0.09789863012217825,-0.060458963308203995,-0.00030157052192292255,0.038151113253382274
2016-03-01,0.11974608074321846,0.04493709940237922,0.07260319693185169,0.10463366587138623,0.07178343634796924,0.08975168138635237,0.14588416050025144,0.08064084524921178,0.0947787942955518,0.12272741310834778,0.07355262983554756,0.17425840433596784,0.049098289452616406,0.08594067771705927,0.1339506939695121,-0.0330862156579288,0.038910723061403196,0.08264919434469054,0.11430985041374431,0.09090106116531338,0.12995234010175905,0.3039323461946426,0.08703963558939787,0.061744392316156915,0.0486221350818159,0.07781195048299239,0.10036540053336118,0.028022932684473645,0.05056468226339916,0.08063346814771499,0.12445411438488296,0.00013882580032387182,0.1148667282704059,0.06994231144449614,0.06499439628302373,0.06108860901367752,0.012472680135182213,0.08203683698051112,0.04776809616013189,0.02956553724846689,0.09022677156327097,0.0006247204381031324,0.12765458278790212,0.053658519540896066,-0.0010114799664986407,0.024847444221057557,0.14862065651056744,0.10700695136453398,0.03538386331706933,0.051058723554615604,0.027911199240723494,0.07109414346570375,0.09044497661098294,0.05834622183334215,0.17994810910443304,0.08319178732346977,0.00871190485765716,0.030228889800723913,0.039270778765156944,0.04202399059210116
2016-04-01,-0.15073093670995696,0.07528274100010623,-0.04465748187037466,0.02909198062140117,0.10534537601927152,0.012692641008712258,-0.05830099441880243,0.07410792816190748,0.04523708497473056,0.025002377427949973,0.0092718927934623,0.171209807355579,-0.05888992923736769,0.026333179352820757,0.06865785902424992,0.0884497130820936,0.03900388386794784,-0.02383176354625549,0.1317323566667139,-0.0010897570121271016,-0.021706773787635303,0.3030371457386609,-0.03326151972324354,-0.07485240480589539,0.044418190088754805,0.003441490466038921,0.01961898769660131,0.03523151875560071,0.07242121306909821,-0.03487566685340315,0.025959740713513035,0.04772486218279948,0.007186170957328208,0.00642427534177159,0.03004376961716293,0.03582777451863972,0.0842402123335888,-0.10208681662690999,-0.006442851775738667,0.27433118344864393,-0.12708215804335055,-0.04202919820540574,-0.0028105809901991796,0.004672761408380133,0.09855598341924843,-0.018808701098498304,0.027460023832168723,-0.11930188838356148,0.04177244786666767,0.009231158720098165,0.08558668755174992,-0.03201735840875708,-0.0318962915056753,0.0073732351366992965,0.04672179742223381,0.02133770087852227,0.09216257305430453,0.03295021264420406,-0.023937327261262187,0.055948453836571765
2016-05-01,0.0693141772456185,0.03114905026716741,0.027817826756629138,0.008544517858717349,0.09150028993280612,-0.022529338065729654,0.05739435937498172,0.01567337354414544,0.020883846681186924,-0.06938851374170074,-0.007217553515437736,-0.08168396553235269,0.0043114912328166,0.09926008014918253,-0.0011003199440766664,-0.021876022685164642,-0.03991058417262039,0.003424141294092742,-0.015367665988315515,0.09657682839917214,-0.014569895352448459,-0.23391592967449704,-0.017054988972747154,0.05626399284197303,-0.02452805825467319,-0.00814305831699702,0.00133640074706598,0.012542279061731776,0.03222819817402245,-0.004474399738490842,-0.06689087240230052,1.3921709385300574e-05,0.05265384315706889,-0.03565043673435486,0.010406486825617733,0.02556371864106577,0.01139078632852275,0.06784219308881889,0.028704165787041713,-0.07602334126273291,0.13040251241108924,-0.06519465673253988,0.2763879788271933,-0.01753799055512495,0.0679742775614387,0.011417415450948987,0.04562876473775157,0.035709305928739,-0.030370517965438104,0.01594467017506318,-0.045154033928643145,-0.002069882019822611,-0.009830419298116233,0.008464931441892976,-0.07559796752578984,0.014999648983136105,-0.028816329014243358,0.022326171547306206,0.06412075641196058,0.01535803462730101
2016-06-01,-0.04359655843565813,-0.016341424260718274,0.07955501175859903,0.07634783083617247,-0.00996946389727782,0.0020951719381665512,0.009864979368505722,-0.1050590165371097,-0.05408113428423267,0.044505811075152835,0.038860342056814545,-0.0043484561555633405,0.05409862463445503,-0.05273417228196209,0.037219462628141464,-0.007832577857119993,-0.014210612844465231,0.09224931365258726,0.025004197880619472,0.06866547213099494,0.0591984496727922,0.00540096961318115,0.048064696306086674,-0.06242814991909906,-0.07079447171056064,-0.034105099067884836,0.021638999278245308,0.07362618200585658,-0.04914264727846174,0.023874376269318542,0.02957506505951457,0.04839031231933433,-0.012052681448629698,-0.0068682049905461895,-0.03887390765195686,0.03184240463067889,-0.05212030625712272,-0.03513839238328975,0.08211509213210588,0.1888728502906134,-0.11442514604331988,0.00255495627518032,0.006188178898630187,0.0535412238109334,0.014590441668166143,0.043818638792169295,0.03982061001804604,0.014854859625860861,0.019396940299371224,0.00882438454506751,0.03578690594577694,0.08134892657824544,0.09298918522425481,0.0986713533218917,-0.05029643987714616,0.05934665196548039,0.035701174337331665,-0.06917588526901985,0.031156960448834425,0.0516642210877416
2016-07-01,0.08623529614937153,0.07619223774636108,-0.01133496457485128,0.018833956893553605,0.058602122891649344,0.050652467649445754,0.04147015355806527,0.0879526769054002,0.06695666882125906,0.09730163559619687,0.02190820179836095,-0.059919042724171145,0.0628099316479176,0.02965306862880901,-0.022672241315307318,-0.041959170294634696,-0.012063884246777512,-0.002334201844239381,-0.018858807255091037,-0.03907978218119634,0.024987985267824087,0.15132533394550052,-0.01085940164108834,0.11761727169174385,0.06658472776593172,0.07938571883338419,8.589109468282174e-05,0.03188530390313282,0.03677892430264107,-0.038223859042157304,0.03625934012259613,0.05123587051671041,0.042825212173946525,-0.022606865303763435,0.08114603202445902,0.018062010542955864,0.10748044985197236,0.1022676872314956,-0.016313345413312863,0.11755562065411373,-0.002517350838106225,0.0054198316597604546,0.19444388039128643,0.027740623027432854,0.0466104093890336,0.018612522446943558,0.10538065862641988,-0.06744585842177386,0.04853469410461475,0.02042508490631345,0.01804557943281715,-0.002426816041249946,0.045689660753144956,0.016618633742580435,0.10078533366810616,0.014064781011063232,0.06435961168264548,0.013431677134483788,-0.000684943993458198,-0.052451147055118774
2016-08-01,0.023376649419513562,-0.03268917334497168,-0.06240720740231209,-0.020860704559575005,0.013547641801426202,0.040655626132040545,0.08539494611126086,0.11248500567268005,0.02386210328737981,-0.00983518324264221,-0.0012102289832371937,0.005618799656745388,-0.028474251003744122,-0.02952709207210713,-0.008232667157308526,0.08435922059493439,-0.015650797737006172,-0.06165816467311336,0.0798352792592496,-0.0065928014699236925,-0.0831060718735479,-0.2306951603261007,0.0032061946933454877,-0.0018845522236725643,0.06881120309637812,-0.025141206010565575,0.008393543891042299,-0.04152664841692033,0.05371314627060242,-0.004594842010705591,0.046114315204325074,-0.057664186282749164,-0.07205344862650342,-0.009317818793769916,0.017436281850033986,0.06803800546366112,0.10966739782017854,0.01988126805771051,-0.0519865452676882,-0.14030757261921734,0.06573642174741634,0.037833830673109414,0.07346925857465364,-0.013075494470482951,-0.050044993869100995,0.01989633886042519,-0.02565199535378948,-0.06475043730766394,-0.0053330793995227666,-0.05204369546960308,-0.019057501100971486,-0.03075987194809482,-0.04460885060801001,-0.05728088112216945,-0.10205809086190465,-0.051219600581945635,0.03210231529397056,0.0653188469014645,-0.01436842953428652,-0.012066650931105372
2016-09-01,0.06344786822029702,-0.01619911549787245,-0.005590973331323301,0.004456356203879075,0.08489539077749786,-0.0345172231987485,-0.019343174669754326,-0.030829503255058288,-0.028155011648089534,0.0799395684790376,-0.002693530263561783,0.057280094479225774,-0.0609218817920274,-0.10743317974875399,0.022998612056678525,0.016668102083287728,-0.01708332011005087,0.0047586038460165625,0.08882741681168493,-0.023049854483816468,-0.021103706298895908,0.053913771749308115,-0.045475230663577726,0.017830714951755144,-0.04953699196205452,-0.04140636066140768,-0.001028762054422927,-0.010191097560800166,-0.013573062783958978,-0.017753800195674962,-0.0038699798172006084,0.03177311245672332,-0.05849610159221719,-0.0025971858913216295,0.016903602326161504,0.0012357098320534554,0.0,0.002433373400837713,0.011345797121725898,0.0277074783621023,0.011224572938820288,-0.08777074628275017,0.11069359152226194,0.01874607348148949,-0.027087647869400655,0.0275631760262538,0.016252824110720265,0.004690195631318339,-0.04644380707513163,-0.025163609365170814,0.0017851285630374747,-0.0005844994801638137,-0.040054164593286146,-0.0066265449451283764,-0.038366371712066805,0.03322689171579185,0.020719672833133806,-0.13736363588059408,0.009473465694883831,0.001605092564437527
2016-10-01,0.004325273830389165,-0.11365195596186783,0.009763349663303611,0.033492885303719966,-0.05838930582998492,-0.03521307324299627,-0.013069004304744336,0.0528897134290407,-0.06032828738739049,-0.05289279136095626,-0.03276392861537314,0.005307412977028303,-0.030896414756869106,0.052302227955058456,0.01762456781613686,0.033979715397072674,-0.001832547391528827,-0.00024993761439118245,-0.06550571333166744,-0.008278007801711063,0.023160184395656813,0.029040090580114697,-0.017711496945823413,0.007236960160858619,0.1000512510445537,-0.053225549805040906,-0.05578241562743447,-0.018281851548491268,0.04655631117032222,0.001888588748763187,-0.03169792214712519,-0.08337074502892428,-0.0752058451022215,-0.024482385172984955,0.020983487509582233,-0.060945163014762826,0.051995562901443027,0.03948789634077032,0.04538963876110991,-0.05897160735705942,0.23670924624842193,-0.04804979877170368,0.037805018958524506,-0.014539546047550367,-0.0658977459654051,-0.02573041546501198,-0.026113249797925953,-0.04313238070841763,0.005887807377275234,-0.122102335061955,-0.005227271848162296,0.0052492329760776,-0.10723577026730702,-0.08273215192402761,-0.03136458335664605,0.0094550542026548,-0.10077959372677014,0.03832592102040078,-0.02955019481744836,-0.046432378547192954
2016-11-01,-0.021837891798371256,0.08617438068122096,-0.08416450396989816,-0.13618036399607103,-0.05097219268587416,0.07950110155145662,0.0012324232045290984,0.25056307802227584,0.08305018569203604,0.1353869146428659,-0.08981788392049284,0.1103651807975723,0.018107903854822638,-0.042953189314571816,0.07294739703009423,0.12642803116290402,0.06707062501911043,-0.07000000582698274,0.12559302074900014,-0.04782992963795252,-0.036904084272868065,0.31698906533540994,0.055476906815482785,-0.042912937578259314,0.21035858999316748,0.06410097264832526,0.04400100602984569,-0.0343882131432105,0.14628201948031982,-0.041138097416406616,0.027302184476112323,-0.08889132651259235,0.05686658414773582,0.06556078006606914,-0.10088337682000237,0.04120346365887517,0.20868145990837705,0.012391074324386686,-0.10617871819380653,-0.13260596631033783,-0.06509931490162835,-0.002194286673645518,0.2605256436432105,-0.06115574356753317,0.023393236406029416,-0.05129336618695035,-0.0244526633315858,-0.020897958051011578,0.058751603516602025,0.09596307933137105,0.07175844619025185,-0.0849989854754658,-0.02544413043010163,0.0488027858085065,-0.04304126693766808,0.11749497769765505,0.1449451147601879,0.14821950754351487,0.0058383488820212825,0.055477392601390285
2016-12-01,0.04684096636118751,0.029495155715884458,0.06411500513893653,0.038255119169642526,-0.0009330556436863979,0.0015032028534855968,0.04187333372156932,0.0453569447545652,0.0320029868881333,-0.02995440668737359,0.0032141318042331335,0.032843070092951177,0.06449258069590602,-0.0504163698975697,0.05357648503540524,0.03374082295245007,0.057850148812443436,0.050873090070985505,-0.013947764993481826,0.05359185809728739,0.08770341177893126,-0.1516564698438425,0.03443951281689639,0.021131504556968217,0.08794978668708531,0.035528653428663404,0.01662430837989426,0.03452788686185215,0.07356403858471072,0.027137363615340693,-0.019900433989635147,0.09148339180932208,0.00804699894652483,0.020333713930799746,-0.028870846115246707,-0.031008158781978157,0.021290246924118073,0.03072134862896636,0.04476700469653805,0.05051937818865593,0.05649345099888059,0.018666246270505393,0.14643562489806472,0.04426008805095005,0.010523412791917153,0.019455441560046083,0.04460604594964046,0.07481152438590755,0.017484798646954847,0.0002604465438444947,0.0047088159667838525,0.04937956381632702,-0.011082635297979593,0.09618076919245944,0.12066517805981913,0.010805426584931332,0.02292670780426498,0.04054979906677403,-0.011643245283964543,0.03334400412679539
2017-01-01,0.04664166333760589,-0.014369873946418643,0.01732062258687561,-0.020843971916823634,0.09363940589128905,-0.028635852988486477,0.12096527172076676,0.02414090403134539,-0.017388857133942892,0.03926366252546565,-0.0074650796569328826,-0.027908637459909347,0.023700878736906184,0.14446313492212504,-0.05546063175718263,0.038178557166585136,0.05986795572916925,0.011782412003634501,0.006338748452964893,0.07430788510997655,0.010928525165590841,0.23295120025110982,-0.06200987993099982,0.03440660883352953,-0.04322621761435208,0.025768545879087057,0.021096676823946225,-0.017159011590479167,-0.01390721301065767,0.0026499210422845643,0.010609856526516914,0.04622925631954278,0.03207511292630194,0.006958742486184555,0.1246261893298648,0.05164175029316187,0.010218156591642824,0.039598110903821926,0.03503944905451384,0.06284886679488544,0.1280336723543436,0.039916359958279024,0.022601898331495174,-0.008156492804211268,-0.023361837372368743,0.04890623767334468,-0.07756734604182469,-0.03877330391424483,0.0004559072163026201,0.12265816454327805,-0.002863016151215092,0.00486719013156689,0.03375677608959293,0.006590325678361708,0.16462491563225434,0.012789841495560061,0.027586937882733586,0.021896459498409016,-0.03504014475937289,-0.07318809975237972
2017-02-01,0.12555536004022905,0.011874706798247647,0.05369629625192651,0.10353274695877257,0.02584467996018569,0.005067195686034864,0.05571167680094291,0.08627454171952165,0.03540966946311297,0.010399245264374635,0.12228072176488425,-0.019373771555472263,0.08029446312384447,0.02804789900553928,0.019801149587468814,0.02253740893772438,-0.005073984873241066,0.06081256458307527,-0.04623856897512901,-0.018044527494672558,0.032279671662522436,-0.21715547514406852,0.011641341831736263,0.029717671383664435,0.0811625493679129,0.051907558405733134,0.05625972956707859,0.08273829703492375,0.06838663669879441,0.009337970994065081,0.002276991903224612,0.07906079848774805,0.017498154262288068,0.047943337950659526,0.039273845453193346,0.060710214834312826,0.07217261319492208,-0.004373442653886173,0.06481602813061826,-0.05787162837644111,0.010041110836870093,0.07745103795132069,-0.07187510681488596,0.061655310277086706,0.08275712120809908,0.038847361551898274,0.044051161525496596,0.05633614757599137,0.03185507569720514,0.018173291062615782,-0.034737694741995284,0.03938246712519344,0.013084905187499274,-0.008814858694884187,-0.007730363605630508,0.020032035191043462,0.018366115266284844,0.033913329987025786,0.06088919161879591,-0.022011599884079303
2017-03-01,0.04754150991610784,0.05229560575704495,0.0023861555842366045,0.05713890548049605,0.04794230067361793,-0.030603821987583046,0.04188747138728788,-0.0421267024468861,-0.003942480708708729,-0.04118412196237742,0.002873034044638345,0.047217606945501256,-0.05504942249160738,0.01391643316196678,-0.0466725276818476,-0.00021680162800397085,0.02953509463677051,-0.006562709703777259,0.005756928982950882,0.06261412496879615,-0.020085713381390313,-0.0029895322398356683,-0.00033584102721118114,0.0033909726957994657,-0.0768095953076795,0.01922954752036965,0.00296733988529585,0.018966453405448114,-0.031158131756768626,0.020161917929703232,0.005729270955837862,0.015577055411532648,0.10022434897780119,0.015237868517518294,0.04691215566737217,-0.028823212217695904,-0.06396910586659299,0.02896085537391624,-0.020280682494772773,-0.03658378055069322,0.039185521829177006,-0.02222492495372741,0.07084389017587922,0.02016450207175513,0.002634429136483263,-0.013486566592881388,0.025074503702360307,-0.029183916203114002,-0.0030256930642984514,0.005333301809019808,-0.02852645367006268,-0.020676682539612745,-0.06943843730806076,-0.005759367240261604,0.10727872675465688,-0.004598035396801592,-0.018891918094047888,-0.039110383436169904,0.023409304682001864,0.008448850564343857
2017-04-01,-6.964591834091038e-05,0.021798715122007817,0.010373543736733826,0.04065204429915337,0.0424566943951854,0.03778747461583798,0.008413879128611246,-0.010653663858674278,0.0027603859743550174,0.10577503886370643,-0.010443954903314179,-0.04009585603478083,0.05696631470534452,0.04306451256481125,-0.0062597798531154325,0.02494832613035758,0.019302678188030775,0.005957065507842252,-0.051450418204906256,0.04237454094868287,-0.03824316379955883,-0.046733976996709004,-0.027557399242430947,0.0866300986401276,-0.026108178563802653,0.06122196268334079,0.048992281108093394,-0.00870914389311217,-0.003879909515585034,0.016591211054477473,0.05239740747213517,-0.02467467524464162,0.03616346559837069,0.07661250773682937,0.05612166730623702,-0.019226922866384832,0.01681321749951703,0.03871859028833757,0.03963389552579377,0.02546198679260625,0.029267788457282506,-0.005758607221263201,-0.043434282797632284,0.012614435246678823,-0.00851331353155027,-0.020819645815013388,0.04761491049909505,-0.0445100853297955,0.05866762426345762,0.07598998078406805,-0.07316268479052468,0.0004015062417597193,-0.04014867484318785,-0.03155868819094376,0.12091621209126568,0.06417302204421116,0.05545783135369664,-0.03324503496767095,0.04210859143640544,-0.004399317114679224
2017-05-01,0.06560693301649145,0.0012124378223852261,0.06526326641205316,0.04084109727835905,0.07257780183248297,0.025021991384938325,0.08116718759893127,-0.03738276566815424,0.06217598328424501,0.030528595697730587,0.058237570292331675,-0.06399270454530903,0.05877975084208398,0.04006004657239082,-0.02052157249940123,0.09277376304831364,-0.06856030095249821,0.04816063520416325,-0.023960725867687493,0.0590013868139998,0.057136238242452286,-0.1040540836993471,-0.05713790936906804,0.06548643420145606,-0.05430254288601333,-0.010969488429806162,0.01905857730990057,0.044593076653434593,-0.05736094871976505,0.05237047440196596,0.05684244578979758,-0.02437753001624543,-0.07470641608738138,0.07540832273691045,0.00802106547270931,0.043635281906417855,-0.0383079766869443,0.025672767122041584,0.06436357884183064,0.010005656974640065,0.06898404484355014,-0.04465679988984084,0.32602226502521925,0.03804457857930732,-0.028527246519411964,0.008665156958548081,0.020555126736325757,0.02811396112068909,0.024513739334629747,-0.006206712547916382,-0.03504732242789066,0.027832690373104985,-0.05777065774287671,-0.028149312723986242,0.08229589159683126,0.001713734514391163,-0.009407451462987382,-0.044458126561929934,0.05115613966386512,-0.004785434630583563
2017-06-01,-0.05891566003485238,0.09376697481108165,-0.03271093952205284,0.013492946980769638,-0.027128615611279994,-0.0003851881626726339,-0.022967274071395316,0.07932162150494326,0.03780225508085433,0.019071698204933263,-0.029638633402473857,-0.016469609039782007,-0.12060673991838744,-0.034501869157707254,0.008180710897474519,0.014115190539506273,-0.015780733180556616,-0.02469541052700741,0.0023224328125861504,-0.027237463785898974,-0.006631781523042779,0.04426253565782723,-0.0052053512609644415,-0.05992081874805466,0.049137429413068645,-0.0007167464578987648,0.002253165817247549,0.03101443013796601,0.10669845404769074,-0.005533358367739716,0.007748152210719006,0.03373396358368019,-0.015867000335095582,0.021181204709531443,-0.003174242624929491,-0.00846396476066369,0.06537679049850365,-0.013115634104350349,-0.009304978887420212,-0.05143385594364247,-0.08748530397401133,0.11083679667012447,0.00145382782390846,-0.011878271600325618,0.028383803753391668,-0.01072834057822547,0.06204528304170731,-0.022499508546177438,0.006820528257253322,0.05623030000388596,-0.05539330549261967,-0.05545133128361357,0.04753899123964089,-0.020981673673232226,0.05865446774083338,0.06093064348806454,-0.012682197128350836,0.08019330189560359,-0.037857580420536774,0.0028527571534229246
2017-07-01,0.032180372801423385,-0.027567281153984435,0.015284805213826136,0.02985505963086421,0.020227880849180924,-0.006380961431354137,0.05675768308918805,-0.00578748493883996,0.009705939836353927,0.06583316662992367,-0.020827149388876087,0.03765919275019458,-0.008918860342296497,0.04735951998317578,0.04553056521462118,0.03724568401167705,0.04146057898956279,0.018138077032046063,0.051635827884140006,0.04903830991560287,0.061032092983926756,0.19665080108414346,-0.0532241876238464,0.01687349770347435,0.01533905277229497,-0.025083292210752894,0.0210097383754837,0.0032456029257899033,0.009852457341941623,0.021833645271909674,-0.01819542214436698,0.004364569317063527,0.003889879351954839,0.012845174838338025,0.114229371920743,-0.0032817520957904023,0.05649043965144118,0.05325034753454272,0.04165211967925586,0.13765209954973034,0.19544262439148374,0.0008472276444195792,0.11704463210210503,0.009651016443033456,-0.012883870695533872,0.0490638041430449,0.03633716022934541,-0.014296353115761384,-0.029418996530545805,-0.03978838492057424,0.04106511950136449,0.001043612112881842,-0.020359065112190322,0.05027129762633775,-0.11145985950808379,0.03388198857079683,-0.05618134559879717,-0.026887890670392878,0.05538762480327897,-0.008583796467099614
2017-08-01,0.1016532539709667,0.07427152674196069,0.05117156902431441,0.08247184270842389,-0.007295395332113763,0.022399011944605363,0.021696011891422007,-0.004479411918902887,-0.011762703684749631,0.030593500711427524,-0.007786737491296769,-0.038418850008591576,-0.008036848183271772,0.05036212289202524,-0.004485736101211835,-0.10122877444165468,-0.08274496375293339,0.03558414962362377,-0.1128157181898155,0.042929753718839336,-0.003605327078960663,0.01088429440251737,-0.042271019466533666,0.010248806331049298,-0.003671788567773504,0.007699158566417452,0.02052232417484845,0.003700303485103973,-0.009962229879500129,-0.006346767977903678,0.010546441934283557,-0.010354586789745213,-0.046409511024838146,0.03657374057496554,0.015943297158128367,-0.00031319678694075037,-0.030305331723744278,0.033388705681844044,0.036344833173368674,0.030991864329595664,-0.03900933331821799,-0.10825329422555363,0.04263991226620001,-0.0006016063601057553,0.032380799006810346,0.015839669961177805,0.041078434719104884,-0.0011193694197650927,0.015706651333022847,0.008471367325105561,-0.07709526598331307,0.018771446915248013,0.0008248501701491051,-0.040287736083916226,0.09554344588839525,0.03629653186355242,0.02827654365070309,-0.04743710365045706,-0.018025626308684206,-0.03781397464754699
2017-09-01,-0.06213486281253022,0.16558199547906627,-0.04713442231515863,-0.07499743499693867,-0.019826035480569715,0.03945400308819291,-0.034460953863209465,0.05892443181957274,0.06486510456793937,0.05963782753798785,0.016749023242513594,0.13658961121172375,0.04704519775457516,-0.021916083188376234,0.08783179151752574,0.08491351303405636,-0.02633182241083265,-0.039486562002313264,0.12949305992587146,-0.04835232207325024,-0.0052952303589473,-0.051364447183149586,-0.00524402853774486,0.019161081658114032,0.05837696169050233,0.08741143927042305,0.024786123545739613,-0.0179897768856625,0.04958076474364681,-0.004000434883113968,0.06647052435437306,0.050961093192752216,0.07869895160636364,-0.02078098593047617,-0.006417094560401182,0.009865423584944022,0.05702407264070519,-0.0037517917343148355,-0.0266626058322057,-0.01992890031090555,0.03730138343492184,-0.018345868048496694,0.0536006159600253,-0.037863214218123,0.051145985088653756,-0.01407943902869313,0.008339008906940837,0.05067855761814588,-0.03087585977042462,0.053848751671782935,0.10176761085119157,0.01807030473742044,0.026176564990911366,0.04463728556843494,-0.04247414424022322,-0.011664918933503188,0.09651809137017064,0.07685961395748375,0.0008961714902446793,0.07140893689895789
2017-10-01,0.0924036554517329,0.022473303976134673,0.05767210670354794,0.049876703212190066,0.13951540557433262,0.05908453732611019,0.08444163388391246,0.07779339856283185,0.05173711751424648,0.09113879511760281,-0.02801525278256367,0.02707511652743433,-0.019732127727889903,0.09119514247419236,-0.013797003623941428,0.056423747034861194,-0.007740079528335109,0.05098937426345351,0.033582677779049774,0.03781479978059643,0.0652516150993323,-0.004282690530571287,-0.1818252257855919,0.05913745898887335,0.02205737298615773,0.013481731586558965,0.016929416613383097,0.06980822219800764,0.05784919356826812,0.021321844087582864,0.04464506344853447,-0.042996933816327854,0.00523667789554505,0.06324903030769935,0.05238709985296541,-0.15038352257311782,0.04218542488632382,0.11034210566075497,0.05650975062190211,-0.03665369545879971,0.07987723752974851,0.05879660247525775,0.1457007744882144,-0.010827699317041528,-0.018089757422403707,-0.04488134875187999,0.0174951927788336,-0.03200361021946119,0.031210486466588527,0.09862042107689373,-0.08617784129840445,0.06040909951481099,-0.0359144557876796,-0.13534157713094608,-0.028457408538517637,0.07080544727195193,-0.0015534398862504517,0.017791546854287077,0.110963036062802,0.016573446595745445
2017-11-01,0.02007538837213385,0.07130222567147992,0.050607476823529396,0.0018077678455812318,0.06265773180120338,0.022390811216328466,0.051797286474796866,0.03233217289849133,0.06248826534346197,0.038640054904043986,0.02799326434068128,-0.005293063039507828,0.13833157323190548,0.019162641274633074,0.03571547178492107,0.12025513244330277,0.06921774582600815,0.01967789928925523,0.02423565899040714,0.006273478070495386,0.04444845281580179,-0.004301035000181752,-0.09734589866537213,0.003025315057932243,0.02419480973763033,0.0863480446603404,0.08377872531967867,0.005530920283649543,0.038126743620571446,0.0035877948069993337,0.05200424310640095,0.038715099517136586,0.04188721216217406,0.03580911518516139,-0.016123907998191633,0.003261942674432916,0.03169218415743247,0.016840935901569765,0.02528419869042997,0.022693843254904866,-0.04610072571015822,0.09416863530591835,-0.029245079046314126,0.06240782709985648,0.04275048277129123,0.04140541839141587,0.025228701823059918,0.02792948805729356,0.019984714481631194,0.012952930963583853,-0.018132203717469153,-0.008113313275481815,0.05209256887141045,0.07800594143309603,-0.07086254126823333,0.08530713642647125,0.09407749434251489,0.01282374621364113,0.10761443040228302,0.008492370304687746
2017-12-01,-0.015363578631328867,-0.0021685516312741626,-0.053716790567607475,-0.0038127576544964015,-0.006205784511648105,0.012145717283520874,-0.07211125991730283,0.04681045116326965,0.02967412542460668,0.1101103729384203,0.04057368630778768,0.07586180197440928,0.009121408324452851,-0.020238012919056025,0.050793364256493945,0.047208782734653454,0.03335157984698256,-0.05853126344955406,0.053192303668181395,-0.024562336596591017,-0.05672147513399706,0.309004945662831,-0.04013434915992864,0.01649172347558725,0.028345862936255628,0.052590962430482335,-0.016811614003335862,0.002794829856134662,0.022889535172685882,0.0023999753045895744,0.010086497769878022,-0.0021290711950232577,0.10866594427599185,0.0008719739700602247,-0.0040718417502789706,0.02640169313953633,0.016526467042253135,0.016145776619146623,-0.011774908727530065,0.01632192556801737,0.023081582306466952,0.0379618260286998,-0.03658354356979876,0.028761752728958534,-0.0011040071012051733,0.02078483462308167,-0.019615143586019457,-0.01002816862936573,0.0491623599185429,0.0262414284341439,0.07751596370486613,-0.06266530621762012,0.05992995928766209,0.06646105406096892,0.008061928486749803,-0.034374767258947614,0.05834359651935461,0.07173932592582499,0.020768626541476376,0.004193032284388387
2018-01-01,-0.010693417525745375,0.15589171518392586,-0.06732428562454063,0.03464891472644549,0.2156265496506098,0.025810345134538615,-0.03513692519628897,0.08066778387962792,0.0894869287333524,0.03709698811583717,-0.010991990379278782,0.06898079455999939,0.04594118659565272,0.10818350785741604,0.0012771827071889064,0.06139483192109996,0.010731780700706572,-0.06902719001935864,0.06508811993507724,0.004337289142423373,-0.02310150917154985,0.028082988285377475,-0.07618184726490007,0.11537100041731119,0.05025429669049419,0.058260127275739926,0.0403211486480064,-0.011010448368202752,0.08366930107919845,0.036593604759422416,0.04308481674281506,-0.03628860667325995,0.12326639803665529,-0.005709916948857696,0.057425716906418955,0.05160413832839339,0.07924460430971347,0.10499792840517053,0.014176313954274988,0.07667466807639034,0.34224550620952243,0.08677141005426758,0.23924089566242213,0.0031636422322742774,0.022386976637020606,-0.05459587359283713,0.009258120515651669,-0.06544464887940471,0.07866062289113707,0.017095391754432754,0.08787626336965104,-0.06397039502635948,-0.04996435934501342,-0.020014768957573814,0.12925457121144968,0.07141509352558373,-0.004484623631176632,0.08086674617982004,0.07649208990099954,0.04282881856154219
2018-02-01,0.06596055172220705,0.0316623212391276,-0.03797582840234259,-0.05833743501416855,0.04155362786921302,-0.04606473653642684,-0.00634992404604473,0.0031200444089454216,-0.02226466055516685,-0.05136473424510424,-0.07363162585307403,-0.07423612327509899,-0.017910282987904758,0.02033434719745042,-0.10341998122110585,-0.03391818210787889,-0.052034561290338566,-0.029226337317252327,-0.1256619135667636,-0.1433414200179417,-0.02955382411359908,-0.047252804468394416,-0.1280319280313087,-0.06852659288511553,-0.015885264836346558,-0.0973184735595467,-0.05025358265448787,-0.055635632103348875,-0.0014709004996582564,-0.09631913141626436,-0.07547574300897164,-0.04850942125850821,-0.1561416784854046,-0.07522735243751288,-0.04694040929190901,-0.08871622427289605,-0.00941643474803966,-0.008450809840996776,-0.03325369396988709,-0.058713530353611265,0.07509579529790056,-0.017597351264670102,-0.014959259459704777,-0.09196578095305163,-0.010683438715111127,-0.09493966650793606,-0.07046447446961368,-0.006765490844744981,-0.018438967227907277,-0.03578512170330672,-0.10715554541909089,-0.03340794236479816,-0.049737441417785355,-0.031188965104553823,-0.03226687738576306,-0.045888697707342274,-0.01937192845494895,-0.11288238143893281,-0.16916294522210595,-0.131870303297156
2018-03-01,-0.05980340095000036,-0.20193747480601854,0.044876022137136484,0.042230471797016556,-0.04400347599222609,-0.004028144051670957,-0.030305539755235422,-0.06424650583887814,-0.008836225325600466,-0.04802058059335934,0.03853992818570262,0.08773207749178402,-0.013023247568923146,0.00043007194772570756,0.0187651023917077,-0.03115750936606343,-0.026720600743450618,0.027880115613124534,0.03725775997836589,0.0642992566918359,0.051819578497760865,-0.0569688275944249,-0.04567688498858935,-0.06240059514706342,-0.04301451685036106,-0.016671091521864412,-0.04465905044970775,-0.01340977804102117,-0.04906276907130991,0.01363564026998798,-0.031657014772445535,0.004534015319483942,-0.020752092200506667,-0.008659297879970218,-0.10971926298034074,0.013307430603455739,-0.03746580984428238,-0.027022939371483368,0.07090598139400006,0.026129801551203258,0.013532814603511412,-0.005821142747953978,-0.043969151179647614,0.0020636592211973337,-0.022842040233158833,0.00963272120799985,0.044965248914258016,0.040222206208572864,-0.0684943588612299,-0.023838804259778357,-0.013188282585250288,0.03648412387983502,0.005456857754158051,-0.018068393074495148,-0.25392040798308324,-0.05196149018507068,0.03158780162371766,-0.10838974418393033,-0.005677452364453828,-0.01503179378759567
2018-04-01,-0.015133556743177401,0.030179975212568877,0.020062857837868098,-0.05852584649043013,0.0788803060125387,0.020292136674115113,-0.026793287298017443,-0.002336894936219469,-0.038039796159596406,-0.01568168218596,-0.08844856861591,0.09960947675847809,0.045288882582202206,0.03953474357585307,0.09264384827816041,-0.13777190692065755,-0.0010957225122183445,0.03413352752100973,0.11727986815657854,0.006317630680343633,0.017029164584300815,-0.14145494288654392,0.042837799313932834,-0.01805731621208917,-0.055217076404622034,0.0361429933324926,0.0011753845780599903,-0.013037953902363064,-0.005822029186115962,-0.00507837370087616,0.05540146650355293,0.04671381604095437,-0.05766977086174041,0.06833635487056267,0.07363404726333478,0.0776812381790184,-0.03953310979075164,0.02435344768113712,0.003544578965842149,0.005614987062033006,0.056315381675385634,0.028927727663591973,-0.02931284507302423,-0.07819689901339455,0.031070471077239592,-0.08239768992121466,0.03002625335421838,0.006912084065382906,-0.04611172327792623,-0.06440926128538216,0.05671229406139755,0.032167953362531865,0.012810341713601403,-0.06761949135486445,0.09925457632657242,0.09954948451855739,-0.005968595897428486,-0.00862288645072562,-0.005748536979123475,0.041223796505628574
2018-05-01,0.12674178896892352,0.024452127582963,-0.0201754369162499,0.0146323444851717,0.03973924300150333,-0.005437565442147019,0.09415235312494774,-0.025775529886084225,0.02411724824955286,0.05097819208221832,-0.03335722208863645,0.032565274018919954,0.008374713903572584,0.06665942985671247,0.0021869269738719055,0.09964744700854755,-0.008608737102099973,-0.026368453130429792,-0.0030516188379081655,-0.05269322766753515,0.05071764026884429,0.10536046025275958,0.0007106318806062717,0.07690072330536335,-0.050122278658347064,0.015008179968641677,0.027141839959867298,-0.04845409112262722,-0.01640508395403728,-0.004871585829490321,0.024225157761685878,0.05468083392034817,0.1420329487351486,-0.04538885092168421,0.10885435755707373,0.011148771411443992,-0.02908997261842572,0.05965194289675768,0.011525381057998274,-0.009204944046433017,0.11801769120891858,0.04865814332516383,0.115145130200899,0.002295516957227406,-0.009034533440162917,0.011408436610290451,-0.008664903299554716,0.04865352055813332,0.04375756265379227,0.03329573788009288,0.0016031723716625201,-0.012957915991270053,0.037204208297191954,-0.011688855415560084,-0.03169813890941864,0.02138565981872098,0.07117038649566965,0.0458254671818521,-0.06298727674571314,0.0539946608760995
2018-06-01,-0.009463136575020403,-0.06568469385469644,0.018951377027434102,0.04663482267358887,0.04216367868442106,-0.028748663196795476,-0.02480698016764782,-0.029706994106143636,-0.06273611716293548,-0.113063075097946,0.026897675902437523,0.03255491542098854,0.05276002201346319,0.05322431596284538,0.016990776484584025,-0.0621877393145267,0.05229307158559582,0.024578758575655613,0.054670514417445304,0.07997103564561492,0.02881481378804729,0.021078055492534276,-0.025114127767571937,0.02619035443415374,-0.023788866139069498,0.044813058476606216,-0.026443806112935064,0.014276486405171873,-0.02661019892600791,0.028668901560235494,0.01720855078095429,0.0034044941916659965,0.005876446802207447,-0.014634971320066192,0.013157532705523778,0.027161979031987915,-0.05619690865667959,-0.0023297470099175044,0.014160461838590876,-0.02820173294109818,0.10731257824578,0.10692310216896317,-0.06254466595876318,0.08248758077942142,0.00969387586866155,0.06469201247513467,0.027963684728898652,0.07777647883348315,0.0016811098511899658,0.07201742367228192,-0.016906724540111995,0.030919880089027796,0.06036750241547306,-0.006518874160474475,0.18604325706280633,0.019264867242044126,-0.007593700945283999,0.02650245999817269,0.03698608230423872,0.01817419411712695
2018-07-01,0.02759899469003191,0.005617794449114477,0.026926440372328386,0.027839520149785635,0.04466357344691918,0.05277875737303894,-0.08993839974321327,0.09114138649692771,0.007426592253183983,0.06431093018951195,0.03980287694875839,0.04007038197506052,0.04550835643287243,0.005483460689339914,-0.001266235404775884,0.03507161383370949,0.08818830508747588,0.03161433411848069,0.037073838369609646,0.02160744861701236,-0.0023503034402705403,-0.042155036583026995,0.0014686644999244436,0.08325098394969199,0.07365762426909139,0.012327369497211471,0.10282355329725679,0.08813725358563573,0.1036046450677679,0.06124173859009918,0.05743930044658008,0.1466725140295333,0.04344551691953846,0.005410186770535397,-0.11864564748833129,0.08173934475142941,0.07043238520913597,0.07302107897800258,0.0030486388364292516,-0.027693503100076455,-0.14838942018012036,-0.03538295031433325,0.033048591701992924,0.05477771105552165,0.09586121604428488,0.0445239648818454,-0.001066266856584619,-0.0406178443773193,0.08218812646843432,0.07821958779152194,0.007283586573138656,0.048265627370067676,0.03476097647647158,0.01609575909061345,-0.1400214911568849,0.03161400503785394,0.05633034779346957,0.03282475559596243,0.04094815151095954,-0.01485667220099085
2018-08-01,0.18267339593972265,0.03985442205900114,0.017038573765306708,0.005918618028582401,0.12430790789067281,0.01283085424184005,-0.012432030064995825,0.0016181428111465834,-0.04828699982931273,-0.035029497350241634,-0.008993739693977432,0.017308534610213755,0.0663287853740746,0.10726917723302787,-0.05430560583802535,-0.00686106431068545,-0.013653968969776109,0.006734449292769895,-0.08671553872018123,-0.001981246452987584,0.036070702249195286,-0.16073835416426308,-0.05195006832199578,0.003725043538037376,0.004905415062845364,0.021433337634754857,0.0011727670859116301,0.022884374391975548,-0.0032240607785123387,-0.04518337546053619,-0.05214078048684456,0.07244402658471216,0.09050339131917795,0.035558931149130224,0.018088066620502552,0.04046370671879318,-0.034815896795544976,0.061088311256787264,0.021693851634116523,-0.1672771345507078,0.08579571745371473,0.06897970864601799,0.13707545573967228,-0.026343886400910677,0.0475265116736292,0.025271194385092066,0.02349536247707995,-0.02439676071249597,-0.024888061497997604,0.03510164838860774,-0.06675265518686313,-0.09173429818840084,0.049328413101752844,-0.000938888238064095,0.011737388660638448,0.05844323732110901,0.010177177633736711,0.027849860390266823,0.07746274047940016,-0.0063144036022571015
2018-09-01,-0.008337273876467322,-0.01469360672381903,-0.011920846348339786,-0.02044751590478988,-0.00483598136528407,0.011108596190206654,0.12656633305987652,-0.043871082822412255,-0.009701293856705817,0.09370507297263941,0.00809822323081022,0.052654163269865606,0.007478486532469297,0.04074850163262678,0.031738485806394934,0.0489500435287642,0.04298363552587148,-0.015131076522598264,0.07603321591930179,-0.007456866600652923,-0.001144605623897288,-0.009295843237445922,-0.1269196050694137,-0.020272346107855554,-0.05875496986651463,0.03128301796738153,0.04511310293248627,0.025508826347550695,-0.0153022822661244,0.044172163215815186,0.015928895218739747,0.015589961574394628,0.054314341367527774,0.030713704537588704,-0.06628123164111255,0.040487695764765075,-0.047388372159911096,0.01799797235055589,-0.014806491069280892,-0.022376141063565225,0.017390245484207423,0.030196627533679354,0.0012106206606252723,0.006360947470741785,0.05960388879883061,0.003369700177281665,0.016165921154111196,-0.043392360654862294,0.05975790093541544,-0.000812779222081339,-0.028161934581111048,-0.004119909037715086,-0.03491384757133531,0.05007125622395536,-0.13043903835866777,-0.005686973354973368,0.07794663730219398,-0.1067293349164955,-0.02055172789286175,0.058736669561728405
2018-10-01,-0.030951840859521518,-0.18402163639736102,0.034390824412993126,0.06983679478469362,-0.2258869988561969,-0.07907068226493852,-0.0989282832822993,-0.06884727082724362,-0.13594366405703617,-0.22231452773234217,-0.11049917338561377,-0.09772235804178564,-0.026969703173388204,-0.1473615574495888,-0.09094480781265801,-0.1043041963193696,-0.01820822405883682,0.03209660446310636,-0.18967567755497328,-0.13363385291633278,0.003429735413159385,-0.17423392041894825,-0.11138230458113041,-0.10149464860459867,0.005026432074452636,-0.16364133304087503,-0.09646411759137585,0.013086362141328856,-0.02746136977980651,0.0359348251895546,0.0290641293438485,0.010475421619050351,-0.1822855753108863,0.05585585921749736,-0.08016969418184328,0.03694642925277769,-0.012884585791628655,-0.06838757606895385,0.02881703381430345,0.023561141108025208,-0.21490502407494994,-0.12133053432850094,-0.2873738984397187,0.005174273838323806,-0.023184790383440568,0.07222404298329099,-0.05021459569871567,0.018865716880975825,-0.11831068715850979,-0.14575365509667826,-0.17167567039427656,0.03227187620393224,0.03758761212019568,-0.07072123537637198,0.24217057587558255,-0.017786084060196217,-0.10759437153560203,0.012666519618233618,0.06562950964780079,-0.06486764276408508
2018-11-01,-0.19991252271368953,0.19137920981972645,0.06694873542954305,0.054212513348065094,0.05607003241721564,0.04137407836636342,0.060421869779068604,0.03220304801437868,0.039531805102418716,0.11179376173026156,0.06453893278574618,-0.05468749806513751,0.01389809043705803,0.03943362269974138,0.07297596034933651,0.13412195172335117,0.0057310997131834185,0.08021641431040116,-0.01945870518224524,0.02299273535463353,0.06476478130220809,0.024587996182267702,-0.2976322333940744,0.017335098971324125,-0.16305313534925325,0.03089521991441213,0.018812743310705926,0.054529088795208125,0.019709404745165138,0.05916958589357746,-0.03957121840199651,0.09491845240428365,-0.008966640513474289,0.06971458075190728,-0.07650764538484722,0.07496146222058098,-0.028208301297965033,0.04179787359459386,0.058268737392508374,0.04490167104464193,-0.05325197500287615,0.004029381671685428,-0.25366707259962684,0.0816431675555851,0.07872159543738988,0.06367143337022707,0.043554299399919394,0.03721218662091896,-0.013545873873283654,0.07696874778853147,-0.12900330439912544,0.06261422027050978,0.022484424782973633,0.018088576557450775,0.03827157970107997,0.07696490224382924,0.05568850458795627,0.02759154915235662,-0.02657687791604335,0.007824637214271846
2018-12-01,-0.12408838974087288,-0.022311336450560937,-0.039354253875782064,-0.03356866087439503,-0.11805148425753487,0.0017585532145165672,0.07913001677283615,-0.13644500688088268,-0.07810809018917819,-0.06548733406251817,-0.06504261073698192,-0.05961432116132137,-0.12693143166996013,-0.04140282652885752,-0.08919984235494471,-0.032370753568554456,-0.044163589652505664,-0.025963831216756716,-0.16941503598065744,-0.08874967363104336,-0.028201418760280816,-0.14677955382274366,0.010664375672985393,-0.06006601978176018,-0.1323559184115064,-0.04828565371408011,-0.10502011750886098,-0.1295522926913586,-0.1301580453169242,-0.06242455392864921,-0.01383544872123732,-0.024920192053862422,-0.021529293200337918,-0.05978629384480616,-0.07010603375069113,-0.03064326937167383,-0.11292329174198601,-0.08779049162586183,-0.044391830312618286,0.07314443021367723,-0.06672873709476379,-0.013131973198419189,-0.20228319088053048,-0.09078552214497382,-0.05742589632328299,-0.027787087429302026,-0.12954018043548876,-0.04282437165288755,-0.13475183552937864,-0.07491953885273883,-0.21228565618916617,-0.07477471309357187,-0.10017415358858184,-0.09039263970245859,-0.05176195216039492,-0.12170040927761328,-0.1066042191016523,-0.1637768517378424,-0.041736313608417674,-0.1534588236412615
2019-01-01,0.05368660907455025,-0.12601616024492213,0.05695007990813039,0.08856960228659982,0.13480803117042495,0.026755424138931616,0.05348339743694375,0.14447999863679106,0.05511992726222115,0.053226018428168764,0.08986838600360247,0.08217471372361462,0.0522181772920991,0.10392108791948473,0.052464652854038896,0.09477957279721938,0.016910600709275414,0.017004407943553623,0.13105259146961323,0.1111299521736111,0.057306060667629666,0.12565276307678053,0.29426546822150623,0.0745951324674401,0.17002440646714678,0.06593074533709586,0.08353022491019946,0.030750203254401143,0.06657738631701005,0.01633926628727478,0.04369901593600645,0.035150915443826314,0.04538613824256821,0.006791156288600497,0.24025169304201288,-0.026254765429900573,0.07178154608264897,0.027768929709128365,0.029253450660863045,-0.015706957121403242,0.23775642316899503,0.09929966583023386,0.07397409321410864,0.019628712013260774,-0.01918046576345267,0.05619157645211725,0.16364202063842948,0.04874072803974805,0.1033205350491162,0.06888816551429944,0.2032120519357954,0.10125373715259833,0.0807614343567824,0.07371204154666433,-0.08062878874993462,0.0812277214700341,0.14042576232527626,0.0686273274248208,0.028364590408082258,0.07198938672922539
2019-02-01,0.04380291797013003,-0.013163876639444183,0.03382820672628384,0.018969494369555306,-0.046993064045204314,0.09724900643301826,0.026160325186387556,0.02629233037836709,0.06559482031732067,0.030908237079375844,0.018231088709644627,0.0068909738981739466,0.021665646115389237,0.07404688836799522,0.05210385825498065,0.00024402668773770841,0.011766890282698839,0.031603369394229475,-0.05384304505726778,0.07795376269540366,0.02477945052295283,0.10277977081270562,0.0616061354861297,0.0005860504513517384,-0.002607211544368049,0.00873394965296459,0.07548513516272592,0.03300993321888157,0.008274858959193665,-0.059716126882594533,0.060866370130466585,0.05766172808850456,0.08880366370911119,0.03425610465223716,-0.03194047004482048,0.0881641561279709,-0.007593860405373132,0.0745114638615334,0.05434052848108495,0.00029304170356114767,0.053338345882564475,0.04594820450020798,0.07159376169114795,0.03409488472331912,0.02098001159951446,0.021332074067970552,0.012929548754373243,-0.004858253982892968,0.068306609546946,0.02990553250890038,0.008111535713111184,0.034449887402652646,0.0058820621372284165,0.034655272031015816,0.0410329808531813,-0.1093157162835281,0.05801728050729782,0.019838825880209576,0.03244310579541354,0.08658078111907708
2019-03-01,0.0926026262593842,0.016893576315281322,0.031536577197985416,0.11217263212542328,0.08244201839051968,0.05869173227120861,0.09695960335636133,-0.05259738216941612,-0.028841435098542867,-0.013561538239617477,0.03973429891422953,-0.01649493705486904,0.10163223823662637,-0.03279589662695859,0.02966100427911922,-0.021123562999998846,-0.016170499562583984,0.0037848095075814214,0.012474951466091788,0.06769172318560113,0.031201832556053688,-0.0007754943538724746,-0.03820064564412373,0.0437155584075386,-0.024236736803468162,0.04322878268306063,0.030994051008584655,0.022791624663716092,-0.030451261242698813,0.04166669298322079,0.02059523797020013,0.02710563442219538,0.04083320380798039,0.032431790675474303,0.03194047004482048,0.029626694891916827,0.005227087678810527,0.051409146554709295,0.029395417892627673,0.0512921417532608,-0.004309836357021535,-0.015319694148393737,0.15187004208609256,0.058037090093010946,-0.020509111618495002,0.054307465986689785,0.033968796460182915,0.038488704118114114,0.02530005544165448,-0.005764370778382322,-0.011183279703484317,0.03926764472735966,0.005779240183374945,0.007682688315997943,-0.13365641271811324,0.024403227334511612,-0.002986192652707942,-0.03197543305799089,-0.009492731492396267,0.02214969195990424
2019-04-01,0.05490109533068965,-0.001830205887021208,0.02126551248905173,-0.00438613241540331,0.07868062242800011,0.07479205061567917,0.05716229372469961,0.10289281409436057,0.1269930774454675,0.03463593425098388,0.0664088182425937,-0.0557668602438417,0.013903134186146637,0.04313047559513983,-0.02565497350296475,0.03558293338753149,0.20996146976796304,0.012367502686170262,0.011190672894618281,0.003392753743346688,0.01622525198611946,-0.042304119008915286,0.01785811303795759,0.018579123608067682,0.07004464232494723,0.059725981414940676,0.08852544244984628,0.010035784492846034,0.14424874547139233,0.045879590286950656,0.02431416123266228,-0.1031707439864622,0.03721632370840311,0.039595467989865796,0.1486246530141644,-0.05511664607325795,0.1402601135054362,0.10196329491282619,0.005776703909445402,-0.11655825907506445,0.038458945185856575,0.04208935338003705,0.007987676733869797,0.04390175931072271,-0.04478352815972109,0.030120187437386647,0.06353922432428227,0.015491622189275134,0.10115419686210281,0.054488580465681835,-0.020638539145678703,0.029363366579751027,-0.047830520833807455,0.008230321903942794,-0.15912380323502662,-0.05910127071491633,0.057185379644498546,0.0018611153033254446,0.05301448011039289,-0.006456728066639883
2019-05-01,-0.13263240561140943,-0.034340658324372164,0.01467479261209892,0.06669611504483974,-0.08187534907886462,-0.010748231088608229,-0.2353089653853031,-0.13943521412788362,-0.15501633134950588,-0.15158379855634685,-0.044526617720910266,-0.06320964212207736,-0.021834977400928324,-0.08807300376289806,-0.043318929438553866,-0.16690039664816148,-0.03665702836657392,-0.051625116818360794,-0.15961422042882933,0.07127556863540896,-0.050665851429326114,-0.23725606986189174,-0.07448656400014908,-0.08025249027141967,-0.11629559901333764,-0.07041399801756221,-0.050316774553688326,-0.0670163024614645,-0.09095969577045349,0.001425866682451371,0.006389715024061715,-0.0038486149997654096,-0.19302061904619539,0.009375962587650832,-0.08595897147878606,0.0063324272559066586,-0.17041366282365633,-0.0507468159646578,0.025506656924461524,0.06331016087478059,-0.07641500928031286,-0.12700182875035804,-0.28868000305109676,-0.0003905941412680747,0.030991130322004512,-0.034102552410873344,-0.03991464566431446,0.07278930417993212,-0.1159521949314577,-0.07835387440585873,-0.207278997538193,0.016782456003198387,-0.057528548922381795,-0.012349514030431052,-0.25394537203555867,0.036771926625952744,-0.05447959537291425,-0.07752223330724295,-0.008408698368616019,-0.1146881149273975
2019-06-01,0.12267733754599952,-0.053415407701918216,0.021708287451613906,-0.016603037755856143,0.06465577665357536,0.11126651412387645,0.1440167105999941,0.09177372434358011,0.12923853529832918,0.12887767005999073,0.02902021916782882,0.03401432854686126,0.09804613553751462,0.0021111469888142054,0.08894157755496934,0.17196890152016042,0.05596279870027754,0.030258439227507594,0.12906351332692,0.03737510468832017,-0.0029157380870437066,0.17871062629149836,0.1073815230470494,-0.021651788093594693,0.11436150183137883,0.09814945058895752,0.06068558320958051,0.06014455087173953,0.053650023439081984,0.04356178294546664,0.10630200616186158,-0.04543623760542914,0.07862340021188885,0.046272419070072957,0.08388867295544866,0.06358368354887745,0.07387937511709097,0.07984377419890265,0.03299971621613107,0.1547305088836799,0.06768694547136134,0.08459959350100732,0.19259143997213046,0.03145394420766845,0.04243917164037514,0.06343872896533576,0.09042585477607012,0.009458392247067238,0.030411385959494552,0.08855799170461776,0.15009548148139595,0.03272952390398176,-0.014478568599967545,0.09149745926012365,0.18801210944871372,0.013516803082446849,0.013874090734889322,0.06436973961036019,0.08545703967642204,0.07955369931489642
2019-07-01,0.07361655727307692,-0.07247806093336395,-0.00227501825298404,0.034468449864623274,-0.01428066857520971,0.008358196823831321,0.0073721672379818415,0.05631516582695317,-0.0034580911487323007,-0.026821087596418103,0.006764811837829399,-0.026912006793398557,0.04212571613156335,0.018091420899533084,-0.010745229977951354,-0.0003618738775630348,0.030020515863139252,-0.01737594660611208,-0.07846646493058884,-0.004352564525262892,-0.06195526532200324,-0.04401717106769931,-0.004773278032105477,0.11782405855842315,0.07316150713876457,0.027132505145272212,-0.012274912694187456,-0.06726095541127552,0.04393337469921299,0.0330306085945784,-0.04857151107288793,-0.01674772449223294,0.010221971094863669,0.014628264018373471,0.00635271065990306,-0.010309552449645487,0.024743134039175718,0.01709686167181168,0.011212815269101117,-0.052018839177679244,-0.12861200399649197,0.02447479753827153,0.02697260803799839,-0.025644280466566194,-0.10916374614456892,0.08018526460174158,0.006347032217774995,0.01908834596243736,0.025778695935620988,0.11285164382540369,0.005771061999221949,0.016505475866815722,0.01515742712850976,0.03589793045329026,0.07809237292317972,0.020283889812609424,0.06212973346583883,0.022773122263097356,-0.0009959525611642484,-0.030070699015376068
2019-08-01,-0.01659794340193077,-0.0132973614801708,0.04482520894593556,0.08411323163968643,-0.04968808100812794,-0.010348216568016433,-0.025672218392168045,-0.10906136454594373,-0.10145282193898542,-0.10117528729766079,0.03304155499831207,-0.12419307290496295,0.06931173018893588,0.010110556374557156,-0.034542148326814015,-0.06703309596671048,-0.04103756726120622,0.07781305673146122,-0.1459725893224748,0.10690911525780056,0.055675668469359785,-0.1852188497912186,-0.23638902521376348,-0.022975738380912603,-0.07028300553910594,0.06442445718400958,-0.04151443385821629,-0.006921207718619371,-0.054383473814789696,0.04477409005875854,-0.007793728272910805,0.04182378599878955,0.1012097735168549,0.03910065415281583,-0.04507198403713275,0.04107762485472666,-0.07138409477058083,0.01492459059981499,0.06149293812858758,0.08826609098408245,-0.09489229091878126,-0.015364566215023245,-0.006207874253354229,0.06746331658297855,-0.07919840647965559,0.018383193514303287,0.036659951023044535,0.08667498795604534,-0.01954098761862877,0.028567536191905774,-0.2090453780973065,0.04681537103360789,-0.07138567599451484,0.03491943640775519,-0.06851694827597887,-0.062171823359301825,-0.09918729314596852,-0.027554439000931907,0.039458330389968044,-0.07001912610451866
2019-09-01,0.07042270815321494,0.14133454430967607,0.02748514162441218,-0.03586648498475409,-0.02299511589215797,-0.012872913485668214,-0.014360198279544267,0.06516023294960682,0.06114785613485374,0.059615816728353366,-0.008668670367399933,0.08800075110262418,-0.02281923189331625,-0.05012380157520013,0.0074475661085529055,0.08973671945482398,-0.05188393787196066,0.0330889214006822,0.0004046203105634305,0.03622380540340853,0.021974393261950276,0.040517316799063785,0.08140270667736038,0.025386261076710603,0.016150589890004063,0.02396083607542554,0.027441668020683707,0.00791512065314226,0.06884716949019332,-0.0036765765057324984,0.025142827173344706,-0.010142472717497242,-0.020166432616484542,-0.015069071173034132,-0.041738088623096914,-0.0202167503449715,0.028043603190745614,0.008451187236336644,0.06155873752102847,-0.04697158592430606,-0.09316103408100274,0.10569195092251427,0.03841430203872864,0.009589070886925732,0.010632441145513205,0.03393465558680653,0.025165718106021195,-0.0683561357068454,0.0470921348763742,0.04295612108974556,0.06780222068200015,0.05850233881845002,0.04406619225686992,0.0706173781733681,0.0654495648893878,-0.06924560161218096,0.0001233313100401645,0.07982786722911239,0.037954473529930866,0.03062990692904588
2019-10-01,0.10497614662795351,0.06381991364866568,0.007443409905611986,-0.013889020599594737,0.023203407952564703,-0.03953451294003241,0.05900606372920425,0.06951869091922758,0.03540389004882005,0.09489371044427042,-0.06281303273559669,-0.02420212489385687,0.03293041509390804,0.05281128515563882,-0.02095998026240764,0.031856091696902844,-0.0030740699267903793,-0.01683176449805668,-0.06427705067736156,-0.017524351228717094,-0.06014600827277006,0.031383756381235806,0.11004754026312913,0.030374000829482384,0.029245144576198534,0.010973141863114932,0.020648182539642512,0.020351143375645364,0.06759832089815987,-0.00018353473325927183,0.02361957134777004,0.018779976917350893,0.019819062074423854,-0.08760864852366979,0.07343791902053542,0.029035473715923743,0.08373338583597656,0.03073938026938272,0.022702754967895977,0.046627353925840165,0.07134170929719907,-0.04764621298321625,0.14394695388542456,0.000510524401489576,0.06570291780663595,0.007412332433867519,0.029369676925645294,-0.09581603396780292,0.05042149928678441,0.04001604635387057,-0.044279114717895585,0.014305497764888653,-0.032451397129843684,0.0352121049969818,0.2680612527051687,0.15083204370444303,0.021256702729323784,0.023318446686422245,-0.01203722042749078,-0.04400750798238784
2019-11-01,0.07469388654199527,0.0978779851972087,-0.025097589324976965,-0.01874560523650981,0.013495821559772025,0.10271673524048364,0.0767459549374081,0.06349837493921706,0.06946076158105363,0.0490666967998008,-0.011435338877440415,0.0823807778182375,0.009046674827376755,0.04008306808994799,0.018293145805571065,-0.03559802518689459,0.15419458337795344,-0.056058555896546736,0.02268129146058273,0.0045399972796813515,-0.01606240104639678,0.14743657353872974,0.12156156529463402,0.03534668099742344,0.04229314529418193,-0.06185359825366099,0.038097891230452596,0.04735063002012474,0.053308450013638264,-0.011662978966098692,0.038861544061903786,0.03513597496922127,0.04980945403438941,-0.004962184880143106,0.050813264025617144,0.005982255678584458,0.07184106931557332,0.05776129595462809,-0.01381167380731263,-0.0340491585766971,0.09058293752954727,0.045663046423411124,0.07603166876116951,-0.00981703540918133,0.013520000122862808,-0.019873532577975972,0.04227957809486593,-0.05620319954031494,0.037582700235256006,0.02062979603632442,0.10198986111520059,-0.0007630977566859265,0.01721108309090358,-0.029262781094837376,0.046592176199849344,0.10212244131236936,0.0671594006581655,0.06288854234976426,0.015485654520450254,0.02024137614431698
2019-12-01,0.09420414589877968,0.009190668444191807,0.034007818133951595,0.0756376578582989,0.02578635010914443,-0.0007446532136166084,0.00947738731829606,0.06090115513065841,0.022421103114997898,0.02017791676119529,0.01492749911857949,0.08150491523421266,-0.019841060046155157,-0.001536208045313181,0.028448217190483405,0.03486408104634808,-0.04096136709316944,0.03389777051724785,0.16668524534638118,0.02929255300045419,0.026449126709863435,0.14228009893611793,-0.008902339175557383,0.026708720063988167,0.03802961479353151,-0.003331037403222048,-0.008718885702393209,0.059164525840261106,0.05636549851208539,0.03586599525798606,0.03618010449733422,0.11331380464981056,0.02066979577716399,0.015966025895394864,0.017744707878557087,0.04916852911534164,0.03260698939400619,0.040900972912254474,0.03504706735497276,0.12711528552185358,0.027922747536157644,0.08033071937073721,0.08216299998099097,0.013145066483231105,0.016988614692650117,0.023000930590024282,-0.02058850977758997,0.020336997937842938,0.009526938755865189,0.0007029310734214533,0.1186549444684788,0.027211356084787308,-0.014991790308023667,0.04447484425366621,0.23735974339019927,0.053023278767398985,0.0269090532818117,-0.012193035620055248,0.002373939989059881,0.023929902148709825
2020-01-01,0.052601415481071,-0.07533830035211508,0.09779829378087523,0.008319863477611378,0.08348030263226924,0.0157065571352053,-0.03496897847269809,-0.07027116018768798,0.04787064777997507,-0.11019234907106501,0.07535245773096833,-0.09004968476482755,0.03870715275150172,0.11416968833302388,-0.1175963687461028,-0.0885342135026077,-0.04468121868956043,0.06802030784348823,-0.13540405471593964,0.010277235196026524,0.04293429544283045,-0.16349044348583286,0.1093848290027859,0.0674024049950761,0.033444704289331106,0.043547648710099196,-0.021587319759913903,0.020357229937904897,-0.04542269818868405,0.053639523519662724,-0.04697634403291584,0.06059325082596079,-0.025327876312485564,0.07954046743812793,-0.016406712149434455,-0.06249549614542893,0.02859677424924678,0.07645597001382676,0.10213437352532218,0.03638407568961011,0.06438979411529688,-0.05071691957139013,0.004790974572579154,0.03839873341933231,-0.04061956704425196,0.0036793039564591012,0.04110005479223133,0.04946974602263765,0.0029338311392885785,-0.046565675385505934,-0.18202320529916483,0.10000849864649775,-0.11220151047005711,-0.02043266444515801,0.44157834249755945,-0.07605685561490638,-0.007606845275419438,-0.13640311267407101,-0.037290391917796484,-0.11627967262121963
2020-02-01,-0.12183017400672291,0.056273113658111384,-0.14808129115105206,-0.021547592126236026,-0.06423320256123777,-0.08339605510717707,-0.11275734597805398,-0.14143870642263012,-0.13011556848304018,-0.05565042617890548,-0.08792345247978073,-0.19783345327590807,-0.08105621240896976,-0.06756011255090222,-0.1262674901659322,-0.013330961669343111,-0.1617834169888992,-0.05296503726853263,-0.1419723892348106,-0.0249946536838479,-0.09123660391685995,-0.10836777447575985,-0.13479433709496513,-0.06750688510576097,-0.16296386957068787,-0.04602338957894947,-0.06051927132213386,-0.09530140685927702,-0.1309876427453469,-0.08782140929952442,-0.06152051989983143,-0.09658490245335116,-0.08685503942694783,-0.09086348040605241,-0.047881730935861455,-0.10973968709751603,-0.14890247284011737,-0.046764529483947825,-0.05408369026830462,-0.009588702046827269,0.06707271838536677,-0.07180089510061016,0.13362666803490164,-0.07293880458014446,-0.10822872091435043,-0.09584799316056536,-0.09716373840614168,-0.06766581299596108,-0.1351574796989059,-0.0724342043612598,-0.19801617535365557,-0.14491049923617716,-0.06343748899836932,-0.06592193846279537,0.02642425279718541,-0.06634808580320506,-0.10987453536166747,-0.1283506697450667,-0.06132405810006514,-0.17439747544395656
2020-03-01,-0.0723140918177938,-0.11773885110708093,-0.10977674962120165,-0.04072097084251869,0.03442130218959516,-0.08897835157161094,-0.1227421702330389,-0.28812826424401816,-0.04348347707122269,-0.0682802893466059,-0.018069664639751792,-0.45239797815719696,0.014092623916633684,-0.16847407138892212,-0.25321392864683556,-0.1188750968237482,-0.19713534203615257,-0.1255555123321601,-0.5659591559691703,0.08652670780002669,-0.15798549610608736,-0.3890346096542323,-0.31402054822227043,-0.1420101228681201,-0.2613838088662952,-0.14753599508773352,-0.19237388678014966,-0.025225982190266727,-0.2543948741678568,-0.18090740689943363,-0.09433768706061851,0.0951443865152024,-0.21387326952303543,-0.16066952898767095,-0.14314476932727782,0.013178247424877831,-0.2809680331125253,-0.02690018569320962,-0.0492215196507968,0.017278101167370163,0.017380512645293944,-0.07719354535633549,-0.024248053162916117,-0.08797497924881537,-0.023616405129173845,-0.02894101183854314,-0.03920440160206251,-0.041590693243500176,-0.32526349156382306,-0.11737676021377919,-0.697216027740938,-0.10875351213068196,-0.8080499597366351,-0.18915899205442965,-0.24278145817229602,-0.017806543641042616,-0.12494202766255125,-0.3530095022049551,0.058111068195890514,-0.3036195558867574
2020-04-01,0.14442419487639935,0.09072857674499346,0.038388468362226646,0.09309192011103118,0.2381504761514952,0.122309164726504,0.13592197596047795,0.12471952806717734,0.13197318389916646,0.012064607768314417,0.06330954677222156,0.31253266363191123,0.0630692710946601,0.11761314544505197,0.23875409523188296,0.04873515094204883,0.11294049184830968,0.04567662331168787,0.28856549757213834,0.07794572322114579,0.007308199867502196,0.2686123119445647,-0.1549906671649377,0.14755738666312102,0.17100235686982845,0.1632977515826477,0.058851089671488666,0.13471264444928366,0.07203986086377956,0.03639184418092123,0.061589935061405754,0.10864234916067961,0.2024465396768429,0.1260343344062349,0.20479883537875132,0.030716548699980528,0.15692642483904296,0.12780070288293555,-0.04028169371438439,0.27277492404878734,0.11163906828071646,0.05227166567761987,0.10327899169521149,0.09667175568237507,0.1614768122642598,0.0757490934602405,0.10457622708343894,-0.06855765090397625,0.08776570297405772,0.15464190708564285,0.22061992443464895,0.04673003144963195,0.1964692765630982,0.06744209888276131,0.40020953473676935,0.15938435025623843,0.12481634811488096,0.012121136245671682,0.06746607548052008,0.20201040190583175
2020-05-01,0.08166644493416086,0.1198896315696576,0.03434372847003164,0.08134776399166199,-0.012867371936102323,0.06881561004084791,0.06984661046002083,0.0029065214149452956,0.051627799834932375,0.031714003296581694,0.0288941762903967,0.011849103041036813,0.01789203602181022,0.07629771884537995,0.011307624591841758,0.047522506157245736,0.08121541717565872,0.02299936052411855,0.07029711712555642,0.03670381270438128,0.04342543113803243,0.026817360594735717,-0.0344088901385331,0.06247585485828466,0.07506430787913221,0.12250796359436222,0.03480199777282067,-0.0017265943614459545,0.01605692826274918,0.017068467876456772,0.09506777782105402,-0.006292166474263006,0.21864619648426942,1.2236204135263051e-05,0.09490591454053376,0.017243934219894896,0.1141978045957952,0.025073968978158945,0.10052008859541894,-0.017126261129342346,-0.00028588193270984164,0.12538521082579202,0.19446200024021243,-0.005609297579807659,0.00547510327662204,-0.016682032159130777,0.02512151741041624,0.08913900570353395,0.004334226318939649,0.1041784548294098,0.09357900486393911,0.017733683519225885,-0.1459966552189198,0.0127179475503012,0.06573049951571663,0.041457688621213684,0.06671030325817195,-0.07289144209202059,0.02482886193290801,-0.002550224186201877
2020-06-01,0.13748638645874323,0.057757940392280105,-0.0680720146049385,0.005607962105826481,0.12183413312149138,0.004845096042843444,0.09050659518565318,-0.008509265476073669,0.035456542350971176,0.05166772012853116,0.012775934563806324,-0.00380057653587329,-0.017198896698679356,0.06928631559833587,-0.02730503090488412,0.03764303729920826,-0.05062040457143624,-0.06938496579388787,-0.006100490439310491,0.0066717820550072915,-0.05416869099569244,0.24344331219896986,0.04030907186503363,-0.010850151526523355,0.005734455832694607,0.01408978372916092,-0.008676460536900521,-0.05613481459132608,-0.03396930699703571,-0.03474593588420305,0.051859310710672624,0.07085232542130626,0.03594014282453717,-0.009978916167384888,0.008758039013482488,-0.03498697469435186,0.08870663873925988,0.10486374430208745,-0.05661702060296392,0.058703048567354976,0.08077372548540973,-0.005390976699361616,0.06821657862013941,0.013114486971934625,-0.15519874069715867,0.031001414518949666,0.02596176899484437,-0.04474187165624155,-0.04598873429953709,-0.027312321805311512,0.002465133545932474,-0.09592356599399121,0.16982319768099252,-0.020625775404448543,0.2571086570232337,-0.028716560912137368,-0.00466193263246506,-0.03341958284298796,-0.0351085876213042,-0.016632222846525213
2020-07-01,0.15283420113485935,-0.02174239990739668,0.08701176286142065,0.010963093641490396,0.1372488932672864,0.17148821888783328,0.0036053644647462413,0.04648179131580976,0.05527283784115955,0.05666576795209721,0.05826991081919175,-0.10659245122649663,0.07317768894078469,0.03935838736273389,-0.061114808825482037,0.11504328178052514,0.047546747859645855,0.0589370382385086,-0.07025306025601052,0.11193410737870124,0.06196915049624341,0.11036095461488715,-0.11796609793850221,0.048116613072869185,0.001719389925910697,0.05807837337449229,0.03252391206551941,0.03582908546116048,0.03675752502635632,0.05571497075657961,0.14460202308847414,-0.08839647290134689,0.10100320176889976,0.0518132730991967,0.11077585212262608,0.03694045617111108,0.018879221634254595,0.007343668342367771,0.15593973474637757,0.11406870425708782,0.07173170785476879,-0.004497719233398811,0.11118947815177149,0.04001722776753347,0.17248996782972936,0.09850166852709119,0.12181074999839137,0.040795017795088206,-0.08356512360751722,0.11445286511512887,-0.013687715729364225,0.051861993830960795,-0.07233431729002326,0.0011255338856952513,0.2814206740445613,0.026200543911414798,0.0249997421461412,-0.053763381643033625,0.07725146749018474,-0.0608482318556014
2020-08-01,0.19603491591171718,0.00902060774566138,-0.08900056376909848,-0.047958552329390614,0.08660057350666595,0.019451692900086748,0.09164402882873546,0.033981979704438725,0.032811680787196984,0.06856087510282904,0.026334205921851428,0.013284074172472238,0.06577010298250752,0.33595877611586733,0.014194469827518041,0.17514937639867334,0.12015548319769831,-0.04180945994431262,-0.032761352988216697,0.008910977426720201,-0.03508532882897297,0.18913509591946465,0.04352018280771208,0.09089234599136375,0.0403463242152684,0.0710521553844039,0.1084854760579308,0.057786197965540964,0.03607553338945291,0.04733745736648398,0.01871331095305173,-0.007860193147439354,0.10072251336587801,0.10026381096130876,0.1448207521631648,0.06080074580262895,0.06686279819692942,0.09780872358547033,-0.00043506271971338606,-0.028137768352657133,0.07992942669887793,0.13874916458615338,0.23110557749908311,0.01728402467125889,-0.01809437832873373,0.05352939141625157,-0.034352947673821355,0.060754034118621014,0.08086850950000146,0.037093165180569265,0.046845880635922654,-0.033815354751127735,0.08453568801619582,0.007745550702750403,0.5547193199371252,0.031757926310945095,0.10947294361722903,-0.0004378962376443418,0.07458889081096487,-0.03265854011707603
2020-09-01,-0.10817169584197295,-0.08928268307981746,0.03612715488511942,-0.02539500346778567,-0.09165332529237435,0.023550066281161186,0.05735118008684603,-0.05930744719262249,-0.0469548143984202,0.04694501974779719,-0.026981866676229593,-0.14303987082764147,0.020892990168283276,-0.08146171032749994,-0.15331706610029094,0.057046861078466904,-0.060889927293404256,0.09741259216291542,-0.23233894740610506,-0.038265235784342266,-0.031652711800790545,0.0019202131913047538,-0.01585089810108853,-0.10602690519873548,-0.01921954696100947,-0.020792475813023792,-0.005693926204045852,-0.029973268396614294,-0.039911814087543185,0.004826711279624085,-0.04384853905678199,-0.0024965332225415082,0.007079200558980148,0.02757610693213941,-0.1128920959003139,-0.020338140428661333,-0.07776487070273319,-0.06977537036451498,-0.005783880465185298,-0.054802368067271345,-0.05737843360803474,0.11510826577966693,0.011895521909334406,-0.0033135432304574053,-0.02926753755651923,0.004759668813598239,-0.006586455612026754,0.056551907704675664,-0.05839367975024645,0.03756865465597237,-0.1936646012316814,0.03835053847464076,-0.0478473710936731,-0.044589045317708464,-0.14976230595624607,0.0016138263242950757,0.02275925381499455,-0.026858618006432966,0.007605012182352322,-0.1513586380355778
2020-10-01,-0.061888068316465095,-0.015313676912299456,0.09561067258982359,-0.05126511549087809,-0.03640891870361074,-0.07535348655143093,-0.04115681611579847,-0.016321963828400676,0.06135619272738335,0.057701194190544314,0.02780417194170237,-0.1253205163333604,0.009272925411624833,-0.07882659003828163,-0.035339377169319786,0.019127528138180416,-0.02307207114620269,0.039303374416312487,-0.038437868255119856,-0.03874766246861494,0.10929586341213016,0.1031839821050462,0.1748028897779772,0.09775714110507039,-0.06119742871516731,-0.04041523399353597,0.0020630908034116047,-0.08235728785851748,0.027455549475687846,-0.026892655354303407,-0.07764506535561377,-0.1262806860212926,-0.044484095108276556,-0.03001475893025418,0.004609194821910911,-0.09795394218456366,0.0032396988917469116,-0.038085990803160996,0.05358916755991672,-0.009660483776845918,-0.04979654956942703,-0.04446610973515863,-0.07650124248423973,-0.03906523766633807,-0.033807630331572636,-0.008154277570660007,-0.014213431420635914,0.02811222149017123,-0.057587862815343005,-0.01265258752320797,-0.04066150829166082,0.057865452415399865,-0.01086613689589111,-0.02948165344226661,-0.1003717705168432,-0.021495304638230017,-0.1053211987567586,-0.0917012488473885,-0.008325720821721116,-0.05109401404039993
2020-11-01,0.09120465395655053,0.20612550370586646,-0.04950311977955568,0.006726751808256104,0.04252282140454433,0.014019602140758813,0.13853113925386396,0.17242748850044043,0.15310853603467578,0.10013203513934954,0.08209815106417118,0.3237127617041806,0.09120367882528235,0.05661767019938768,0.24125524942203525,0.14675623378253988,0.1994251561480107,0.01591947911924052,0.3141963790738256,-0.043294484255063104,0.038162269245656244,0.2992922696921876,0.31624573464823813,0.08210493180139622,0.1986394744487816,0.03933457183735989,0.21676291941638848,0.060665586591238,0.18429153660743225,0.07888166328382962,0.1516451132257668,0.11526442118311042,-0.014526219291437492,0.02655688020740765,0.05133701875422769,0.06660584512486434,0.2500672941206883,0.05832595952633124,0.009856369404608323,-0.06610981694019102,0.030961422780836134,0.11489160386317998,0.06692147578508356,0.07888205529449266,0.1395659390249584,0.012827721216193133,0.008532407801661535,-0.02032989343395908,0.28511643715899604,0.08499214579690939,0.3304299654378249,0.05105308174254786,0.27353218179664385,0.06206056769790935,0.38030851936500465,0.09735207440959837,0.14598105442322495,0.24757300113485892,0.09639075322887658,0.1799160400601525
2020-12-01,0.10847194358841783,0.024277199996793897,-0.019268042390221396,-0.024004111099237946,0.027671958235968575,-0.020057324158785583,0.09495447133299884,0.07978858912963505,0.03773289954174164,0.04742031615025599,-0.001519269593043937,0.010810971559780835,-0.01315675538694805,-0.09945635927601959,-0.031815182801349096,0.030872520693989713,0.2022113216762893,-0.01194233863336347,0.06182826091195048,0.02321686230989961,0.027616009178275114,0.10655739268761177,0.06004071236009256,-0.0010035236537868641,0.1396877795413305,-0.03799225562693298,0.04215483430126721,0.08413906592756071,0.0750710300032642,0.0608981160884845,0.031000742724284436,0.14774531469109586,0.02965437829204909,-0.01324022015136439,-0.013851350968855591,0.02525330589182584,0.10288316880500004,0.038264366889789514,0.047242172647734115,0.024718766735553732,0.09708717603148243,0.05104770638796019,-0.025899931938652365,0.03492705647218752,-0.03994148635810957,0.0019425007633806501,0.0019199152403155395,0.037546859850376535,-0.0029321515956688415,-0.01716017593551289,0.05484387441273775,0.026056638493149542,0.04794323480245133,0.00034789487667774566,0.21773075274717613,0.04534283718357557,0.02008319531128322,0.09846295240512593,-0.054561628839389975,0.07792203401348674
2021-01-01,-0.005516634644012086,-0.03293404586228288,-0.028750691857720057,0.012836668807273632,-0.015698592859373584,-0.023927637116922362,0.028481604741252387,-0.022015618729963826,-0.028508851310268035,0.00980118104746186,-0.08635901740456475,0.0009998225907459357,-0.0668093942013801,0.01352427097464215,0.008841480074357477,0.07083735384612666,-0.07451571565008042,0.0263003065358296,0.027842387413429037,0.035461108788983786,-0.015755769331341707,0.033632463172752924,-0.011173375740387126,0.04174899052736247,0.027896036617081954,0.01938795143439176,-0.08498754449506851,0.03588374563631369,0.019688869660010155,-0.13009874554771983,-0.07120156995213112,0.20844240809008685,0.042247175272899895,-0.031914050547224626,-0.05581972573173033,-0.05956291326967911,-0.01670428522375822,0.041997360189757416,0.047091172152462946,-0.00485402650401312,-0.015543839240974577,-0.057312307654693306,-0.005010762235619914,-0.08240006528699872,-0.014212262923379626,-0.07579742738391637,0.0349044835360699,-0.014437001938824245,-0.0691824903679521,-0.060451246719862795,0.017257383821228878,-0.04171759489198035,0.08590670137529877,0.018756933237839668,0.11734370145157058,-0.0499915084008844,-0.0530083819841467,-0.00999020475023249,-0.025717676364974018,0.08417722656489968
2021-02-01,-0.08306888136929746,0.05005348768239859,-0.0686714619355131,-0.050654256571970535,-0.03596756071448581,-0.04265752398911893,0.04209800187367918,0.15756562346248293,-0.00968643554276749,0.16611114666115956,-0.036557477296212504,0.2709489003521499,-0.06076075757012589,-0.04099554199027011,0.17420562833035103,0.18968128034424048,0.11698329110093297,-0.08337423778515074,0.236554083483707,-0.12787108440952633,-0.07388595951849064,0.23121214922846578,0.16055092219891387,0.10117026674365182,0.16394857643486116,-0.0471779180680425,0.039520524417640424,-0.022828422319564723,0.1343373098627385,0.017295270841026777,-0.0046153121981502565,-0.01075333188134131,-0.043485176929651814,-0.002078988188487507,-0.0027524148426927297,-0.0594740100356379,0.13667668287998502,0.004109573926548649,-0.0905963863584276,-0.09165913874295306,0.012060934226612918,0.010899479511369492,0.05429313264912894,-0.055552948795743795,-0.06949035499205225,-0.037185575663528425,-0.040842254431384895,0.027387139231739965,0.0820068039315931,-0.014249956576368739,0.23312260310074961,-0.027556778701275153,0.19483301090543748,-0.026186925517085236,-0.16103820336570163,-0.00408507462590002,0.04669995184756193,0.194200084605896,-0.07821773742568672,0.2095514458353871
2021-03-01,0.00731292879317369,0.004444839758082075,0.12362930354324497,0.10083440134722466,0.0003717150539150893,0.10119379665736083,-0.005518216787494978,0.11350827076613701,0.08805201194034318,0.07145435859833871,0.047142210299741194,0.01828993394204792,0.06287532961509346,-0.02161770918463457,0.04678778597083344,0.07166308990172521,-0.024200721329150632,0.12028554870256247,0.11640519627659796,0.04707429295303278,0.13468784100478537,-0.029326104133645003,0.04671298135770474,0.019885890167520515,0.027185939774815537,0.17310137449140495,0.07022084560327357,0.036495991498985525,0.03380419905274579,0.0814778793143125,0.14130649602601064,-0.09232756676572684,0.17436103817656612,0.08371550922474835,0.13389536798709045,0.0684811862163599,0.010225104069857771,0.014482806297811734,0.02857539974057488,0.11256827083867504,-0.03242116620190938,-0.01412205400471045,-0.026723276736611012,0.09861484697693701,0.0786406037838061,0.0919704158509349,0.07380220155513761,0.061614240166460554,0.0707784534880469,0.08136459152334918,-0.026135692929076804,0.09158489629321398,0.007499379746009005,0.08188861806101766,-0.01126983617299171,0.11683096848719998,0.06780734629489782,0.07712504709145485,0.04865189322205099,0.026498603737579174
2021-04-01,0.0734531533751479,0.04194367941976562,0.046257015464928664,0.06881831267696459,0.11392023985382327,0.025061598869204893,-0.016220200150831587,0.0464611005804505,0.08311091140047644,-0.011838829721187771,0.029059686549008923,-0.03515881074168492,0.05628160546013827,0.08349681971977763,-0.01654989389246264,-0.008832423903058384,0.008096341507510374,0.04219273069413987,0.02077554875147758,0.05881667340864194,0.02706513861390958,0.13776715673954065,-0.0007618416805375006,0.13197514205982142,0.0635346665039691,0.05859353603310247,0.027131325559921926,-0.009905857418306852,0.016197714920801687,0.023808480480375316,0.020142746079032214,-0.02191712197498763,0.034363568851988546,0.05189976448712752,0.09869033821286877,-0.03417482740559663,0.06530314544672766,0.06728642883386637,0.024818608323015745,0.03489128406663644,-0.015824434242637686,-0.0020340726621128624,0.11729807565162087,0.01897815534331926,0.06465947396661775,-0.008574832248107178,0.09470947506291783,0.13050786788596014,0.0744224707551453,0.10730850302612893,-0.005162325786039368,0.06251536590322493,0.07888102299398447,0.059480165807641594,0.06029256454490195,0.069378039884878,0.0075931974712002415,0.14241810134918076,0.029595254472600807,0.024941826966901726
2021-05-01,-0.05181699108751214,0.015131594409482751,-0.02259216369062056,0.0027047117890690586,-0.07307647153512065,0.03802305481125856,0.03474650671162749,0.04486986233459156,0.06810215372744732,0.05530090730242687,0.03745573607460351,0.09388214719332044,0.016472372786104472,0.03322103513884134,0.019127960871191618,-0.026642529290620942,-0.04042575864237552,0.004900506707008034,0.08707928984450408,0.025923831259574648,0.012921224563608558,0.12474198138495529,0.06919647659910844,0.0014222956218885585,0.06882440198574447,-0.014815586693864624,0.03891229911525418,0.04550410476149125,0.06561096074583261,0.023978238132470686,0.050348159852274144,0.09319739930108462,-0.007262145323078784,-0.003812143768931797,0.011165717081663473,0.018486032353209225,0.09690578240785186,-0.007656712304196844,-0.056938586120117485,0.16328755210596313,-0.020979277509768135,0.03055950586841938,0.07907119134589857,0.025882615618813887,0.011872620973650605,0.010660981440914874,0.01117895159310045,0.004683657652547524,0.06964773922309497,0.036621740607814424,0.14688925725448865,-0.02450303786263852,0.05396345402529157,-0.06511171165059615,-0.12637234301514333,0.0323691232681842,0.016608291778769768,0.03857854059973853,0.01895855932417767,0.034011925344834104
2021-06-01,0.09450011279254511,-0.004959068267863742,-0.016530977505555988,0.060650905679114686,0.06518361368088321,-0.035583181840653566,0.017300508383287116,-0.023545344936376722,0.0023019751489350426,-0.10233244860924628,-0.029433525915091963,0.08853522615687881,0.04497250903876182,0.025583449445467643,0.00911130565223317,-0.020933305026228588,-0.01625200333355359,-0.01507991585983337,0.037860158254448883,0.08564841378698951,-0.018114990147780397,-0.14078056803277983,-0.042851039182230544,0.03540545356177027,0.019985958196239828,0.0051673720840819115,-0.0513594291574595,-0.027008646498572375,-0.054426057575385656,-0.014066466033188174,-0.03549458064650235,0.13897358939259163,-0.00442375075585133,-0.012476409889909945,0.05613181087744756,0.07991325332011101,0.008103202350587146,0.08156976558308493,0.006090859554715777,-0.14039951766515824,0.04928158578986164,0.12409779614586558,0.20833187597856773,0.008832673803092383,0.011041349305753734,0.000593106587614578,0.019246048534819593,0.06925626045288258,-0.03908122516077395,-0.03986283908742916,0.025469910825182573,-0.05482363694460002,0.015368802626919198,-0.022334085837563133,0.08354795451683117,-0.02460947989533313,-0.02159034859364173,-0.031086275905966687,-0.007136809978936398,0.07760169508452508
2021-07-01,0.06295835538083683,0.04306273623675061,0.040883490838933056,0.045799318663416244,-0.03326963005843364,0.011577632884209876,0.017792063140482206,-0.07215099352228194,-0.00895464129674206,-0.04593395697579172,-0.01763044115700385,-0.07519384189228395,0.08442608800691431,-0.009625726448938998,-0.028372752699087123,0.024864843218505683,0.0014212737011671805,0.06271965813720737,-0.11769074069403551,0.021947761726672788,0.0546728383761077,0.02842886153473101,-0.0386267949314556,0.09849249276885086,-0.012327639362380793,0.028746412930008347,0.06375477727812573,0.044287930754659754,-0.01872475645879046,0.05255876516331792,0.06134442349195979,0.05912687150516316,-0.0024650138090036577,0.049492934591839344,0.024404288927852846,-0.011640070181125672,0.05303976202645888,0.050423450741815756,0.06113835002299606,-0.008875096008523542,-0.02034913462653698,0.08091377243454012,-0.025494211379080145,0.05756716547282981,0.0981325487378415,0.05895901309345408,0.06877514561402354,0.03846063835414881,0.019041630275681065,0.06597122612533823,-0.104631690418159,0.054041001430856994,-0.020031879805365804,-0.0016060436917020304,0.010973846366455042,0.028993413028349124,-0.005333985224852178,0.01424992763608346,0.01079125050682972,-0.09140214181924966
2021-08-01,0.041611523035011366,0.037797634439580285,0.02463808477257956,0.03259620949311515,0.0421339362682005,-0.07682080964301097,0.024039241488805985,0.08468410695434381,0.08413860056594125,0.01973132333461436,-0.01968923025765079,-0.009499164101901325,0.05823979717513961,0.09209978924092876,-0.03737904074951448,0.044462355020099764,0.029555488889619674,0.0049457392451106585,-0.07611605049893999,0.03118993208443932,0.05432295307461832,-0.0459203434708777,0.017320499458453043,0.0713984467423936,0.10292299707307162,-0.00614359294569411,-0.004094729269095154,0.011311039009552992,0.052429268514333494,-0.012705308091723655,0.023152931694606416,0.06218948451008455,0.05649794292094423,-0.01640090004845085,0.06276535946307771,-0.007573758663294683,0.0843770409452711,0.05976909624050997,0.07983668008633504,-0.08000271153414973,0.09506949392271968,-0.015025694418494773,0.13820434543085147,-0.0035744577068177463,0.07339015251550896,0.0011242955089061368,0.050410358969291025,0.03499882035545099,-0.01952525188490739,0.044343745661445055,-0.023354578909499324,0.03879907335624555,0.06079186007528925,-0.022715793352517277,0.06822426773254531,0.009776692983359148,-0.00397159496238686,-0.0008948733447238233,0.041867919892871086,-0.03941185920938084
2021-09-01,-0.0704617536677965,-0.11304383759609493,-0.09835145086397112,-0.09140687568466621,-0.05500344085907738,-0.04521756724130466,-0.01770582396651932,0.021738857634209907,-0.113214457000133,-0.09390257821941628,-0.030875702881505873,0.1991959404049548,-0.013571480934539082,0.022182250011675286,0.047228971291909616,-0.11766290561838222,-0.06924899845221688,-0.06994210974260273,0.17297221469410218,-0.0653031894295566,-0.013969010789012248,-0.11213106089311653,-0.02205998213523408,-0.07922622867019946,-0.08970817925015506,0.011428183114135848,-0.08844338163646537,-0.06953763161897886,0.02311324529849923,-0.06311180877620304,-0.06641850889692424,-0.11144865001417426,-0.005064530256094102,0.015254084609543028,-0.11138842456714038,-0.006666215213186,-0.07061515463631007,-0.06840605495287111,-0.06734395212186506,-0.05626447693081049,0.06980191041425332,-0.12604959619922962,-0.07748458140935988,-0.03215688835649555,-0.06872969968733855,-0.018357077566124147,-0.0662675652426552,-0.07922464556625464,0.014058384807057678,-0.0821167363194295,0.055492791019183585,-0.058904844729689376,-0.022680247424458067,-0.015065574369126367,0.052632612029551495,-0.059787662724234636,-0.10099400726269714,0.015416784084433477,-0.06068359125304745,0.07591445895982929
2021-10-01,0.057001604570816156,0.07318228749232247,0.04256478748262271,0.060524666391700954,0.02625476505961366,0.15754171336187994,0.09201832748223548,0.11828027814174957,0.11774854344666785,0.06633626931313863,0.014074003227177556,0.10053507984486121,0.09135753902508892,0.09981811234477433,0.12092134174819069,0.021377332361970147,-0.0005912840770134764,0.04429593448861713,0.14595875424932725,0.057710236881879595,0.09561106936192765,0.1501239047189169,0.017700942886895277,0.10210396059868732,0.08932132716374674,0.12438859439049832,0.029429075844833008,0.008508887581497149,0.04318454061997912,0.07169550480432685,0.08434902700324098,0.09768761860412667,0.1456498969144553,0.018247332072304445,-0.047734398222782914,0.15895102089084556,0.06158432214012155,0.16236624875103356,0.0831726022619046,-0.0055401772470298205,0.12312456097896085,0.14140965482876933,0.21039578910050416,0.07175908341717552,0.016830685980052884,0.02874213492250277,0.14471015367443485,0.11160846306534467,0.03318034713831164,0.12384550881270506,0.0847032493410067,0.0056317889255130815,0.12026757534046073,-0.04145209429284025,0.3622302018905392,0.16420530545131484,0.20828963246399024,0.09744312520620557,0.06955725805380686,0.09171818591131897
2021-11-01,0.0999190400411667,0.005305271307094017,-0.03482703505340279,-0.0716257277146104,0.03914734633362471,-0.04213454799882399,0.040563738404320926,-0.0717925095550922,-0.04204997790454801,-0.05366686070582283,-0.015475193081469385,-0.06031430167953289,0.09287720689512469,-0.050399987198400886,-0.0027591676631670836,0.009391728479331896,-0.15426907480696528,-0.04054903286357625,-0.06086796928699201,-0.02655736847182233,-0.001659576949972319,-0.01711306511096966,-0.09894963747461016,-0.04241801929245792,-0.08152162597929546,0.07479371071955132,-0.07356782666154249,-0.03707796396598262,-0.06731659591569983,-0.06435171235712334,-0.0033262986547724083,-0.02349029402504854,0.045031625663802366,0.0016523299053154972,0.002746631409332956,-0.16161751711314487,-0.0806105471451577,-0.0012832996424760879,0.021269399533079714,0.016893577876904597,-0.07270818006693869,0.011589258543748926,0.2453383927159356,-0.01132645406424082,0.21444809705586243,0.011058163059048276,0.0391651567104514,-0.01455530156604734,-0.0877524609790532,0.04682496983311779,-0.1134032836527199,-0.009247439381808942,0.04182025879905815,-0.10114664459077405,0.027237847679720595,-0.035927609446195774,-0.024150193562553213,-0.06449734933100837,-0.06062905477125691,-0.06117601640419945
2021-12-01,0.07160278968383604,0.1608694136722919,0.09323283286124973,0.11324438656539115,-0.05050620294981201,0.061816780259514204,0.1901933348082845,0.005251583090294609,0.01663360717910667,0.06695998707766382,0.12888835602431126,0.03158320528218361,0.051172674058244993,-0.11450264680183242,0.03892404050934406,-0.004656920069160186,0.06667138979348763,0.07819331070122892,0.043797788337029075,0.040583743533897376,0.09111193315147581,0.11814259555777262,-0.004614016277757038,0.020607428795010208,0.0093495003604529,0.03944168592196551,0.030532016790907335,0.09266568105991713,-0.0030266339046880475,0.12122997134248736,0.0885248006342394,0.10760779874189286,0.055235164339084264,0.09162376169393482,0.03599012361741316,0.032274233441406786,0.03461864717337981,0.017184291973735277,0.07308673649640252,0.13138065545826727,-0.06344449961976917,-0.013506456366646269,-0.10514955311617813,0.09032414829784496,0.09441287766902429,0.12346921972595393,0.11444937392998078,0.1402767232742459,0.06158367723275582,0.061242391153970566,0.043329287666623806,0.11548927390805064,0.05487847996207318,0.07467075351960162,-0.07996843986650948,0.12581508817414822,0.0716087552082918,0.004176980286527243,0.032479311631985475,0.022309431236120947
2022-01-01,-0.015836903609073083,0.021267774726564603,0.015944920045913413,-0.15102183986009532,-0.10850981418386585,-0.0755503741794401,-0.12728834714159287,0.036415484870117254,-0.10665270794893011,-0.020534660089126078,-0.02903363397989711,0.2051945181747996,-0.11677722712636651,-0.08839675459223528,0.11255255452921009,0.09324246231109701,-0.08008045512031092,0.0015239210366830847,0.23444552900857474,-0.15429655267123543,0.003284092872025468,-0.11104608426488616,0.00010563391958751112,-0.06819220018484895,-0.0756433795223117,-0.12299540602566417,-0.019516933299359884,0.007105997855656021,-0.05757356418942372,0.0299472777626133,-0.08349317060940287,-0.11834887755188728,-0.08199033014317347,-0.03268406449078398,-0.07111879054979742,0.06123846089256624,0.05059855496929533,-0.0783343984649294,-0.17821690352025854,-0.013799984090085093,-0.34387622195553247,-0.11833052403433442,-0.18326732986511152,-0.0010943824157569892,-0.10638453879303933,-0.013934682062050285,-0.07100551499663066,-0.04373971736735793,0.046873710134399005,-0.20631238309951705,0.26582547209835194,0.013181877763303262,-0.08194306747849733,0.06265462753558149,-0.12059747543058741,-0.06069310746996681,-0.029731412330309404,0.1144894273970598,-0.0343089926887834,0.21622316915976514
2022-02-01,-0.055582348108040414,0.07647925040382386,0.011446858342329058,-0.10306564780902061,0.026323007910470153,-0.17723019783505922,0.002659096906547642,-0.04295512209579844,-0.10098994640741044,-0.07188135483987335,-0.0690361891868081,0.07306230895751131,0.029083942434638743,-0.0998210018181993,0.10254425062816797,-0.04449276254069989,0.03768088429647598,-0.03532185222578743,0.030390785766450712,-0.021149113322603164,0.03751828329420226,0.23223698943568927,0.010843051850089047,-0.0018231915174826696,-0.03848329549468765,-0.1501032197996457,-0.06927183536934578,-0.03944414425034193,-0.04684060259730316,0.019960343251220092,-0.08319631167122754,0.022578088851946454,-0.07110173860950209,-0.05269743065695298,-0.3950332463947346,-0.062021392498730066,-0.12225477792264972,-0.037922003646488456,0.007441330238059152,0.07902353494114545,-0.07944201719960198,-0.08099398248501899,-0.004133348739027376,-0.05801311527279829,-0.11555550184250185,-0.028831978656046253,-0.07252022780814471,-0.00983810515411232,0.1354380175566039,-0.08280533820907099,0.0074506788724053585,-0.060101597915408256,-0.06773198912872314,-0.07362562168523068,-0.0733970111991109,0.00695891545079963,0.010594510288698622,-0.0035449862509779884,-0.03382514857868424,0.04289706454499598
2022-03-01,0.05588252912069436,0.09261802902248739,0.09586161314981734,0.1019518331779059,0.059623918955612254,0.06241824702610721,0.0761772122337594,-0.0649236719034838,0.03353396904347239,0.17215863240736962,-0.014661781376284821,0.05575177187222824,0.10346160123127479,0.008466450185195207,0.12289353819828985,0.14577305549315778,-0.07916747314012351,0.10619663855510542,0.045425762358219934,0.048262191202651294,0.1125479197002206,0.05772628262879209,-0.04199416691405933,0.02926239803642794,-0.02745977205318173,-0.047640764347697484,0.025136242520481744,0.07411228840962192,-0.039412466284832526,0.0037620439799117555,0.08955131154261675,0.13602357609224924,-0.08922628603725968,0.010202173038229567,0.05229737667183354,0.07784861092026496,-0.03750290792551603,0.03136458232359729,0.07906945470636195,0.18955940761320011,-0.051837742841018386,-0.012401743643770224,0.11257598766226407,0.028542497041629034,0.09794073648214896,-0.020020802240543922,0.10692669917568143,0.10026030887414716,-0.035985354756422616,-0.052708539989757774,0.05140801481231394,0.11288233550418258,-0.03195957919380099,-0.002535996867134571,0.21350429001475746,0.07216201317096349,0.10511256167740601,-0.09650999068489563,0.10081027632892026,0.05180950443069943
2022-04-01,-0.10217744832800335,-0.09019578347047918,-0.006637318666555814,-0.03611819175316189,-0.27118568007318,-0.06548040849064929,-0.12734364268685683,-0.14433366057203934,-0.2015507691226146,-0.05190444558792162,0.021807917472561833,-0.04583456734842528,-0.07810432665628486,-0.18795158641609877,-0.038565086135558424,-0.09568364859510137,-0.20595847177774385,-0.013524592000936586,-0.014895000948852655,-0.03086457168211254,-0.01800705140336678,-0.20114375364455173,-0.2048690522533776,-0.1978009323673371,-0.07747843021227485,0.003568022587289832,-0.005514268880045137,0.018060683527287402,-0.1254760220405462,0.04123482561481673,-0.023663047877851895,0.01991423643209078,-0.018267380627938756,0.007573984057332339,-0.1036330930347722,0.07781836615853965,-0.07256947291310567,-0.10521292127369897,-0.17627222601732306,-0.08672537689000137,-0.6769151053554272,-0.07609943867323476,-0.3860656057943386,0.02554030224728443,-0.05356301876006553,0.05507016826070643,-0.007396450660453802,-0.04931556888333333,-0.04289763973211702,0.09668607987072786,-0.0572868819872796,0.012062973675664779,-0.10877823954859434,0.06949850703567018,-0.21312528937935937,-0.002788336205333586,-0.15368100165465215,-0.10499348623268068,0.026963217524890837,0.031699530388492825
2022-05-01,-0.05603755565424162,0.0033304531168578677,0.036894788959416225,0.060805237684609104,-0.03331308789222032,0.05036157953223519,0.04538401279051385,0.04171866117308021,0.06866416551076515,0.024908239022448875,0.02258543570010829,0.166852423897895,-0.13145942431553337,-0.09347021838595548,0.11689232286294882,-0.05378452611604967,-0.010717212028951373,0.03019941058487774,0.15956842674457228,-0.0406996608262693,0.056544358479762025,-0.03692527869633144,0.048949809068123074,-0.0030499540634094657,0.07368977216654304,0.007792802598153514,0.005684996934928854,0.0012388032430923346,0.10239871145210788,-0.019220909706596068,0.03996512643305561,0.07377308538140426,-0.01236552548294334,0.012166947777648929,-0.03466389443988227,0.03696751053166114,0.06659933117707695,-0.018242456073490843,0.06936432980332086,-0.07110325119982974,0.03651773506030365,-0.04804862005774879,0.006717137175394239,-0.023332028137398098,0.08592033547227906,-0.08220433021117479,-0.22902508695753543,-0.11651869321275843,0.008166790974286187,-0.02317603364966825,0.1675900138085984,0.039683714441279605,-0.028800556210753392,0.12119402021423387,-0.13834006232442153,-0.0234163538516583,-0.05804069351683161,0.05333574703166022,-0.169804177698762,0.12895135739061026
2022-06-01,-0.08493662192495588,0.03853658162241036,-0.061543971464065095,0.0038307594804090073,-0.12381782260877205,-0.016659608925460034,-0.16917833576574814,-0.17239379072147765,-0.08688575300622414,-0.18853942466383877,0.01673528562962634,-0.21628202997651957,0.027627411481042863,0.029515070625516948,-0.18762580892360337,-0.17424227907114886,-0.15693132607741678,-0.04834151164019662,-0.20156261878236847,-0.04475117247883276,-0.08112854979990347,-0.28938933648111886,-0.20551305891206972,-0.04310017511828246,-0.09570208565601401,-0.09249881249732095,-0.10793470182987086,-0.011315611941748571,-0.16061214413426228,-0.00024420167796534997,-0.11784581659856297,0.03384544525119715,-0.11163851203498254,-0.015832857898219643,-0.18304476407667813,-0.0012379853869219914,-0.12445157519901251,-0.0569094988736536,0.023115680072333333,-0.12033076722180214,-0.12139190163770541,-0.14845604367823828,-0.2082195114721892,0.0004124113447696587,-0.011567325568679454,-0.028046991995259063,-0.07308105386309016,-0.04913604496329338,0.010354162214882834,-0.17989211414653283,-0.2509416247687444,-0.059213087105765894,-0.17359314732223652,-0.015621555902983975,-0.11865712643836623,0.036915638607097456,-0.030021275337744235,-0.1557176566437275,-0.05636731544316742,-0.11419584487402634
2022-07-01,0.17280455425761065,-0.05576794598575141,0.026942633299266383,0.05791687532242751,0.2394860591365493,0.03171874046942502,0.09734574636235749,0.08258479216450532,0.09416918638102967,0.11042530754758406,-0.011543276303672911,0.08143781102269099,0.12341326608007286,0.10885660528142527,0.12330860604120275,0.13624086959221593,0.11684079703386008,0.025054245154718657,0.01461259020510397,0.06869458592471922,0.025488914546822006,0.08104171177206831,0.14913469016519976,0.0653366228326302,0.11551362024085687,0.09279785409355679,0.10192556853152546,-0.016987590069797776,0.03293385680344407,0.01983061895348026,0.04910021844406032,0.016699619795265797,0.09781367620120385,0.06465745396488742,-0.013423037101988555,-0.020276577104941573,0.11229686500813418,0.08901451001517469,0.0868714632155223,-0.27596387685600376,0.25161303598518137,0.11730458095226659,0.18079218407740338,0.04860139161051258,-0.029578004127868596,-0.02805691856986403,0.11932132515880411,0.08279633909713002,-0.03063839888310138,0.07744540981079062,0.03489884560132417,0.07533925589269685,0.13500547947260433,-0.09659195466288262,0.2804801490026483,0.05438997967058512,0.06366496535072486,0.11331934621396655,0.08260789253069101,0.12383664682866335
2022-08-01,-0.03170540391717136,-0.06513823306639033,0.024327043209941834,-0.063960144693195,-0.06252992237989474,0.016857427975634387,-0.07033695931794437,-0.005933055078659599,-0.0041779898289382444,-0.07074179376013667,-0.006753890575619259,0.12082071096295,-0.03611457523666761,-0.16441957166244325,-0.02650401522304069,0.06232692227342529,0.05483094158466972,-0.01868306995607405,0.08675667815636423,-0.06381549153373456,-0.049671680343897684,-0.06379941704613712,-0.006379300485265915,-0.07217883841000017,0.005359745012673223,-0.035989498662942765,-0.011309919621181663,-0.07182894559284492,-0.014230517129364628,-0.039089850577977536,-0.06547514995889347,-0.08701953657248929,0.01353490287768544,-0.03756134629144636,0.02378773823893976,-0.04557195202459763,0.01085417242912623,-0.06898873053012977,0.01156176213840876,-0.09055132762928908,-0.005975974117062854,-0.07656092017593608,-0.18508909845909605,-0.01549436836016227,-0.11041069768848644,-0.007007371526372985,-0.06264920880763558,0.01345037528963644,-0.03202007148319019,-0.03913245030318535,0.02979725101792141,0.01110565543679165,-0.06326318245383966,-0.06830841486013606,-0.07525027147015262,-0.04335354591842133,-0.006741231868574005,0.0032049940982239455,0.008125236834210625,-0.004251562984578072
2022-09-01,-0.1289441576444803,-0.0018607936838943573,-0.14760216322248443,-0.16828955255708777,-0.11498657575778903,-0.07431964551092207,-0.10862905584623439,-0.10041442162682435,-0.18400437290569194,-0.11843295756267747,-0.1073372587418735,-0.052890136551709155,-0.10030825540250277,-0.08192339981949193,-0.09545586634475534,-0.08649827843323443,-0.17241364073957932,-0.13917297842712717,-0.0699025761979275,-0.1446477127739101,-0.15886835209114514,-0.07978920596234662,-0.1695472341527693,-0.12347049591935466,-0.1268078177372205,-0.04423458994257423,-0.12578305917299026,0.012442507923487334,-0.0846402458253186,-0.08947273177502302,-0.04390466623912648,0.0708612394298731,-0.033148566873220986,-0.08924815467253566,-0.18302150123959926,0.01689352588966475,-0.07566182448008085,-0.11571067774054988,-0.08140542333411016,0.029343393910837623,0.05177625582602419,-0.2445216502836427,-0.2175768878119766,-0.04702111243283191,-0.03304066125108518,-0.08855482441899998,-0.19700674861038703,-0.1161724979592842,-0.09201728405758747,-0.12537858413343983,-0.05618098851416775,-0.12520626955225467,-0.11068936243561467,-0.13402035090725706,-0.03831399230824051,-0.024768982778684112,-0.14184417912043834,-0.08321250564834193,-0.02173578463329129,-0.09060331088459339
2022-10-01,0.10395573279326875,0.09706101024255975,0.016861107085948568,-0.02834016687455332,-0.09811053354846866,0.07318064787637457,0.05714081644101654,0.1767877350371121,0.16023262564840923,0.28372060544531763,0.05641252877671832,0.2086954436092272,0.06185624819189339,0.12253015625459174,0.2304254129932497,0.17014794371250996,0.12172120435109246,0.0017187143038857045,0.20629322515962656,-0.004228268294609094,0.02971958080465642,0.1532308499442161,0.22858842280762204,-0.011989984637987838,0.1617798793791687,0.07061530336326616,0.20040385693266316,0.06292653552117233,0.19504923037593436,0.06613257826129004,0.09800745505213815,0.11315745101107844,0.04273663196149524,0.16693417540542566,-0.37598071918489406,0.16135724698915066,0.048866835623995186,-0.003311482508054908,-0.01167349897572656,0.006876080152315556,0.21488661899026695,0.1088674264202405,0.10604400638780298,0.10635246161466316,0.06180688866018169,0.07163501333025302,0.0862320787656694,0.05624157935610441,0.14696960345100063,0.0944440184872315,0.3710830621392449,-0.03776297622477287,0.19413628338236677,0.19021004037519562,-0.15334675988883806,0.0946006028493116,0.011838075052636121,0.1340597474250198,0.09292418733417929,0.23835221163008402
2022-11-01,-0.03358508031975216,0.0961789644648281,0.10556306066851118,0.06565697663521242,-0.059319845448126074,0.21402892556613295,0.15880111846650236,0.04900097817413096,0.1030202016054611,0.08816181049957006,0.04811921366691685,-0.016859434640185356,0.07257597646884495,-0.014496573915481648,0.020940293927352194,0.10808522076050231,-0.08488035665313287,0.08025098581424306,0.038862770310592154,0.20312581567246468,0.07824264329754405,0.22786567872918395,0.09972848480167862,0.06631574258252293,0.12063928219082865,0.09594538797510133,0.07824702312063003,0.029334394619773718,0.0932280166879984,0.06799648335038766,0.12362875435605503,0.027310614413578627,0.08643427958897476,0.006092811061905401,0.23721326836574086,0.08447182136474485,0.1245619318444744,0.09732893279868904,0.09390329597686442,0.1148382989960095,0.04570520749472573,0.16850544069420081,0.22646215667507708,0.02141244374838358,0.08262708791196349,0.10219252792532352,0.06162797341640225,-0.03880606109051321,0.046153599496031816,0.10443641150620042,-0.009268404325147195,0.04298437168185565,0.0916498605187126,0.05599988530322486,-0.15586612090125396,-0.013401082390340768,0.097962877279401,0.04815460916748204,0.068491633803204,0.012789476598885408
2022-12-01,-0.13041935974082453,0.002664421901274139,-0.01929669318499716,-0.03599770171761829,-0.13914064087243272,-0.0009290984306185024,0.022901888999745434,-0.12766399351175917,-0.003476577476262399,0.013236253900682726,0.016766343182252896,-0.039417944439061436,-0.1665909185167962,-0.18947342309377557,-0.02105918843652166,-0.025354010776101,-0.1191124236665475,0.03016212748456404,-0.07966051701181609,-0.052952185318948075,0.04397873112687778,-0.04628080597282791,-0.02471896077068836,-0.13507448524226984,-0.11738797165375736,-0.02541323866316514,-0.02420296961915369,-0.007612958872699416,-0.029971377692866952,0.0,-0.02760611045702177,-0.01422167548925568,-0.06466704886817976,-0.034535272454029986,0.01878931856981758,0.014112557840848972,-0.09046564174620553,-0.06192365605717853,-0.013072089379927654,0.006037050741810823,-0.035479433565580365,0.06766589788617061,-0.14669360279265797,-0.02027374632104273,0.021900708379190892,0.015961827472732004,-0.037223836262743504,-0.05483397156516201,0.02204058705953571,-0.04872396805317525,0.039793389179255456,0.05423846032218105,-0.0013109986848034438,-0.046174354201711676,-0.4578131939676249,-0.029542733816263045,-0.04267835159282285,-0.14953853942076245,-0.0685301281821471,-0.009384633990723756
2023-01-01,0.10482926167690465,-0.08020311178189843,-0.01048125863756777,0.05299353051541811,0.20517350285243285,0.0389700445677148,0.04524697162674851,0.06883167852517857,0.06894514424187204,0.056533126229861175,-0.04931481782485214,0.032270179103037755,0.11305495772587104,0.23652355136780834,-0.030949286743735094,-0.013903484931829801,0.2221302795138982,-0.00525714642860553,0.027203252717311166,0.11943860185733435,-0.02435153117232547,0.16391144742725094,0.20733608253676694,0.11355543589809258,0.06327622842232739,0.02596888122445673,-0.027533598129442005,-0.07784679366012881,0.05013043871292666,-0.03666476759262949,0.014487686032995661,-0.06111844375428532,0.049361384034946276,0.014578397931300557,0.21342374952658272,-0.03242629229946381,0.14325401860469889,0.03277367022104283,-0.11350091710768861,0.11457652110895822,0.18233287611407745,0.08452284445414815,0.29032993507702143,-0.054836095250427874,-0.13956229429598954,-0.056226618971163767,0.13698488815846144,0.08267739729903667,-0.010659181884419056,-0.0031228761880113254,0.06376663598625676,-0.05364710120274019,0.08934947585730946,0.11550615502422401,0.3409157672136489,-0.06022975642302342,-0.014005727074756003,0.12675750041324685,0.014563107783266638,0.05047260807448062
2023-02-01,0.022918332676440833,0.04078129497108751,-0.05664739080352188,-0.12060150273890269,-0.09025166385218952,-0.11399166931946603,0.015738643188277557,-0.033823700889599184,-0.0964134485525987,-0.051817070328520565,-0.016640975239798905,-0.16039133055379207,-0.05244765872428303,-0.026299598259662105,-0.07039408063381458,-0.008550490205164074,-0.08539533883327088,-0.07314127438919726,-0.15712949080871041,-0.06993842105430037,-0.03495944026191955,-0.08534219605527937,0.05122495063582022,-0.09302632169077629,-0.03947788547226505,-0.0890860293084268,-0.0797772107876149,-0.05702122820655653,0.023932445207375252,-0.029961676625619216,0.05132819531709831,-0.09734748431977192,-0.012077393202096331,-0.007380135088944861,0.16069839903301464,-0.010952598202348618,-0.00856401860121192,0.008977417054396142,-0.04300153316016608,-0.19368404202096556,-0.0939461699117845,-0.06942489600563828,0.17253165402645632,0.014569979341318984,-0.08479059037708847,-0.03443933341831418,-0.04654939356408416,-0.017868976908675727,-0.012296460955974808,-0.06386751760430975,-0.06373390447805694,-0.06032547693568624,-0.05085894568547822,-0.07437240470213391,0.17190497265189286,-0.047694874560339606,0.02174231952407446,0.004222965152396618,-0.012168101955512434,-0.046349313718844876
2023-03-01,0.11212148654375476,0.034925338054949684,0.033753861360527715,0.03146771244721425,0.09180193703864425,0.010567436086595272,0.08367557330247433,-0.1752737839403804,-0.02268400068684784,-0.04573903998425166,0.024925496458437557,-0.034708241077058055,0.025871834866196153,0.19973120813470402,0.014756444138739333,-0.012162740379099368,0.005206706070438827,0.02317518957348863,0.02334461959127232,0.05135897867630579,0.03646464570330821,-0.0014654255278698791,0.12186579424907773,0.14131540933640885,-0.06520501578308036,0.0024155526355587043,-0.0018820834302850642,0.011289559372931635,-0.09537279591015047,0.04911516020563278,0.023831390506784622,0.09845437152433689,-0.028494596962622687,0.0577875811056483,0.19186002684684045,0.00833934079898313,-0.09448151469957988,0.1448631813932435,0.08174140906962712,0.12639828010007514,0.06997953450992078,0.034743241767039024,0.1795364866387632,0.05603792911094718,0.005653212867106294,0.07780349312564816,0.01831647557198579,0.021027848551081973,-0.0016325760346775908,0.015332663809727975,-0.0803872611559675,0.09839026267064721,-0.07168556507326151,0.01782019538178048,0.008471139763989832,-0.003508227541057174,-0.02947302800567364,-0.22410623753951198,0.0408374864190062,-0.002277181342385859
2023-04-01,0.028575045206451044,-0.04399708281237302,0.015593621463699137,0.00765630573488707,0.02069630310225179,0.024590054905848646,-0.023722635289918692,0.02349805448651443,0.003103622676134954,-0.03945150694837363,0.06640744208315308,0.03642162855547326,0.01269903197840172,-0.007082921023918942,0.0326792619244598,-0.0882098279848913,0.02339355505777796,0.02467477310760291,0.04812371579616137,0.004207363874328074,0.013044259054130425,-0.07250528681365864,0.03464387580475847,0.034209843542079454,0.04871592837220717,0.01819877379641177,0.04461580739556936,0.054610289351952446,0.0668924786812477,0.03360585438409647,0.038658788822332646,0.14210627641653506,0.04354087451241284,0.05611885177848297,0.12566816047509022,0.08189902968367768,0.03303796238876444,0.06369281877757071,-0.005855066931094832,-0.03360601548012587,-0.04605425245631878,0.032726672550905,-0.0010085310666285707,0.04604367177730939,-0.04794497462694558,0.056666597877053526,0.0038398234877412563,-0.024491937334131464,0.019916807890948185,0.05525824664104295,0.005078772284484945,0.05548834283527704,0.011984755273077852,-0.07156009955034826,-0.2331837097607048,0.040433370132758384,-0.028014641275189156,0.061473760163105684,0.023591914467423702,0.07617719341595297
2023-05-01,0.04502915099181237,-0.09111006043090786,-0.09700891714490556,-0.10270566479080845,0.13407657026219955,-0.08957179054274711,0.2543639209402091,-0.052228314413634624,-0.020546163616429247,-0.0614963225210019,-0.07033630138010327,-0.030372421855103582,0.01852092276409323,0.11874037709866148,-0.10290554965716403,-0.08856611822652649,-0.15298072833913956,-0.09182859211282235,-0.10752990700019094,0.03392385297235112,-0.05948954640739723,-0.09890374996105145,0.025537204824624737,0.13512545334135861,-0.05099209622719325,-0.0513717956817219,-0.036874178092054066,-0.04670664002869174,-0.01847120279636627,-0.07256232954935449,-0.0436791985417635,0.08406577957303707,-0.03276898661078409,-0.036639541746184,0.09670134131937136,-0.04480992411140594,-0.09568787273683022,0.06869140993559597,-0.03585053525722426,-0.14613617531685108,0.18058733213756284,-0.185546439712847,0.31000830281677594,-0.045769483694328095,-0.011861940821511041,-0.0929469254609172,-0.005604470098364622,-0.0398926146007641,-0.07473231303907912,-0.03929434409958521,-0.14169889882781161,-0.04362642627828883,-0.07482774665906256,-0.11629873868614649,0.21602188918369603,-0.009904858281296391,-0.009627611988051399,0.009300921780285076,-0.02374180589302144,-0.1381859687091085
2023-06-01,0.0901423736648237,-0.023691193570710922,0.012909163790644662,0.058391531452868684,0.07798641040475474,0.11293757011150518,0.07633555763784905,0.03982028773517765,0.0571485461737371,0.1788730205010065,0.03513773882067195,0.048478699706626216,0.051099816799832,-0.055784808182475665,0.04371249197889693,0.16106469837937887,0.014895420242051927,0.0050272994875202315,0.06451538900040799,0.05021022618867477,0.02711944420435941,0.15256817644981968,0.07876182434588141,-0.02613806364454163,-0.004207700346443133,0.09159896777763787,0.07972158591064016,0.06527988112271998,0.06924344471361277,0.016929816131807662,0.07828475108656274,0.08803143764855914,0.11525523932201054,0.050887503212279306,0.08073975063487637,0.050775749585072916,0.04355781712676521,0.03633060742898042,0.010023164222158876,0.050725774619637676,0.10841989498323512,0.05069117908891041,0.11172958593892224,0.022577681623101142,-0.03588101367054719,0.06282663345145334,-0.008394669173628522,0.040318932774728644,0.06125021599363212,0.1533097997231776,0.1424510751308916,0.007142784349706055,0.11026072512559981,0.013889197265161801,0.24968945186036162,-0.009541671913184224,0.06095444504748748,0.06961217973858336,0.06784382733038363,0.04842657799767203
2023-07-01,0.012704338985855657,0.11558371478279206,0.0063930752261773804,-0.018894370424270335,0.025148970846540664,0.019178624466567484,0.035358715744744806,0.10918718150374929,0.06675233277789339,0.0797763513069576,-0.0038752449752248452,0.12767496677590806,0.04056807197857726,0.06305536546791934,0.03931839191421993,0.0584985675346017,-0.004377829639458319,0.04232731748826524,0.153511958431646,0.0326029287929579,0.02712035587566186,0.11366560807943094,0.03992468044835196,0.1032531387260125,0.09833828276778789,0.07202713830414087,-0.06660326497078106,0.012070303116014536,0.08942246269976906,0.028000210275503257,0.024853987584488202,-0.03125221430003311,0.041979538772811686,-0.01761350268087991,0.10452411314502807,-0.07876520221591932,0.07885500210361229,-0.013659565180595301,-0.012203430671361204,0.006076169241394869,-0.0034566797824284734,0.00018113778202977215,0.09953075907318842,0.012021307858241848,-0.005967855327259741,0.03588956426371581,0.01713995339953822,-0.03532244032124954,-0.1080182079834815,0.04052063455589394,0.17202176033875372,0.029316822469396264,0.07601132829554214,-0.07625921265498015,0.02139160881161395,0.05214905543484338,0.1256690763326347,0.07838301496668976,0.01690667439676652,-9.311240325260428e-05
2023-08-01,-0.043308283397923475,-0.017670897112640915,-0.0674408246025413,-0.048390790257627714,0.031877276999347615,-0.03275805785068986,0.02661648265212957,-0.10158568239396493,-0.053243352533913324,0.058445828471292316,-0.03727160823558773,0.015409625588761244,-0.01863670271515261,-0.01590277173232657,-0.006201357366664162,-0.04440730336676513,-0.0603998072024865,-0.04161654357800337,-0.02994687005786023,-0.03129072275264555,-0.03352943939030073,-0.11222744798569462,0.001923986577179626,0.02566223374097376,-0.0741325899967622,-0.004294956869230759,-0.02694769194851876,-0.02830914893467451,-0.07647751689818261,-0.034497565698755395,-0.00933505066015794,0.20035917505259526,-0.016310170883100383,-0.036604566166358765,-0.07394880193857478,0.021612018184440807,-0.07258010180263064,-0.022476425688051194,-0.08595352724502892,-0.08506470356829077,-0.012124123355087502,-0.08189391435990068,0.054674081101961924,-0.04522115635322166,-0.01903744825019338,-0.012619524923154657,-0.004418441779603377,-0.019243226408367065,-0.014774975453643258,-0.01522056569422503,0.010571191034260963,-0.05553860598227267,-0.09339387753146511,0.018424229904598022,-0.035588260113325276,-0.06063206557815448,-0.044773461975354145,-0.10370234688328006,0.020604950073973782,0.04433510680926567
2023-09-01,-0.09285911764906452,0.014188509971978291,-0.041406948512136665,-0.09765704738799919,-0.08219456266261993,-0.0356567154665246,-0.09995430056683219,-0.04603862333088404,-0.07306497720984684,-0.029345507512608116,-0.03264906021302938,0.011454836296166171,0.02814661162489074,-0.08812038972343483,0.045622360165561204,-0.08167600408690578,-0.03193373503332708,-0.006099855063234294,-0.014566636549539602,-0.07315359055702597,-0.05983044418385752,-0.06790176126375558,-0.034038009644151046,-0.039775995204299974,-0.012713515845692136,-0.08904472552704146,-0.017173399631275288,-0.03736681026778488,-0.008992571129605054,-0.058610132608363674,-0.035394158240420914,-0.0312858810058767,-0.10339555514535537,-0.06506278674920463,0.014494416760542528,-0.05012675598556893,-0.0417276425632771,-0.037330862769497486,-0.1535768341276249,-0.054355300445560584,-0.1384715458353485,-0.058395209014070026,-0.12621869578060219,-0.0488351845240258,-0.06450080733459496,-0.056510601266878346,-0.09449902501279794,-0.03674211217898371,-0.1785627833363872,-0.06331251031681795,-0.007090030739888231,-0.04545889803870562,-0.032755027490629196,0.015431436655012565,-0.030929026579775254,0.060203022376645876,-0.07991047228685222,-0.010468728046018061,-0.016618383328585562,0.0558785995905664
2023-10-01,-0.002573379915840057,-0.044353833753455696,0.0042451430981005345,0.09029309806867225,0.045894019747751535,-0.003393116930809903,0.012907534611678706,-0.03872407460244309,-0.054367997294265,-0.18356139927040083,0.06143861559255992,-0.0083823286683673,-0.022410096939960766,-0.009662877074980258,-0.14589199171331302,-0.032369574416880376,0.0066404965626478685,0.0071126835149568635,0.002151572507097299,0.004643206427629387,0.02997742403704562,-0.09481047814582899,-0.017520372259468786,-0.05320156567126233,-0.06367167892493697,-0.05955571862755349,-0.008043384028586509,-0.048745183213157794,-0.034614593011301764,0.00906909489383212,0.02600502892366574,0.030798313572503844,-0.08089255653768301,-0.004832379189365632,0.0035245699453838597,-0.0024314010034425237,-0.13039798334280572,0.06842060645469417,0.017476043294816446,0.01397479741263119,0.0864352179956498,0.07211145008704722,-0.0645462262774199,-0.037032380201419635,-0.08195383866999029,0.03447991188092292,-0.10772980108036467,-0.09887961155517377,0.1230029849899168,-0.06830697821590093,-0.04634054406278487,0.03908993619834078,0.017071009218476263,0.043908601557624216,-0.21983198283523286,0.06035985105434882,0.019356690403645516,-0.027038866656822425,0.021526011327085204,-0.1050960673120942
2023-11-01,0.10775978665279773,0.008534435385423755,0.06304773579383127,0.1584304921114068,0.09319728149450679,-0.04300930431981165,0.09555082726997544,0.15425995738832876,0.20452216603779672,0.1035806001345918,0.047445424779590795,-0.02253538903838148,0.07224459383521964,0.22657321776327066,-0.004295771308942875,-0.0026036085843923473,0.1275539986342693,0.048932117234718575,-0.025510762414990396,0.11625144645298491,-0.001782304434803983,0.09966052123625069,0.11443275013939225,0.06588253026290491,0.12589874202573448,0.10305879972332566,0.07266755007653991,0.04969819379731888,0.11546319986972353,0.04186793265306932,0.07947095145699468,0.06669145783164421,0.04243055353751668,0.07832019755800701,0.08241195796852008,-0.0021441869051255225,0.11360097720652806,0.11595508333078808,0.01169989405012073,0.07998606299360445,0.14087340721549246,0.0704384767266033,0.13705017202610215,0.03781843847807487,0.010442837682188788,0.022995654418361156,0.13168101722226933,0.08065151936847315,0.008449568304756738,0.15962925687455165,-0.06724916130289404,0.06324936171178397,0.12795358835892046,0.07322618323310737,0.1784636558264241,0.03199051663576036,0.08163849680794577,0.12327225782569329,-0.048395541574268286,-0.0207186486858717
2023-12-01,0.013491075346766301,0.08466169453695471,0.02077587228747646,0.04133446378766692,0.039262877066367885,0.01834293905294615,0.19173528957228925,0.09920813593248923,0.08419280805314333,0.16490714172306564,0.011862810310181438,0.004316970167120182,0.13009084980551133,0.043654067298770194,0.03798763894352852,0.09652656139574667,-0.022980219327087603,0.05029604903575624,-0.0046348271383047646,-0.011873933935530268,-0.07018051750093957,0.1316204563927017,0.04738280417098739,0.0526167016442729,0.12177658995047214,0.10025981231697578,0.06801906759499232,0.013359432513757596,0.08601781765282812,0.00834988219547661,-0.004336680974923013,-0.013833832588518113,0.11270170722614026,0.050741452502126805,0.07876526387570237,0.069078380213484,0.16154166500747813,-0.007603374074180103,0.03740489210702069,0.02942108841694635,0.02687366547590697,-0.012175806040142234,0.057262900042473586,0.009168282705780406,-0.05671437003107682,-0.04653258026230134,0.15464400692255342,0.17530693907128025,0.032124248859055626,0.11218808381790879,0.004816698579910295,-0.012189910942039361,0.1474189420582075,0.012593957484889895,0.034390133447026905,-0.045703623992532805,0.09208149037716495,0.09879052057379756,0.016217683403958905,-0.027231442950920837
2024-01-01,-0.04314458255354303,0.06857984954637342,-0.03865949837839722,-0.09839542908876275,0.021228865942428676,-0.06835385976140795,0.055539560002226374,0.010047709500148105,-0.04728164351869513,0.020193419254360023,0.0607559717531867,-0.036856132578302336,0.051378054879982926,0.06598872524568655,-0.011666175851013705,-0.015855109124339073,0.061842233384428624,-0.012547527736227693,-0.05315022748702436,0.029822035708868988,-0.030832750810597442,-0.06641205493320212,0.03684329740309966,0.0029308160067289535,-0.004572606306640026,0.018327388584073567,-0.03617161546311998,0.013686594546364894,0.030882998312296905,0.009457916638414332,-0.014420197604479768,0.10214592522153954,-0.03959528808447388,-0.012864598569240826,0.09732181732890854,0.10243936908739215,-0.056872745279962444,0.05570070888216794,-0.03535590628287899,-0.18179007076873743,0.14723157499195194,-0.06704073615577144,0.21705920755938646,-0.0077430110293761345,-0.04629636967156259,0.07613429398874239,-0.05085912675549409,-0.07419379038345841,0.0796954047466123,-0.02440555135160949,-0.06633366221255299,-0.00859373424172194,-0.028659671928384256,0.06899284999893585,-0.28270416031167045,-0.028377651284307248,-0.006904278365907679,0.01931637846874068,0.04708219288311799,0.027912517658893243
2024-02-01,-0.01871724671348929,0.06846554885715417,0.09782718324138173,0.016273643970383667,0.130078261099845,-0.08855206710344277,0.09722673548923932,0.021903645206597044,0.04671484681392002,0.10620608517272512,0.027180750752254568,0.013079757494629973,0.06962295578984978,0.09408370720800452,0.04144548934392667,-0.07524998069017563,0.14987295320404836,-0.03135154626996162,0.005870783056441731,0.07361189491573938,0.029159914880886095,-0.04852557077193875,0.1695662519518777,-0.011775157283814508,0.020100642216873688,0.07542067195798197,-0.012125395760166136,0.023050839320305272,0.06494693705608778,0.008869505136074984,0.10315481538870053,0.15652344569235233,0.12288599434234371,0.004169367674025537,0.22922534992481314,0.051396780377087836,-0.013850602718316729,0.04144737093703732,-0.051353436586492496,-0.09922995396595846,0.06653525940592608,0.023363358195156003,0.2513883475969454,-0.011507461604050029,-0.019389147893276615,0.011389757795361,0.05063401604662676,0.002398349194795202,-0.009479442509085168,0.08918093970864849,-0.0019460908288668755,-0.022667767140284845,0.06649376699780252,-0.04391246388207648,0.07501530376444787,-0.03609120930619625,0.04437755012386013,0.10938613358717042,0.062058159129671164,0.025746633300827604
2024-03-01,-0.05264826412003032,0.033788044436964704,0.010625130831926732,-0.0064069282518604,0.0202729146215761,0.04186843992910738,0.023230607832225303,0.09393975535618582,0.033372831351154986,0.09278614354227521,0.03998950641478327,0.1230805743600456,-0.01525228317676497,-0.023745112815838354,0.03700217170852316,0.12162154935286651,0.09222562488295782,0.05177779954535744,0.11055413102612643,-0.07411143139228926,0.057800363222409334,0.2179993535474516,0.1122651491444131,0.08623478340066981,0.07103174039783688,0.013788296004437761,0.03228148952071663,-0.01996490147108787,0.073747263255723,0.027109445610568272,0.036904456014382525,0.03170719009847911,0.05677731773472594,-0.03598237427388451,-0.009326651605285008,0.043378724979735495,0.09018316586501918,0.016971455346741493,0.14669412168928586,0.14490332392496708,0.0072878138964815875,-0.09706931172792999,0.13293972814564725,0.05683904124844563,0.04382939867821367,0.020611649707583446,-0.01578240628446803,0.031909690567021975,0.08402391581772317,0.045049978278934866,0.12582023037387335,0.06463137694866283,0.0677188465318368,0.03881174258360032,-0.1383834230395129,0.006160428311281052,-0.031066295687765866,0.041749757308713775,0.029668561906066593,0.10627843783459223
2024-04-01,-0.006728824883750484,-0.10372109572793686,-0.0008133511924279802,-0.13231811207742883,-0.030279789883636887,-0.024781480926504784,-0.019149994131844927,-0.024290345218163534,-0.09963274882111417,-0.08732254267784345,0.02633651092541811,-0.013127890018134636,-0.01176626948941184,-0.11321959400715809,0.022131707465971928,-0.04820483821136268,-0.096536719095492,0.015900149368286876,0.0397558420543529,-0.14895618183997694,0.0002663040281398743,0.06320989271733168,0.14599268871191384,0.07558345609253792,0.021365065415075435,-0.137800929700723,-0.06293850052601613,-0.08989480083337309,-0.037859782010823295,0.009597432160813213,-0.051619701555424946,0.004028009818503264,-0.10613375595356977,-0.032111517137179746,-0.12116351232261913,-0.020906732956230023,-0.0266972020221381,-0.07754011667947402,0.046768845788504265,0.12568796271968452,-0.09799110567566682,-0.01847128296320566,-0.04474639264049962,0.0051295604725396515,-0.07986236738611563,0.01227428231066341,-0.2437623435388634,-0.11152358839189436,0.04009568200580471,-0.14779373174819366,-0.14356429299609674,0.02423697461670571,-0.10757107585347114,-0.024929858028693186,0.041724968865666234,-0.022486626814581356,-0.03631181024721286,0.023193320221200686,-0.013721765916193007,0.017313211871756273
2024-05-01,0.12241428577251146,-0.008645240186633707,0.05765025991048045,0.13185413062027163,0.008194915150258275,0.12085324304758416,0.021515976255050973,0.07744130916388947,0.022782576057459814,0.011736951704120813,0.011250684325647242,-0.06920035917911793,0.11362752580426605,-0.1372887817812165,0.016413803832834084,-0.04346972368468638,-0.06690564986645864,0.06259792302685607,-0.059079080821001995,0.07577576522053953,0.009164753381951662,0.054362416911116984,0.020308889703993138,0.05799763231615351,0.0735613554198773,0.00887054179722302,0.05319823262275225,0.02233391094334891,0.05524140034243796,0.01860507855385407,-0.012413411349390557,0.0507189095723799,-0.029827719274561737,-0.05321505333883625,0.08178461021548156,-0.02889194358278324,0.07423382988140137,0.06596651229411243,0.17803198044423763,0.031487415706863864,0.15291504496331498,0.029792357554078386,0.2381274168318397,-0.017259271486146588,0.1270972334186622,0.008177194053449632,0.07946192636448313,0.05394354380923705,0.06611269836934675,0.016150482676162703,-0.034061269937146754,0.09560130917148069,0.0739096394881269,0.07579788660290321,-0.028782133675484545,0.023840195728553226,-0.012782330108494833,0.01579638126188687,0.10601489914263507,-0.0004868594753641986
2024-06-01,0.09125893640129945,0.06180601126179486,-0.028205735252294417,0.00129431207042785,0.09100379839375883,-0.03297124368730486,0.1925363436574976,0.0005471547391349141,0.026183597160680527,-0.01614056396561736,0.042954038215348156,-0.01819337867431603,0.04832620298160162,0.09226551376850178,-0.03690172046995244,0.000889219568360744,-0.045480277519080126,-0.03278010230997097,0.010542274198170887,-0.008397235053021035,-0.08153074178892439,-0.08156111847132497,-0.03807813086728995,0.05558024407219797,-0.00924265580709438,0.02759668224583578,0.0546164303738923,-0.0034832894849774476,-0.0018277879320622858,0.019105817370044242,0.010731310818339779,0.09863571802215976,-0.0037578850605921588,-0.009296051805554484,0.07804004129606046,-0.007992427802153479,-0.006665745960863667,0.07385501621728974,-0.11581981180957968,0.0043155767862095296,0.050538613826379475,-0.2280933459522343,0.11950873861656586,-0.03933808679685491,-0.024012510826671996,0.0023068387516458344,0.024923920709668757,0.060220324021819316,-0.07130772110323402,-0.017834125497836695,0.03407809817758656,-0.032594337208644575,0.016324079190734864,0.04769197234732703,0.10542791322569389,0.0318869944557818,-0.028580979437922593,-0.00888440510533517,0.029222164096708525,-0.018418553128813464
2024-07-01,0.05298214453922245,0.0865283079820598,0.11181334336508719,0.12562925696536809,-0.03298305105419086,0.029110150148286884,0.0007904680060351055,0.01348667707073492,0.10730204987552394,0.042638289566985677,0.027002493200557254,-0.028195810402747767,-0.03206142473230589,0.008145865351320225,0.025562141367459823,-0.0044258898292044435,-0.053450444663889485,0.08635422996590947,0.014304610179852517,0.04350208239845976,0.07216629437780586,-0.06496177325930308,0.0699498510255232,-0.060014097861052385,0.11811706663752197,0.06717862477873116,-0.042034522730580726,0.07694334575940243,0.056324561592524525,0.04740514736937662,0.03292873381733319,-0.11841962697286856,0.11245876430557811,0.040602220064298145,-0.060055904889108724,-0.09012975971269999,0.06905281351200276,-0.06612844176908883,0.07585162896599762,0.1586781913016626,-0.07143756042504634,-0.006789757042798605,-0.05422028782112065,0.04586093636653832,0.10156168408245225,-0.019551636761938163,0.11541580218781711,0.02834483272978261,0.15729039051211302,0.16168088710502282,0.02325429779551591,0.07390527247857381,0.010745653219426998,0.022197112768328253,0.1593782708199214,0.12342661450622039,0.08660987317864155,-0.0008421984107629399,0.01364152215197123,0.02969701231911248
2024-08-01,0.03184104556881273,0.05761098086638761,0.03079146568992641,0.01646957289655404,-0.04641303519364737,0.05529340614921985,0.01323057031997621,0.010856020661055954,0.028467157106689456,0.02819501850380224,0.07110790173661652,0.03023176562697394,0.08215162662409536,-0.023061552453290446,-0.07010297590319237,0.03632335744706516,-0.03596852021649344,0.05121969496040357,0.0158050128027849,0.05947505992947644,0.03383341036019205,-0.025199347852937315,0.025638106264910476,-0.04873762442928431,0.008292451878888052,0.006978495354989178,0.020772462135619563,0.057060236915775775,0.054858395650703606,0.08236823096754264,0.053138349956296516,0.17841544284946576,0.012105281156605585,0.08401165265291866,0.09338809696269657,0.045953353828469545,0.0038682379174126424,-0.0010956338730174764,0.05898543435299697,0.08437551633058638,0.10990975813370252,0.10706902829694442,0.01988319952667794,0.0012156883851082156,-0.05139676889813316,0.06490391292568365,0.013944377343423575,0.14973813836698024,0.05392863384898661,0.05359031399020875,-0.09326225718854442,0.04217764582242722,0.08677783566553288,0.033208662378339415,-0.08054917735332179,0.024076109281858216,0.04254063764022664,-0.007159417547204505,0.12075908541179547,0.0025226302785732457
2024-09-01,0.017316482857045123,0.005942178055503788,0.02287158059270844,0.03723443960967732,0.04293070384657316,0.06554658476015796,0.06103567199156057,-0.020109981585473946,0.05744245702940187,0.09380263298189906,-0.025582919704105755,-0.07773113706841706,-0.006588437359151378,0.08064374565240051,-0.0046065535915902345,0.08223662319309533,0.06230242757450366,0.011777681593261313,-0.04680107194671468,0.06188998947905766,0.0625839394466956,0.11988865817417294,0.07839006395252657,0.016331081569266104,-0.03012097127958402,0.09494014159762987,-0.005788511923511486,-0.023177377447239245,-0.06401679901587087,-0.0016206391727768832,2.578351618165442e-05,-0.08030493588693233,0.08612217097485164,0.059256389280024635,0.09451650702408276,-0.03549144486481115,0.006062048117198238,0.031060677392351188,0.048725254580443966,0.005979135252001111,0.01122922000553217,0.06363396976120406,0.01727798752319032,-0.008919427497988686,-0.002415731330815518,0.009630598613060037,-0.004708257306965891,0.06535830180523394,-0.017832789777940228,0.03275761634107699,-0.04095990806718541,0.04282001509950284,0.02247003256492519,0.10032278384132232,0.20044140606831817,-0.00585716059394592,-0.03824810607515339,-0.034450232635477196,0.04456977688129449,-0.006123545102751038
2024-10-01,-0.03090169579845181,0.03979920515202284,-0.03824649640275535,-0.0780746581302516,0.000375564441041476,0.048022345616885787,-0.015952636775969253,0.05252749031261361,0.0326569898062008,-0.035306923469064166,-0.09737126865668078,0.03966632142122872,-0.014017278164448754,0.06252479521356857,0.010469950152297791,-0.03075589023974068,0.0001038865501374886,-0.0002602671386444655,-0.0007511967717617196,0.022777490738149275,-0.03131128556835616,-0.10024011431693003,-0.09330780803246874,0.03122298403461965,0.04478984113537443,-0.028664574080671912,-0.004995288472900761,-0.013668104200928788,0.05723206090067556,-0.09557474058569326,-0.044401218126816744,-0.06553692368768882,-0.02963623616165645,-0.041573479288045334,-0.008526245459096415,-0.10422622893579891,0.11692232145695414,-0.057267599423722615,-0.06449920950321353,-0.16235397629698367,0.06384471632164779,-0.13637979036782077,0.08912273732248721,-0.023623059890197418,-0.02236300410273495,-0.04154896319844337,-0.11164492273360338,-0.10055667634172671,-0.0014041183595647766,-0.06187509443748951,-0.04585046224030265,0.00938140827067091,0.0005914138440310523,0.03700686666430064,-0.0460705483511159,-0.035124263089096885,-0.060241754980300044,0.13909201998018927,0.014751359658959018,-0.0037607755138910903
2024-11-01,0.05041446125473392,-0.10837898646677147,0.02087903762441723,-0.021489954333338446,0.10911422121577985,0.07384793984071081,-0.046354562387269205,0.1275653924521798,0.0416961408367138,0.07650302104985585,0.03068441784687792,-0.0040517491890783575,0.1072737811142721,0.12446830662331365,0.09457560215364946,0.1408496014239553,0.19975361980470918,0.02481053606695216,0.0886090039483518,0.08245780151383375,0.016620535512044565,-0.01838200325835837,0.05867090218597948,-0.012703990632211948,0.16154227650891606,0.09129586643757648,0.12932727972306157,-0.02281701620048171,0.11802327934360779,-0.011456716699375313,0.010554614296853337,-0.040675240281553116,0.039686408925423855,0.013262791598491752,0.011805188074699657,-0.006667921433376911,0.12410008981558374,0.043243785029438264,-0.0006660223429602041,-0.074218021542519,0.15954973547363505,0.02103990517374843,0.04052064906787756,-0.015962359580440122,-0.061307695339841484,0.08180149238114964,0.03343503414669158,0.05610603819495985,0.012230577275901489,0.10410418599753068,0.09219705282105961,-0.012871099366747352,0.08215108681891703,0.02713505472383293,0.3231473260310631,0.07784641638205425,0.0528304995106712,0.16555746017395645,0.12109927450905733,0.01823734240562036
2024-12-01,0.0536879854199821,-0.029006903212416724,-0.07948356787387922,-0.12176590646752494,0.05384187444584221,-0.14210955442559836,0.3606331284493729,-0.07234029474195358,0.007195718406562968,-0.11288263775265506,-0.06101927164079779,-0.08843873051179152,-0.058921225208409034,0.01420660368605109,-0.11153436116708892,-0.0911229858975382,-0.049083315532660876,-0.08288029430956279,-0.08353812362785007,-0.04011190217674354,-0.04975117768477055,-0.14903565461737145,-0.08652217385103,0.1148757384738639,-0.0559478374109057,-0.09820641249642481,-0.03068983562942229,-0.06938001906444491,-0.040910394405446304,-0.028813259645128042,-0.09326489442437946,-0.029797653893546716,-0.09880344509816652,-0.014894104766574934,0.02010262998074097,-0.013507706320329937,-0.04578596323122586,-0.004639404435526018,-0.09291073547471118,-0.11939363488203059,0.005072801049340825,-0.035059335620291066,-0.02899315180379336,-0.0637533058531492,0.012135175621646788,-0.06695871983677382,-0.0910108655340709,-0.14103618590735323,-0.05145313813985375,-0.1562034668432366,-0.13001122224426487,-0.07948198106664428,-0.0525560008721353,-0.016982861288923345,0.15701066259457885,-0.1836986397992053,-0.06459487756428661,-0.0810494784112965,-0.02130442076425787,-0.09220378488405245
