Date,AAPL,MSFT,NVDA,AVGO,CRM,JPM,BAC,GS,MS,BLK,WFC,JNJ,UNH,LLY,ABBV,MRK,PFE,AMZN,TSLA,HD,MCD,NKE,LOW,CAT,HON,UNP,RTX,GE,DE,GOOGL,META,DIS,NFLX,T,PG,KO,PEP,WMT,COST,CL,XOM,CVX,COP,SLB,EOG,NEE,DUK,SO,AEP,EXC,PLD,AMT,EQIX,SPG,PSA,LIN,APD,NEM,FCX,SHW
2013-02-01,26.00033298081652,25.832655438086984,22.678437578058972,23.193243571120515,24.25392516500358,25.244932191896293,24.849115454987228,24.258024845310672,23.9662517819455,24.005811928511083,25.03058920106564,25.559462538711724,24.389360969308097,24.33904727807475,24.377648199009233,24.919366146896685,25.16473143266479,25.680071751780975,22.888975773592424,24.633032264059267,24.589024818961366,24.029988684739955,23.549787570564046,24.14123551340278,24.130296772270263,24.13429535831958,24.751884214090985,25.25208797406935,23.641372670106062,25.481388151591386,24.80716084728913,25.156410373512045,23.149290244229267,25.03459258733625,25.526183613060006,25.427056061138483,24.95772645411408,25.69586107023825,24.287685276184007,24.239585967097977,26.099893324468606,25.617211824674893,24.52950337184258,25.128077541172956,23.894944309930825,23.982750065540984,24.154073688418297,24.085163266449367,23.47395674973175,23.34902475191894,23.92063883354683,24.00680811665737,23.45404506801973,23.980322665583174,23.498139239639944,24.432199694963984,23.275386873981226,24.185875127253396,24.30635287789018,23.180437117770992
2013-03-01,26.00899478146283,25.869621058470823,22.69789228123899,23.241727253924132,24.309161040156926,25.21463328033473,24.931220708745197,24.243835158512127,23.9428403185527,24.074824293219383,25.083605738344897,25.636221679834,24.457343098489442,24.386424638347826,24.47708687750585,24.953189532696715,25.217739858698334,25.68843716800712,22.973183911806114,24.65154607183585,24.63581898475262,24.114101179815535,23.543740068220753,24.08099655835042,24.208362834638386,24.177416549570857,24.789158270574408,25.255921647434306,23.620084028359877,25.472600183998864,24.743918089292503,25.19609592004682,23.155650297534063,25.056081296373428,25.537668883147973,25.47051903990357,25.007990355015643,25.751503448609196,24.336839040697733,24.270561153905728,26.112495468521228,25.63912164566872,24.57725737915182,25.09315914946672,23.913543762614445,24.069663444012278,24.212245621556242,24.126722438588374,23.52306230555488,23.472497854527862,23.946996062911147,23.998006127470248,23.476296138536426,23.98549072215916,23.505453456397813,24.418752562521117,23.284380328792682,24.224818999259366,24.34265344418368,23.227765725704614
2013-04-01,26.009265595795522,26.01539822115469,22.768598333561066,23.130220173945833,24.22527132794911,25.24677015670062,24.941837407025517,24.236468719246616,23.950545187711793,24.118577002040773,25.110017887532553,25.680603794343977,24.507665880275532,24.36128312015926,24.598622688118294,25.024205297784864,25.22499051298704,25.639686418306734,23.327295442633815,24.706924807658357,24.66009821667491,24.189007490290205,23.556839452400805,24.054194574966015,24.18404851333658,24.215648230381017,24.76598692648826,25.21936162658322,23.663858596443514,25.51013969065563,24.826063629098964,25.29715136790177,23.288025244905953,25.07685063765551,25.533898521414404,25.523408716542928,25.049585655181378,25.795827958679556,24.358467580162667,24.28218565582859,26.09998850097175,25.665615084501415,24.583064218876604,25.0869976451315,23.8580787785382,24.124150682773003,24.24756986908161,24.154259212973052,23.579043176832432,23.55672631649462,24.002218156055914,24.08593846193026,23.466026636621965,24.101534577841825,23.59375705159145,24.448524809861468,23.29065025255825,23.978817210771922,24.258548947596815,23.308604922474373
2013-05-01,26.024839925614646,26.06835167341317,22.818183932778712,23.296190456804215,24.25451586624201,25.360829868184148,25.04589703305037,24.34047299862782,24.109286315131747,24.16513117947401,25.175493804099307,25.668207579817935,24.551733010258285,24.320371081878235,24.532072039958447,25.017801494825402,25.159603276040674,25.69855504286365,23.921012126702806,24.77681634182932,24.604021762238705,24.158029615632746,23.652752908591648,24.073854818800573,24.248807844067763,24.259676962530058,24.80476942759763,25.264535311717346,23.639028803541287,25.565171971197238,24.694639144275236,25.30096329940305,23.33406350237046,25.02443417708886,25.541088266119832,25.46654207747283,25.02875681238753,25.758067674474148,24.369473692030663,24.256201625475086,26.116482694295097,25.671661993332663,24.59767983401324,25.06800855958938,23.92302054361852,24.042786675790335,24.13106592275832,24.06019254312628,23.463542392273787,23.377014056529564,23.962091124196924,24.013242396550044,23.411014340855058,24.033993058093525,23.51037553835242,24.448786939178596,23.372849220694228,24.03522081711404,24.28805272176792,23.337775159603865
2013-06-01,25.905541609957528,26.064970592491388,22.79308346051443,23.286870919373143,24.151331596213318,25.3273010868881,24.985547325928056,24.274471768945794,24.05085510945999,24.081694887301662,25.200937235144536,25.695457289046637,24.59623337194106,24.250075444141267,24.499938204005467,25.012433939168666,25.196147157644038,25.729605793420617,24.014684290000847,24.761573086826907,24.63667767130531,24.19360734177238,23.623597718592574,24.03451363092944,24.265106536208386,24.261859458698442,24.78949234347173,25.258944625170088,23.569387759049,25.575619825921862,24.716171483386802,25.302072514301592,23.26470737834488,25.03608390699324,25.54408074242371,25.4695379327951,25.041306022455636,25.75936001516738,24.380798667025793,24.246647267254172,26.122049204380243,25.64310603794023,24.59420685551857,25.04907158176076,23.942807944180366,24.12617756520711,24.150216236484063,24.07607279920086,23.450224160743453,23.370936870783947,23.895930126319,23.95137284048057,23.318424806604153,23.987883508447815,23.52040435549563,24.456020649689783,23.342305953811323,23.900188123938747,24.170631947734638,23.274992115439947
2013-07-01,26.037644192354225,25.983575786325297,22.821175026803367,23.273820734316146,24.287511298376288,25.381497641200177,25.113195854340564,24.355587205868314,24.158627624535146,24.181280696816827,25.253561991437845,25.780700707968794,24.70728712975546,24.328174344102997,24.59538023831199,25.057936271870208,25.238780795620258,25.810941328431053,24.238423812327138,24.78645359359962,24.627341153613116,24.181600738716003,23.709753406560967,24.039592285658287,24.309963844024537,24.28941233583095,24.916912635539003,25.316531220944,23.59774529114134,25.58396773192021,25.10760492732713,25.325547613395266,23.411556315051882,25.032404976067077,25.586174460954638,25.475678023799137,25.069459162804144,25.804634549270073,24.440907107844833,24.29069656938156,26.1589901851432,25.70495284903667,24.663794742618244,25.17994878377793,24.042540860136302,24.1872354132085,24.20076809926933,24.092033427917002,23.48468357028578,23.361501157813777,23.9199123000179,23.92193096008533,23.28892297264365,24.00134380639068,23.566260032962262,24.50376173166761,23.520655087464775,23.91217021509271,24.2388794500658,23.261136673013933
2013-08-01,26.11150558156657,26.031408112060305,22.84241597750575,23.322506664567342,24.40348951392532,25.290812392596727,25.079766352022336,24.280273104050227,24.10567301166744,24.101426957892684,25.196322672817672,25.701842745714075,24.69193345774466,24.295447275561752,24.53934803687086,25.03949852313126,25.211383988139335,25.741383919476913,24.46839545471111,24.72729107138708,24.58867525676231,24.18001034673089,23.741262838005806,24.042066231763698,24.26800140043328,24.257051478855338,24.863708097038508,25.264740973910456,23.604583942174024,25.536860211945466,25.222727648582893,25.264642695194873,23.561080194783404,25.007487987661644,25.563165092428004,25.427112644848314,25.022779297547096,25.738880455838054,24.392486847464575,24.260789743023267,26.086103948913586,25.660612714127712,24.69633357683256,25.17514206442832,24.120297648343936,24.112337172657508,24.121664349135553,24.01751349545913,23.40500066843531,23.358226601070616,23.835079192681803,23.90339626977355,23.257143529468856,23.90686387011184,23.524252087104383,24.480441600765065,23.458960097509514,23.969495254529193,24.316633837176525,23.250922284358193
2013-09-01,26.09636324000534,26.03483078138625,22.900905621224478,23.434648020748476,24.458531140865748,25.313509161861592,25.056842596658335,24.322729998695277,24.15083324800894,24.146727491558824,25.208984639516572,25.712583606376047,24.690119594909273,24.2835172436255,24.587902998410968,25.046242796165544,25.22964901566766,25.848152809161146,24.60310207493475,24.74538380120043,24.61613800694139,24.328571557569663,23.779584969152644,24.052431371902404,24.31569863135942,24.273863404087958,24.943023381921638,25.296638258368354,23.57731406176423,25.57054110062416,25.418719724422758,25.323069736704078,23.646443602818355,25.00719263773081,25.533191164935722,25.41922375957651,25.019890489343165,25.758273798857957,24.424156280204826,24.286929531219872,26.080058896552224,25.67768562978301,24.74361435732507,25.2666965717768,24.195287621409918,24.11801771034158,24.150566774400104,24.0182566815097,23.428527952909814,23.339984012683697,23.90043294026499,23.9680332829808,23.31261539353765,23.931997336452103,23.574579053323074,24.50409480350777,23.501417525716448,23.846742428586378,24.4070587167453,23.30894835935924
2013-10-01,26.188378362952445,26.096868752167254,22.876839504803563,23.493634078388197,24.486081171657364,25.310602987113658,25.069788686058686,24.33934087159014,24.2147916108966,24.252491156324588,25.24160281305419,25.77864268591833,24.645967547922083,24.273332546549252,24.66779104453697,25.000832653362735,25.295643912054675,26.00033672072869,24.413295479621723,24.777172799007943,24.619354330187605,24.370626954975883,23.824155231852114,24.051951956217515,24.35917603497716,24.248172388000153,24.928355049864095,25.394317184450692,23.588871502646903,25.733154712658244,25.418321557638286,25.38470625826483,23.688463948085943,25.075199494869207,25.599225183327384,25.47011835107232,25.083128612245662,25.7953026864971,24.44843186274935,24.37454529379277,26.120824915664397,25.664929728243678,24.797113664314285,25.325588163458093,24.247761459061348,24.17369846864066,24.222072750100473,24.011678580040037,23.505959249556607,23.302165152909858,23.968034993056104,24.039784680446747,23.18253947644824,23.973749709408903,23.62173656418902,24.545966259052022,23.530543431627258,23.82429351616424,24.512540044216774,23.340395233961544
2013-11-01,26.250265140395843,26.17087572996675,22.903473093697098,23.478105717546395,24.46199266977158,25.422488749988926,25.19415115753062,24.38834996153033,24.3021955631832,24.258919635316317,25.272282165228376,25.800536764515428,24.733174610221766,24.281329247717284,24.676757638410013,25.100789462165956,25.32897006032431,26.07848640674938,24.184886074631585,24.812242259818007,24.628122307345073,24.41427485526773,23.780634540212834,24.073696721254674,24.379491919101994,24.316090557349035,24.97082813896637,25.414014760814936,23.617775524668723,25.76091484785416,25.352467625357242,25.412739437251638,23.81450961955038,25.065148926212515,25.64908759403671,25.485665043400324,25.087518751306497,25.849321877957408,24.509495123762395,24.396468366886612,26.162994160214335,25.685392696248282,24.799798448851472,25.26737511113912,24.17071770171251,24.171808806809867,24.197086952459266,24.01698453303967,23.51064472242715,23.243356728684503,23.916148030702235,24.019671789924978,23.179122910289603,23.942867382638283,23.532397684904776,24.558318559012132,23.528891020366547,23.730925635977698,24.464146461952588,23.31360316699577
2013-12-01,26.26494891721949,26.1593679119522,22.935441522182497,23.645486591593986,24.51980166549131,25.444270018465335,25.178222032490993,24.43970220269118,24.30411068692596,24.3087171975299,25.31021224298892,25.77452447245107,24.744123993567005,24.306578316459575,24.76292602118768,25.105194772274142,25.301399503646795,26.091535445365075,24.351994615528845,24.832732787706533,24.632906768055395,24.407936388877957,23.823308206171962,24.144531891565197,24.41638020371918,24.357074363312787,25.002508761057193,25.464125902795594,23.698584873020565,25.816995174714677,25.50305651059706,25.492542094524634,23.82096761959552,25.063727903652712,25.615153760176028,25.52013224069881,25.06935864292443,25.820265298960457,24.459573548963483,24.38730945510618,26.249126129239606,25.713726993424896,24.76982097766114,25.28630822242549,24.187783495349738,24.19160692590043,24.19435033541513,24.02872951482481,23.514616061305937,23.272102343801507,23.889971353138726,24.045690071926053,23.278272027252296,23.966207880520145,23.518018919492405,24.587740576980522,23.555636562064528,23.655670530694245,24.548415478216146,23.318881490427422
2014-01-01,26.15099963015441,26.17079621989277,22.915264073367222,23.682906269372204,24.61215884020252,25.389442510518165,25.2519179959597,24.362682760127356,24.24330666750763,24.256836501675973,25.308889856071378,25.739865668733227,24.706995928199433,24.363921725345413,24.69272803657336,25.170927234953684,25.293862085845984,25.985558933494936,24.539256329312654,24.768631828992646,24.60298866805015,24.334587394817735,23.75525159148638,24.178099183350415,24.414847167063595,24.393543604860643,25.004439983553237,25.362971393786363,23.643600066095377,25.869368940377036,25.63839312718882,25.45393230905749,23.926944484347853,25.009976769205387,25.554513817127326,25.43186604867656,25.044558808125384,25.77376556640796,24.40199009152435,24.32433383138968,26.155553944580127,25.601322881746267,24.68569990667976,25.26126168206742,24.17217123908645,24.262715386129592,24.217412201633532,24.03188691619701,23.55795101995355,23.329220344653944,23.94554039614334,24.062616881569873,23.321019748744792,23.983667399338433,23.573010313807735,24.55088755336627,23.50067566832745,23.599994699877076,24.39616187470302,23.317572636416145
2014-02-01,26.20095006615327,26.18314062035843,23.072866436180462,23.80442378851572,24.642104132709726,25.42199272446462,25.23869671710119,24.37677962187914,24.287752944163113,24.271275357003777,25.33243060481173,25.780294258006737,24.773754238553472,24.46257629143121,24.734174439938418,25.24407765484071,25.34858669521473,25.995020833746747,24.838979113965785,24.833861940225475,24.613341270056527,24.40673222685659,23.836691660544993,24.21667807355677,24.449428052549013,24.428175853540413,25.03041104429785,25.376410766646575,23.643251351612548,25.89831188117355,25.728356849272448,25.560930255999534,24.011911968055102,24.984944867146634,25.588326760712228,25.441863295719212,25.04094348447317,25.774033517295994,24.440745347497366,24.355394873118637,26.19918426851365,25.63393044710352,24.70928508040289,25.321422597877646,24.309854725872377,24.25682370437382,24.2210866496105,24.07092287050074,23.586031202106472,23.37669572400128,24.00634690200617,24.06988507324335,23.346396933630494,24.024479402572467,23.642912383592147,24.595193047894778,23.64381457420466,23.67403621516863,24.411311469690258,23.407381615895577
2014-03-01,26.22667436981156,26.258228537871236,23.051467753599137,23.847408693892902,24.55364872613834,25.488212768379835,25.27842923768233,24.364406198602556,24.2996943636476,24.30240933798944,25.40823328502573,25.851683849233737,24.83304578988541,24.458943992880805,24.743753513292432,25.24020938149173,25.357202515931853,25.921312217679795,24.678195871976207,24.797868404195885,24.651643393682694,24.35142080847795,23.81384584971636,24.241126690974315,24.436289799030206,24.472847276016584,25.03410869530311,25.401465219755814,23.698377786223585,25.81144767728594,25.6004438184003,25.551730969791997,23.776139259268398,25.07874499460656,25.612690882271522,25.45383312502173,25.0828888372678,25.796929173378057,24.39861921506727,24.387347631106934,26.220782273407526,25.673343167448117,24.776201421265302,25.373116811318052,24.34486954380463,24.31001275384731,24.23687269222382,24.10777975125404,23.605634911225938,23.48583467140049,23.997568167799123,24.074783494639693,23.31907434206319,24.049024475839634,23.639890126519717,24.59978442859505,23.62484250816609,23.681745288839686,24.42501262236,23.393304054692408
2014-04-01,26.321435468464294,26.243730009312973,23.082256366402685,23.83744674487543,24.45350990554767,25.407098995949312,25.151458040863922,24.339503469118377,24.291964312327238,24.264900477346135,25.40622077285394,25.88235994442795,24.748076172974635,24.463013490126382,24.7568957996566,25.279028615669255,25.330702182430564,25.820555687347856,24.675505750088057,24.80839476166419,24.685245766253253,24.339023168173956,23.750751574636052,24.300038575408138,24.437798406908772,24.48750008450211,25.04678049706792,25.439362710365398,23.731757160496162,25.769466657528774,25.59277834711686,25.542572155192854,23.687098600800997,25.096549175431882,25.636596309429137,25.515356679905135,25.118160072977403,25.845379384345676,24.433809729715758,24.424122628952787,26.268069820704,25.72744181380293,24.830964117530613,25.413816262710274,24.344002817551768,24.353299590654892,24.281763565716613,24.149893777551203,23.66595757110126,23.5287043736209,24.000765352030882,24.09473646195915,23.3350145123359,24.103605021346162,23.689087606893708,24.601546811787415,23.618513698741854,23.745543282907136,24.463570189575208,23.406957528632624
2014-05-01,26.391630858186044,26.257008076787894,23.110547399897744,23.944427967759044,24.47230601242338,25.40603105361236,25.151458040863922,24.33944023652604,24.292974291487855,24.277774257572943,25.428926115367858,25.88403681470454,24.80744545685034,24.47579105347529,24.808100983836255,25.267002976994398,25.276510703965958,25.847864871785628,24.67492832808395,24.81740942900265,24.68573892303003,24.391885343469283,23.779770765182676,24.275372343830558,24.440485317198032,24.53287637644129,25.02878811579234,25.43563684149538,23.708234585995907,25.835951257853495,25.64999252237793,25.599765332222805,23.947497526943565,25.10739579893358,25.623002962284733,25.518294446277434,25.146171933322794,25.807798351043544,24.436744147187508,24.445708516388304,26.249541325164373,25.705452505422542,24.90399490078337,25.43804010476088,24.421853966813078,24.32804572144535,24.234904745032562,24.104131847372248,23.657372250064974,23.578812020801106,24.022193040133775,24.1693148646523,23.391631223326986,24.125008298354714,23.67109273250943,24.614409139468503,23.639146737276366,23.66419044633491,24.463691551382443,23.430546271737935
2014-06-01,26.42448687196529,26.282431490518714,23.09063444615702,23.964045191255096,24.57084116134918,25.442257024914447,25.166535359182262,24.389485645459594,24.33950931186469,24.324860524983688,25.470534343558203,25.921651906290062,24.83372064528515,24.521935347880202,24.846202686907574,25.26683034195251,25.287070698477255,25.886248492028326,24.81938555169648,24.82646710077122,24.686941152336402,24.403324195134292,23.798915182030754,24.33646322325743,24.44324575301095,24.53402988623771,25.027121860441646,25.41641636755491,23.701410804564844,25.85847182068145,25.71111887139754,25.620149101938054,24.000560342606747,25.104289620837328,25.59539413777448,25.553124216277794,25.157541465695353,25.791577535312253,24.432361294205,24.44248661102007,26.25779863409051,25.775232554444873,24.982745700621994,25.5635252817085,24.52127964113167,24.386772869461858,24.288663168721275,24.15154775122892,23.71123996044419,23.578002034429552,24.012023507272552,24.173212228505825,23.447119677335426,24.131400019508316,23.6651000650271,24.61893620688611,23.70876782644996,23.769813252490085,24.53317373567521,23.444474743560246
2014-07-01,26.452812856094607,26.316844428507927,23.032904652513285,23.93010542466519,24.50262273507273,25.44312441207527,25.159340303049063,24.42140034100276,24.339818457262076,24.283447140392944,25.43844262202778,25.877386860945602,24.829809780132116,24.503919804494274,24.77078566955357,25.254966032878816,25.253494450474097,25.84927167658173,24.747012875852228,24.830938676129648,24.623632655403053,24.39789355472437,23.79599353842187,24.26078922512092,24.431122546511478,24.523951525282182,24.933672021189285,25.380681176710834,23.646087211225176,25.849676311148432,25.787760665800857,25.621780581512862,23.959132893607887,25.110772977194685,25.579102160299723,25.485382264229056,25.1510172464538,25.771529520944643,24.452817684756226,24.369799464045858,26.240365303084452,25.765147601327232,24.944340728496876,25.482852630785313,24.455680209599656,24.299228958949367,24.260503842516382,24.104398056005618,23.641055569503568,23.417802252433646,24.013038646537616,24.224920256361994,23.467986422350517,24.142821381616283,23.674807746325218,24.587788147620806,23.74032304225256,23.74986330429878,24.552707833671015,23.441182915010916
2014-08-01,26.52250305844246,26.368102550613386,23.138550788213102,24.098322991822055,24.588081462873692,25.480488964995693,25.212958997157052,24.456860587470075,24.401979168394192,24.364718231817758,25.448995380221973,25.91310886260532,24.896966779462264,24.544047283535193,24.832992189520482,25.312662668695236,25.286035626848886,25.929218516976384,24.935806882400644,24.976304631641817,24.614709518765174,24.416136389005917,23.89374825735032,24.346440267935023,24.467478929015044,24.592354265556708,24.96023030347929,25.413149950363955,23.63403066849604,25.85451311599538,25.817192546689693,25.667305026051014,24.081280287967612,25.109966254212544,25.659271338020552,25.545392552677033,25.199644941133123,25.797288915699284,24.485517631992234,24.395741528807555,26.245607269284868,25.76677118868495,24.937160935105233,25.49431904470534,24.46077323232069,24.346653799085406,24.285963662052954,24.141615948985898,23.67341708090895,23.49039249728355,24.016218598586576,24.2685568152893,23.485270428839492,24.153701775402336,23.69539758974953,24.614051771502794,23.749827183049586,23.833758890864473,24.537692830473585,23.497189922952334
2014-09-01,26.51024436253932,26.394593665096885,23.090181995032935,24.156415186278597,24.56132627773947,25.493690229871014,25.270911143336033,24.48455338346734,24.409527944457693,24.363812316122992,25.464288176043762,25.947048374937317,24.891993354683205,24.572156135898073,24.87687767838173,25.298758431566352,25.292141335107576,25.8790174985846,24.83024040562475,24.957301332203286,24.634867698604445,24.546297490847305,23.90152593054364,24.249873360511618,24.449807797016522,24.62658599958633,24.94358235969627,25.39919679360663,23.608740064091524,25.864848275734882,25.87206117323624,25.65780282512133,24.02428931462609,25.117943251919375,25.666823453018377,25.56767383633246,25.206111199177254,25.816621440123395,24.519936067516777,24.40328324474606,26.196620406292595,25.6937491517659,24.877551562628607,25.42268311294576,24.356706345960557,24.306646293186212,24.307650525881655,24.124579846570597,23.65516117378705,23.52001685117841,23.933771449204357,24.216836089775445,23.45843127923948,24.127959835473384,23.64060675016421,24.594477390264743,23.72681824707334,23.672259632775486,24.42979349063894,23.50383170447042
2014-10-01,26.579733352238954,26.407239946236768,23.147581028818948,24.151403242534048,24.66774664816504,25.497666281290055,25.280419777079015,24.5189285650204,24.42046070259389,24.402028490159772,25.487536215507628,25.958150717584076,24.99296919147275,24.59472142946396,24.970991091665983,25.28316241982423,25.304910482605198,25.8249192639157,24.826193929123612,25.02343988480022,24.62341128519075,24.587693411717968,23.97929861854513,24.273622998531838,24.481516019015945,24.698035796634695,24.956752897384174,25.41499519271877,23.65837088457457,25.829316759685234,25.819462012885857,25.683856169556694,23.88564710841071,25.106527775804732,25.708113315945894,25.556479427179372,25.24576967293081,25.814002311141312,24.582193059548896,24.428416670476473,26.224510633676747,25.69901472773693,24.81874634575275,25.392433980899717,24.315787371877523,24.37199715377476,24.401780586262635,24.184813303012184,23.766175425112575,23.59078734713619,24.041912188831628,24.26109949409605,23.44143911724276,24.214093973925298,23.754509351359648,24.575795290305507,23.766383205338567,23.467309715410263,24.293852430463307,23.550970121723438
2014-11-01,26.67613718068378,26.425391718472184,23.218210675134912,24.231044356975215,24.60119525252848,25.499076321369593,25.27340241344185,24.510577760359265,24.42993445406658,24.453368819274424,25.51338117483028,25.96250223326398,25.030362202538797,24.62135015944082,25.06501432660248,25.32474376271548,25.344195625511908,25.928037991610257,24.837793730144526,25.042534510507185,24.655743470276406,24.65346102559033,24.093357828636776,24.27319164425744,24.511745545604033,24.70077997467162,24.98513150743659,25.44100051881354,23.6709172772215,25.795668406552704,25.854962662359075,25.696146269053227,23.760565449082367,25.139297188523614,25.75132318704682,25.62454847919179,25.28582223693216,25.951818793626753,24.645737761985135,24.4737425508497,26.158585195689717,25.602094259241287,24.740557281852983,25.25451984048474,24.22607495080597,24.41276292939191,24.386447913599596,24.219005815958674,23.752541539401168,23.579242690578948,24.05692517872309,24.335302795622166,23.563776836036226,24.222927043808166,23.772199980124334,24.59458724782002,23.832262091089525,23.447933608813518,24.244316533586343,23.615492205321274
2014-12-01,26.605858117078057,26.402820579607756,23.17756999468109,24.30520612966345,24.59179766915241,25.53851439385012,25.32208095863679,24.542126152300973,24.527876949008803,24.449126784739466,25.52619473461031,25.934406865382115,25.05499815691369,24.641289030208952,25.009147230258414,25.263114830986705,25.352819069483456,25.840801130202,24.743019210998675,25.097056716486676,24.63189211563627,24.621325597399117,24.1683384121156,24.17870615373954,24.525669139215825,24.72485204249597,25.034320770855476,25.3938511445292,23.69205031742628,25.761545854791798,25.859072267939144,25.714143640617024,23.746092697409566,25.087378958951454,25.75859522693137,25.57145381270814,25.22888718415447,25.932673845006356,24.645724368674774,24.467978031546767,26.18665550250157,25.641275753542093,24.784817674502385,25.248217202588314,24.28593937832484,24.437849002294318,24.428223605966927,24.25381325928633,23.81507207186205,23.612379938755232,24.074508439046937,24.274850448499237,23.561838102895592,24.237370546225534,23.757272495688472,24.603736494538158,23.835039253021616,23.474744819995106,24.10507596561777,23.689428881954772
2015-01-01,26.665469598523664,26.263274027827826,23.134250859918666,24.33131884505851,24.54237502161959,25.398064488859216,25.15875914873071,24.425020085747892,24.39021289894219,24.40565758806175,25.471843459201608,25.891119623096877,25.108545038774,24.68399327242591,24.928174942722663,25.330285951938826,25.356023989950447,25.973893385921794,24.65465392210803,25.096568382171668,24.61835383404414,24.58278963125824,24.153106674315666,24.043691097944258,24.50381501920998,24.708603897515367,25.032406394674993,25.34706371421681,23.660941840070073,25.774446138330433,25.831655739841462,25.691879447080176,24.003280261366644,25.067231035674936,25.681010128771657,25.54626922185536,25.22715032451613,25.927710039618166,24.65443409396946,24.443545365161025,26.130711706391878,25.551326291191685,24.692659690801204,25.21688327114354,24.252363663008637,24.46522513841532,24.470413951085067,24.286070653838614,23.84891287201651,23.583931892738093,24.130222791575314,24.259252043078654,23.51733043525578,24.324354556588013,23.84780549495252,24.537062092172537,23.849766214209737,23.7617450919504,23.77602458688739,23.72023744409909
2015-02-01,26.757546798640142,26.34521879763453,23.273106526477154,24.546812586492297,24.748618304925827,25.52393440308882,25.20140126890973,24.521062842172213,24.45001475798685,24.492546772463193,25.525647141445788,25.914510475487095,25.17569809316235,24.658248339333813,24.938136097449192,25.300995456511792,25.449733128266985,26.04369262848847,24.653376114551797,25.190902984262443,24.685903735556156,24.6342348427533,24.245887573287277,24.08784121479425,24.553890216471302,24.734292801626804,25.092671739061547,25.43131583902266,23.72251172345755,25.820046604060543,25.871175308932187,25.82661933739153,24.075548285091756,25.134541300175528,25.69801367896723,25.596712038763346,25.2811163243369,25.91527706992627,24.681820113780137,24.496497044723696,26.14344203928097,25.591004539206494,24.72730152041487,25.238138912946585,24.262061026009366,24.410862714778695,24.366633649965948,24.183816546859298,23.76197397064232,23.523307242998627,24.074887166859337,24.281589442866775,23.5505275363753,24.281676609599188,23.829616594587012,24.595914431199592,23.91958722086553,23.807596120564224,24.041792330694225,23.77031333953817
2015-03-01,26.729611198247348,26.27678022269762,23.224367298397045,24.5417854632788,24.710872548141417,25.51244574536716,25.174476658263448,24.514561276455012,24.447216317832744,24.477409091751863,25.52507364380785,25.90267785632974,25.215889570090972,24.70009846748512,24.905203148393394,25.282722558306958,25.47211786149258,26.02226305300722,24.57902606333654,25.180918624459732,24.679683807113282,24.669648609863536,24.24992849334537,24.05260740424649,24.573641737700736,24.634127121552698,25.058645283011238,25.394001371456017,23.6898661094393,25.80585161094142,25.911505938262597,25.83437155041942,23.944765385128143,25.077689194912622,25.659821466479595,25.53109513974659,25.246580417646065,25.895057329552333,24.747236462412786,24.475377331116782,26.110137911643662,25.5847174715233,24.691973739780252,25.235366621850183,24.283780833666142,24.42383436203186,24.353331094296983,24.161293117886704,23.747127938354108,23.52302309972251,24.09459361376963,24.229945563911023,23.588472895195466,24.316250122547665,23.82921141151227,24.538305044819186,23.887966635730013,23.614660321507596,23.909515251872815,23.770187219423118
2015-04-01,26.735380956335256,26.455981770504668,23.283276277328266,24.461851437950664,24.79701034217047,25.555734108769535,25.212084663201484,24.55853428599416,24.491607119799998,24.478053179650253,25.537858970275657,25.888663784561285,25.159217831114,24.68930372192223,25.00463594175594,25.326329114243727,25.44708712757601,26.147584326625555,24.75925287120463,25.12592151816213,24.670508069266354,24.65468578517547,24.172682574611088,24.134733807702794,24.540602794795795,24.614736319642155,25.028766002341953,25.481549864275063,23.728469294787775,25.795103739151607,25.868639419334027,25.87023534470643,24.23409004543854,25.13685345405324,25.62971692639478,25.53960526608144,25.24801665501502,25.848631905528933,24.68984507895277,24.44521885224796,26.13763851519023,25.641018012343835,24.77898521191496,25.361002324104906,24.359982137929325,24.39339002313354,24.3635678330023,24.161744386231888,23.758089578595044,23.535147475112424,24.022837871137412,24.233973702445272,23.690183397696025,24.241174760721908,23.788821368629023,24.55366874279555,23.839998394453463,23.814770070904473,24.11487605140525,23.747075213952606
2015-05-01,26.775553683893232,26.41869974965722,23.280118079575857,24.698388749696626,24.79604863570886,25.601421330764015,25.24724093608308,24.607077215706024,24.519238257057747,24.483096460835245,25.55334647118475,25.898095268106477,25.23533074606544,24.782626245192414,25.04230710852538,25.348413733535768,25.470967140266517,26.165093355877325,24.863152445406016,25.166586205724997,24.664065778057022,24.682916311060616,24.19199196107279,24.124868628315756,24.572586290516277,24.56335880164988,25.058389177680162,25.48854164800219,23.762783266440646,25.7887970213976,25.87395737031217,25.885298016565034,24.348669433790192,25.1529065039214,25.62354146363879,25.54941939570344,25.261694675631944,25.798989455489433,24.68935605493624,24.443475403150515,26.11248767216213,25.56567669633816,24.714525300451115,25.31956808045928,24.25229035729583,24.40726330567931,24.33956135081293,24.14787901073074,23.7478386353825,23.52954713616909,24.00754706324729,24.21974020996437,23.73652786402718,24.240678631805416,23.81834234658415,24.56126722699656,23.862949817616077,23.842689657358786,23.948524476017575,23.783039330770656
2015-06-01,26.741783745725495,26.365606544344985,23.189019047874663,24.590526044543648,24.752215075533616,25.631077502206445,25.278269851693743,24.622722347326487,24.53456512165149,24.42744532092798,25.565090488001346,25.878233695896434,25.250111512973778,24.846063560180326,25.051277137188954,25.281167343204928,25.443468716749422,26.176352337271723,24.930453380702165,25.16397987134334,24.663713461673268,24.746226766083204,24.148027017150405,24.118991179513547,24.555816920700813,24.51225333397984,25.009130795668245,25.462537259340067,23.798124677953172,25.77906755961228,25.95377659846543,25.918885318230817,24.400015592544467,25.18088462900023,25.621626584879184,25.50626498769382,25.229125831394327,25.759267182633113,24.635101624510202,24.422596959027636,26.096970757758847,25.510094878357236,24.689500835416048,25.267793563817072,24.239353269194698,24.37188679178837,24.28017447933303,24.118642130185364,23.696573859411778,23.464899142056037,23.94258756744663,24.225114087527725,23.688934608012968,24.201547623247354,23.769802745295866,24.533956288395743,23.792890465491638,23.68902806953585,23.894683415696676,23.738621025531796
2015-07-01,26.708302942829434,26.42175733599826,23.1810308877824,24.53295776099601,24.803580283602255,25.642377014183058,25.33055865027813,24.604744644298023,24.53585299808325,24.40523837543135,25.59366118719204,25.906059530869076,25.249408039197398,24.85820652560799,25.092390870526685,25.323781670208966,25.51621192331742,26.38751444623105,24.92255676456581,25.221007085958064,24.71286928008831,24.810753518428925,24.183092607863472,24.043213316927236,24.585574597178578,24.535264171797262,24.90849698437619,25.453159901062552,23.77864214966662,25.975869163892064,26.04550856376538,25.968951338761887,24.59724708244998,25.158680397807245,25.601747294062694,25.56056040621355,25.268210855025224,25.77396186982756,24.708183400267224,24.46172348157149,26.04782581608756,25.42363975437212,24.490728124713943,25.23343245422753,24.1134128203435,24.44247675719002,24.329894647832273,24.184000716092633,23.762326928351545,23.485998889173583,24.042071703392725,24.249167826416585,23.782489494164285,24.280424742574166,23.88586699100676,24.493499302749047,23.83928048536232,23.382134745560673,23.434300285776004,23.748534795924147
2015-08-01,26.635297858848435,26.35123400720896,23.300427951653177,24.539568357567145,24.7483301643523,25.582064595426505,25.240491654857006,24.52102196746766,24.419740818657512,24.29915728688898,25.511961357437766,25.84187365098293,25.20131774836863,24.83231502207257,24.984872479974037,25.233124861612993,25.40361510929686,26.343161868046746,24.85619051452146,25.21612467229804,24.663186862889415,24.78017453294408,24.184504406100135,24.024157018879,24.528981247941516,24.405808308907655,24.817771625552705,25.402874263064135,23.633334490623437,25.961037106985017,25.99556348027326,25.81105434067647,24.603526034228565,25.130888233208506,25.52802161962308,25.516772262554372,25.232070138842246,25.66779830945563,24.671382003224643,24.387656740449003,25.996406373983273,25.335188452295185,24.48014861137937,25.16536215118428,24.129791242092455,24.375756052871928,24.284272508807135,24.15404624313712,23.721188406639282,23.443669315861957,23.97564342725851,24.217985175839807,23.749169995133848,24.237312718151475,23.8666264908453,24.41715126332428,23.818148015311987,23.37629329567373,23.344731740957176,23.666212387242446
2015-09-01,26.61775639899514,26.374667121785745,23.39677752102088,24.531918232889954,24.749338850831847,25.532002127318478,25.19286347068508,24.44250898747235,24.330219534440086,24.28951761987757,25.480633816113684,25.842768326711692,25.20399345644533,24.85445905796504,24.847694928022992,25.146670308759813,25.385938444963063,26.341210184369547,24.85353699552403,25.207760917325295,24.708232511640656,24.875850546136558,24.1808834209658,23.867561474242358,24.486631903248025,24.443035542571675,24.79526691207893,25.418861451873884,23.53336670548651,25.94634226319919,26.00080521084582,25.81419051503239,24.495583147909443,25.112037008882602,25.545832930191082,25.536914155306746,25.246704218845487,25.676301239185445,24.705892092402628,24.397952427951804,25.993819923542006,25.321312099488477,24.45563868065081,25.05703025475201,24.05683237800018,24.374669038702955,24.3097119197831,24.19505784912241,23.77684027099905,23.418308535095736,23.999051021431463,24.171243171157585,23.76878473951777,24.269658318902476,23.91681889299266,24.379672929027404,23.72861231255511,23.31592518757973,23.251205596961814,23.530437309755143
2015-10-01,26.69786901710233,26.548062367761368,23.537332970280136,24.51989572621592,24.862003535686952,25.584401792443906,25.27027781465214,24.518613265798372,24.375829604255625,24.457750118578765,25.533542305679706,25.92183008702465,25.223451870755916,24.828801475872456,24.937962821741216,25.25662708953549,25.459864365178472,26.54229105862753,24.670877218752313,25.281029636669054,24.838599805635297,24.941869180632676,24.249701817242332,23.977973484549757,24.573467518554825,24.453611631529338,24.895885093331742,25.564667490396168,23.593956897736245,26.09054145397859,26.126785794659437,25.921173957226944,24.543976645362022,25.140182355481706,25.60572142290411,25.59963383930828,25.334784403341054,25.551631657906576,24.795482674703315,24.442486166831774,26.100739799503273,25.462924210262905,24.562145162869225,25.182116397015943,24.221717470169175,24.425726592126292,24.303156925233033,24.20396652974229,23.773139939964846,23.356504848052445,24.103613950244707,24.326455736280202,23.85050305237154,24.361836396407497,24.006235339170498,24.47338343688543,23.820686402958454,23.50892583566213,23.44566493817412,23.71086427823669
2015-11-01,26.687776220498314,26.580030595683574,23.64894805024638,24.57764503905005,24.887163748629135,25.62871499247502,25.308283050431896,24.531963765723855,24.420041728711183,24.490588552756797,25.551118717806187,25.92390635104395,25.179451517528133,24.83454657217525,24.923359547976442,25.225975284037247,25.428325530231692,26.602586736295606,24.777705804662737,25.36060006005373,24.85547242422169,24.95136382564584,24.29038914107282,23.984418076157848,24.579933659422917,24.39127139044997,24.871611996671362,25.59932960636659,23.61388488967039,26.124485714487882,26.14880317139881,25.91879707884509,24.673196752194748,25.163803850077276,25.594300645813526,25.605989344211817,25.314719443295314,25.57920072326497,24.81613768022081,24.438019515957585,26.087600620011372,25.467754048035893,24.588614049530577,25.169109903270357,24.1950959792719,24.398073355367433,24.249851469281488,24.191472397306605,23.761778204820768,23.334414706107975,24.104081882875423,24.29818117895946,23.889294619785236,24.283281793060134,24.051395709187332,24.48865922132138,23.805534439786662,23.45345868298643,23.08567489851864,23.744907096270964
2015-12-01,26.575257153822168,26.607326370929616,23.691085338348778,24.6844226710494,24.87084360502963,25.61891874227325,25.27325302344655,24.48248672719666,24.344677165710166,24.424677924661278,25.544447757599297,25.94576388223846,25.222262356756296,24.867567282157566,24.941930567572278,25.222384901266473,25.421299021416605,26.61913073711308,24.819177323437508,25.348349955317452,24.897551777912888,24.894756416195616,24.283051052999337,23.917683629453183,24.58206717105186,24.326826918697783,24.87826258729184,25.638948452865325,23.571527611692055,26.144163704521343,26.15282434265353,25.841980813746474,24.597859262244448,25.18554397195918,25.653572521676164,25.621574484808143,25.312320189989638,25.620158313215914,24.819214521577628,24.45222978798556,26.049783594131206,25.464888706985256,24.44223396223356,25.074762367924496,24.03080592373862,24.44532863599838,24.314248958591563,24.252886142764737,23.811298272724887,23.36193635203234,24.108050584816983,24.27342584838189,23.908998231233504,24.334669662593974,24.08272468625257,24.39192958592799,23.754736792010416,23.430380664150793,22.896483564349868,23.68591106264426
2016-01-01,26.497033428546075,26.60027208047572,23.573036932186376,24.605404402873287,24.72940929120885,25.514786163121375,25.10190901279296,24.37312972510539,24.138366955697187,24.35043675420661,25.46543174567782,25.962369347921623,25.20526554645455,24.80437313858395,24.865846948406926,25.189433659128493,25.364250316278547,26.478125275084338,24.591816697285644,25.302447839513608,24.944187191888123,24.88930666366956,24.223724969395114,23.829762712823904,24.5784883519024,24.244223321818556,24.786993385901244,25.578323936813153,23.58890858682588,26.122517366680732,26.222479366880762,25.75611991732974,24.37838098200277,25.2323807280671,25.681879918362327,25.620643375210324,25.313076425645985,25.70781437207514,24.7527840267638,24.465797045781308,26.048499973027212,25.42532105438704,24.26431484963397,25.11025399988718,24.034049292729254,24.517902043692356,24.3675713650176,24.297402436444063,23.856592892160027,23.42474048498371,24.03382531714293,24.251379372801484,23.941283481003122,24.291797106711847,24.11318913391546,24.374712932396402,23.734357218167727,23.53558570818819,22.510038858257598,23.670657133475135
2016-02-01,26.49033370760638,26.520773664750497,23.641323725780186,24.607346866017675,24.72484424164096,25.466190176031915,24.980228637179767,24.295749766226525,24.097601878575826,24.34309088617953,25.397263039107035,25.969715683063654,25.238906750168308,24.710326246300774,24.87099886355899,25.180313727448123,25.336987620631675,26.4175900542067,24.59562736674033,25.289321425218763,24.88947784669926,24.88251043975166,24.16837691716393,23.926293643801024,24.560399161370462,24.33523148356069,24.883971229952213,25.579697774806096,23.62924719623015,26.062806904080023,26.17418814387188,25.75298406335257,24.395331411183076,25.275305941355207,25.673271562701984,25.625524434826833,25.29805977582246,25.707513009317964,24.745545132210857,24.443513934630758,26.07761597036599,25.389651560964662,24.120052460860634,25.102615051747723,23.944140826220504,24.527789607847886,24.35393279024948,24.282160391349397,23.869304545428975,23.48764997732713,24.007902927906564,24.228434342704055,23.918881237788455,24.310148057923822,24.097007361479417,24.39245496980766,23.77881219948665,23.793392257511293,23.016070583045547,23.727041172505704
2016-03-01,26.615491544947535,26.609964115484885,23.772615114512707,24.749924947089323,24.810784931934272,25.51675523919603,25.057071313192004,24.348706633680823,24.11007455871101,24.43083646787139,25.435201471711284,26.004959546693456,25.3179803541141,24.717405423304317,24.9159362777514,25.232691975398602,25.345979897613237,26.48937349055467,24.775575475844764,25.361649545049115,24.966967981119137,24.880560270310927,24.283243577164285,24.04902117497597,24.66643841608648,24.35083423154992,24.92678314816913,25.67471091734036,23.588648264388432,26.12455119550424,26.239182562892555,25.791894716925757,24.48555818274635,25.33365130227048,25.698119068299736,25.69838924889113,25.344598490050558,25.739407326346196,24.797350269366294,24.517066490510953,26.12867508873135,25.536206069385944,24.30207163032724,25.13781658184453,24.058451119489163,24.583078420812996,24.447089102238277,24.36435036656355,23.950859304335868,23.627355598259733,24.146556107198904,24.33306808740741,24.0041158092784,24.409574708663335,24.197373107681532,24.50968092579135,23.86261676871142,23.822014530668113,23.320002349222168,23.78133973782478
2016-04-01,26.46476026112489,26.50787760507381,23.769804614518332,24.69492932295363,24.837117996896076,25.581799879611506,25.13497738283331,24.39312552819492,24.188855057372166,24.48310661043259,25.4681514779246,26.04019114588757,25.34343609096449,24.765130097474273,24.981655636361978,25.277229867728757,25.444535453761443,26.594718866573942,24.822297273266997,25.370574916295716,24.973392003602513,24.84110574231868,24.286801424799023,24.06432015413612,24.68605697395971,24.442996673601606,24.968555887391343,25.64144958683563,23.684610946855184,26.04969878285651,26.269226260867093,25.83089853756935,24.358476024703,25.324675774819802,25.671152157453232,25.671281636108066,25.356391179618697,25.72284656155795,24.735507320722675,24.520880910980576,26.18462361746244,25.604863397499308,24.47328107260085,25.223403735481963,24.188013407638607,24.576635556057973,24.4232575523453,24.332333131932845,23.9062021591958,23.60564944942094,24.18398379019744,24.35729119812792,24.008693238947966,24.377678409118438,24.084712288299276,24.54286853008363,23.881256511540986,24.097288575398245,23.623040232112572,23.790570896544878
2016-05-01,26.52800431312596,26.56874997377991,24.043599667123097,24.752323955404588,24.936378231125868,25.62140461251301,25.15065062983619,24.36450699890273,24.205705742285424,24.503991216322213,25.482848820135303,26.04561883729641,25.358435443591354,24.75848805988093,25.022368058739527,25.3027937566952,25.50359442354358,26.68621915650675,24.746699305741206,25.35726723782042,24.93774146480312,24.775910877486574,24.34308324731912,24.00463531135386,24.682198953968012,24.407524579951332,24.931567020751622,25.624394815696842,23.66273477192334,26.105962987217147,26.279632869701807,25.790988157138585,24.488878537114086,25.34949025988677,25.690727535779388,25.66680745130688,25.338853413481264,25.779672577323716,24.742771939996466,24.51912103549886,26.191612550277487,25.593248270787132,24.385870340483194,25.17180891246631,24.17481531962011,24.598007831913325,24.41625158075274,24.319071569301176,23.925387163808946,23.582003568795802,24.22961228182714,24.370704791096472,24.10018442466304,24.359975406896528,24.12042191135493,24.475977320350292,23.858727781536324,24.021265089140876,23.389124266755115,23.803641323086154
2016-06-01,26.490478237346604,26.540581324262742,24.052380908556085,24.75903917012105,24.883644056714928,25.572262146503228,25.042205146016535,24.29780249074053,24.153585153713202,24.443608718900624,25.421302078486452,26.126359081027534,25.4132386138955,24.81353467306468,25.006026542947566,25.326506032375654,25.527100172991048,26.67624969260947,24.696402865864062,25.32832666003648,24.923549627108553,24.775548964544914,24.331031141916842,24.049140912863816,24.709032652535047,24.44988162721943,24.957582016041503,25.664912334495334,23.647427921080624,26.043534843919243,26.240758866085386,25.776777644111874,24.374453391070766,25.44816137805868,25.73454624170538,25.683042778658564,25.384923949237198,25.81812416680316,24.796870801323724,24.557980776107158,26.25164556347757,25.640983219417603,24.387248789665968,25.214036503143248,24.199819395059198,24.68745499080654,24.51893128127238,24.41161193473654,24.01357505748726,23.650277689717957,24.260887807668468,24.442114961307066,24.173935184403202,24.460837077654087,24.12780442136805,24.49874534083451,23.85451247247583,24.209432214852345,23.394525045695623,23.815339694936764
2016-07-01,26.576713204656677,26.642849484625078,24.24682481416406,24.803659389492775,24.91329695459849,25.60128642265187,25.13354461445618,24.36438754825282,24.254200007426977,24.516866308467097,25.434733332922725,26.158244390120903,25.431847550765674,24.864770310187126,25.0734782784724,25.352697931382142,25.573710412253867,26.73485181550112,24.79718819953217,25.407712550221802,24.90826641841213,24.783885831918237,24.369561529183628,24.13685541847851,24.709118511246146,24.514241327558533,25.006116777529574,25.66160015800825,23.61294314310305,26.1611520062049,26.32190488001333,25.75747581134855,24.37193604023266,25.45001158928275,25.74535317548342,25.65245821188629,25.420135247056766,25.817439036708887,24.85968050968952,24.57464475098327,26.199194859480325,25.61831064461791,24.32136336809051,25.232082085218895,24.178985429150384,24.671141539518317,24.516597414767098,24.40918490330358,24.002239782831047,23.675265225854094,24.374813838579588,24.46588611710849,24.13485540602734,24.506526979318778,24.06783110073079,24.541812283648625,23.911474993640375,24.32769352455607,23.545850461147786,23.835764952456053
2016-08-01,26.594687317116904,26.656516988674895,24.318452902086758,24.889054178365086,24.883769903923426,25.66275434473096,25.241386477246024,24.429296156249222,24.370733177178984,24.53461933709152,25.49205386938973,26.11006895677599,25.380627659908466,24.80075466343095,25.04952969642752,25.42073599517963,25.515387552245727,26.748399457302543,24.695130108670263,25.377456224024414,24.891207145959395,24.821719681318733,24.301802792862695,24.136607112620883,24.71237989900395,24.540544547730196,24.994719031374302,25.664805892273062,23.697302012032395,26.15926745398123,26.339341191217606,25.74906282865455,24.43767246198008,25.40749948828344,25.773055221375028,25.647863697741023,25.400011444097906,25.796248472254355,24.828522192952946,24.578679015450323,26.178636663968867,25.599596689670076,24.332948063493678,25.213024714067814,24.260796591071887,24.61214295279264,24.444796648395304,24.367778583288548,23.931544647288817,23.583169079674153,24.3491617659081,24.445025665114514,24.123473569885963,24.45422225066095,24.003080623192645,24.58792640775447,23.952130909666174,24.187386126452118,23.315155116659387,23.780835832058198
2016-09-01,26.663538110921955,26.665163821592294,24.430987328889252,24.866699648154647,24.77633674741441,25.64918064266559,25.215199969183374,24.38366194710856,24.370733177178984,24.51257357948839,25.36268909229163,26.106526888690006,25.409247667080134,24.838878906184508,25.033330491851082,25.414665546294383,25.496578032525488,26.833294848080044,24.656763736958197,25.341165100195184,24.896351453915837,24.731169257390135,24.24330657178528,24.21654657426976,24.7164832093445,24.567062911942962,24.9543396745569,25.61155623784196,23.706719369519828,26.17709807320572,26.356244798696896,25.73197947053426,24.448897034918897,25.400872882518204,25.800618397401283,25.621973082969472,25.42580571790187,25.8125444465688,24.77028495802315,24.57598490182212,26.188733703145555,25.63307658951728,24.390228283734224,25.208457054934364,24.349623535119456,24.63050045277472,24.45969731814713,24.37784086222147,23.934241429231644,23.571056137850448,24.357225584918112,24.444584622706056,24.105212957612412,24.421863954172565,23.999501710997194,24.577962165941326,23.917613154561682,24.2144744180856,23.36906908833195,23.75855800264077
2016-10-01,26.66786287034937,26.70465157481168,24.468792829889125,24.856642057281622,24.828639013969035,25.688494184494008,25.26808927210157,24.483713111347353,24.416756823616037,24.45224520148256,25.40101467489376,26.08824521051013,25.42330969198466,24.75550814185306,24.91050073996418,25.361027000828482,25.43068048910457,26.774905542250057,24.62539915360155,25.28793947316939,24.8718690438016,24.685899051829228,24.163183121492438,24.15486527803273,24.660700983644,24.466283200657944,24.960227779331547,25.601619065622376,23.74794998664932,26.184335129093842,26.377228136133862,25.730146863279554,24.68560628116732,25.302084519772077,25.76719697153152,25.63199779348933,25.41126604682084,25.782993971134314,24.739388009293602,24.537767527816214,26.14230064616811,25.650701487592606,24.389767863529702,25.20958241313804,24.28237217703331,24.675890370665485,24.459447522359028,24.38308987267794,23.944005195680493,23.594216379371133,24.339301398796632,24.482974806867677,24.096934333605375,24.314628306412573,23.96463805227173,24.55235806623311,23.87610250125352,24.156121802207046,23.3981092706116,23.636455191915594
2016-11-01,26.640904439785654,26.7103097280975,24.72782179951788,24.85787442268053,24.785685807660705,25.842018993049184,25.51494915683332,24.690976853325473,24.631410242402904,24.535295267476002,25.540937473338648,26.046970609971233,25.536830634663332,24.66008968565007,25.005853288792128,25.402230078621226,25.444149564822382,26.723933349564184,24.582357886663882,25.34674458025873,24.929683510039084,24.68370481327443,24.224967375344693,24.299041001123822,24.698806386896702,24.60528546564892,25.01283126645739,25.657096422121363,23.874377960699846,26.141422092311505,26.27634485706477,25.797217735351907,24.62050696626569,25.36694364605246,25.723594735414984,25.582441316520377,25.342739419395254,25.788832320016336,24.754423162603917,24.453403801861487,26.188962237709962,25.71368699143409,24.505900877508825,25.281341089716825,24.40971043518291,24.562073674556974,24.378123030421897,24.286460218723345,23.850466905441323,23.547346640342543,24.314848252022028,24.346794562200614,24.043706457683133,24.280107384089337,23.94373987815418,24.579660474971934,23.961900982348237,24.02351581724772,23.715098215795905,23.729252334952573
2016-12-01,26.69286631188842,26.747763935263123,24.875753661152807,24.894047039864592,24.73526934671836,25.915583355994407,25.56400971601496,24.78202147879451,24.652700605042384,24.56125049338064,25.58978389161507,26.088384368827594,25.551609523086892,24.758100207774476,25.03534798193548,25.363578213026393,25.46459684387412,26.723000293920496,24.703023064723702,25.387568815591486,24.95776334054557,24.698769556299787,24.233014181783627,24.26908639769446,24.72132652589784,24.634155147074427,25.03646382119519,25.68403842070795,23.902327046835282,26.162553793202285,26.247474132053632,25.847390490094597,24.677000417264573,25.463124108132032,25.743050409389376,25.617997564754937,25.394370745114518,25.77005705791685,24.821988891693064,24.456618152643383,26.23112231721465,25.7772246513869,24.538744049971392,25.280150358804455,24.395762767736798,24.614478920284228,24.440320392494183,24.347470680400036,23.92395570020604,23.645015490158666,24.351307050160315,24.37959391720021,24.102696571442653,24.278101611408562,24.009382838986927,24.553468472383894,23.957461168212674,24.07254088358281,23.563441757221405,23.732679014955444
2017-01-01,26.739507975226026,26.787362251790242,24.89835568770668,25.020712454075092,24.87973256817576,25.89615840015404,25.58815062885681,24.738795319105463,24.65836480385887,24.549909218051685,25.611680441002456,26.07122552753896,25.564399543280068,24.804329704781026,25.01093902624923,25.422863853760074,25.441234812276967,26.816639699811788,24.867647980355954,25.413337539584134,24.964722402361815,24.742287742814863,24.260200419922043,24.300086629703014,24.74242285093533,24.66174226388173,25.036919934751165,25.629525870416796,23.946297473378948,26.196960211061405,26.37210049621534,25.914935633539258,24.805034089618914,25.45438637109685,25.784062340043896,25.620646928841637,25.386213519058728,25.74214923105604,24.84568899492169,24.44338909020539,26.157934153349075,25.721764612711343,24.510834994341238,25.283186413496356,24.400499318002034,24.649518073460992,24.452103233959754,24.352337983551607,23.941276153697864,23.655944376811743,24.28188703747617,24.3642053689638,24.177004170980734,24.31185845352708,23.97977828387356,24.570369966238665,23.934768614481097,24.13688481571424,23.796393004273174,23.855337168785795
2017-02-01,26.860736944869757,26.776944854896325,24.82521946293753,25.076424872566495,24.907780541804637,25.970062611486235,25.67442531077515,24.81734750747381,24.735091029401442,24.585319226363453,25.638825054244688,26.147368971788474,25.58443191504431,24.87668411630449,25.03285290513815,25.483573422196013,25.513856075116244,26.84248437977197,24.859917616750323,25.46524513298286,25.0053321245807,24.819738327227174,24.282587394260904,24.318749305484296,24.793335804868285,24.674421741560636,25.062842015157894,25.633222630137926,23.968834653415257,26.226677976289746,26.411374070073258,25.90986173813106,24.815075200455784,25.460899807031154,25.830803871534993,25.629985129421247,25.44786933869936,25.80303821602424,24.923293755022762,24.571433510698576,26.126819992482183,25.732038954819686,24.486127286364606,25.242344998078888,24.355863042076052,24.70669502404658,24.50189907999864,24.380070024685086,23.985700635207774,23.678813773502956,24.325938319366177,24.46773808852455,24.153588546215794,24.315280851085497,24.0361146990596,24.57264686472841,23.93983621175297,24.079012655049162,23.579237244582384,23.87078609908833
2017-03-01,26.912604615335827,26.811949857350132,24.89732460154274,25.11378768831688,24.921696870506057,25.938904298897473,25.629255085417206,24.743148179517743,24.67112180023892,24.575072736668584,25.606483652754314,26.172930128567916,25.576113444110806,24.898967558680305,25.085148510895195,25.447560225777703,25.526626378518323,26.89042668044559,24.96719634350498,25.478407470690957,25.027903450982922,24.794402575091507,24.38281148519368,24.277565284028345,24.801649648585247,24.66121672592463,25.065749382235094,25.64083158752549,23.963064107639273,26.230069130562477,26.45828655351794,25.9393968138381,24.854260722284963,25.45514009018945,25.817317089941728,25.64135927867682,25.461188586278084,25.819121479107537,24.870934474192886,24.574306869371878,26.144371753646524,25.69489324020217,24.538679043155636,25.21992241097279,24.361620186004092,24.694053250386386,24.506352461004653,24.37104331371729,23.997358684097808,23.66813762418051,24.342066252924937,24.524877197140455,24.221573780903213,24.25550478465352,23.997800883680718,24.571719887414904,23.902262368376153,24.040912731581223,23.57624794906956,23.87884367956472
2017-04-01,26.912534854470184,26.85066800744379,24.853890281216795,25.126726079369746,24.964761463266893,25.92929588251443,25.621644420917725,24.717040313798176,24.68341756510974,24.58413664911644,25.57323835258564,26.164221221467,25.64400673200215,24.874292240581802,25.097048002897075,25.435524092408848,25.5181133332411,26.932883374840774,25.088112555596247,25.545696275493192,25.104515501347514,24.79175519525911,24.414773325458242,24.375068091106883,24.85064203722729,24.716674037154256,25.12441680989008,25.613273953519663,23.993566216309546,26.316699047625672,26.51440771859947,25.958699505174806,24.883528510742245,25.407828713850307,25.788869684500153,25.666738529508816,25.48064841522418,25.868555929266435,24.9279010919134,24.55846978956853,26.13997208691466,25.68863356766063,24.498583289497113,25.1467593209069,24.30846364233108,24.733687463443136,24.512309729905645,24.371444931977706,24.00773246028276,23.629894901987885,24.398627625357214,24.56043962860353,24.263947896863723,24.215355883898717,23.96242031532663,24.63077346044342,23.947019358685207,24.067890431143695,23.52951397585564,23.95483373466675
2017-05-01,26.974023156719287,26.87062540142223,25.178859923858077,25.2078935298991,25.004821374280834,25.877663601219226,25.58098279805424,24.65937661719514,24.649627273254634,24.646312852666327,25.521788732968393,26.20220435266268,25.645720428966985,24.84347921741822,25.108159831851655,25.479159364616333,25.4799535113456,27.005461176673258,25.17040844719308,25.528964722582177,25.179924651646633,24.747098510289035,24.344268746419992,24.41386890578302,24.86465069214593,24.701736206592244,25.14347930065701,25.556135902408805,24.086339793807788,26.38218548182713,26.522428901621286,25.89013904829873,24.952512555585795,25.395432074907166,25.805162821669768,25.71910861420096,25.511847969523313,25.91304252653941,24.94416059784692,24.622099854046706,26.125788044879098,25.65799097512489,24.429008642475615,25.104553238976322,24.28620892670617,24.791012283043834,24.550130768877015,24.387579366147346,24.064333679231144,23.677267519469787,24.419183341315975,24.606370379123234,24.31825237456611,24.146410522653376,23.990534841140633,24.687616108051664,23.972041943679073,24.077896731670673,23.425459809307164,23.946100659672066
2017-06-01,26.91922670057522,26.863225571017388,25.181366398070757,25.18067650803139,24.970319584914773,25.98436227142084,25.663583510184335,24.711874894822973,24.71500395263618,24.67798745112916,25.608973880641212,26.2398290235509,25.702530086078067,24.883649529292036,25.2019267916248,25.463369356536884,25.51796989048798,26.97833256106198,25.229062914933913,25.53401050162284,25.194857000386563,24.85453266598164,24.328401626072907,24.432940430245353,24.871954120201753,24.694584726343557,25.155750957315224,25.542530697561734,24.095525190271747,26.322264828663922,26.519254648813238,25.874358460578872,24.865027251611785,25.374450522546983,25.794434594952644,25.705379614774632,25.506814516465198,25.881854140576568,24.866073584927904,24.59246140064189,26.13804004274578,25.67629206617753,24.41812097591202,25.056319335457957,24.288531704660116,24.788745765072036,24.535774956142742,24.343826406176536,24.04028455142348,23.68039891948643,24.473496720378307,24.614946977862353,24.295712179860885,24.20512429115048,23.958352680155777,24.689579552508732,23.965076050460965,24.024983654666272,23.46972225701108,24.00485738918828
2017-07-01,26.95140673449767,26.91647550374978,25.298410987495075,25.241683780142747,25.01767896241054,25.9887293140958,25.657796442275462,24.727214023007896,24.76618510705279,24.693821490221975,25.582085908999808,26.243074184016333,25.740533198329853,24.888014309048934,25.16541107737488,25.46741331030593,25.50508565653675,26.99856044191116,25.11760305542583,25.50892678181864,25.213950219810947,24.858782592812066,24.326723631093483,24.4915813448152,24.89296359693562,24.638403209989168,25.126332332583637,25.497706595184198,24.13770086829663,26.33913816078255,26.633484295699322,25.908407376146037,25.060469876003268,25.407556611609685,25.8356833133657,25.735408868110575,25.516465752150932,25.937241954038285,24.857155264708357,24.56608123256214,26.12945589686728,25.721822850778118,24.44969157483682,25.097384280381352,24.338310407547276,24.830398215911213,24.553913421481475,24.344869788190795,24.055569281374584,23.741431170256654,24.51756549349584,24.64971835863751,24.344750908409303,24.184765222908773,23.953738919959985,24.677168644189255,23.965275212037213,24.164114625608004,23.666373073796983,23.96506864220061
2017-08-01,27.049140855587677,26.944550605863462,25.34017059510646,25.263379576320517,25.068041285996483,25.984252460703107,25.64821470996128,24.72013274465055,24.74118938817102,24.6760334437303,25.52741082283088,26.240433525927372,25.776829963607554,24.871301608816772,25.248630884238647,25.467100545634274,25.52774609722726,26.991265046579045,25.213146501314224,25.51072982443227,25.244609026705962,24.747098264788157,24.28588252555071,24.529367183629642,24.908635188710566,24.66087610397285,25.135984517927966,25.455435418033527,24.036472198800254,26.349386886536507,26.649427341355576,25.83307392304705,25.02146054268505,25.384433960035075,25.859337630135123,25.729062590952744,25.508890506651216,25.912946252293434,24.845926160865442,24.5638477704953,26.081995345102133,25.707339938397457,24.4173612030725,25.02028917299145,24.227351095595306,24.86020477847023,24.57920152035715,24.351731635534147,24.098442159675113,23.72909664147092,24.55864400062201,24.73218984976753,24.38322641063321,24.17430050796969,23.952619574685993,24.687715258912657,23.987674554429525,24.195106112465258,23.677257511921646,23.970981337410326
2017-09-01,26.990925129939644,26.94611253687946,25.394651983410537,25.224839281638847,25.046125233836143,26.033833376717656,25.712240955364653,24.781919086838244,24.79821355105716,24.746923131296565,25.61150814755595,26.228784783140682,25.761376989214316,24.928620189769564,25.414212941575343,25.469758550053754,25.588612797753566,26.971439011098475,25.170672357074,25.604037753522864,25.22974353009794,24.73218331010904,24.364581070623675,24.58900493755755,24.93827231665966,24.76319784501004,25.111163190868464,25.440249430318993,24.116508253642262,26.36854796972387,26.64301035748498,25.80674215554619,25.05876192611997,25.42907185574991,25.845258295582568,25.717136561653568,25.478000413275872,25.92011291493724,24.896162976264492,24.58059685713024,26.16305050659235,25.80516882006351,24.553951433988548,25.11415246999864,24.356844751731387,24.84008003064259,24.550010621724784,24.3817117656627,24.05960628043881,23.73253077028977,24.560220648697452,24.65228240796705,24.339328097709085,24.211766868930606,23.993881640537758,24.748187678919244,24.027128103653173,24.17322036382689,23.6258929932685,24.0273891201146
2017-10-01,27.083328988543784,27.056454251587773,25.540352059821306,25.313360329317995,25.137320197571654,26.085853996590636,25.790034732200738,24.803976856336178,24.835499818678542,24.798660682775658,25.629299780816446,26.298592940761687,25.835970188684787,24.88562377671222,25.429734353884818,25.326582303322947,25.570522785856912,27.110954416672808,25.142214948535482,25.617519763775313,25.292992630657693,24.79097957674435,24.36470618220738,24.67419741864881,24.955201531179952,24.76164440512379,25.142373298224406,25.268366198952762,24.177809443465655,26.42768543325189,26.695397424943963,25.799001989704024,25.13863916364972,25.277173565953323,25.792911262087475,25.746383734762816,25.467173266446157,26.031076008532548,24.876431267662916,24.547097389159205,26.179624494327296,25.791372100739654,24.575691647209275,25.03587866290378,24.388686905385082,24.896589951317058,24.60100018386804,24.44212085868059,24.11727860447269,23.797782186720937,24.584477942238877,24.70706946143671,24.377143293119353,24.175852259230098,23.97129437396109,24.798830389463255,24.0799973830252,24.138523557849336,23.621610302737928,24.12600965346104
2017-11-01,27.099815638867565,27.068286295417558,25.5104130922814,25.36515745031862,25.156482659844386,26.129809191024037,25.818114103133663,24.825033616662957,24.872091138256856,24.861149008679742,25.635160699705768,26.29801898100618,25.917906745300684,24.918043130517002,25.507988522006475,25.329844232261284,25.604177300057557,27.17361214847401,25.07135240726725,25.698813949416262,25.322858094961187,24.885148198915854,24.411705506258834,24.718783796538307,25.033877136060518,24.85010858187117,25.15638621670985,25.1710203044832,24.29806471084331,26.43071082281852,26.679273552844723,25.868219868075688,25.09253843793956,25.371736241267943,25.841782471548544,25.741806423833673,25.522666837787337,26.13869014589636,25.011799813939113,24.580574997657052,26.178903792506908,25.817769951127023,24.57573327930996,25.0177465424834,24.41466318380447,24.915561672255055,24.610803575037433,24.422777556347523,24.159642389548267,23.834407310147377,24.609706655550184,24.708877257622422,24.379276930408192,24.216352109673647,23.999223955998488,24.850835269977786,24.108603786633815,24.16121786808118,23.617309419508782,24.1367578839282
2017-12-01,27.08804050853585,27.08944137007233,25.47452405298999,25.28643927490685,25.136245096744105,26.152698816003994,25.86917709820901,24.856517226933917,24.88861704018547,24.885822601351194,25.713863084149057,26.30691910625267,25.88690270110078,24.922209487228955,25.50581929330546,25.347775556977,25.61216951405015,27.167406363962364,25.079414335754,25.756458447095806,25.32967359544327,24.91979448725344,24.520370937333794,24.82889434994799,25.0221687729888,24.914065701644237,25.211520496379244,25.124005380952898,24.341482839328116,26.447202692431297,26.675201567658593,25.893559070261478,25.115620020246027,25.43819703334234,25.862567199845184,25.752371770801208,25.558342603116007,26.15420216634078,25.023884509923338,24.621148240276085,26.19230955770769,25.877880841140723,24.65159432810191,25.087492043347133,24.467855476973835,24.910099365084754,24.562146248657758,24.371342022869257,24.114169640457625,23.785509441931396,24.583393380305576,24.700084699864362,24.358854121456275,24.287874655618648,23.97970285132954,24.855760852037722,24.114962190884853,24.175444202971935,23.926314324827405,24.165203822574373
2018-01-01,27.077346991468854,27.194439132789327,25.713764286495415,25.257909455896616,25.24442844514406,26.2311723226497,25.94984495378714,24.90677170618078,24.96350068650542,24.980310332763203,25.79472951272952,26.29590845155032,25.95831771572434,24.88592098645933,25.654563963521543,25.407849987407868,25.634556568916743,27.383032913612972,25.20866890696545,25.81471841869501,25.32396404641053,25.009881731751705,24.63980223193161,24.861360511044698,25.06248998631573,24.909581078937435,25.29018143952151,25.054703911493892,24.406668415534522,26.56257361181813,26.732627453379592,25.91230337377206,25.45786552645555,25.400723716497748,25.800376725187963,25.788965276208817,25.561506025866326,26.23595068484391,25.0698255923973,24.604981294951493,26.235138242968176,25.87915784864303,24.720575238488337,25.183138628661784,24.531490057474198,24.924275684495175,24.493119506581824,24.30737185921112,24.04684515973039,23.76240791368003,24.599349436638,24.739713583351772,24.363191568981126,24.237910432757904,23.923751003317406,24.904006716167714,24.146559463278606,24.254214336687813,23.954397201685957,24.18229868052628
2018-02-01,27.139239570821218,27.181302092163364,25.69818389986141,25.251559602415668,25.264762848955744,26.234897330921964,25.9529650922227,24.888082837361136,24.958445664184005,24.958045530959115,25.67590096785831,26.233889848088243,25.912429006234294,24.829996728042484,25.693373894157105,25.31913378947742,25.61465143020584,27.424586541482185,25.176402029579684,25.717400493603574,25.24243020548622,24.992284216591305,24.487495749702187,24.814626957936877,25.007388470879146,24.884935363015632,25.266202342580847,24.918429927738373,24.372750151382853,26.49404709327565,26.68568713555209,25.860268656293577,25.53296132175345,25.38699324302347,25.713031659744413,25.69264562348672,25.469540592806023,26.066787912084052,25.049242414352026,24.536524405479252,26.093094206626276,25.765832478207198,24.640971523867304,25.068950998411342,24.407281389084076,24.88389282267387,24.45203222419081,24.260862474292892,23.999202995417846,23.723488562754223,24.52888524555876,24.681375607642977,24.21399352952807,24.175658823516255,23.916985585967605,24.82853046684083,24.10049514399607,24.19550099238595,23.907144170050596,24.144355515088623
2018-03-01,27.08350443464452,27.158965737537915,25.65483627811603,25.20670719232737,25.265192878986245,26.185834330846845,25.88497317736458,24.84787168818788,24.92097977055779,24.94391342239229,25.57345738710666,26.22686312118192,25.857162246800343,24.84194536395195,25.491436075787714,25.323734246497356,25.60103084711452,27.38058306548996,24.922481621596603,25.69504223213843,25.240077286186516,24.98344345041621,24.46674375673754,24.76660590740507,24.96757686412833,24.921796745523253,25.203248026072988,24.88099563130258,24.33764103604508,26.431646358679238,26.57596767393278,25.833548039204953,25.546494136356962,25.368924532912686,25.722664261175364,25.69749285857979,25.464240708359863,26.055166436159404,25.0388915277357,24.57506467314722,26.088235850039858,25.794502954335787,24.73407161831005,25.06279485337732,24.444539349501227,24.961927742026482,24.491773147562743,24.310447683310407,24.053745054897036,23.78467359141493,24.566247283967968,24.723606107744867,24.28414949767318,24.193630076634374,23.947127334233894,24.79145778490836,24.089488794659356,24.2180204366647,23.85017562974416,24.122675228147042
2018-04-01,27.068370779554684,27.183319005674438,25.62552334807711,25.194460669674196,25.304727518081886,26.17495407622967,25.886381520141,24.792654557185415,24.876645756952655,24.911169215632412,25.56483422417629,26.213825017706487,25.96001717052915,24.888659290657625,25.511311315834607,25.410122548526108,25.632101641677608,27.459463371502498,25.021736197923175,25.736871902734794,25.30841342974767,25.015390627997096,24.404201309198477,24.74590176861691,24.968752595542735,24.91582828649009,25.15713649669718,24.923833229503355,24.203820902392312,26.413589118033585,26.649601616790697,25.832452329703887,25.60280951803235,25.282550686873225,25.63105603332223,25.701203064769896,25.393407235203657,26.055361995280247,25.08418076789206,24.48077241782261,26.129460297258603,25.887147080202038,24.833681087085058,25.119507358722405,24.5601355074278,24.965472274684448,24.52590694510569,24.342616220451884,24.073807986991334,23.801702898028555,24.603876437249397,24.659828872644177,24.29046695731589,24.20644041638884,23.964120188528735,24.852275073209455,24.116759182544886,24.22724559331785,23.705935764604053,24.058265832831125
2018-05-01,27.191264104907994,27.2386460643555,25.74005023659347,25.288613153664862,25.371386869177016,26.163607185838863,25.856528653249374,24.73900237910543,24.85235659771576,24.935286401969485,25.60315896521346,26.157981792924183,25.981402542837984,24.936468176268587,25.546068847443795,25.421271239418626,25.61335258319611,27.499202614504004,24.990038059013756,25.746297157417455,25.26302459132768,25.064048594223827,24.551106841491006,24.801902060334044,24.990832251558952,24.981918076449304,25.195268142833445,24.92454345382032,24.303467796278962,26.490489835745652,26.758456148801407,25.823843545308492,25.720827209241268,25.289616302907927,25.65167499905248,25.69633122236916,25.386548196533784,25.98609440765377,25.089643652936292,24.453258947281903,26.17336932947537,25.88065175560063,24.862127456677882,25.12111050918411,24.55876750046727,24.976997584144314,24.487763349065347,24.31580712328603,24.044370484460636,23.843894592679046,24.595211524515225,24.679713286299748,24.231891328828915,24.23095514807073,24.012773284651352,24.876500645285383,24.11132165379359,24.21804101956438,23.81408071300507,24.089302812401826
2018-06-01,27.185649792685272,27.240641625196005,25.678124100743776,25.25048529609997,25.42461141671215,26.136996983033544,25.83089903374738,24.71874348114963,24.796159791514484,24.867146314701927,25.637162513565443,26.17964741298903,25.997136862075706,24.946744319807085,25.480384175673503,25.4407346502429,25.632760983947446,27.541366293188425,25.176081316076562,25.79669306649748,25.242057722298902,25.16818276196658,24.55698356656179,24.688839275587195,24.96945087839366,24.97940509204364,25.202574742408302,24.890593114120666,24.23631745739602,26.516680120206665,26.77161352740625,25.876136780434866,25.828139787487046,25.283097774536373,25.716367381183964,25.716134094699587,25.478190301976976,26.029360876144942,25.145315579954065,24.480156694478815,26.20162899547909,25.90632503777348,24.89880134313629,25.096938386895502,24.613438014884714,24.98432832747546,24.524117051371576,24.360577952000565,24.07258363562,23.88123515704613,24.615821319390093,24.72077546560959,24.31774476529397,24.304011906229867,24.081275205886474,24.888522981954953,24.07549783453788,24.186201183423144,23.83515889835929,24.16357894746424
2018-07-01,27.213248439902817,27.313662291376414,25.711172526572263,25.173867899675397,25.43009491053601,26.235181943455135,25.92204057516335,24.792400996331143,24.860698152565487,24.879976946477687,25.66998734935415,26.267784451210883,26.032281445593167,25.09341713279917,25.475840656473554,25.53017254970188,25.728622032290932,27.586029866635343,25.036059824919676,25.809020781965916,25.253799684125873,25.135589291701944,24.595672875948093,24.74703741973145,25.072274283884862,25.035735547166638,25.28476243955519,24.900898352227326,24.27635167341192,26.599931104156358,26.65296822347259,25.956318843926457,25.679750367306927,25.278728199901963,25.75185600905121,25.78624240786996,25.53296816708187,26.07030895234973,25.190823618544705,24.513538838001388,26.186772460284335,25.905058461350354,24.934773943985917,25.11148704789517,24.64904163040385,24.994206631768204,24.555731645173633,24.408843574036855,24.099510438409496,23.87888484578266,24.622109447799225,24.75418729720804,24.33935221391098,24.338773018182177,24.049931809982127,24.951148351181114,24.13535147857583,24.162145539836942,23.790127706572733,24.241798827762455
2018-08-01,27.39242099142292,27.370909839102893,25.8477009999724,25.16143537228708,25.537363854691606,26.237377596352474,25.923658460125782,24.794000214975423,24.8317763752137,24.831689789683487,25.690545871625222,26.284026587254644,26.090724686147773,25.160350029151218,25.525856266092806,25.570636122016836,25.76766942614034,27.710337774526014,25.047797213580317,25.825340678929745,25.283135331799127,25.202108690637452,24.690932451589305,24.718120904430343,25.068571833574936,25.040593586553097,25.254547707495462,24.848948388233765,24.26949093669801,26.603656147694394,26.67105613974635,25.950671075040955,25.76554608476064,25.29825436907996,25.786161737343974,25.74105895210856,25.506623965921875,26.14198042354199,25.254673282099443,24.510965483913296,26.170195941207137,25.841211303450176,24.956180049453724,25.044734860552303,24.56379657642148,25.009371405936434,24.55106470396621,24.304397070132616,24.10776970287651,23.90695776208,24.64560433764054,24.760105900680472,24.33215561947037,24.376746535394727,24.025535151563645,24.893961535260356,24.148182711771824,23.994868339923084,23.632265976011535,24.274937489313203
2018-09-01,27.387584289695976,27.39274843705683,25.849458476606856,25.280521545509202,25.57811267127155,26.222075210395957,25.874965440358277,24.738551434942085,24.784387908981383,24.815422698572817,25.591107798675754,26.316177867314195,26.081669556948558,25.181451514992244,25.511162325792018,25.604323813648595,25.835752032636268,27.70550179316073,24.917358175221647,25.861736956103115,25.320072875860884,25.23476545219915,24.7452464009546,24.811825848015292,25.11856035670294,25.123859220222982,25.319632811966418,24.71254232153035,24.313900408030616,26.58338380158654,26.60477468823897,25.993654664792544,25.782936330244848,25.34832556367976,25.789532335650012,25.776761324095975,25.504747583019746,26.12721996493627,25.264631117884747,24.519063915096062,26.239194518336248,25.88249107938595,25.00883421618243,25.008625062530783,24.639829530453444,25.001093606681554,24.54733501957296,24.312989140233096,24.104628236036916,23.913810971679865,24.65464356780895,24.734155324869675,24.32991434593715,24.353187779584474,23.972651100264134,24.91493614307011,24.152742554874028,23.967755708092923,23.62297028578296,24.27608801655832
2018-10-01,27.356632953623468,27.3243610767569,25.562084685848525,25.189073957132887,25.430750809958187,26.187635791123906,25.810940400335976,24.743577909154276,24.764653972223336,24.68604510165912,25.603774317164085,26.32926436447024,26.06725173665138,25.19192615264934,25.316500018033334,25.648070229136728,25.812567435545102,27.479614794304535,25.15952875109723,25.698095646799022,25.375928574194955,25.113435027103662,24.55807063105143,24.583158255095167,25.02209574783646,25.016264626370006,25.201322137825986,24.610646599858967,24.214136721936118,26.481889294137034,26.52460527529509,25.975446524604443,25.5680313061699,25.258006212141527,25.852958911134337,25.821165854062052,25.518159355169992,26.19284902694655,25.23766126848389,24.4019341407178,26.174326748376675,25.791546820377,24.906913078511337,24.844896937920733,24.448357672398753,25.029911428917792,24.579430800242246,24.345261135151308,24.139018851118035,23.91724073285084,24.61155573501525,24.80949516631542,24.196280528060914,24.390774813332648,24.00100843893647,24.94400039880321,24.080220681538236,23.996053262794454,23.444949504202,24.130333680853237
2018-11-01,27.153237244644856,27.361848299896476,25.307417355845622,25.249495564338147,25.47018456572655,26.214323162313864,25.843143467579896,24.576483296836315,24.74329502624057,24.725576921282737,25.623308173995973,26.377444908972198,26.141026286881512,25.281823203445036,25.518519900037493,25.723031583601504,25.883602143336226,27.53568482672175,25.19780033079831,25.72302671868306,25.439494735636224,25.114500240955635,24.55399441519504,24.70130508201321,25.03533509947291,25.066675625356808,25.182057255835517,24.3130141280216,24.34825830849555,26.499224182588634,26.4480973316306,25.981177621878594,25.514779331167023,25.2956928978397,25.92542747591436,25.872459298860935,25.599802541546595,26.166272530997492,25.249185418571937,24.473103671270977,26.172065203827238,25.85479684393612,24.856424498559196,24.715893565497197,24.430694948268794,25.08192600456117,24.648851516055686,24.395076372473092,24.19701001653508,23.974462326200385,24.655110278220896,24.863707641716978,24.213400844477306,24.402529865174824,24.03822049415301,24.904428963292062,24.121594310329442,24.040954789658564,23.47332389662277,24.205227220266124
2018-12-01,27.03263199565947,27.278368378087123,25.106134277108637,25.318143363307176,25.428781706628953,26.08416547278116,25.701125379916004,24.44816916160257,24.63037180787686,24.63978182641327,25.467588722793927,26.254241098326176,26.022516261166317,25.26192480292775,25.496208561072134,25.685402616412862,25.83386366210634,27.417633342464214,25.146038378637915,25.680705104776862,25.385856810896186,25.104332597912325,24.53246521686684,24.635817677707095,24.935888368498834,24.96534910723389,25.053024514734545,24.32230435867334,24.310694423882893,26.439158232171504,26.37799131232864,25.929287229798817,25.44805059407226,25.205300544972868,25.89764018738486,25.81791137812206,25.501107678577405,26.119094070338573,25.124627918383542,24.408060979084457,26.02869240495261,25.775322651500456,24.796809786549403,24.492749922106253,24.26128011173557,25.043787850935242,24.633684369733274,24.333100875029444,24.166613201865808,23.953803778192672,24.51813634209184,24.824654532016815,24.130522910786006,24.313085468759112,23.986004050478584,24.885322934288162,24.116484188240808,24.109947764443877,23.326544227451514,24.132383139211196
2019-01-01,27.086318406211685,27.30613746686483,25.18010828640748,25.382109152057826,25.532702891668535,26.14265437470109,25.85117822740702,24.618193567657435,24.695067722712963,24.702588814309873,25.52719189634864,26.284991440503543,26.103744229381487,25.297075648169717,25.358002184983413,25.666133889435784,25.805987290029115,27.55244137363464,25.06540958988798,25.74663591678015,25.39264770882791,25.20363227610115,24.57278446385601,24.682631067407844,25.019418574301913,25.105774560994362,25.156344846802096,24.617944227893425,24.41066748595329,26.51375343300305,26.618243169242337,25.953924350475727,25.685807017241252,25.257189012770933,25.945953869940237,25.83425019766006,25.52864552509711,26.15290087346769,25.176846021151018,24.491200668048972,26.100682167817137,25.82778739657472,24.878984670921035,24.706820167623462,24.390098881410925,25.073041714508545,24.650688303093794,24.43435458977378,24.223563856720116,24.011110331539502,24.68921236499111,24.918708468627823,24.24165344030092,24.393846834823247,24.044137030644603,24.934292871594423,24.150108393580638,24.098392344772552,23.44787748664683,24.201271188554607
2019-02-01,27.12584203983058,27.376387257805266,25.250672104682522,25.408268885311003,25.6067497699112,26.15901739663757,25.872377835002176,24.61155565174861,24.694559312158457,24.768183699491047,25.556054986270926,26.311390840751567,25.994427860946146,25.349331995746716,25.357028572665648,25.754297819967448,25.83566268355409,27.505448309589436,25.106442570741162,25.75537006439842,25.420557497806428,25.249580181796617,24.666654675070895,24.719951680580742,25.08958497268982,25.158606713148494,25.218726812757506,24.67955029363978,24.41091129451453,26.514339483414346,26.586302748798754,25.965691324245675,25.739145363123818,25.313667910406377,25.97516385290599,25.77453399298154,25.55466413077421,26.185343850403154,25.19581400654918,24.516160538273077,26.176221704694356,25.86988917498661,24.881345592669042,24.70342163853608,24.338489548791877,25.120719146204483,24.67187942178761,24.456534833972594,24.248897421724926,24.028339238195315,24.70214169339323,24.93767797969479,24.31385591109004,24.388561674451307,24.03927868285427,24.995159298427026,24.247357531909227,24.098685734744606,23.554976964327214,24.228603547504402
2019-03-01,27.222724131318575,27.432057998851008,25.403572275924876,25.49633601488905,25.573953866845134,26.128566020772855,25.824873019945713,24.591349377183715,24.69978639983727,24.731767472248876,25.524080222145816,26.34079298689706,26.015021970145398,25.381843209874813,25.373921892474858,25.777161641863174,25.81515370285584,27.587890327979956,24.972786158023048,25.791180233988378,25.459335715029155,25.23169092555473,24.70748812775436,24.706390137932583,25.12589779715413,25.16080619054284,25.249951289525725,24.640290930100935,24.384974548524852,26.558055038899404,26.618243169242337,25.94952091067334,25.734835526766798,25.32135046370691,26.029471593122878,25.807508824566625,25.620777971137635,26.170485079175794,25.30014378454932,24.555894773772206,26.209412421757893,25.90955225186848,24.86938092700566,24.70374837766177,24.350964717614296,25.156777709445223,24.686076712200933,24.508072009284994,24.288928616856197,24.0670913669673,24.728760779229223,25.0498506569836,24.38729897913112,24.405508386198825,24.06858626011309,25.010567581151573,24.299930681096868,24.145911548550185,23.554201712459808,24.225412239656062
2019-04-01,27.27762498281375,27.53402135621116,25.411559765378037,25.562391210872452,25.61708428592166,26.265192156966506,25.927765946885927,24.66139359665579,24.833762094966346,24.866335373293477,25.52594085730373,26.35082857118922,25.959729828997517,25.278672336895813,25.35891967594432,25.728808488742725,25.770370384326505,27.666570950407955,24.813662354788022,25.858324715437792,25.498930908390346,25.276350003227193,24.740463898651406,24.734983608306404,25.214423461618058,25.217990838163196,25.351105708652803,24.65920739111186,24.425371281057107,26.576634161303588,26.76686779816748,26.15948242024852,25.773294471952653,25.30851349163168,26.05255708144517,25.862080337254817,25.66467933009382,26.2288657278811,25.31404692257994,24.616055956345452,26.202955891525384,25.883897106197374,24.813614304281547,24.683109895134624,24.360063799077665,25.16255443419273,24.698444213497368,24.537435278190607,24.31019308766901,24.083316811778268,24.79964958025002,25.04087921570217,24.390691347710458,24.357677877566932,24.093258775220583,25.04006853131809,24.38084124562037,24.008789033620392,23.50816176630129,24.27990061737646
2019-05-01,27.141149359562558,27.479579696599437,25.121739199517684,25.32708203221149,25.529011059663343,26.181855286423712,25.78833130802662,24.540601291030764,24.66963261796986,24.711318577465615,25.438797699986072,26.276993089085927,25.9965021284921,25.26922953245852,25.33775101640309,25.73514057125775,25.792531031649457,27.58469560132909,24.559716982752462,25.787910820129923,25.5024679146292,25.146568693740154,24.55168411161522,24.58944260091326,25.159251776585215,25.158290802706368,25.229652227958578,24.58472138218096,24.258470487060688,26.4963814677103,26.68090884200595,26.122825253740487,25.69687946267234,25.31723086978875,26.02548931698377,25.863506098721107,25.664288724736245,26.215158791561862,25.289515276691848,24.577776912491437,26.076870504398624,25.830787334781622,24.74543570141382,24.475830888620113,24.202540874158597,25.181758022916014,24.63606912987446,24.542682599564518,24.316834193480236,24.025338121480864,24.759734406787718,25.112160994844633,24.4568299595579,24.28849988379828,24.16604825947603,25.04167600245787,24.370093282006042,24.0967294297972,23.27464138800254,24.198921429424793
2019-06-01,27.267669590848403,27.563117827402607,25.315471230676497,25.461557015236007,25.531122492365323,26.23550542980044,25.87471557980628,24.659460281575527,24.74351244162399,24.83293418359502,25.512787879458017,26.343956620031204,26.005600142690223,25.229387409172404,25.284335872129066,25.792067145550597,25.84380041172891,27.649351377982665,24.747729092201176,25.87907027034725,25.55457941746128,25.23394784336171,24.630307404687052,24.71832033565419,25.224791903695817,25.17738553167746,25.2655651185024,24.691140433995837,24.425853858295223,26.47472988982554,26.764797506312483,26.17878815897582,25.7645664081437,25.40872854180089,26.088927952027507,25.89929188939673,25.688447759175755,26.305914640305648,25.390258291704736,24.60679720002204,26.167821346381576,25.929519758202176,24.78441891985085,24.611737728152335,24.331604685518265,25.221060539223455,24.677077081964953,24.586947258097787,24.34657685724373,24.029734947493193,24.84341484338696,25.09125112107515,24.499342036863933,24.285670358406108,24.167266663534757,25.15275985906842,24.476156014937697,24.247377260493227,23.45335208620521,24.290104951628283
2019-07-01,27.34128678129133,27.580214755900254,25.342443879453224,25.478471218440795,25.549213654497564,26.27238393809871,25.936419807121574,24.73262157409266,24.760486754740665,24.83709948465769,25.53556139005502,26.276695793037167,26.03030282102994,25.212639836185247,25.196724016078136,25.788414588012255,25.734636585676142,27.635070709407458,24.825821465124356,25.91319269477804,25.56920757553478,25.258422752882396,24.635151490412913,24.683834086958804,25.21251735837227,25.239515172472295,25.291343488990083,24.687329163590213,24.430077409834425,26.592554066850592,26.77115029141121,26.202635172203042,25.63595440414721,25.42471472490923,26.162658157671455,25.940098708088982,25.670098427854377,26.304918573976433,25.432384437380712,24.607773355795256,26.137750719839236,25.918774358924754,24.752437450996933,24.63169740582808,24.24988766605794,25.232273478576747,24.65970170979998,24.603452733964602,24.344301950055648,23.967779625017343,24.856507932206533,25.13002655271129,24.494989679523012,24.300827580241656,24.19459534416525,25.104188883879914,24.48971780497133,24.199441616888617,23.4048201680019,24.40295671309336
2019-08-01,27.320896170797624,27.591815448266527,25.335246043265645,25.45279858661727,25.559324208173454,26.225055240816374,25.82735838546777,24.65608195827256,24.69687103860433,24.73564658056416,25.496811963707515,26.262309227236553,25.968130921265136,25.248873237810262,25.19856044340712,25.829492055256242,25.646126080860984,27.58538262839933,24.75730451684838,25.977617234395886,25.603034867088674,25.240477667275844,24.741738900282446,24.59032404310527,25.165991236883436,25.134185604994933,25.265871859253085,24.450940541691217,24.363044324640843,26.56957820357066,26.726078179679508,26.16777109853579,25.541062113228428,25.479546030965878,26.18749632709973,25.984872673310516,25.737561515594575,26.339465895296506,25.499486375681865,24.646603933937087,26.055374277636353,25.874005223774056,24.633313413674667,24.422651960974616,24.107165796789356,25.288170856000402,24.726816906744265,24.639451793945486,24.381633117651575,24.015449021116613,24.893167829277505,25.214139428292608,24.59746231355045,24.215541415450154,24.281270271638174,25.091721123273945,24.47936979157952,24.287706638246306,23.224115661655187,24.429328756949108
2019-09-01,27.395111396328154,27.60359147401157,25.374650303450778,25.42927905388176,25.509200673034947,26.29390235203434,25.885949575646357,24.67848880304628,24.724914428010855,24.788826627375812,25.58783490834755,26.277689706042374,25.894180783326554,25.24432107307968,25.3398953309813,25.80265171517218,25.66607076517979,27.562387512507172,24.822754081737767,25.995489923039067,25.5932391432792,25.34874958803097,24.721572780199992,24.64993964354893,25.19844460590689,25.14045162733159,25.31889484660299,24.531262945947095,24.448203595098537,26.594964463026752,26.684340089922838,26.115887258823285,25.447901079147424,25.55016351531273,26.22143105542464,25.97391142146375,25.74026432846452,26.3823307089077,25.47887668618066,24.637935265671842,26.09836150631947,25.891680029305835,24.721314521615344,24.47491633383898,24.107570003702087,25.355325131299708,24.770603663559783,24.70877028399068,24.41661187960927,24.045429752008182,24.912121237102948,25.173985158863967,24.638122891072953,24.27350851322822,24.20488164289475,25.121537706372678,24.461235424016436,24.23705975411597,23.264632987383663,24.474480288530838
2019-10-01,27.50008773455308,27.63432993285202,25.518597479138318,25.49744489783504,25.562011807648577,26.353521969831085,25.96203725494374,24.70773428243495,24.801146443549186,24.83219850241156,25.611153440946584,26.29804078120154,26.049717579650714,25.263100904741172,25.38923880467868,25.83831044643459,25.73177375561295,27.585590920459737,25.090815334442933,26.012550934089507,25.505630824257217,25.30110328249984,24.73646681325429,24.737003794195957,25.219092694287646,25.161708004371814,25.369316143532686,24.642390775227682,24.484637284343705,26.625338400824592,26.757778166630626,26.112812958288238,25.519242788444625,25.567195138788794,26.222475683390496,25.981012417337396,25.747661244062357,26.37029359301871,25.50963663413709,24.568806364932062,26.05435377539573,25.870719960698676,24.689577078340832,24.44617527591339,24.03912516216717,25.378027780451045,24.753771585592453,24.72307594158155,24.424055907119904,23.985283718053232,24.947703020720077,25.164383972472276,24.620598118607216,24.24105726522812,24.117097954934362,25.14515728701104,24.426962024494237,24.287363444073915,23.2904208173112,24.51449634181973
2019-11-01,27.571783376448497,27.68869442310764,25.593891383536395,25.574190571002248,25.60209486574089,26.41480934626489,26.025535768385904,24.744404768505248,24.880488946568338,24.90165875257163,25.664516974626935,26.338486820855422,26.151839510335794,25.292502013665015,25.501593303399144,25.84429286638802,25.73567547431446,27.59908674201951,25.137407510642785,25.950697282168843,25.49428034710944,25.34416084410595,24.79120098748866,24.793900060079054,25.252231743817802,25.22340577589976,25.401930593030222,24.763951747442132,24.449039302460857,26.660684963777303,26.808591233059893,26.26700771745723,25.609825725974172,25.55611262749768,26.208969856192606,25.96190784105464,25.73784427822264,26.385779565551932,25.520853771315462,24.5636863225998,26.06260723849351,25.879208043586445,24.779493325832103,24.548165314159675,24.065974525860714,25.35888113398989,24.686981397997922,24.712325598731265,24.39131876680174,23.9610305924715,24.989982764338453,25.145638141070958,24.620721199939666,24.244568313114403,24.060894520370898,25.18401905790493,24.529679116415007,24.253314297481825,23.443453352664203,24.533208534035158
2019-12-01,27.668985251753103,27.732992438281954,25.676791701427014,25.573589755463892,25.600558902654367,26.471174398171332,26.080992192538144,24.788057027298887,24.91309640378962,24.91727646862922,25.661848604421223,26.40455582591378,26.201026507489797,25.41155057918237,25.510783631751835,25.886628193100638,25.762282509134664,27.624873092128652,25.374767254032985,25.94099107127215,25.516634515995104,25.427097678800834,24.81187078476422,24.81407791926369,25.248471330664394,25.25577637049993,25.416425975241804,24.754143460695587,24.479571121510908,26.687393686952387,26.82633591520904,26.22007299954897,25.63774847351033,25.60058777920007,26.23197042523044,26.005215697112547,25.74400933447573,26.383677841875386,25.50101248573282,24.578614214233845,26.098524837383298,25.917461327729065,24.86099791920037,24.652972770246855,24.232659445248153,25.399263499128562,24.731611121945274,24.749524430074725,24.43296562499289,23.9956704630426,24.963305402001822,25.216818374866897,24.654430966190297,24.243276411062034,24.071658533873745,25.215946775673835,24.52399299343059,24.37686778332374,23.585733710510144,24.535829405067517
2020-01-01,27.721587195584338,27.809448795134035,25.68158256852523,25.54869900510247,25.714728101467713,26.419352622307155,26.016165504013706,24.821501707186425,24.935151440452344,24.971950998965344,25.52544556316288,26.424913797092838,26.128806671713072,25.472143844732333,25.42202496743638,25.830966038973653,25.71149941967759,27.70835339476092,25.816345596530542,25.990913832336904,25.59617494267201,25.37638071172817,24.78203830146981,24.69689554073758,25.22688391914329,25.24816962190159,25.4193597122914,24.864434633571662,24.395369003912876,26.754796099438956,26.809929437928236,26.181365175467324,25.702138267625628,25.5625128542023,26.22972630368431,26.05885485515881,25.789388217795064,26.350862902711864,25.539719533245403,24.64791710720504,25.98224545757732,25.799865232956385,24.770948315592552,24.48479662195041,24.0939297302894,25.50139740538232,24.79963121372218,24.84953276797622,24.530764214228192,24.038604724852085,25.01049446048368,25.229595759626086,24.664708432772464,24.131074745435836,24.1307012744368,25.173222523683133,24.544640703647843,24.416813402023,23.418541125345072,24.489263737607885
2020-02-01,27.597386228086826,27.759956250313913,25.814611759384636,25.435941516267828,25.647168265180873,26.294764616898153,25.874726867200184,24.65244203063871,24.79279071685133,24.84183515756825,25.38648190286837,26.323255746253594,26.062458226420826,25.37038930681424,25.491718559546634,25.721226567792378,25.613433601091586,27.644120192199683,25.842769849327727,25.944890601407756,25.499073148294272,25.30180925749455,24.699688101295987,24.64823512280933,25.160966940135822,25.132425770274807,25.279454627559993,24.72964010431309,24.382037906208193,26.68728920682969,26.76204758518849,26.01958176297705,25.769210986010993,25.514233194502502,26.139802023928347,25.971034004402725,25.71644946359973,26.289539309048543,25.456557492908992,24.56604354743641,25.79359338410073,25.661977669627298,24.566062154430597,24.27211755132091,23.955282862796597,25.44210505818362,24.736968699261677,24.695666415472036,24.375813441153895,23.939737046951524,24.913331035223514,25.20804836434414,24.635580178852997,24.05243308458579,24.06303570573505,25.11170217428059,24.461244643909925,24.407224700952522,23.313875105867343,24.41427579103193
2020-03-01,27.52744266291115,27.73578359132889,25.790961325313532,25.296344504725177,25.4786941708594,26.040369212850525,25.580237969207626,24.39715394531725,24.51182258093764,24.79079301530492,25.044085254377816,26.30438584803923,26.04032941789966,25.470703446479142,25.37397946515652,25.726177811165872,25.589817939529947,27.67854149438928,25.59998839115543,25.790686434732553,25.344641778138836,25.2273858325177,24.485814671247198,24.579955120774745,24.973991100879566,25.013353219115622,24.958938964035124,24.414627070272285,24.257522026158796,26.545279132664707,26.61890287497554,25.822446246995344,25.786591498656286,25.325074115308027,26.110861093332044,25.78139441959161,25.621744865001506,26.343234893629067,25.47275616387892,24.54797382333479,25.50422842624661,25.42038362448061,24.12071664750687,23.589564477809585,23.389324027673897,25.39809254171661,24.62111048313815,24.595868776653624,24.272906260210885,23.78938279822357,24.865827376435746,25.16732709643366,24.726240458983426,23.25958757446694,24.011470550203722,25.01266797261889,24.365756861064977,24.421683871864882,22.924840728740396,24.299452493523468
2020-04-01,27.671866812358985,27.863584408532944,25.894240708357877,25.44912162696354,25.59630723982139,26.102071429309742,25.711318208284453,24.568156487140214,24.659989078277444,24.93032482682102,25.05620662332091,26.439098682667247,26.20403602930663,25.57934580779033,25.449904452174945,25.765121387323198,25.75129448820097,27.916691970540775,26.000197925892202,25.960652498192292,25.47067604396531,25.279657858552316,24.682462495965144,24.582880634172128,25.032842366378777,25.138169943474168,25.046704444002728,24.260629014538885,24.31189818598381,26.692836699880065,26.82370165162344,25.935386753927176,25.898230566937002,25.36936154732047,26.17996308344122,25.82651808181668,25.72514603446793,26.41511598828821,25.533543501896148,24.605224294082937,25.70623882815244,25.659137501389328,24.433249807912077,23.810184315723934,23.668969974180172,25.357810700440123,24.66678717216479,24.642598547879217,24.31129454964653,23.796690948484198,24.978702294461723,25.256250527479516,24.80418564082531,23.45605673564348,23.95288736512705,25.078954450172656,24.494575445276414,24.697277623856714,23.193453116519002,24.454094505916224
2020-05-01,27.750830068120198,27.885877186997714,26.088702752698694,25.518968206772715,25.672605153813546,26.128466088851393,25.7142247163382,24.636989289157597,24.782946498918072,24.981952878923597,24.963200266851917,26.43046362725841,26.245493612168453,25.568357316780393,25.584598115267493,25.782365147646168,25.746852958781368,27.903824598604672,26.065928425407918,26.083160472433907,25.464043066247093,25.40255138062673,24.906907603131238,24.623733512183524,25.06029827419342,25.19928427746548,25.04221976601424,24.226220268864346,24.359420403384494,26.755312547815265,26.918607626298225,26.01660231849924,25.897944685004294,25.40523421286385,26.16992807339091,25.84358662835116,25.719536723470817,26.43555561048021,25.553717254915433,24.64017733480219,25.684484832163346,25.655871407526444,24.435148352365676,23.903763475015506,23.748186741039987,25.45833082766989,24.678179708425446,24.648573814266506,24.336717627862647,23.829324240241267,25.003824068119677,25.34176691996776,24.836865605293678,23.31005999997071,24.04202641212499,25.174022334064226,24.563391111785453,24.68015128485276,23.220270477113736,24.555897115124246
2020-06-01,27.89101983772353,27.993522053875513,26.15646283971862,25.599224818516145,25.74189154648729,26.094497031869622,25.698765658464282,24.648955243899213,24.87165335410632,25.010759848871437,24.9498955983859,26.381236960478354,26.212479763812887,25.643906072611596,25.642355644179023,25.739460936797173,25.601570945009737,28.025658731726164,26.323037082431153,26.09129667891055,25.460709530538644,25.399651839473243,24.942847550232848,24.67540130340964,25.058967556977272,25.200217875782812,25.00505000700775,24.26503104661352,24.391951609193683,26.74446228890208,26.927365649883768,25.96598192155476,25.978718410489705,25.38460812807146,26.200929636399326,25.79979683419621,25.724919492994264,26.404836262599815,25.53651813463979,24.652952907939508,25.68705627065279,25.64314042432136,24.44129810598685,23.899422991986377,23.742085854115736,25.396220643668176,24.620401682163408,24.564408559193275,24.277566619700973,23.78594777631525,25.02362652946903,25.343199022578048,24.847561142535426,23.479883040532552,23.987024278528683,25.221177831132636,24.562604494925537,24.734569433627282,23.463713789312706,24.530960722484274
2020-07-01,28.043853878302215,28.000865723372225,26.268108475965636,25.61308015640184,25.78124982099614,26.121557008382677,25.752197511354836,24.650674314502044,24.88359022570735,25.072682308909172,24.896132036874167,26.417066238204804,26.24297790877702,25.55550938285385,25.60848218908971,25.784318968863367,25.764334204610186,28.16290762499345,26.604457756475714,26.155328369046444,25.51252309686001,25.395154190257674,25.040026489902502,24.724605704012202,25.091491845966658,25.225217517484957,24.92148481241461,24.148563030435362,24.512106827723326,26.792578695058136,27.038141519200472,26.013528631289084,26.05045011834447,25.362871857442034,26.293140633465203,25.864556012465542,25.77266870377197,26.48208792163628,25.607547203592606,24.705337632823888,25.62620826666145,25.582025150836945,24.324555665243043,23.892540634441357,23.663900152370076,25.557653411504393,24.679338834232546,24.616270654679965,24.364577699866153,23.847916904981666,25.15159649677251,25.358337821260424,24.95949561875464,23.387566671942384,24.038079064591923,25.370483662849757,24.73972454355186,24.852923115551814,23.57407458545087,24.645413355037427
2020-08-01,28.238087565313243,28.096260270941638,26.499214235422055,25.704724333445814,26.117208715406765,26.16733003480692,25.786179141087395,24.684984970655645,24.957395381744007,25.105493945116372,24.89158759594322,26.468218760217418,26.27473592496424,25.54278660310483,25.629633751016964,25.845119229961572,25.755966369058882,28.249508198500116,27.15917707641284,26.226380803605494,25.60695308275324,25.531690497781,25.144573368248228,24.800627946464566,25.194338559379062,25.329689231160483,24.99493725994367,24.19208345201228,24.687256327246136,26.883471247966312,27.182962201107514,26.133684156793652,26.13037954504335,25.393479400041368,26.352960484079823,25.91189320794167,25.789952652500762,26.55257378994852,25.675466461875413,24.73755748506242,25.574013702362873,25.581906170186137,24.347989739969318,23.93938645325603,23.639071738688052,25.55218783030827,24.626018751998274,24.57075308945746,24.267343856577508,23.8028880182307,25.117243311422303,25.31037957140917,24.964955040791256,23.492084568377877,24.09883334477283,25.389196775209733,24.759176123152127,24.824785481975013,23.763209708679888,24.680490045281175
2020-09-01,28.131717308363108,28.028899157064032,26.510810466651012,25.753000003568605,26.035746803368962,26.127418223209474,25.719929791914524,24.6718008721354,24.87963040973906,25.05255053913171,24.868835979767894,26.44487916777373,26.272237161304382,25.54515276378328,25.540351049307866,25.81753454244831,25.72669868551029,28.15785487320774,27.009414770456594,26.20032861474591,25.64036285352724,25.649011632835006,25.151652568081467,24.847572966212365,25.194282944692194,25.357449815361175,24.94395949124965,24.174580860127598,24.740872433236834,26.777444447803674,27.070069789107997,26.072794207354153,26.073001111435318,25.348890357554918,26.35772028013736,25.90865750446914,25.779473864449084,26.564281544867303,25.696359262710658,24.710575284682744,25.44219090055351,25.442903111569926,24.204949459389457,23.739124831604205,23.40673299952035,25.55143454423891,24.73494185262052,24.620806275501373,24.31170450274409,23.781178863264735,25.10499512353356,25.280145771296908,24.93014145523169,23.444237115873786,24.146277433636943,25.341593275514384,24.778155698683133,24.766174580964645,23.76512992212282,24.720075254743364
2020-10-01,28.06982917646486,27.990813242402318,26.434608298022443,25.720918438271983,25.956920171431886,26.14563730591082,25.71055017171483,24.610603691800154,24.875485550993336,25.11989535915393,24.777134656249604,26.36252214111178,26.254854248951865,25.41887206301555,25.511511356472035,25.72682735279995,25.69289127667683,28.121445954504132,26.90904299993975,26.165172816415367,25.610348272026766,25.604545337360058,25.103736288746962,24.899184647614504,25.19634646520685,25.252128909935347,24.886371779349023,24.35103512082574,24.76343051740388,26.875201483872647,27.074679520080018,26.04972212140065,26.02320456186589,25.295212806913174,26.344028856553987,25.889827244230265,25.747573953933603,26.55595600121513,25.7037122740752,24.732878443403653,25.39109688281433,25.407563531131878,24.067407991434237,23.705060817932054,23.358276728025796,25.605023611676305,24.77424491646424,24.678671219069457,24.40731508151433,23.890474689470494,25.09644388729426,25.233719354414557,24.89139361700877,23.414899416981914,24.18349772440552,25.26770337641674,24.70737296969926,24.76032256723006,23.86831403514341,24.70742266633969
2020-11-01,28.159309972919605,28.046524605710886,26.50152997052616,25.85944974667099,26.01353793345612,26.33916533680539,25.88297732520586,24.809243174137656,25.1329378107328,25.273003477703597,25.020126662709913,26.416262768712578,26.3522063877173,25.529011880974757,25.731162823879306,25.793433141309688,25.822225487465502,28.163968775908675,27.289351519304756,26.204507413525352,25.630978855019663,25.719437406981502,25.092642151526892,25.00540609846298,25.408431885589813,25.393418177345666,25.164248964004532,24.667281034039906,24.91018714070895,26.957306415674044,27.12601649833833,26.24914733411004,26.054165984646726,25.381469206887665,26.36239347078844,25.960898428735852,25.826455926726368,26.652346746269984,25.796836214793046,24.82047731510081,25.547172829368037,25.634211397640502,24.403342459480164,24.035490437791744,23.682491302100654,25.610201015873425,24.78019843563283,24.719597525413597,24.349639674223248,23.9196268649743,25.104976001009277,25.240446060193065,24.844570084609288,23.70690305437144,24.16316746240967,25.419348222656975,24.721392227130025,24.69421283198934,24.167606479912124,24.79057135657952
2020-12-01,28.26950582010723,28.087403568818438,26.47533456548649,25.94591932165993,25.914081650044093,26.41423628135497,25.956552474085175,24.943495409144738,25.235820628042855,25.30567081240305,25.12317026385576,26.50732653243401,26.39395764647309,25.68188192319318,25.75544029420649,25.810820733197485,25.792515653837636,28.19164073414464,27.50708227205193,26.16107767809977,25.623664907572792,25.76847486056287,25.122296529818943,25.05282623394291,25.455264174072738,25.418193031971533,25.16855600463411,24.72640216761244,24.93819107271495,26.956302892020258,27.112165003683288,26.451358481448977,26.151253160678205,25.381816976124327,26.364335782763476,26.02960697837641,25.854284043053855,26.5941366148208,25.757822735385872,24.818958654564362,25.648935031144696,25.617003256174698,24.414152962188446,24.084303632417743,23.744319662063297,25.66212229174783,24.778222367522705,24.755781110126573,24.33854401620287,23.956252750830153,25.101070375778093,25.21086056356408,24.871315806793834,23.739196926508818,24.191584610339937,25.44662271828238,24.69638027401985,24.712240103539795,24.274163461452567,24.775254640793772
2021-01-01,28.263989186117925,28.12940106673033,26.470619250558745,25.982885592529797,25.92760593401209,26.42674924357756,25.940750440446678,24.976827276972834,25.213987785008698,25.282227868039005,25.113180057666398,26.543210605099677,26.347557971973792,25.89032409855169,25.710878333666678,25.759123355041712,25.767483314118724,28.17594214128527,27.624425973503502,26.185903226611924,25.591750800418414,25.71317244724706,25.16103556618818,25.057321307732924,25.370276706132707,25.365184484354778,25.099373509948318,24.71614846179818,25.011896767184044,26.998051714063102,27.056345097477127,26.376843067543508,26.135709321437233,25.37728632571481,26.282524920425633,25.89950841013375,25.77898289691297,26.572067097690525,25.716869902812682,24.727033802732233,25.733111941225605,25.625845303540938,24.41515255310583,24.107591790153926,23.76594104817133,25.709213540264916,24.804522573621824,24.714063511986634,24.309793206122407,23.940497137815726,25.141800503620978,25.229278826792314,24.906777102429974,23.84075328788568,24.18627765336328,25.379147505613595,24.677407378954893,24.71407749392333,24.307795932432928,24.714803598538573
2021-02-01,28.17942737035384,28.131210062278534,26.524912394353496,26.024983753792263,25.886610209517702,26.568262536045577,26.098315808289016,25.140776028754573,25.355793274803666,25.272541189285597,25.30422089238332,26.51416557995319,26.343472543561006,25.87540354041959,25.772559390202478,25.699649534959928,25.70881311023557,28.139974580570783,27.4633877701378,26.138725308683558,25.58353763993732,25.72204093327461,25.12105852816219,25.22873907234731,25.40538035519851,25.40727971097293,25.175246280729255,24.876699350351068,25.201578050730305,27.09922222542766,27.053592965987004,26.493826153331785,26.147770255663847,25.3743869829081,26.251353087434403,25.91680340298361,25.723429915198682,26.49384971751369,25.654136126529977,24.6960417268348,25.925823988444353,25.786013963151017,24.676959496707337,24.336034172190523,24.00871603390974,25.613383867385412,24.710796311405193,24.676009759507,24.23194205866166,23.866611263451013,25.100958309443993,25.17862428130259,24.77459594008716,24.035586099133788,24.213664651986743,25.374532184415326,24.63474972002791,24.622418279903435,24.53900824954345,24.69809943358547
2021-03-01,28.188233242907494,28.147993444417764,26.497843836767306,26.011679201949335,25.86499270497924,26.602066619425834,26.206869440323096,25.1640412878094,25.366018145885036,25.35468826768211,25.384505665253606,26.556877739719702,26.456756929374368,25.787243518636796,25.777004747929844,25.759382700187185,25.787453571012808,28.1403462956247,27.452117933964807,26.305579668974854,25.673386937004466,25.709949922327077,25.295419477863504,25.300193197999473,25.480018047541524,25.479691782497238,25.252159053738893,24.922675253731676,25.270792387562143,27.119108114096093,27.187488190893873,26.469625491061347,26.115349089461937,25.45627607742052,26.343323702661063,25.98999248792841,25.81409203285887,26.538335011470046,25.718984474663788,24.743184386160966,25.969162473909474,25.846838673087994,24.70439161907339,24.314578911868512,24.125121433234327,25.647192669587653,24.84143417857002,24.77809163450872,24.364751604109344,23.99162188847523,25.168570654752976,25.279458928942613,24.825980517674846,24.043085569014153,24.267016192432557,25.511547372264715,24.730621676544448,24.725256557372674,24.509682267968714,24.781918159459128
2021-04-01,28.26168626791086,28.215279674872242,26.615486973449237,26.00324540493305,25.94848940347874,26.61239217579207,26.25828530663549,25.23149634045358,25.427081818218955,25.443704016284094,25.526923148325185,26.54697198983144,26.529681444175576,25.765326310661212,25.806863331096338,25.733956034001874,25.852112984888443,28.25426653547852,27.51241049850971,26.370420137543945,25.725286723373205,25.70791585122808,25.326837721795325,25.28384423278849,25.5071494008447,25.48728497996844,25.32658099391555,24.922650351061847,25.26440894655275,27.251083246927966,27.286178555141234,26.477721805045014,26.099524655219298,25.49324516211744,26.32837106744172,26.022089709907068,25.841022479362607,26.572096858084343,25.77312611555098,24.766629202288584,25.994104052988288,25.830288414255932,24.669232628638962,24.309416627484996,24.140309304317658,25.672011046773196,24.883626530074324,24.840607355142737,24.41100839702191,24.02836416076169,25.269469937723528,25.343105364212523,24.88479689261483,24.110794173898853,24.40578695179815,25.53598131981672,24.7610054997058,24.76987762123421,24.645223515217527,24.889226831034595
2021-05-01,28.20817209987286,28.20531655659415,26.694558107116283,26.03799195290935,25.981710531774713,26.683875429216233,26.303155376989245,25.296949150500794,25.528227189638287,25.511806314421207,25.563322858465813,26.586256357564586,26.562050651316348,25.85411435749105,25.834080256101526,25.75244187798117,25.854180601082525,28.1811900639434,27.386038155494568,26.355604481406218,25.71596705285842,25.736459814088416,25.322521334306185,25.343655206361472,25.541825939653666,25.499101712239987,25.390225547088605,24.991846407036395,25.237766006385126,27.252505607773273,27.297344001709096,26.437296163687073,26.07854537770953,25.45064418170316,26.345409530301765,26.046068111887422,25.86690565530561,26.587135832830146,25.791738361328076,24.809699589562435,26.01365314672639,25.837250111482682,24.755363767710236,24.45630556630153,24.232976008019666,25.615072424664724,24.878947681815063,24.806012207977652,24.379983175969695,24.032361482433288,25.280648773985252,25.35098186512741,24.906698454769572,24.17593004603343,24.41047053059565,25.58632950762637,24.799028231582195,24.933165265982133,24.772191439559776,24.923891309483004
2021-06-01,28.3043697325048,28.289192908728804,26.902661288395343,26.047494812925713,26.007293859773654,26.629449323237772,26.275408704203183,25.320306552188097,25.536330685236166,25.509443477362822,25.534415890194108,26.565467661315044,26.533785245981676,25.997497369047924,25.82912094474945,25.82379604287124,25.87502714688542,28.246373677624284,27.4695861100114,26.35554183676858,25.70899823534457,25.862572991599258,25.31809749858603,25.241322903649188,25.494702265417338,25.48230284548,25.357148016453046,24.94823523321883,25.21425734147762,27.287910993746564,27.353475967311663,26.421043913573357,26.12782696349939,25.428310215797932,26.346002765440982,26.024495138179724,25.8684589903603,26.58391860640093,25.836710788956044,24.780266063647343,26.10571782735798,25.85852795418752,24.851650256546698,24.477777736944564,24.270836812088316,25.615891672795325,24.873447025275247,24.761280400165674,24.37188493584138,24.023170304354803,25.294888582534735,25.406856238056108,24.996369053758176,24.191299002935207,24.472942818183014,25.54732191973769,24.758228568728025,24.785300535515432,24.631410775882497,24.8859852646944
2021-07-01,28.36732785231898,28.339616465309835,26.877396118009337,26.07308450090792,25.997668201400927,26.60497855863222,26.20745846234829,25.307979102952096,25.582057103372833,25.50515374867531,25.548665721479637,26.60975568482446,26.566434413580268,26.05662397378475,25.861096977685296,25.820715113106232,25.964143055230814,28.21310404756585,27.480559956377853,26.389518372704973,25.758491103967316,25.9434869774027,25.311476594839043,25.19003670394341,25.558456668504355,25.47696885983973,25.376189642962625,24.91036914175694,25.241697650224594,27.386403423471123,27.377880205989303,26.422465301181923,26.107477828872856,25.402618381190894,26.398692437257065,26.084560283397057,25.933305286186112,26.59470951369055,25.919264113669684,24.75726235772851,26.01431553322432,25.830155204062102,24.768839582509727,24.377143757972895,24.13524830373632,25.682301821134196,24.936166876606347,24.81532161710486,24.412768539051672,24.077843156630763,25.368670006673774,25.457432191893812,25.018316899388065,24.1604794335488,24.51818761579304,25.612179411634678,24.775022812543217,24.783890843441885,24.657738502489227,24.951956615453867
2021-08-01,28.407441900559085,28.397472770703764,27.01542397866412,26.097123649844427,26.089768062286716,26.663153828362294,26.29214303331546,25.406054846729386,25.673747365358185,25.58929212276997,25.54342802547009,26.61514182318188,26.57621148312912,26.115590002909563,25.90998107666709,25.8131413232709,26.046549361094108,28.25523798383405,27.548784224110396,26.38337517924087,25.736623029419608,25.926812344976458,25.372130086281707,25.215120508183993,25.550382941217954,25.468153541352066,25.35068005029873,24.927689771618216,25.286160317913037,27.45780197660162,27.44064558709825,26.452020726537377,26.202547322795574,25.40398801305119,26.40608583589293,26.07185513341062,25.929730875299448,26.632904605252808,25.979376826135603,24.742946282595533,25.959881745623797,25.7793840306312,24.766957257169278,24.34935941470422,24.0770293648266,25.757573840575922,24.931876522099248,24.844027136987084,24.429089345039756,24.124188194238858,25.4190804113845,25.49002817185435,25.04601325159182,24.23205912515635,24.553186180534126,25.635332466532635,24.698201817884073,24.703888061706877,24.613919518038497,24.994472070883653
2021-09-01,28.338477403900317,28.330979058215693,26.938115536811118,26.072115617374596,26.111950007055555,26.68626724763749,26.308770544282645,25.321194011652015,25.603132040324297,25.471724081793603,25.56318753855725,26.551529002453098,26.512919651359702,26.007364729321097,25.796937230052393,25.797553209737853,25.977820312660658,28.200234542974975,27.60141683613995,26.38973160479406,25.757344554572924,25.802411266619877,25.367065720325755,25.121217615110872,25.465918890244808,25.37200316224106,25.370722579979336,24.904852031630274,25.165526242475693,27.378575411223856,27.329257232175465,26.38277180489488,26.272349233209827,25.388922746827465,26.38772918388421,26.00122463814757,25.89074282921634,26.575894099046966,25.965805059960697,24.7120705762761,26.05081821261002,25.840005042602375,24.966153316388024,24.40928207472287,24.250001650537897,25.694794255291193,24.87117050019597,24.795215483632962,24.33905516502626,24.11819715576885,25.34807508331514,25.393967997439137,24.984203642042946,24.19817034687005,24.46771585836527,25.56553068490823,24.647203239499465,24.638141581468464,24.501788170382525,24.914183506676583
2021-10-01,28.39547859721905,28.49334524500414,27.148511788493714,26.17143632893388,26.21176825870351,26.723443666238513,26.432161947567092,25.410515057324535,25.657821098860705,25.593826343564277,25.660630663763456,26.56003745943947,26.680628859523228,26.105052749132515,25.85806874113462,25.965426125793083,25.994650771498097,28.226489308034587,27.963647038030487,26.519191502546292,25.775591744332363,25.94382166232342,25.50910118891016,25.182047397644077,25.495347740878735,25.580292827320903,25.40390254601602,24.923330800953938,25.189874547709994,27.480679810105617,27.28152266715706,26.3821804919325,26.39547379418879,25.32193749889294,26.41029109957023,26.08043870368013,25.969333092753516,26.64545103174696,26.05554647065244,24.72010914076606,26.14253632846946,25.960926384350564,25.06069878585794,24.49398528892785,24.391381918596355,25.777967153598453,24.915466528645595,24.800847564915458,24.381619957161487,24.21380819868747,25.497522865736187,25.459146030635317,25.04191371858966,24.329646425530182,24.585569937099105,25.653262689714406,24.81052627828428,24.642083650217863,24.64981598957719,25.038029343913973
2021-11-01,28.49393970474193,28.49023480857654,27.393850065162766,26.21200010360123,26.161368548332266,26.662134957192354,26.36036988665113,25.328993850681186,25.58410572213035,25.551776173965965,25.592279688213726,26.516430802396304,26.644701065976093,26.07832077880213,25.875424795220898,25.803808788178813,26.200359254817172,28.265636654368212,27.99088488571021,26.593985323666416,25.77171548511054,25.955410476096862,25.557747228606296,25.133887023718188,25.41746767107384,25.556142774605068,25.31030165102896,24.824380822243747,25.199266309983845,27.438261474362136,27.284269508421588,26.22791130121073,26.32276561412185,25.246323945568637,26.427529358677415,26.008362090761583,25.95800691627935,26.584822302329517,26.15003978248637,24.710669273029616,26.06801051193937,25.94667571580328,25.006373894258004,24.376357313957556,24.335092216043865,25.79481706777851,24.865209830541005,24.781076845473013,24.337452609355072,24.205122527394884,25.536687831304814,25.38752058817013,25.011752828054632,24.37146628680571,24.571014644196044,25.649936596305576,24.76839139186496,24.6589769058648,24.63479940185366,25.08320138038403
2021-12-01,28.567000948659764,28.50924652445706,27.288577858795524,26.395816492099627,26.046865687986525,26.659108193529196,26.36081928862619,25.333079623074383,25.61872428245655,25.56380830659896,25.600310472614435,26.61562528952013,26.76726018048484,26.189170128676935,26.036294486138676,25.826640490701152,26.303511664221336,28.2151304514184,27.9109164458437,26.62929967663339,25.868868184757588,25.940108437594784,25.61298219607901,25.200846771260867,25.452311973011227,25.62298875740836,25.377734143371352,24.818891579237736,25.191567525013113,27.45886901164456,27.320259544774327,26.294582905556933,26.259321114502082,25.32099469908824,26.55099857840337,26.137317083181046,26.041596170868303,26.61328361506038,26.201212807679322,24.839557955061718,26.10366981335326,25.997091257196743,25.035186393015735,24.423911239080276,24.355908824336918,25.872323198284814,24.95311089305206,24.907089384749444,24.440025861965886,24.30326065340752,25.64716954974788,25.495810156981918,25.05594001683398,24.415810221597905,24.705645174223143,25.735125840699396,24.825260098480115,24.78055643619484,24.75294186322586,25.1460963333041
2022-01-01,28.55116413435053,28.43091212599213,27.105433419495906,26.274904674380988,25.9584689859142,26.595558611258646,26.402036736385643,25.262699626286324,25.66237846847784,25.461757352359356,25.714799960092485,26.622731489447606,26.709823317773587,26.070821251125047,26.0472387053418,25.897321387575673,26.189552824023476,28.106620637234535,27.79031897041311,26.510431566695527,25.836183909243985,25.823573501338746,25.527699744423153,25.17547193389118,25.432795023144926,25.598020255854937,25.424607946828747,24.81987270423307,25.287851937635324,27.39067681145971,27.2491407609595,26.214502308924587,25.91544489254655,25.3569268551851,26.53167875929769,26.167264291210465,26.047236434687328,26.582992448111213,26.084435340372,24.805106586129796,26.31989298251303,26.109643742156678,25.243151820161675,24.689736863980347,24.60601096378851,25.694106346252557,24.954634554645935,24.920271002079996,24.455970881341614,24.306544889141854,25.580131645823307,25.349742939508307,24.901643609076082,24.34440196050312,24.667551828915855,25.654968218148497,24.754658069503606,24.77655751533903,24.638567800398686,24.939784221171443
2022-02-01,28.494308511416396,28.390924687602787,27.101299874188644,26.277563790565804,25.858647956395085,26.554694163148103,26.359081317603753,25.224216478262814,25.547068142834167,25.3607673232674,25.706775011465254,26.576888603629996,26.716782055075203,26.089233539085935,26.13404155294444,25.835299745776783,26.081571910344966,28.132943645145005,27.716921959214,26.360328221674735,25.777938900335414,25.742579311991364,25.45989033118965,25.108430995866854,25.358032253605913,25.603728653234164,25.55450150962112,24.830715421454222,25.24335913671303,27.388853619942225,26.854107646966636,26.252183090924113,25.836002875346946,25.310023772434494,26.508231917685272,26.187224555990912,25.989223585889707,26.549167562253476,26.112004936329043,24.741487922557333,26.351765053842918,26.20174390213661,25.31119616394179,24.694078875101983,24.643726619202077,25.696024447483182,24.909364932594375,24.849930674064044,24.45873260489092,24.335779070702905,25.50761210929823,25.24667707957048,24.880494399570765,24.27666976817478,24.657713678396398,25.571772129536356,24.577427780692155,24.85558119171527,24.874132487014865,24.85465911463414
2022-03-01,28.551464047517246,28.424354909755667,27.213705318067618,26.347001473981315,25.867114360914318,26.51528186342773,26.28928009573456,25.19087912655313,25.50956513081235,25.387664280416384,25.61474474518016,26.65739963017641,26.785989346505282,26.22942313713695,26.226659450853397,25.90429272320491,26.17951253489669,28.192567564100617,27.93042624922876,26.30667079529202,25.79368862002136,25.727898507354954,25.370663888032787,25.280589554549035,25.38865946154384,25.71372731270199,25.524060431817553,24.78782333515176,25.386585903735284,27.41811590728354,26.906405007965883,26.173015692356596,25.78416513250593,25.307487708071456,26.488211226856436,26.183360892304613,26.011210226314194,26.646117540992403,26.216981233766973,24.726826139559368,26.414599551488724,26.33508148949665,25.36898180250395,24.74859552034728,24.680544903383694,25.780617117487,25.02550959437209,24.973051746319335,24.563279075058194,24.4566111039367,25.60941431501994,25.34862914243175,24.92444678387526,24.23207267740566,24.752403921352993,25.657318849727503,24.633426373176132,25.03802874615181,24.931858692958592,24.804270342972615
2022-04-01,28.449286579981255,28.31914201123572,26.827810072138604,26.22639757003661,25.67916293530937,26.382420753985226,26.14982403254156,25.119278061576612,25.428444676727725,25.192750746621023,25.50975096681119,26.67546050297486,26.786155730988593,26.249337152501333,26.12800019959687,25.99096685024418,26.12594932537475,27.921381884027436,27.7173009598494,26.316255755471808,25.80126262854331,25.654078587942536,25.348358706805342,25.223901132415133,25.383145208615854,25.5600461877945,25.4811629647654,24.583852232385212,25.293448580193548,27.22031508561132,26.80277184331209,25.967057496222413,25.1072500271505,25.362671514130145,26.537686720071477,26.23222150442515,26.043306112585878,26.676941124181898,26.1372510423062,24.74278663814619,26.446298978475596,26.296516629839132,25.326131224359234,24.691308929403473,24.668218405462987,25.604345031290116,25.01198484022903,24.98511466084819,24.55664193483739,24.43860385648342,25.607141834838366,25.3071798213297,24.89789248527236,24.13593202025779,24.708658362407082,25.63766005980608,24.57436548547654,24.95841534035573,24.727585073104954,24.900956192015634
2022-05-01,28.39178115217517,28.298572795399643,26.834527123164275,26.27178149140037,25.58569257834703,26.49220435747752,26.191542815907138,25.186862405886664,25.50359498787392,25.261414999019653,25.557635014482372,26.67029368185514,26.76273960282263,26.319746246203806,26.139794070580802,26.027934378708846,26.203747797036137,27.888068796135215,27.578960897524976,26.324048313907905,25.813429489868582,25.60602986231628,25.3400309793692,25.253593345966152,25.383713511601606,25.49611363443705,25.48337307102999,24.63280226167326,25.239663949167657,27.217265199207105,26.768108125554182,25.956340056742338,25.143767762210803,25.49818034716005,26.461077182446562,26.213000531541567,26.019973879439245,26.50350838381548,26.007417260160537,24.77121949757011,26.56505907262906,26.40521590294631,25.488503513968997,24.855262362479223,24.833825593490502,25.668029497216686,25.033182014867826,25.01557677193742,24.585678585027253,24.48802506970721,25.378116771960492,25.373316239299538,24.85238504867254,24.107131380136085,24.592139723535063,25.67762518702651,24.624727068780295,24.887312034542056,24.693789927122626,24.87546681695689
2022-06-01,28.308312714002653,28.24398995125972,26.626096434069392,26.094346836208548,25.615207452910948,26.331592175395095,26.013405972351585,25.097266012699237,25.379143729066115,25.167394932231378,25.4073692414586,26.66538350423173,26.79609543811551,26.356955683133933,26.178330592319682,26.018545495951667,26.20030243321313,27.764250973526444,27.46030377108661,26.225253945366582,25.79206968643438,25.45509941218561,25.22839245734046,25.065053539754697,25.280895622349462,25.471984218939927,25.499683743189753,24.426095729598483,25.061759860898384,27.174164885790542,26.585063220827234,25.799408656513368,25.0223758605731,25.48255856581886,26.433029726034324,26.20555750645944,26.01345500153144,26.450769473405916,26.035044538112235,24.787954889780508,26.4610545943938,26.22578321417945,25.26897190629043,24.60795748040297,24.61860914976084,25.696824874390877,24.99384273767945,24.965585470038096,24.5319928443912,24.4140200385864,25.29787126746304,25.371205594645094,24.812441475054197,23.91828172009769,24.536257920139864,25.556112392128988,24.60138207877841,24.75884199635586,24.404400625358836,24.69788827504714
2022-07-01,28.481117058634446,28.33300433846357,26.807099816794757,26.199949057902142,25.72406426413186,26.355719319573854,26.101733888554705,25.21277952479036,25.482002955882958,25.26869828844556,25.52068888818832,26.648395915814778,26.854045122297574,26.3736553029292,26.113252174614946,26.00641974563189,26.162994833170554,28.003737032662993,27.74078392008926,26.32434723774498,25.86225401431724,25.57487843800888,25.320538590495303,25.16853838573725,25.382821195442098,25.535649110652095,25.46904543087988,24.576423836696087,25.201662736466037,27.239501645433556,26.571640130900224,25.916249684884278,25.27398889655828,25.372735372019218,26.398501914185967,26.232586927121183,26.068987827345012,26.53337745692143,26.15673326656451,24.770331072004907,26.584891331242147,26.349091853418795,25.358139336140365,24.642855684749613,24.6393011656307,25.783696377055243,25.01889698489065,25.040924725930793,24.558935475243285,24.43950853897965,25.42435723425987,25.43506370098255,24.88113614843467,24.068543447348706,24.586009793499333,25.608879560639366,24.63978627309214,24.491017515337468,24.479752734477277,24.77533381572041
2022-08-01,28.448023617193954,28.261894856420064,26.62201074034536,26.129611997679323,25.559644685915167,26.350295635572014,26.09580076858707,25.2106176781143,25.502294449849288,25.2645200372511,25.517035181488243,26.569870449788507,26.810691599353568,26.283376496250366,26.05742467336733,25.960847908570077,26.060313522239884,27.9412071102831,27.665533648619107,26.281854300425465,25.819233899204427,25.498317482509712,25.339741384946617,25.104737686631776,25.366530065756244,25.523298714259926,25.431218328422663,24.570044177319986,25.263989580336315,27.167322740852256,26.59542800179755,25.97108047245964,25.26801292244122,25.31765810894764,26.397965610435886,26.1934972577187,26.0534935001281,26.537156821168285,26.12234324011825,24.769657936395916,26.570970380565264,26.313542466757657,25.474472979191642,24.67265325298345,24.73363222902439,25.790420052364464,24.99104071502201,25.043262795482885,24.575437761233637,24.382413352129504,25.36170787184768,25.37110362388119,24.812974000182518,24.00528042792807,24.639250411041704,25.543404491599503,24.6566437422539,24.40046610253734,24.421642917722952,24.733812405769346
2022-09-01,28.320467592852104,28.148304997764438,26.404136873262654,26.01263260753328,25.477721155914782,26.26565543888015,25.98881901461046,25.091331233962926,25.42663271855371,25.07307219406743,25.440681288341686,26.58900958827912,26.782789889096623,26.35749690854019,26.05556368472971,25.969712213876623,26.02727296205419,27.82622053452531,27.627219656310867,26.24412352637765,25.735444693524936,25.25092767171089,25.30659247666265,24.98630485012405,25.245728072032303,25.38706385873649,25.345007974283952,24.39925733252649,25.17421908351814,27.043852325403844,26.412406374439197,25.798666934186627,25.319789178267243,25.183638112165973,26.309410846983766,26.09676020497413,25.99977447596013,26.519766818137526,26.02203503944356,24.662320701845054,26.49003646632987,26.227131690971998,25.411792846872405,24.611864662196137,24.65145081828086,25.713852636192946,24.86104101756451,24.926824047558714,24.43566046835522,24.230968373419685,25.15836536061458,25.202814122263693,24.672672755825577,23.877532008506673,24.51716979069135,25.495354697548425,24.575309534186996,24.416535602523634,24.34185364950008,24.610822573289873
2022-10-01,28.424423224279092,28.144993515480515,26.510477959294985,26.07812363757236,25.600251369596425,26.45179743217764,26.172173523744732,25.25311120101455,25.465848615296434,25.240748734326203,25.574740748921467,26.651935817761377,26.880523372235878,26.470654456797664,26.142500553564066,26.139098469201308,26.0890798571929,27.72811000097684,27.473872896422026,26.314738436312627,25.902378499794942,25.362663146343962,25.34390467187988,25.263356395080308,25.446131978840032,25.39890176392484,25.491977678790104,24.629085611343218,25.347639115223124,27.03186217885331,26.036425743965957,25.920388082474826,25.53467579725751,25.35624272329704,26.37397416831404,26.170157010069012,26.11282460707332,26.612691005471707,26.08208775784384,24.712160806124828,26.72838842301109,26.457557264076932,25.634765354160834,24.987555207974108,24.864115689760403,25.70217898018682,24.86275963711376,24.88906106886102,24.452521671724494,24.260687897053252,25.2509332100017,25.16720874580035,24.668444836925115,24.088727534690317,24.579319821797448,25.59750725512684,24.65550472117162,24.43668567227816,24.48986965360355,24.70526673908878
2022-11-01,28.389180582116335,28.239508178795607,26.73668445216069,26.236924973247508,25.585754898003504,26.55393275855812,26.221175203687242,25.367213947762234,25.60006141167675,25.343768733641863,25.616475753200103,26.67483655960879,26.867122223163857,26.495179291389885,26.248803486893287,26.223570346766262,26.16317271067344,27.668790155528715,27.318006775520775,26.40465272603209,25.902855281485493,25.531168929868237,25.435763398815098,25.358187105655833,25.51949414822155,25.49686464908298,25.532284919102917,24.728814095549446,25.455724470849667,27.098178155309277,26.27363891761396,25.835507769022612,25.580381004752233,25.429848004414566,26.483238164305092,26.231086367255386,26.13423690277836,26.681182639274912,26.156467213481683,24.766852206602977,26.733159989409288,26.470791766854376,25.614091559057755,24.978287035062475,24.90888567197936,25.791016863965154,24.932696520270433,24.921515816672052,24.548741307475517,24.330250498777787,25.312561198140777,25.240130917417154,24.866706758878497,24.18037755117803,24.540513274845072,25.721136101409012,24.869533532825002,24.551523861154887,24.722950104633533,24.80720832015922
2022-12-01,28.260419064732368,28.180398593551633,26.59024640071764,26.251517552691695,25.396281132540125,26.523961455376792,26.08768155228315,25.256362497641202,25.509595953358172,25.333422003797487,25.473357001171003,26.673657255609452,26.83450156082259,26.483743310009242,26.251467909080333,26.231079421109435,26.193607755097023,27.52964951465628,26.86019358155315,26.38527080643898,25.873936458097933,25.5957696825526,25.371096426837163,25.37142329043885,25.50017597917825,25.44804457993584,25.560171783853853,24.703129361904654,25.427576988646415,26.963103779350423,26.29242831739737,25.71639541410599,25.544901571186653,25.383673718575267,26.499200105517968,26.238153416840237,26.107745233557388,26.60888981341627,25.989876552925328,24.78361865505266,26.73179349931259,26.457438173047912,25.572268428629854,25.014668454108666,24.817387064851932,25.78301034632475,24.973172845167202,24.986283785952686,24.538787740188926,24.38290942321854,25.268653437659804,25.19676327680699,24.818618117884483,24.163831213369022,24.479022108300637,25.690046891287036,24.86338879070245,24.54581985561437,24.676669403891943,24.760979178738815
2023-01-01,28.365248254807366,28.213172331319893,26.880576515354825,26.305073747621922,25.632805154318397,26.566732077731555,26.162343055530037,25.31963866927666,25.644816677009214,25.409236969042478,25.6001145905494,26.595810350779434,26.777349680346358,26.422624951967702,26.161803572106958,26.205256690273494,26.04490659547355,27.734823017508717,27.2011093487668,26.41123988218157,25.88851492437668,25.68335743724982,25.415325522494634,25.423198633490625,25.472642158663973,25.4401806469661,25.549512765826346,24.911431235929605,25.416466846688785,27.076658953533258,26.505852078345168,25.938525592974855,25.72723444730073,25.484842940209493,26.436718180660808,26.20148889804108,26.05912720379444,26.62721545320539,26.102931370952298,24.72803397010397,26.78226580797912,26.426489085924516,25.61075822427062,25.081846718461904,24.850084087279342,25.669509488846,24.967915784035206,24.932636866391853,24.5283065739498,24.358557814738923,25.412322235970368,25.257126807236766,24.938056808683086,24.268415943793944,24.5683568017979,25.708017815014856,24.907574263705182,24.672137108937832,24.837265426472126,24.757856302758416
2023-02-01,28.386640921975626,28.219648211982705,27.053108000888777,26.320812204330565,25.606505269582453,26.5980243117833,26.128518988776143,25.280161031098107,25.644285865615455,25.312823633880175,25.597978659979812,26.5316224791821,26.729654686850363,26.322047227110033,26.21204608796264,26.19430416355189,25.969254870423946,27.644571353656527,27.37301432141869,26.322153539892838,25.87537728509092,25.61393240284344,25.408380338645188,25.376139212009743,25.387582553910484,25.45520012402896,25.53172894334047,24.962656102540127,25.40791655357457,26.983632631842482,26.666550499644885,25.85313025747121,25.633288277388946,25.424807340963486,26.408534202996655,26.171527096148196,26.073697233617228,26.615047600769934,26.048744579237876,24.717662644276057,26.728251391960555,26.34729349552596,25.445924691618696,25.013392813080014,24.699299192981165,25.620069171410837,24.88459793042193,24.861932785334368,24.462433212246737,24.314956723535122,25.365772795560527,25.13652508147601,24.868118203303144,24.217556776419414,24.550487810752685,25.759345942112745,24.793582694305314,24.478453302420508,24.755238550032676,24.691272819761654
2023-03-01,28.50028777856063,28.367012993095027,27.2324746534537,26.397316321928596,25.80623650340617,26.502651095969153,25.946780401549578,25.207821104475705,25.549804535102943,25.282922124697727,25.380231118352658,26.550078780530303,26.72259100908828,26.42373174815829,26.246971645031117,26.19571506374263,25.974907969388525,27.73637329069517,27.38148546118268,26.31735352507594,25.938921975113235,25.64582835056671,25.379885902016376,25.330400379318025,25.39098338639736,25.432450020128464,25.53558372999099,25.083595189227275,25.39263005289683,27.12494804117889,26.85841038494231,25.8583369360943,25.70326781189887,25.442627357941216,26.486337533206974,26.21300087037607,26.123000450002348,26.65179446584488,26.07635554709421,24.74258825317902,26.733639612182493,26.37085124092134,25.40948436602794,24.937725589620243,24.713444031211562,25.70824972094231,24.917949524256063,24.970701898119398,24.505412763032005,24.360063287560994,25.376813611271512,25.16799292302851,24.914631555016296,24.131029275635086,24.56110194901941,25.779437130478993,24.797874749352065,24.595395379308975,24.753773124504807,24.709321312482707
2023-04-01,28.528863011688347,28.43070591376662,27.231635948155592,26.38076539213139,25.79915369439066,26.561726215870312,25.976743248185713,25.26367196030073,25.57421915003233,25.293243511370676,25.44170498936024,26.604689178145883,26.766579800087428,26.5658381155888,26.19381727648953,26.284542557353536,25.926963228160705,27.75706959379742,27.148301751421975,26.342768180859682,25.99504078639943,25.681402434311945,25.418438911222516,25.285535323081756,25.43559895706289,25.404435381172842,25.55550045436155,25.119165685197615,25.30754390710343,27.15915788472097,26.98407863254848,25.88173035167582,25.65721355944255,25.356984558816304,26.53676316443783,26.254248185147933,26.175779016758156,26.679476839189537,26.089054579072613,24.802625546602798,26.809816799908273,26.403530402582458,25.452080211109248,24.94280450474742,24.76399932058137,25.70239412136378,24.942624474511877,25.026189994962092,24.521006759722873,24.37310756132177,25.387929182363013,25.168237435151273,24.92368473146692,24.157855877613613,24.54702371137341,25.821836173297005,24.828740288843626,24.571245306536472,24.677613303373104,24.7645796951587
2023-05-01,28.57250988149556,28.497213609076624,27.541644222419126,26.63512913385637,25.9178941120365,26.55107264797094,25.924514973014457,25.20509429874996,25.487154425637847,25.272697179169715,25.443213600099895,26.55046563991564,26.756675062482678,26.647305975887257,26.111864209454254,26.239732529786625,25.904338306765705,27.89114616405962,27.364323640605672,26.28422293714255,25.958401507900035,25.495855951511775,25.390657869484684,25.229452409562963,25.39349174383489,25.38805270517664,25.474639988513573,25.14470326201298,25.218977818646895,27.294283463349974,27.080779906564857,25.72874973697293,25.837800891580113,25.254768637932184,26.45005731311976,26.181685832015027,26.130009490833388,26.651943575255864,26.105491892504805,24.738659283773888,26.662990843108673,26.290880171751358,25.41656538897674,24.801105671325878,24.663237547934294,25.660146547189285,24.840606899483106,24.97314217772567,24.414948638566084,24.305107340267412,25.382324767757563,25.072943592968112,24.952904969608294,24.083028284278775,24.507131357297766,25.77815681476874,24.73916859385175,24.415158946302245,24.58236385645387,24.722623934375555
2023-06-01,28.66403453634498,28.5357277375015,27.65327051046075,26.706151267522085,25.862109320507532,26.62031588379677,25.956387207811435,25.20847195624633,25.530712247140958,25.3225187676842,25.520617994552822,26.623262117369414,26.743036859831506,26.737935332810398,26.088173011454604,26.283849369969236,25.87922015417205,27.969132574464375,27.614013092466035,26.382995134610194,26.003994654259028,25.543260897499234,25.505912947931026,25.408325365179476,25.4784464424083,25.455762210031427,25.54201827433141,25.22346467093035,25.3769527354177,27.268145145812177,27.161519860504058,25.74364503722362,25.946220786563348,25.268657835197345,26.512883953619337,26.191028461727893,26.145625793452442,26.723578788793166,26.158675318636536,24.77379702639633,26.720057651863538,26.34433766235363,25.464195882330987,24.938132904007812,24.727752709712387,25.676566873055368,24.855822903576787,24.98970629269307,24.436907022700996,24.340737233576434,25.366789119672024,25.123168014418244,25.007818554503096,24.17673779368926,24.536967813544354,25.852830070355687,24.8461513063427,24.47583526187093,24.73493236345526,24.878595084643607
2023-07-01,28.676738954092382,28.52206826405658,27.752904558720758,26.74682365426856,25.925164461028604,26.702894299580613,26.07352255091495,25.306810132982612,25.60036072079212,25.396598044424643,25.59900137303855,26.635332722355923,26.799282534594806,26.70668318709453,26.192731587881482,26.21174327503794,25.862172995607775,27.99428154531092,27.635404701277647,26.455022346941583,25.99167572691664,25.546728333903065,25.54318065725528,25.48316175731629,25.411843078265207,25.581431136258136,25.434000149332622,25.262650566789606,25.438541054013246,27.371398181165336,27.266043772456314,25.739267274274436,25.942764106780917,25.17472599564481,26.54249258194069,26.22661578722161,26.16460855407984,26.740485687605517,26.199243050686736,24.76362080078988,26.71996406761425,26.383655838445065,25.5978615267324,25.115578170789142,24.87451111767756,25.664363461891803,24.898150503353296,25.019023292697145,24.44330009663681,24.367857479156754,25.391070051007983,25.112440720235544,25.040421649192133,24.269300423657953,24.51212790521517,25.881295690139872,24.871284852120148,24.48191133558464,24.84490742399697,24.91911594587332
2023-08-01,28.632081151586128,28.497476897192076,27.807578783385193,26.773440130844133,25.909261774394217,26.633260703795017,25.96363794224162,25.22437413689065,25.53698724574176,25.34335465072949,25.48750813743665,26.5997892156789,26.73865037201485,26.904900594158303,26.186085903943425,26.233355261993164,25.85421491485149,28.026158822310265,27.59981644116432,26.44436170102591,25.94970889634065,25.46483443521851,25.531582245956066,25.546547722858694,25.379437833120388,25.53082269868186,25.41227138877588,25.265313618640597,25.39413373974594,27.397060533834225,27.192095142421874,25.678867585734743,25.93063998342583,25.210822777912036,26.536154314049014,26.192118353228125,26.11237695647931,26.757541973392303,26.17871906401739,24.73265039026374,26.75613534457506,26.367890281181445,25.608928217629135,25.12614955042543,24.851317946275838,25.571505833527475,24.845293086972283,24.953175362905004,24.36553619126049,24.32540181899488,25.386651572404656,25.064049885082767,25.004547712429186,24.175906546126487,24.49288444150592,25.87196047931046,24.838526852201003,24.396846838774916,24.736370523406325,24.901676922662546
2023-09-01,28.540571293782264,28.462260876870083,27.681277531308055,26.66805413417275,25.821141371535262,26.624268359735403,25.9258981686773,25.219964019640347,25.495259603178482,25.26306102543799,25.4848300309165,26.569656656988794,26.79496804188393,26.87575652838847,26.20027441552639,26.176434399759586,25.78971404326,27.943964259647643,27.568887414584548,26.361682575379504,25.890008061197744,25.403090755080143,25.428186760675384,25.517202335093884,25.367722189177265,25.456747352023314,25.240662390542592,25.2305560610591,25.308939068793364,27.3572845340426,27.206589449442742,25.64693394815206,25.792168437590483,25.2262542157084,26.479643612759855,26.12560549559879,26.070552317092933,26.744471959375943,26.208753075050858,24.70000133372699,26.82017793130588,26.423077048735166,25.619719237955515,25.114892512089153,24.836751243283107,25.424833131464823,24.85043410918199,24.918025671481928,24.33445223449357,24.27449777848591,25.285130446748326,24.9663928328952,24.935977335882463,24.126600702000886,24.445236737038627,25.83326675357267,24.796751160676244,24.33213914037896,24.668468663009897,24.84058264318846
2023-10-01,28.537998003884674,28.530681489853958,27.616813600659277,26.6863930474077,25.811478511031915,26.58230200589491,25.88717409534702,25.156292824370883,25.35271434686301,25.215921968439602,25.45779126683199,26.520911357004515,26.859213153974384,26.906554950766278,26.145961162979663,26.180797210978923,25.70776013019836,27.989858279395396,27.349055431749314,26.30212698048967,25.885175695066774,25.478550732557903,25.34143789800563,25.32848673627331,25.359678564979152,25.476104040899372,25.363665375532506,25.213755227580048,25.280087985303105,27.30408308600921,27.21011413053838,25.653574172398137,25.878603655586133,25.2512390531519,26.50783160732745,26.142577162134607,26.033519921778957,26.76599819171355,26.18634331736551,24.75486012600482,26.715081863993788,26.27718507299615,25.616343658648862,25.072719114577044,24.83271979331481,25.44230905233006,24.85754679201705,24.957115670019636,24.338697377116524,24.304475167636184,25.18442260044251,25.046636828699572,24.94062045359655,24.160222527854334,24.357262770800236,25.86257154207654,24.799476750077087,24.356466236622648,24.569612432116994,24.772275730604193
2023-11-01,28.644441416729364,28.64460882685599,27.75386410862269,26.781944045997054,26.03805184276507,26.705116862746543,26.033484188443644,25.274013606601656,25.478462700614706,25.42044401821436,25.572188020155867,26.562633678141147,26.89120375130745,26.971400362733966,26.164454896197334,26.17865272894261,25.70481091749567,28.083055560889903,27.527519087575737,26.39849323345237,25.957522161782915,25.54898908541824,25.389724838188133,25.437221240157374,25.42647908279932,25.557742387521284,25.364770503674976,25.328187916054812,25.27748452393538,27.369965616272115,27.29252597317899,25.781128204781513,26.019477062801624,25.343388943330627,26.5371190666888,26.17651415269187,26.063741917075184,26.717602801492234,26.256754185080332,24.80888525965105,26.685260467167456,26.262461232318852,25.588778456272536,25.005469965504837,24.81339218783192,25.445904665784273,24.89497446105405,25.01035340753363,24.390420850109418,24.29337118993407,25.316103660269906,25.21511644070008,25.051269625397016,24.288176186228387,24.43791428444664,25.942042518418848,24.756467488390886,24.426543680956527,24.673318706100318,24.929617714012167
2023-12-01,28.659249116669955,28.639033456774214,27.81103899699135,26.969091666801233,26.08170597462318,26.79113484252174,26.140642251413116,25.403967784042063,25.64000417392697,25.497986191429746,25.679853778365977,26.58396910159537,26.8420945865304,26.959412564443994,26.249116824433507,26.240516315258997,25.661488750155865,28.12231843795627,27.561909221022766,26.50544553458977,26.014237355286372,25.533452269077912,25.502426536832974,25.60212844491687,25.500365205245828,25.644228285442583,25.40423928793967,25.374942786922215,25.370344387490082,27.422582207714573,27.37129113897757,25.75489434578793,26.04635072827753,25.35598296691355,26.490586486426498,26.192794939285626,26.080506463340175,26.730113226591204,26.366192832893535,24.82074806996123,26.667131855269663,26.310876822955457,25.59812495715094,25.005469965504837,24.796016177595288,25.49141387142126,24.956774776785444,25.008175058450014,24.42252087350871,24.232512261211667,25.464382735696915,25.24855821312883,25.044998134748248,24.421066603745505,24.60232503366546,25.934619482812764,24.768408643138624,24.46587328039397,24.804939255056098,25.044093105686766
2024-01-01,28.616104290129055,28.694733921942788,28.028186069422855,27.0292189214335,26.147694553087405,26.815870554921794,26.15068962042144,25.399395189505295,25.573383155344214,25.45735508597234,25.699170401702947,26.59765559433096,26.817122485245346,27.06155808421262,26.308187805557125,26.35017051676307,25.600256062444483,28.1435473038987,27.279205060711096,26.5237732272561,26.00137300288356,25.469772672019484,25.457815397069457,25.617699573942108,25.464193781820615,25.642919671562023,25.483934597442932,25.41241416320553,25.35815597158499,27.42551302404381,27.468612948333945,25.81999033100108,26.193582303269483,25.40879464489943,26.56042515033127,26.202252681609377,26.072763406254737,26.78090252642636,26.440056790165503,24.87554810947961,26.695044370646254,26.29921076221618,25.56126918478716,24.94395291888087,24.74773472195281,25.45605794903133,24.944227160618865,24.99958132420829,24.383861481887312,24.201679682201494,25.41988873683602,25.15805544849287,25.074820090536416,24.40693538634308,24.539027469643628,25.92328546969716,24.706456718957728,24.284083209625233,24.73488848279239,25.019687454313406
2024-02-01,28.596111927642657,28.734333776387587,28.27957458598252,27.126445643279254,26.241778431448388,26.88696495138262,26.165574097352483,25.41243456322225,25.569281008632114,25.504069910221197,25.801557278204594,26.613142699563124,26.781031452361958,27.216330568031598,26.38616231645108,26.401567267060695,25.595803071471835,28.273625564998543,27.354220364475545,26.59919355060821,25.9998685483846,25.493135887303943,25.585717171159228,25.728527949343956,25.44658682032084,25.682151423777377,25.46789349444421,25.581980312505035,25.282905907023203,27.41373819900087,27.69677792593013,25.96986322377208,26.26011756267541,25.38106354322919,26.578110436377717,26.211122438764402,26.05365357420891,26.842960618795672,26.50821072784203,24.90868479246667,26.711539997619074,26.329803542186472,25.567240383195795,24.93632624255258,24.761477848249516,25.395593120876644,24.90159060316135,24.966383844710617,24.470243355004584,24.23083947197215,25.470522506332088,25.17432914648513,25.143566142427275,24.473429269691188,24.541425660409075,26.026440120316014,24.6179046975542,24.184853383450516,24.69000153678788,25.106635821824522
2024-03-01,28.544738862980513,28.75315290028569,28.412467380470556,27.145426340672685,26.216727757991595,26.960712031268812,26.26653350126109,25.490527678370402,25.659463993491986,25.531256413236772,25.850306212023792,26.600741738646967,26.783257304726114,27.249789071758542,26.41995017677014,26.438622945617976,25.639632553354495,28.293898479620122,27.21583694143603,26.607018757732135,25.969559588685872,25.39250024564433,25.642494551424043,25.82131409288623,25.484349854560918,25.65623099127167,25.558478989121685,25.694245324382305,25.400832083133654,27.499972556050135,27.68851174518602,26.06208889246248,26.26740537657189,25.419875281026293,26.598721988407327,26.230265040792354,26.1180948735963,26.86922904953323,26.49442728937175,24.948674298881453,26.82706943180923,26.377658201730274,25.6974294336257,25.067826951903516,24.872031915135747,25.551398768445925,24.964653588576816,25.04154504860099,24.492313689203623,24.27798091557116,25.44737069896529,25.167922145222967,25.074320631671117,24.528263123091563,24.562997140644555,26.060392235978547,24.652465493739555,24.321898636664525,24.90800097383383,25.153918372300993
2024-04-01,28.53801003809676,28.67561263003646,28.367767762244394,27.130526108852443,26.104813422697063,26.91703602221445,26.242242743572824,25.511892680498015,25.623568195450765,25.437810050997868,25.873499667614325,26.510846937813593,26.764705210154307,27.25381708093638,26.306933384297537,26.424039427047614,25.559770099711162,28.263618689736482,27.257561910301696,26.475180841661313,25.937448101626746,25.377595355159407,25.531592166690793,25.730352969964176,25.421411371229816,25.619919183438217,25.598574752757376,25.838460632651095,25.356322796376094,27.575556310702424,27.5673482970735,25.96555205414826,26.169414270896223,25.378697940481523,26.604560158360414,26.24782927384385,26.12322447847996,26.858907547250084,26.48105737656908,24.969227917329263,26.844382573023065,26.399789807428675,25.684301479340217,24.924262740284068,24.90503881968331,25.598167729749004,24.98055365371969,25.065781796792834,24.491500338011193,24.28890619077389,25.21097789999644,25.026661032747857,24.92536437221989,24.433576924019246,24.461811948673347,26.011725018661142,24.63499167926117,24.455444639799474,24.968250155248626,25.00612443276791
2024-05-01,28.659068840407517,28.739777114865472,28.60589531231411,27.15204238177534,25.96752486657649,26.978093506213384,26.319684256986182,25.57942069308773,25.707000872600123,25.460592624961624,25.88356351729614,26.52512997795673,26.788545153568304,27.302832726051218,26.307583830092604,26.395147453142258,25.67189933393062,28.27181360488674,27.22877977662621,26.477123860838866,25.884233303839057,25.407387782867204,25.506532870392142,25.745728594518393,25.469328880145117,25.601449796047955,25.658689517904275,25.86054693882078,25.312852813798237,27.633553848448663,27.649132781994492,25.898646559822065,26.32232931585954,25.470743303601964,26.61917376201829,26.266434502390947,26.105965379558707,26.961467156539666,26.596288782390225,24.98626158009072,26.835806092308964,26.40615647912654,25.608759618728083,24.890201555153332,24.852708675117654,25.776199381085593,25.033184252272438,25.152271357425757,24.53938792258341,24.2881075011874,25.290439886979872,25.167458293079623,24.995769049686437,24.507486451052923,24.51575525236317,25.99931163967779,24.755844813802838,24.486931863537286,25.025573125727245,25.02001261132904
2024-06-01,28.75168326027057,28.81543416895552,28.725321914305837,27.341408144010824,26.059790219436525,26.97626589601468,26.314167687915813,25.576211446521267,25.70033521070499,25.480203905254303,25.880411508401544,26.529697669764776,26.816198865972723,27.40317168650891,26.369389752226375,26.381190254853312,25.662854986368735,28.362817403280502,27.334207689851905,26.511648149808632,25.868465831217687,25.175393940208313,25.502775416231366,25.72958793794689,25.529225805949473,25.57855594729607,25.593379730023486,25.822469041468374,25.30983316214932,27.68798706037424,27.726180456440243,25.85316631914734,26.37286792968592,25.51843538019197,26.621480503033943,26.277810850000822,26.058773112024316,26.994144659571607,26.644614905599617,25.029215532347866,26.82547708964837,26.379301886482093,25.59690774148678,24.917924253721413,24.86325107941275,25.653923134848316,25.010371640413055,25.128788985607414,24.52094486266938,24.216540339043892,25.30677772467951,25.16048608788826,24.99274298659542,24.510719793997538,24.564992320428967,26.00683734052667,24.72287356959812,24.485261405639495,24.944012000947335,25.00444089366362
2024-07-01,28.804665335506087,28.749305870633027,28.67118382263455,27.34536901402879,26.066380692262047,27.027064730993548,26.333718079323276,25.6943285254621,25.760432910427824,25.594078232139605,25.879569242715696,26.606641007341338,26.94385893928285,27.284751845876464,26.446773909310515,26.29702516017471,25.750402455417706,28.32983435222631,27.493585960671826,26.5788268613351,25.91553954207038,25.172504496972838,25.610396618067423,25.7681619418623,25.487191534181576,25.66516567938313,25.75067018789243,25.89072753297269,25.309316312030518,27.62911999465981,27.667117028969667,25.795112979414213,26.301430369260874,25.525734632060075,26.59593253059045,26.332945252467557,26.112488459448514,27.007786066937218,26.611130757645505,25.051129578433006,26.855174172738,26.404864240353206,25.568711857988358,24.94753376826903,24.87061258273071,25.73623128152208,25.09672586361564,25.202694153074784,24.632758206034467,24.288706384971217,25.43077968592666,25.294381672467257,25.036244984785867,24.53455640536869,24.604320707125083,26.042971703409602,24.74510107537861,24.64992564583431,24.8761209318445,25.166121796304605
2024-08-01,28.835349705490987,28.746409498753806,28.691066981613197,27.358599597339794,26.0448746961568,27.087448775439682,26.34457414686228,25.696722313013723,25.7732559361153,25.62254531969571,25.864799512365423,26.656139689783917,26.967934957812734,27.461771064109996,26.51352923146967,26.342978533392227,25.71301989774609,28.283421317032662,27.413036783318503,26.579749944180055,25.99955085002948,25.27957358485532,25.627339174067412,25.800421158340637,25.502506889474457,25.702400126723216,25.799261774042456,25.9180566705986,25.345639573909754,27.58038246434513,27.76050505281294,25.763747288777655,26.411340127394574,25.57384093614626,26.66683277919769,26.415313607138163,26.113703901563266,27.125698769001694,26.694704965868674,25.12732577798709,26.84967809395388,26.32363141584737,25.591736321982676,24.85427176664683,24.893360700476165,25.78876104049895,25.13866374270028,25.236595714503483,24.654533184435827,24.312349338707225,25.44472389134805,25.31085148214582,25.090573281229027,24.62133433229038,24.754058637014445,26.096110061415068,24.80727706928985,24.73430124242925,24.853851048524806,25.21770452039308
2024-09-01,28.853822999214934,28.779270911965067,28.708259344324055,27.41635159173392,26.123949771545767,27.02343202065261,26.31796572828748,25.67249994457356,25.779317908035846,25.674087590059003,25.83795972994153,26.640523764499903,26.95853830628012,27.38286236002996,26.51947157338616,26.300818975530817,25.710604018233482,28.326352020879234,27.61347818938682,26.680745452555467,26.0530053919149,25.33875692014771,25.713461461534916,25.89422403865286,25.502175291225974,25.669458275364047,25.78676602957553,25.994966830156937,25.424353336889595,27.595387330820056,27.854067968129648,25.826049700380803,26.422569347400106,25.674163719987586,26.676463377810748,26.406860639840612,26.09719870383216,27.17311512118309,26.688116597547783,25.101743160747617,26.85157318896625,26.330154710858423,25.521212559642592,24.806787872718196,24.84655963153777,25.843941954029134,25.159723235590995,25.287691724413836,24.686421410087764,24.38512386542416,25.43260254317138,25.34808592883723,25.157610034194402,24.6312639364232,24.811027999560554,26.09319934623598,24.872823707275337,24.735424494967308,24.97373969674033,25.25246973395966
2024-10-01,28.82292116938721,28.722003164489998,28.79746745997396,27.40368268744826,26.1880431237924,27.074554624698212,26.376991554935763,25.717289747054426,25.888365110587365,25.71264483824392,25.97705174081475,26.6268555600364,26.926953614725292,27.317325655065442,26.55131663779086,26.203261031993236,25.688241012453165,28.326727585320278,27.567407641035707,26.65208087767646,26.017233950307094,25.206827845459582,25.679591555187844,25.855330398365474,25.497179991469718,25.609216524383537,25.78536184624708,25.903139175549352,25.397120417766487,27.627936256346747,27.846495307493807,25.82615360240113,26.486414063721757,25.698412650740387,26.629052243696876,26.318118208870207,26.081161677235123,27.18786638346027,26.674099248907734,24.999385737572656,26.84781241319257,26.34062466101072,25.560878954734303,24.76746124246018,24.838637778162912,25.779442880426277,25.159462898042918,25.297073222267386,24.648174919836062,24.353812613049023,25.328370730887098,25.26276181515036,25.18038752493255,24.64439547992617,24.71886023854203,26.051734689585167,24.914883509766472,24.577926401384268,24.870424716564525,25.190594807121155
2024-11-01,28.872236091354882,28.76324732595634,28.837988190686886,27.357328076223393,26.312511538110616,27.198687310670508,26.504557004827003,25.878831968561585,26.020340472633976,25.754340957134612,26.13686366570408,26.596046646861694,27.004799903134973,27.2749955472095,26.450891628210424,26.196592871037463,25.611520366696457,28.435841806536057,27.89055496706677,26.738124514298587,26.030496697704034,25.227867644870223,25.723511402478277,25.935420053185286,25.621596522796867,25.662047020373596,25.792280558040815,25.961810030277068,25.537970086623186,27.615232536093398,27.85830041461262,26.025907332178473,26.64596379919539,25.738305641375717,26.71671581834065,26.29910543725262,26.065199137307584,27.30896564718313,26.780045308809378,25.035055993041944,26.857866186569794,26.425051047445656,25.54986348523605,24.859658361796125,24.93441737291968,25.772097407235943,25.174786944475663,25.27598005389654,24.65935257345658,24.360406675398313,25.361805775145104,25.248521174923916,25.258116684749773,24.726546755142603,24.774966222765002,26.06228917802671,24.99469412034639,24.49777361003675,24.855117589012124,25.292856685024756
2024-12-01,28.92702362278983,28.760607621228644,28.808926154509894,27.715285389467848,26.325577845613427,27.15777688219345,26.426669563617352,25.81794235509281,25.97455457246863,25.756596911015446,26.06155954938866,26.53465851508803,26.817273139272658,27.246852611925004,26.42188472499801,26.175112462510178,25.639068568592943,28.4896836809819,28.04756562966135,26.645170431721667,26.009604927487555,25.187717202245928,25.624708072707868,25.822537424586958,25.595817495715256,25.591698514446623,25.74613921772042,25.8736599909249,25.443024795593907,27.72896269160158,27.877596824529988,25.972402637709543,26.65103660024473,25.721322780086794,26.64975718715668,26.277848259173624,25.992967097149727,27.28544810441512,26.722451942438195,24.974036798114874,26.773845965401044,26.323665789666475,25.468388320553593,24.723327030222656,24.850879183780744,25.685866180548665,25.101393065161744,25.204720141833995,24.5895701387572,24.3206820039921,25.26211883607972,25.117911198161824,25.22273342426964,24.66250170849478,24.624534151983724,25.96599593120423,24.852584559035517,24.384314640276727,24.706081948542923,25.138495348872787
