Date,AAPL,MSFT,NVDA,AVGO,CRM,JPM,BAC,GS,MS,BLK,WFC,JNJ,UNH,LLY,ABBV,MRK,PFE,AMZN,TSLA,HD,MCD,NKE,LOW,CAT,HON,UNP,RTX,GE,DE,GOOGL,META,DIS,NFLX,T,PG,KO,PEP,WMT,COST,CL,XOM,CVX,COP,SLB,EOG,NEE,DUK,SO,AEP,EXC,PLD,AMT,EQIX,SPG,PSA,LIN,APD,NEM,FCX,SHW
2013-02-01,,,,,,,,,,,,,,,,,,,,,,,,,,,,,,,,,,,,,,,,,,,,,,,,,,,,,,,,,,,,
2013-03-01,,,,,,,,,,,,,,,,,,,,,,,,,,,,,,,,,,,,,,,,,,,,,,,,,,,,,,,,,,,,
2013-04-01,,,,,,,,,,,,,,,,,,,,,,,,,,,,,,,,,,,,,,,,,,,,,,,,,,,,,,,,,,,,
2013-05-01,,,,,,,,,,,,,,,,,,,,,,,,,,,,,,,,,,,,,,,,,,,,,,,,,,,,,,,,,,,,
2013-06-01,,,,,,,,,,,,,,,,,,,,,,,,,,,,,,,,,,,,,,,,,,,,,,,,,,,,,,,,,,,,
2013-07-01,,,,,,,,,,,,,,,,,,,,,,,,,,,,,,,,,,,,,,,,,,,,,,,,,,,,,,,,,,,,
2013-08-01,,,,,,,,,,,,,,,,,,,,,,,,,,,,,,,,,,,,,,,,,,,,,,,,,,,,,,,,,,,,
2013-09-01,,,,,,,,,,,,,,,,,,,,,,,,,,,,,,,,,,,,,,,,,,,,,,,,,,,,,,,,,,,,
2013-10-01,,,,,,,,,,,,,,,,,,,,,,,,,,,,,,,,,,,,,,,,,,,,,,,,,,,,,,,,,,,,
2013-11-01,,,,,,,,,,,,,,,,,,,,,,,,,,,,,,,,,,,,,,,,,,,,,,,,,,,,,,,,,,,,
2013-12-01,,,,,,,,,,,,,,,,,,,,,,,,,,,,,,,,,,,,,,,,,,,,,,,,,,,,,,,,,,,,
2014-01-01,,,,,,,,,,,,,,,,,,,,,,,,,,,,,,,,,,,,,,,,,,,,,,,,,,,,,,,,,,,,
2014-02-01,,,,,,,,,,,,,,,,,,,,,,,,,,,,,,,,,,,,,,,,,,,,,,,,,,,,,,,,,,,,
2014-03-01,,,,,,,,,,,,,,,,,,,,,,,,,,,,,,,,,,,,,,,,,,,,,,,,,,,,,,,,,,,,
2014-04-01,,,,,,,,,,,,,,,,,,,,,,,,,,,,,,,,,,,,,,,,,,,,,,,,,,,,,,,,,,,,
2014-05-01,,,,,,,,,,,,,,,,,,,,,,,,,,,,,,,,,,,,,,,,,,,,,,,,,,,,,,,,,,,,
2014-06-01,,,,,,,,,,,,,,,,,,,,,,,,,,,,,,,,,,,,,,,,,,,,,,,,,,,,,,,,,,,,
2014-07-01,,,,,,,,,,,,,,,,,,,,,,,,,,,,,,,,,,,,,,,,,,,,,,,,,,,,,,,,,,,,
2014-08-01,,,,,,,,,,,,,,,,,,,,,,,,,,,,,,,,,,,,,,,,,,,,,,,,,,,,,,,,,,,,
2014-09-01,,,,,,,,,,,,,,,,,,,,,,,,,,,,,,,,,,,,,,,,,,,,,,,,,,,,,,,,,,,,
2014-10-01,,,,,,,,,,,,,,,,,,,,,,,,,,,,,,,,,,,,,,,,,,,,,,,,,,,,,,,,,,,,
2014-11-01,,,,,,,,,,,,,,,,,,,,,,,,,,,,,,,,,,,,,,,,,,,,,,,,,,,,,,,,,,,,
2014-12-01,,,,,,,,,,,,,,,,,,,,,,,,,,,,,,,,,,,,,,,,,,,,,,,,,,,,,,,,,,,,
2015-01-01,,,,,,,,,,,,,,,,,,,,,,,,,,,,,,,,,,,,,,,,,,,,,,,,,,,,,,,,,,,,
2015-02-01,,,,,,,,,,,,,,,,,,,,,,,,,,,,,,,,,,,,,,,,,,,,,,,,,,,,,,,,,,,,
2015-03-01,,,,,,,,,,,,,,,,,,,,,,,,,,,,,,,,,,,,,,,,,,,,,,,,,,,,,,,,,,,,
2015-04-01,,,,,,,,,,,,,,,,,,,,,,,,,,,,,,,,,,,,,,,,,,,,,,,,,,,,,,,,,,,,
2015-05-01,,,,,,,,,,,,,,,,,,,,,,,,,,,,,,,,,,,,,,,,,,,,,,,,,,,,,,,,,,,,
2015-06-01,,,,,,,,,,,,,,,,,,,,,,,,,,,,,,,,,,,,,,,,,,,,,,,,,,,,,,,,,,,,
2015-07-01,,,,,,,,,,,,,,,,,,,,,,,,,,,,,,,,,,,,,,,,,,,,,,,,,,,,,,,,,,,,
2015-08-01,,,,,,,,,,,,,,,,,,,,,,,,,,,,,,,,,,,,,,,,,,,,,,,,,,,,,,,,,,,,
2015-09-01,,,,,,,,,,,,,,,,,,,,,,,,,,,,,,,,,,,,,,,,,,,,,,,,,,,,,,,,,,,,
2015-10-01,,,,,,,,,,,,,,,,,,,,,,,,,,,,,,,,,,,,,,,,,,,,,,,,,,,,,,,,,,,,
2015-11-01,,,,,,,,,,,,,,,,,,,,,,,,,,,,,,,,,,,,,,,,,,,,,,,,,,,,,,,,,,,,
2015-12-01,,,,,,,,,,,,,,,,,,,,,,,,,,,,,,,,,,,,,,,,,,,,,,,,,,,,,,,,,,,,
2016-01-01,,,,,,,,,,,,,,,,,,,,,,,,,,,,,,,,,,,,,,,,,,,,,,,,,,,,,,,,,,,,
2016-02-01,-0.7846028803142047,-0.5001456639549688,-0.573399137425181,-1.7621456300869625,-0.230619613035711,-0.1705693074029293,-0.2764553262497862,-0.15926913983811852,-0.4372762022484429,-0.46238984134742345,-0.5519747845245144,-0.4023544303117501,-0.9168172873695959,-0.4100356035364956,-0.674895799375578,-0.45714022768866336,-0.20811657010785622,-0.24863826780784248,-2.576633172250866,-0.5846784431338832,-0.026213370338750375,-0.6831997701728465,-0.7672871984912462,0.18175445565960024,-0.4727132165678658,-0.8212568739505233,-0.3375360008620829,-0.12031949223908245,0.06543017997985012,-0.3785790450731519,-1.1036082613764702,-0.6887380459778729,-1.2234804537036195,-0.06952191461164503,-0.17221627361122427,-0.14470690294990263,-0.3435842202409307,-0.2478930267757984,-0.4034227426687145,-0.2914614799941124,-0.003973803368758189,0.07554369934355454,-0.13775334268688022,-0.04120674348891873,-0.36795226887475097,-0.561284086790186,-0.34359856951566026,-0.23369006144641724,-0.4531419913883077,-0.17039521597264518,-0.1682563889503743,-0.27737771378564835,-0.008643505300911292,-0.36147536819012016,-0.34786223160351093,-0.12694215073744974,-0.6866378200109258,0.4777432221171535,0.5374545885134786,-0.6737169260102773
2016-03-01,-1.0121501686771075,-0.6027677018500652,-0.736134888626514,-2.512994039038464,-0.5101759683391531,-0.26016539434807484,-0.34159479496997935,-0.2545889519732034,-0.5436279745006891,-0.5666160935583349,-0.6124739390225344,-0.39444352342400535,-1.11402608921144,-0.3495689135922362,-0.6615342339105468,-0.43177937901050134,-0.3056658113539972,-0.34202396467368956,-2.8580553152941848,-0.6946232120824081,-0.08858692057441897,-0.7565182483423187,-0.9249325091032121,0.08805137787213735,-0.5059611954270824,-0.7926084833062728,-0.37222419021701536,-0.1665037620492622,-0.06510279848920053,-0.36180551117196824,-1.5085601732278366,-0.8915159571586142,-1.1108749584566349,-0.08853885122639715,-0.16699367220110028,-0.15734355964811564,-0.36254522036803416,-0.21801078056077539,-0.45688201097830605,-0.27161393622500807,-0.021534800374444885,0.055132699126533846,-0.1781842859716143,-0.06607386611846233,-0.37135994645954074,-0.48011247126491585,-0.19532288997021197,-0.07680056106293032,-0.28493949029957144,-0.11552182872226857,-0.13115889475510167,-0.2817349179611417,-0.06141895449107704,-0.31424589240346235,-0.34736823425295915,-0.16530747052497063,-0.8273248761825056,0.4163460471806085,0.356336660307052,-0.7635225107107269
2016-04-01,-0.9391436054434985,-0.4398518682486816,-0.6199995651665526,-2.333701373114944,-0.3771068185189044,-0.2846101046021361,-0.20641932701543353,-0.2643743670491232,-0.5762103910399319,-0.4432958197566603,-0.530411644938863,-0.2797149818718001,-1.0590159937947834,-0.34244602760474563,-0.4614869718100951,-0.35962830078568975,-0.26769335685832285,-0.30237009291732897,-2.2938405266857576,-0.6472076315410855,-0.03345659678453616,-0.6776151670000417,-0.9444699323576238,0.06378674962653974,-0.42449985045636596,-0.5463698812051847,-0.2778994625561888,-0.11868742159204837,-0.052742080530643776,-0.35437728915544087,-1.7859215558407109,-0.833419149647207,-0.8232128788337263,-0.005056136191757821,-0.10967909079215343,-0.03635888596922343,-0.25253137738438247,-0.13048079159586345,-0.4794636464382911,-0.20735998941528222,0.024776576507986592,0.0812037002711683,-0.08476010659214417,-0.10158403443677089,-0.37556062567697346,-0.37942039020541585,-0.11458465538038531,-0.010549983000022412,-0.20661130670680383,0.007360166735585927,-0.12382824962598815,-0.22633445272829333,-0.07771388302331839,-0.35269336970941567,-0.33704145786014417,-0.11314302201692406,-0.7537712093130298,0.5466105970055877,0.46104296628463015,-0.6836170046341272
2016-05-01,-0.9498041028140094,-0.48185553285642246,-0.6021498722434513,-2.452166394179114,-0.6326946551264396,-0.29848890820778484,-0.23863959438862925,-0.32976797801819435,-0.6335931397503227,-0.3836866355301962,-0.5100940957722133,-0.2081599728836474,-0.8492679448497522,-0.36220317690869663,-0.4326835481533593,-0.3248338207994934,-0.22706644654762687,-0.5406947981536345,-1.8708705316619318,-0.47493711627073587,0.0002980162012590215,-0.5373552172785057,-0.7710670948537928,-0.041002269833314786,-0.41176253992183387,-0.460544952251261,-0.26912477887054975,-0.2627945714030113,-0.04752680632907058,-0.2913439480899951,-1.4640855202724565,-0.7248654601478812,-1.0759142818653542,-0.042859762617087904,-0.08034609044258678,0.007323237032019425,-0.20423982097964055,-0.03224345985054744,-0.36503137814369335,-0.157491989473445,-0.014734127541101927,0.05452429601467457,-0.17233911098761223,-0.24766964264918467,-0.5673113259407325,-0.26831872041455296,-0.08757664346736793,0.016088026804657374,-0.15517044806022495,0.07337259098547233,0.011404298416350378,-0.13175747793264225,-0.19964891174570543,-0.12104837778356692,-0.17893436365866155,-0.09756882436602177,-0.6592421296462907,0.27835792719492003,0.29070793197846023,-0.5216916544108552
2016-06-01,-0.9970304900000062,-0.3548642115724736,-0.5216390958218662,-2.6610995393602637,-0.5847780804387752,-0.2187979026124538,-0.16133773599772572,-0.2629648218043352,-0.4487538736958454,-0.3288029021651375,-0.4392448140509442,-0.2348619960263294,-0.9060276638310132,-0.5528590071808008,-0.5926466932118286,-0.362819005601561,-0.3442668758052141,-0.4805149874929462,-0.9885295731469685,-0.43464332780257275,-0.052269136831443186,-0.6312891844772461,-0.6472699225159972,-0.010858560052025235,-0.36830589384750523,-0.32707675956815296,-0.2579337657962981,-0.21666344381283653,-0.11105886609708837,-0.21626607532703046,-1.8520133044514835,-0.7441970197358905,-1.211937521444293,-0.11821396555972563,-0.06600973765090834,-0.06285947544925752,-0.24667807047686163,-0.019496761713269972,-0.3495115832342235,-0.18629808406669968,0.02683865109366279,0.13101217493431527,-0.08097079719409828,-0.21912314361748875,-0.313240525550857,-0.39980906329378807,-0.20144011362319314,-0.07101655212477498,-0.2926287394010638,-0.12331049004377337,-0.014174676749363346,-0.20310935541870823,-0.3283197203776189,-0.20165437354745208,-0.3241478585012074,-0.10561761410862402,-0.5684035756786581,0.2978156352500899,0.4256452791595613,-0.5317378077922552
2016-07-01,-1.190971276326119,-0.2872820476174196,-0.4186272023695674,-2.2969295360981135,-0.6896581057098736,-0.29848017447988906,-0.27427512314117997,-0.37336691943587486,-0.562242287129699,-0.36908451255597763,-0.42001846025617406,-0.17822946910058612,-0.8517956097582562,-0.7762288847754819,-0.6602838849615185,-0.2780336289170555,-0.2612117174445898,-0.4520954253536873,-0.9405810484228674,-0.4530557461477145,-0.01863302064168404,-0.6749748326081411,-0.6221425148275566,-0.046071580025420555,-0.3237832884704117,-0.2565121237353756,-0.2145243522211464,-0.19168674750142145,-0.23643199820755734,-0.19197865237844214,-2.014744058021224,-0.8007831950203153,-1.4988205226623377,-0.13626203907371948,-0.06079429554008353,-0.013954733304719413,-0.19112750296431202,0.02226420592067191,-0.2620026832979334,-0.17273496105564234,0.04724326438532356,0.15518739538998105,-0.057593158243062215,-0.17831724105776825,-0.27109927287221547,-0.246353511504233,-0.10885524378442879,-0.02345077779962068,-0.24291543067818844,-0.05711460099302279,-0.015480156459931838,-0.28934664253516806,-0.3941877958857467,-0.21044562535792832,-0.24736397590658954,-0.06769961398981383,-0.5044733871981593,0.31293837207038344,0.3842700141759038,-0.5617519992280997
2016-08-01,-0.8705146815354905,-0.48003134285808535,-0.3688423655499702,-2.1482170800551703,-0.5635266750249286,-0.2456419951368396,-0.18911582386720172,-0.2474875291113463,-0.4120721499128279,-0.2174415243995662,-0.38756830237523543,-0.11589309842395834,-0.6655287925985625,-0.6675620531349891,-0.5779420167055231,-0.27450392556268444,-0.29763375821661886,-0.6264359219126079,-0.5732572084802259,-0.49863164381206837,-0.07877733541500342,-0.8047246743570302,-0.5458414339813245,0.03808301376250467,-0.3046529395681592,-0.25095890087398676,0.031148914937328076,-0.11623132119555235,-0.17891176788919183,-0.41475185552864735,-1.3653962796102643,-0.8475688932333525,-1.6085969316443816,-0.11513498472307582,0.0022918488721884733,-0.06248449977477577,-0.20379189479208204,0.05086763959868801,-0.2774463827865188,-0.16720593397238614,0.12633937712521992,0.27317785516625637,0.20775774635095867,-0.006147809479672972,-0.01026066386714386,-0.25755016938552466,-0.1079774220960934,-0.07321306801618865,-0.2805145272472378,-0.08970166796441315,-0.090354769632645,-0.3604132842795076,-0.570968112293978,-0.2885765060241883,-0.3311002062703152,0.02217901123875521,-0.33599311055746406,0.5294313778881186,0.6889685725823087,-0.5993946729555584
2016-09-01,-0.6146936043488684,-0.3128563010665486,-0.5004085114006671,-2.021903215413737,-0.32362933229107727,-0.2872495018933625,-0.11943848301374871,-0.2361425366248704,-0.31790195289014966,-0.18274018203000608,-0.35156698669531083,-0.13366633988586907,-0.6101550804245217,-0.6793473448711902,-0.49187880432861486,-0.18073101476915676,-0.18396140039251851,-0.670494569446908,-0.1942112944581278,-0.5850941315211569,-0.06641554646659764,-0.7523247898840832,-0.5007353693107128,0.05874166094916766,-0.2847288240594774,-0.12543564908049176,0.0695434177165224,-0.11800253441337749,-0.0007638659388018443,-0.46267101224024376,-1.0152561848085329,-0.6567478870359615,-1.2835334108944445,-0.11184625096038481,0.05408236686331258,-0.06781983224208177,-0.21709970138880896,0.09192140448181751,-0.2930433057548487,-0.11407303900362842,0.10611072647290754,0.30672580992310705,0.24084170071001565,0.057812219195288894,0.04727368501821261,-0.2686668239016614,-0.14826124193414447,-0.12489240795721535,-0.3341450843286191,-0.047003938666018374,-0.11228326157289503,-0.3428822121354944,-0.568468626759407,-0.3616740035405954,-0.36273582215389366,0.07526849124898516,-0.39374822319389513,0.557544060297877,0.7372566990141736,-0.4828753179938916
2016-10-01,-0.6107606572957827,-0.33903834218328677,-0.5540745824432742,-1.6964069529768264,-0.2558408901845326,-0.19566786572210892,-0.09113419902593245,-0.09269855014730921,-0.14807353017135938,-0.12057564566078982,-0.2928554180898968,-0.12262219864668245,-0.6173964862287162,-0.7372598954787695,-0.22761815656931472,-0.07142631032755564,-0.1421703811106918,-0.5063978649946907,-0.0496479097536211,-0.5439028755389663,-0.08466542046034098,-0.6716384539218843,-0.44011385436731265,0.21428308009862662,-0.17431089925875098,-0.1480317709062975,0.15732107168515963,-0.10076564893421924,0.07402976774461512,-0.39421908942151207,-0.6938398746130086,-0.5702008990096039,-0.8768296484256932,-0.09120954967957706,0.007485549778080136,-0.09798857269433081,-0.23848985216177065,0.10162180973370416,-0.29660464050149904,-0.09687094289487042,0.10299989575568247,0.32782246586540487,0.29288189106213613,0.2303467470292424,0.1783963707705608,-0.26013010074593046,-0.14439549275204633,-0.17015680187083726,-0.37601873367883787,-0.03941312196986657,-0.0684893863874203,-0.20239309715708265,-0.5151838702675402,-0.37125477172148424,-0.3625608504151385,0.1304927885913001,-0.21727464769255933,0.526079194010791,0.7815805680423288,-0.2112538533481001
2016-11-01,-0.5932037832966166,-0.4794396690925924,-0.8162162131857085,-1.515602953181101,-0.35986573336547845,-0.26198863897371893,-0.1605787014130493,-0.15664402483620576,-0.12827507478081368,-0.18388286762027706,-0.3182590759985269,-0.1363156681789932,-0.725032804971794,-0.7101022100257748,-0.2394187227196325,-0.24580786705320312,-0.15066853109746425,-0.5703271383182407,-0.05890698678371642,-0.6059699963975322,-0.2221390948794706,-0.7100805791827325,-0.47354439275295945,0.1271118481524236,-0.22310511858603066,-0.19076532257750234,0.05872467902366618,-0.14902768244457976,0.029145489104466793,-0.37213588573263623,-0.9079909098987176,-0.6372711764740779,-0.8883086190897891,-0.05048194856158128,0.013207158304700317,-0.1103438636112104,-0.267426114353138,0.24170141406597567,-0.37928469084965544,-0.05342291229712526,0.04598479136207789,0.22271902086080975,0.2573025926571927,0.1822334953918444,0.09064302518733358,-0.25461119402524224,-0.061025137420598785,-0.18839928115909377,-0.27240397922164794,-0.013502096548277498,-0.10548118209537094,-0.2960272944364679,-0.8840740387106938,-0.4376287695891261,-0.4175472196774386,0.08722974701242325,-0.2917320085952022,0.4216282616826875,0.7640003759676819,-0.3862050680798461
2016-12-01,-0.48520979903203876,-0.4215317891714627,-0.9665576701028962,-1.702846841068725,-0.42849032462781467,-0.18529373284127693,-0.07143965555135123,-0.11732637470817808,-0.08346043440835449,-0.2149493502412918,-0.301500444525709,-0.1142785625279108,-0.5168512811000783,-0.7062832096148366,-0.21046527752586952,-0.097881740014649,-0.07843795366657624,-0.5443227400353372,-0.5189772016045724,-0.6750154383194922,-0.23195664516294756,-0.6541189204159739,-0.6032735777689604,0.14018246900634146,-0.2065026156098999,-0.04552304373249294,0.11899194699151416,-0.16588991557356536,0.037614680701322456,-0.38039233220616464,-1.0874673826160404,-0.588839452066106,-0.8936319499444723,-0.08621196914736773,0.07080917780292662,-0.10029416575420225,-0.23656571929664705,0.26073099791177434,-0.32675866268834275,-0.026218981283858023,0.09661466892924764,0.234626219112256,0.23968613712798248,0.14297975272284813,0.04096395284302756,-0.2222268875956399,-0.030206483901713543,-0.16735607029962107,-0.25207985085842277,-0.05304165126847682,-0.16652509708280805,-0.28523285380605534,-0.9638700366603539,-0.3669106869089065,-0.6269104441271653,0.08459384193533659,-0.274264443790581,0.3974504236719987,0.8412766736421391,-0.4728556203214198
2017-01-01,-0.29902111532890263,-0.4773342985691378,-0.9859373654776413,-1.5625322926111012,-0.32838516531420137,-0.1486632677870774,-0.05064371772757137,-0.010169897151631524,0.00010924178361548798,-0.08103746880943907,-0.24557325872592872,-0.16904366564834494,-0.5646564540291883,-0.719217186908859,-0.13513200563074101,-0.08914207140087171,-0.10122175842172676,-0.5496505666242109,-0.3554621851393227,-0.6212768447630006,-0.27768415872430685,-0.5704374450141065,-0.5263726386159056,0.25064278677082785,-0.16606131408056024,0.06036510878097723,0.14036679754045478,-0.15424100149885045,0.14728688195036688,-0.33281119649370705,-0.8215554253377646,-0.35838689135272483,-0.7397352615483426,-0.11140592556239315,-0.018839617932788988,-0.0802110479916327,-0.25641617649488957,0.20742228092919912,-0.40076887748288015,-0.05042249661985987,0.19970861179688237,0.257848045655264,0.3309229287613671,0.23825894979637352,0.21197274267865496,-0.2551334849117963,-0.09955897684469184,-0.22466401555247306,-0.3088844182982864,-0.05178943727329566,-0.2026354902640357,-0.22163094169532438,-0.8219228298157553,-0.404374164387276,-0.7023590195687743,0.19677338951191536,-0.17802796945634447,0.3634526132334257,0.8813078506800529,-0.37868619629635836
2017-02-01,-0.35139730035136596,-0.4503373780689153,-0.7875680267632814,-1.2749203349034284,-0.04407766066444596,-0.08874305036328067,0.18913565449184122,0.02522219516181423,0.1550184428659782,-0.05554125121328113,-0.14867182030176607,-0.23112602436465424,-0.5973695408979625,-0.5232252295016366,-0.12794629549222347,0.011709826842928872,-0.04628384714929701,-0.4889333335959438,0.11790008736727853,-0.652801989008766,-0.37851224082925805,-0.685509851594738,-0.5406709448309157,0.33872486410140545,-0.16367346160835283,0.16831349826058617,0.22033046427130787,-0.20628737491051385,0.08198945931798551,-0.23906621013246476,-0.7161747473764528,-0.29162472497867764,-0.22778441533855398,-0.22955096407707787,-0.11531226831610897,-0.1836844929867707,-0.2893428299945777,0.09590837245710238,-0.387619276209491,-0.13622869158781348,0.11822606491470344,0.1969471639444853,0.3994457649852351,0.19096027962264284,0.19687808197978607,-0.2568504617307159,-0.13208288542238655,-0.27515654508942067,-0.31134330199178795,-0.05744630274904061,-0.054758315444165095,-0.1748137755176844,-0.80364337216591,-0.32109878404255165,-0.6627818042232503,0.18039739346080141,-0.22113468038788286,0.25500606196415165,0.9140967131792617,-0.35943446152978553
2017-03-01,-0.2784829309993817,-0.3187593744098436,-0.6496475141537674,-1.0323696288403617,-0.009093484394651297,-0.003180665387062298,0.27825951517265024,0.11315246041261662,0.22395653984947894,-0.03287454656762345,-0.04575130949216866,-0.19197893455816128,-0.5477801820726924,-0.25605542594376995,-0.08863699351620369,0.08747420775876003,0.035047100844054935,-0.3856891726430678,0.31873064450271793,-0.531225512322528,-0.289743073567714,-0.5614070702170504,-0.34579684112514086,0.3018260312542317,-0.10443175573046282,0.12299609018444668,0.16637006987497338,-0.19192625647077755,0.04462491750245734,-0.1323086132090463,-0.49848884395094495,-0.16312242289585277,-0.1508141090579802,-0.3152534298982901,-0.06954685980165531,-0.17768847141087285,-0.27458888609481935,0.09642311576504958,-0.326177882646139,-0.07744322687147442,0.130489666423798,0.2500462914467154,0.4979245140242107,0.24270079074014972,0.3575414357320127,-0.27680022274036364,-0.1125540794915112,-0.20854346395080436,-0.29174113677239677,-0.07302782644669636,0.03147589300894693,-0.13957471565455326,-0.7195986909184655,-0.29258938077554464,-0.5289945061418888,0.2012452129395913,-0.11571824428655653,0.12754044840840406,0.8725576761911421,-0.31774130818143487
2017-04-01,-0.4024177053201894,-0.3360582209423322,-0.9070398702745319,-1.2264370361669732,-0.2021530621187151,0.011549048432835995,0.2524991033245002,0.05448859083271129,0.2235494528539479,-0.08958230321170024,-0.008944845245521194,-0.15176491746395326,-0.5766835322047417,-0.26955744608811116,-0.12676512286354935,0.035948884660574554,0.03468694696037555,-0.6033385702666842,0.042127698074598374,-0.7032821750288167,-0.3384198871016113,-0.6496032204808875,-0.5354619301990204,0.23484798575774812,-0.23780626396073057,0.1473991361467738,0.1338826927329324,-0.27327372459711685,0.13129953974104303,-0.31658683065474946,-0.8299578242293222,-0.21960004717119364,-0.6417214684859682,-0.27262015771150816,-0.07005226605791992,-0.2485556032384435,-0.28020786570666223,0.08847309958217142,-0.45622563228931856,-0.12087745464170885,0.10541402430035485,0.17274150519354403,0.44375916072462784,0.2545763131727212,0.30832105620625483,-0.2793451922416843,-0.19729541629643021,-0.2613824582455393,-0.3702265734042096,-0.10259920269584866,-0.11257939555516439,-0.2526772925645533,-0.9185906798823185,-0.3870620257113164,-0.6875535735703722,0.11168897791816457,-0.2326053352887878,0.10943359907864436,0.8360698673060194,-0.40912811039944685
2017-05-01,-0.08793613597333372,-0.2173141678342121,-0.8448785037952584,-1.1251651254704265,-0.37111037458301976,-0.14567526045807466,0.07707985297428332,-0.012730314218864835,0.15585513147450014,-0.19121565997582302,-0.04429069570023492,-0.15685569880812222,-0.7669577739759361,-0.3247575427449836,-0.18523813123290167,0.030641814150918822,-0.08931744443325651,-0.970815396070454,-0.005330278559500634,-0.7005838529207704,-0.3032268646605796,-0.604409340089958,-0.6446967708899971,0.26636208840270925,-0.2601903114870956,0.08226874861124289,0.10899377020342715,-0.18597734927015686,0.07869042102618273,-0.27141175560799957,-0.8994966962302153,-0.27888255823017016,-0.5731634728654742,-0.2391354364812477,-0.01688680642680951,-0.14430828910040905,-0.2511744197125867,0.14499470524708846,-0.3197267389039442,-0.0852432092317068,0.09801636145860648,0.16131507159650404,0.38234961096707554,0.2224245873990497,0.2180277957110195,-0.2183635773414938,-0.11854918074573462,-0.1716538895319344,-0.234563838135593,-0.03432510658720367,-0.15054213211752154,-0.25792080920659743,-0.8971305899822601,-0.2733213867442139,-0.42721688394016266,0.08382264554140795,-0.26357739669177005,-0.06760539227073514,0.7943233012510706,-0.4029801826467383
2017-06-01,-0.08086978459242511,-0.274492081303074,-1.2853427785144462,-1.0299687530295474,-0.4793998993023285,-0.1923222964929321,0.06261492492650245,0.016191048844020228,0.14249649671091769,-0.2006366705876128,-0.03611419548975592,-0.1611868251123747,-0.6929510565673451,-0.29935598446327605,-0.1734071989264907,-0.006239525871440055,-0.21975082187801043,-1.0939612035029427,0.0701337219419067,-0.662961234255836,-0.2561470576615512,-0.4245085097757977,-0.6882717920232009,0.29270243052192313,-0.25196396768202534,0.15324496184847092,0.12623006227404177,-0.17010933400455097,0.07713644301839306,-0.25922773945725575,-0.8153976587600686,-0.16141580116159626,-0.4109088045663234,-0.25625789169185076,-0.05108043597971612,-0.13585184219489044,-0.19573587567365425,0.06112424062696842,-0.3254244686422134,-0.06044316981904885,0.07456595320259884,0.15241875357634116,0.47470181496250907,0.2799852347264511,0.28408340284508515,-0.27664255619358036,-0.16531765122479025,-0.21156038178727865,-0.2691449721306933,0.03832122291384865,-0.1778032068644526,-0.18632025968403343,-0.9597470868142448,-0.2245695407463002,-0.5052693633684993,0.1559628569170982,-0.2101415698900262,-0.07379802028124183,0.8424534725886176,-0.38856432946847463
2017-07-01,-0.007215626344130532,-0.2078827527021756,-1.3522530535932042,-1.0042837244901142,-0.27568539066394293,-0.09409368644890637,0.17668304582690586,0.12557558747928144,0.22333232866697794,-0.07740758430229322,0.06649733177146555,-0.20944865581615768,-0.7400115715836633,-0.310411557960538,-0.11186867543785972,-0.03027820573343809,-0.2353770187446802,-0.9964543859019845,0.22837018589264202,-0.6003400132988861,-0.23683324606289702,-0.4078884221548944,-0.6365917678688455,0.30375743008824896,-0.2820196716755383,0.11839621106343012,0.10200232413352084,-0.24137907962519067,0.085019258767285,-0.1546137232968845,-0.6443153024476329,-0.12204029823638085,-0.18650600891566782,-0.3845147453464519,-0.1282880413705696,-0.11544170753070304,-0.23676268862080718,0.008946920067225195,-0.40327872703145906,-0.10521238512461961,0.02704281320271762,0.1698855503623261,0.5123782261247221,0.33324812668681303,0.33254468274220594,-0.3136866626931547,-0.2194186226624073,-0.2637557121348051,-0.31047632336882947,-0.028170037878727072,-0.22711802370537004,-0.2661009927924616,-0.9936554734964946,-0.3395203579409878,-0.5255246376485678,0.1406360062516122,-0.12660520249642926,-0.15396590863167248,0.8518933863637677,-0.38551048607197247
2017-08-01,-0.06393539364824607,-0.2871172430266302,-1.981770206971893,-1.1672694922999929,-0.40967936789689263,-0.12487364568624604,0.09497091183423834,0.09619701807628733,0.14545200614766307,-0.20629384431398323,0.0225916046437733,-0.30581350133935836,-0.7793481550338444,-0.4028243730509784,-0.2836770056855027,-0.06995724366252465,-0.33787876269008565,-1.1946001768921968,0.08433186445485485,-0.7196947735904651,-0.3002465776904244,-0.42737804807581714,-0.704631212003545,0.1806864693453346,-0.2978646004905112,0.052103282439495135,-0.03864257624760192,-0.28312077343256026,0.06483583834121531,-0.3018667080254269,-0.6511939904630746,-0.09859073548653496,-0.2346683156988243,-0.3781412004683158,-0.15937004770988872,-0.1598999798640257,-0.2887193232143954,-0.010635099181733665,-0.4615214256117135,-0.21170493021682546,0.06171744907982968,0.1804405386368192,0.5263137137790391,0.261651528168273,0.3005679735751212,-0.4162384858904171,-0.2518220823817845,-0.32307134884841493,-0.3934179238131521,-0.2548956489613634,-0.3655329380480865,-0.23246929181461673,-0.8765854937045998,-0.38490475679903957,-0.4202449981308869,0.07480844471966963,-0.15435328005322613,-0.31670515775530483,0.832748209033059,-0.4184796068652963
2017-09-01,-0.012497727265587288,-0.2410924021879668,-1.8900271356459246,-1.0136174938165499,-0.2603480042206592,-0.15100967944279287,0.048394146158659224,0.07049317546896638,0.10170742682965483,-0.13543065866196113,-0.022642156140356695,-0.20003859430646354,-0.5819706671653884,-0.26236654494669476,-0.17955816912005607,-0.08041796447223293,-0.22014569244283022,-1.0596678936281898,0.30836058287711277,-0.4560081844610828,-0.289572490046637,-0.45483994743305245,-0.44761620626649545,0.24551226278526816,-0.256418657164488,0.08945425547494845,-0.00023974789033731625,-0.24675326079595528,-0.026429723960564866,-0.29315885416407617,-0.6319533385199212,-0.04191576096470184,-0.17260085389100177,-0.3206194897769874,-0.10305569573513873,-0.08920757799563073,-0.20422601625979153,0.035622777071478984,-0.3711461489595791,-0.18583003637059492,0.08579925183046022,0.19708153213263346,0.5173607171376233,0.2839332503087325,0.2471809000576647,-0.2723418287247772,-0.1330922227061988,-0.22277807588248355,-0.25431804796240565,-0.06221773022251886,-0.32628656700208825,-0.15630279717307594,-0.8237057340642371,-0.2983421908303012,-0.3014873840244361,0.05691325625425392,-0.18997570285177168,-0.04434496032625668,0.8693709889402592,-0.26946387339582256
2017-10-01,-0.09564000348397772,-0.2195181354363227,-2.3786787817912853,-0.8605230011037948,-0.1558702392172875,-0.1205941132339512,0.12407554986183722,0.1368142379131797,0.10843796664860483,-0.11140616702292605,0.12306309972698293,-0.15653556999368345,-0.6353796660193933,-0.2746631992346742,-0.11166409984940828,-0.08900107961965431,-0.18992934951473095,-1.3526285536188838,0.25639669703190593,-0.43034903107001443,-0.2705933827847071,-0.17072155867909022,-0.35241767910442956,0.09810627486586176,-0.28426911257824306,0.09624531596748209,0.023898922506636278,-0.19706761009241713,-0.06297876595934615,-0.3027524344589094,-0.5732185894882025,-0.03394057192152555,-0.25742465255644054,-0.3014857792518304,-0.12496424736453715,-0.037882255223858685,-0.22735170364216128,0.038495616111385855,-0.24832728809144466,-0.1737835976146085,0.029002713013908443,0.1048328814714985,0.45736893243893406,0.23220257531647637,0.08509901881911852,-0.3496967334041081,-0.12556694097783727,-0.2564871089882741,-0.28108784204766146,-0.019159206488318814,-0.4571163262741442,-0.21883113587270642,-0.8397811947812404,-0.2895242351132754,-0.37200204382680924,0.04766876002528886,-0.1759571031751621,-0.2792284005390857,0.845676880741475,-0.23299460964891305
2017-11-01,-0.02888247139677458,-0.25184291183935636,-2.3160691120914425,-0.8510883039029404,-0.09933357215289584,-0.1600354203848413,0.08643513384206836,0.08200765039621583,0.07749033028306163,-0.005914688428144688,0.11014143388829034,-0.12292496541302977,-0.506280084178496,-0.14261022215796593,0.10875883785312923,-0.04691657075069333,-0.09750152862574546,-1.3419558845223776,0.2767930649439636,-0.27020887169620433,-0.2538511817568201,-0.07329239105097551,-0.1542853484811988,0.1733676031087814,-0.17536049863957248,0.24151858298175632,0.03091505376745174,-0.16673971301211665,-0.05447207878819604,-0.3605215475083756,-0.6954075906082733,-0.005840628051877683,-0.8053690411793051,-0.1864585829855141,-0.04424953438155721,-0.060154897305319865,-0.16336917395491746,0.06445812520185756,-0.13885755079799655,-0.10124602077334077,0.09921229969578194,0.09382803949342056,0.4237311322864331,0.20736136855636167,0.11021849524391325,-0.3244082812942426,-0.028474173749863496,-0.1913251063711261,-0.16433822715609225,0.026156529011224783,-0.2913506240130128,-0.21197593667136383,-0.8560889143149499,-0.059943977019896844,-0.18876494090048812,0.05438563116582695,-0.08424470103045967,-0.515103355954176,0.8162109069484591,-0.03371437491211404
2017-12-01,0.08688279482025696,-0.23648154976854863,-2.8996027295608107,-0.716652580550982,-0.1271255005351961,-0.33624628204649865,-0.1471375707437097,-0.11759169854223317,-0.11001312331699209,-0.036254295947060866,0.011185942038084096,-0.07191205470191586,-0.6168162310318781,-0.006775596349588797,0.10767634359163458,-0.04653654737877866,-0.07024041232005418,-1.0148159958808138,0.3158567334486764,-0.31970424561027566,-0.2848022980806062,-0.004850450321169708,-0.1001229964283199,0.053780035900762746,-0.1843453478374304,0.13845217256486464,0.008086987776068644,-0.2002539523264697,-0.1730688655666155,-0.34747797465701336,-0.4721084539357714,-0.060272324731255766,-0.9291408980616394,-0.2233228590736751,0.04264937924487622,0.05659989038769564,-0.04191678909577212,0.17297389236934835,-0.08691273932412802,0.03538132948228889,-0.009362728474688664,-0.06662610016119341,0.30225098129379624,0.014579493953640776,-0.10194277594990742,-0.12769746936678783,0.04045260697326014,-0.04062622437947927,-0.07001682798467579,0.060958750608490986,-0.2411402910902387,0.025390312968607276,-0.5657443141893823,-0.014393900062921627,-0.1436905321979598,0.04648724210864408,-0.10450771380474233,-0.3401575204541549,0.7453367907139288,-0.061171628706445436
2018-01-01,-0.03317557304430774,-0.3124159129987423,-3.666113502438412,-0.655941920850504,-0.08045315750312487,-0.3801171267310137,-0.14755557703421895,-0.18204958829303175,-0.0325185594443711,-0.06767985884564487,-0.02399416178376268,-0.14857355362717017,-0.601262922681961,-0.08383973168135372,0.026998343914609757,-0.07216161211868877,-0.08278592675922036,-1.205321375653408,0.15303363433303685,-0.3025610043658715,-0.35315257267617306,-0.05385396651537033,-0.03162424746789383,-0.013651312149294492,-0.19438675214524825,0.13441580010262144,0.03224871930805118,-0.2935818954121576,-0.1808993198268738,-0.42456244654887976,-0.42375611795557533,-0.09378411340902804,-1.0680551738327515,-0.4144176887553759,0.031069472590558034,-0.03172398685943323,-0.1618618929252782,0.17266214756141418,-0.16036600646871668,0.02667006645656722,-0.023196581906525626,-0.09162643031230044,0.3098803500638184,0.009510289988159615,-0.0252005096639194,-0.1577508689746281,0.021643260785969343,-0.0669763362873157,-0.08105192894893998,0.0023053491600960596,-0.26416239966768895,-0.07134124259826002,-0.6613289296757714,0.002054775891709104,-0.23723423776873265,0.07987982831273055,-0.09655858372458481,-0.3691500186801706,0.7490101406908822,0.008500645190950062
2018-02-01,-0.02052917884170924,-0.5856584758947527,-3.9876343895985915,-0.8182136116254473,-0.3008295487412853,-0.5744370946131532,-0.4046716465956617,-0.28096350332463804,-0.20413182947022568,-0.10354134341568666,-0.1065572969984312,-0.17994200009430217,-0.5393167687226756,-0.08750391132715296,-0.032887397899828086,-0.06423967170259703,-0.054111710689362935,-1.1285348539751978,-0.08201028343678418,-0.33677991120280915,-0.38126873316059817,-0.14379342852707433,-0.07605993411447542,-0.20820103873884177,-0.2468323030971875,0.09584632122570413,0.029949604417244258,-0.2830991305224295,-0.2724061113630276,-0.4548091858348837,-0.6463303175305979,-0.19425301419704044,-0.8555989092249778,-0.4308883572890494,-0.09350757421443001,-0.06118181065094408,-0.1543909137839139,0.1917390412316311,-0.17761040047507182,0.015492454792818244,-0.004505974464359852,-0.13299665101018388,0.2610388585477823,-0.025634486188149896,-0.0658424216459752,-0.16638700603924872,0.05018864172937654,-0.03866476381111661,-0.06377679276089343,-0.038131378525101844,-0.11432068277387164,-0.07157038572038088,-0.8679148218397177,0.050921852694073455,-0.10093588279404941,-0.002513575730622053,-0.05612116842574211,-0.13228223487028812,0.5387750823395433,-0.0798461135295665
2018-03-01,-0.04777147665881065,-0.45029599410519094,-3.059213029429581,-0.5792013841587822,-0.10866109814785307,-0.5017676512109439,-0.463454584171197,-0.260521955503622,-0.2233626684384411,-0.05127384809024127,-0.07856399095045608,-0.2407639061661344,-0.4713478047938593,-0.19700597733191194,-0.0451110798090304,-0.1629114052956373,-0.03378720425419357,-1.0410802972915691,-0.0750196187126757,-0.2849528274127049,-0.3464123821329106,-0.172083362159823,-0.006743060828299896,-0.17870956851177433,-0.24782770208361393,0.10731414961800578,0.06137147727552683,-0.1877706335047047,-0.2256206835984178,-0.4327106788886519,-0.6459410719403242,-0.04710633436674194,-0.747912967720614,-0.34938052296038324,-0.12548317349638927,-0.019657167933010422,-0.16281260913648077,0.13172989793792989,-0.23517166610662765,-0.05471924320283916,0.038982473892512304,-0.10095330334600972,0.30342779111384743,0.03672895153953992,-0.008487284349499191,-0.30396242101414184,-0.11257228098019567,-0.18905612335025967,-0.21682446499368901,-0.1304032542037401,-0.23155708873925307,-0.15667559493990035,-0.7655640904577199,0.005218774101710899,-0.18450281042892014,0.05105149137554421,0.007803286991929892,-0.019987314461480388,0.7147443114934491,-0.04423761912213564
2018-04-01,-0.13378961526674193,-0.6113410846185303,-3.574877033569046,-0.646482352992565,-0.16818351329572012,-0.4718852159128042,-0.4360147493447597,-0.17462885252138816,-0.14831701571549583,-0.056494430741561796,-0.04428111313065175,-0.28771665653264145,-0.402730211683727,-0.17452600366391957,-0.1372176630813451,-0.141897331807475,-0.024065820959423778,-1.185774604474915,-0.285957349435624,-0.31499574672321495,-0.3854198596261169,-0.10331495381468114,-0.10318507164811419,-0.17143938539426995,-0.2338324852162228,0.021044500352547013,0.025482854702930546,-0.24319715117197616,-0.25967202932340583,-0.4582686731732284,-0.6563542670524456,-0.06973984869906569,-1.0897033081800829,-0.4224794923246378,-0.15439191345197822,-0.10367484416227124,-0.2204498463595277,0.09955907258453944,-0.09863138922898895,-0.08057073333552944,-0.011574972958800611,-0.06676384548441971,0.23997187082688676,0.05571030626614515,0.00726809938170403,-0.270992327452904,-0.13259301551498237,-0.20547372313491352,-0.24956102703952654,-0.11865398087635426,-0.2272355027734947,-0.28935416252060087,-0.8166631069380457,0.09593920561463964,-0.13958275771462159,-0.0060252901883961485,0.013902537521686797,-0.2156725565320914,0.6722421607915616,-0.052784547557682915
2018-05-01,-0.12720649917840632,-0.41937509470870427,-3.132719917636236,-0.8126806118590331,-0.12185668939304106,-0.3972577846784624,-0.3734325175917128,-0.09577685804560954,-0.11302898237493153,-0.0653838228418071,0.003181262220809389,-0.2946453366040058,-0.5879591498167864,-0.1580448801419747,-0.04667616171979261,-0.08101331274565249,-0.04141478668262644,-1.0248220861828887,-0.22133341780642612,-0.48515885134639447,-0.5053730120998685,-0.11710887490766653,-0.23374707005451878,-0.18808511145373408,-0.3385032519235802,-0.05367776207308883,-0.06346472822046145,-0.11161744353932468,-0.24984573305280766,-0.6018149267758002,-0.8276560426885797,-0.05263707480016011,-0.6682100085052087,-0.27948114332595186,-0.15636426487906063,-0.12213509139194123,-0.24241460958634464,0.009040299903755211,-0.23191796887576932,-0.09652768480635698,0.01983072780616768,-0.0035842640907846057,0.32884384309391823,0.2224813459394961,0.126593145190811,-0.3628583567533761,-0.1277949402981502,-0.20541425120371182,-0.24883424419326738,-0.0629842403978147,-0.39688314901380695,-0.3298490549826638,-0.7188198893971967,0.06180044845103949,-0.14553166192948042,-0.04931280762314216,-0.08214051896983854,-0.04029520020236599,0.7407910530558466,-0.15958606183525825
2018-06-01,-0.15030541706206613,-0.5037644150314522,-4.493077446844816,-0.5849182727086772,-0.167921463042924,-0.2672185911693532,-0.27283868118639787,0.015213361435572725,-0.04650284911310143,-0.12594736107167392,0.0688872009357333,-0.33126458970045825,-0.4781726635586794,-0.02656064760293253,-0.019886756100144787,-0.10380630534051605,0.021687524553909765,-1.1344078134588482,-0.19743151574100204,-0.403249089698271,-0.629388370238686,-0.03792179187499167,-0.125038498430748,-0.24648068606554818,-0.31518848841787084,-0.09415304754041087,-0.0525575648114438,-0.04082458899934349,-0.32048773197680935,-0.7175439104969221,-0.8325706561076518,0.0340809972266255,-0.5999666790695746,-0.24365462794966075,-0.18250742125759656,-0.16942553722967713,-0.2638904152107777,-0.08911012639214322,-0.2525601981126473,-0.16833726289983963,0.008804938582980593,-0.052098635669420856,0.3325125858040673,0.22310761524765266,0.04296564420891835,-0.4212654083160985,-0.1992387753249869,-0.2420846698337804,-0.3331861038513739,-0.11961125347429258,-0.4477340760860715,-0.4110136760718872,-0.7318958491464274,0.12605140831152584,-0.14396581947874898,-0.10059638473244337,-0.08433126005646607,-0.022166303072780114,0.7214206707504504,-0.10955482183170284
2018-07-01,-0.12527309897548844,-0.5763308609392248,-5.058792714158093,-0.7281885272716546,-0.17931938234252698,-0.3620362900261602,-0.33650601101522915,-0.020520280313159,-0.09808924164923272,-0.23006575184034728,-0.0005406640837981591,-0.40934387003133943,-0.5393928269125638,-0.004100150503467237,-0.10560013046213568,-0.1646996384526873,-0.04421888107014982,-1.053385257915409,-0.18773082832644783,-0.4140133423638255,-0.6543024867085359,-0.08099173568747187,-0.15810283303957773,-0.27776285411295754,-0.34738969391274277,-0.14483591607806257,-0.12067677402950228,-0.05407388647497391,-0.2871276247603898,-0.6304913335345101,-0.6917218341659837,0.08021708104889036,-0.3886892491553957,-0.18442307132979652,-0.17206586034017524,-0.205387760017115,-0.2998631724636689,-0.09878962819400705,-0.22099633938140317,-0.15788385835385688,-0.01915331584420099,-0.13440586262855558,0.3228349077871968,0.2202066500032671,0.02817035298719517,-0.4700501919107958,-0.2566520419406295,-0.22351154834830345,-0.3714304842880367,-0.20074352503878035,-0.6324050220528725,-0.4155088073741948,-0.7774539866796895,0.03705793405430369,-0.1636341817091871,-0.1337199511566367,-0.15789976892041402,-0.14384550577104438,0.6925357610394856,-0.2293547908884641
2018-08-01,-0.20171980241698773,-0.5719993974975819,-5.8224413778572774,-0.9456278140081731,-0.17482626137730284,-0.3526986630674518,-0.2627442288428299,-0.05514263371571637,-0.1528060673143632,-0.27792116853399884,0.053406077166713195,-0.3756388020935677,-0.5990197733239877,0.003615899367615083,-0.023163081035639577,-0.12161273692808972,0.03913194186353186,-0.729678359943092,-0.06374651496280626,-0.30417188669816975,-0.6069001808667798,-0.019782673402853668,-0.1169917811492116,-0.4636009342680676,-0.33594333381027064,-0.056212317879720475,-0.20941584903059196,-0.016357278397628017,-0.36806667841516627,-0.3853619902938963,-0.7265839516466523,0.09424698560500833,-0.3866143134988711,-0.25142169338424947,-0.2451658150182523,-0.1776437676107736,-0.26304298915906754,-0.14285470185329596,-0.12769317147359338,-0.08489008298632084,-0.06262788203528658,-0.29830123487838844,0.12815754718234273,0.15929747339981082,-0.1672037480537809,-0.43031545146903216,-0.2188435756997369,-0.14964887639056745,-0.3064877045703538,-0.2477016681567672,-0.5501303781560607,-0.4303235822973184,-0.7050973289938531,0.12563035886897267,-0.037811865199671724,-0.16685724337608399,-0.10678626390841583,-0.8799256651323712,0.31816949336278166,-0.1688528529841289
2018-09-01,-0.42305909404831876,-0.738758409122042,-5.349262097752257,-0.9747856224548406,-0.3061587088359059,-0.43307518865253614,-0.3744357248933936,-0.14340000841265743,-0.2716443763109948,-0.4041427323757425,0.02554876740352552,-0.4661106619813209,-0.7407737568056065,-0.005772676763882378,-0.24182962047886591,-0.23304591183923562,-0.10732275263991142,-0.7967501751300199,-0.24822021762761004,-0.31293344997359007,-0.7427483769933108,0.06553595228025888,-0.06986213052174173,-0.5484103998930583,-0.4382764427091348,-0.24054407733553695,-0.342926663024687,-0.024934141923587116,-0.4386214164382751,-0.4206307841010022,-0.8463248839581612,0.0054429192300523566,-0.3242087705447507,-0.25743199497305325,-0.3760699018388789,-0.22375629169107247,-0.3004752857517501,-0.24753090688393486,-0.1576327064343388,-0.16905579868353615,-0.06706273916955952,-0.4036518385757002,0.14732373825877298,0.1674385756434038,-0.020970169223635482,-0.5782494998600785,-0.30940379077313596,-0.19328060001235126,-0.42095619638076864,-0.28678045779927297,-0.7286378360275918,-0.5981184198331695,-0.8317343945213336,0.09579794426103727,-0.05698607806384848,-0.27663164630333714,-0.15600705814501858,-0.949576897529343,0.24293926159798074,-0.28123848294376375
2018-10-01,-0.3641436924138459,-0.7015993761893033,-5.106790025983467,-0.9133136997370015,-0.2762455665131396,-0.5833972655233917,-0.5355721657648072,-0.3174848092506961,-0.47632179269336894,-0.5183185215707966,-0.0905643947194148,-0.4477373316157236,-0.7092998818824405,-0.040383864078608056,-0.6775815867799679,-0.35332475246502915,-0.19586096087478122,-0.7645716280518882,-0.1983830642878197,-0.4475471034531895,-0.6428393798102829,0.15985503039933469,-0.15825269377588147,-0.9453947795369,-0.5463905646669889,-0.318398481538253,-0.3397445292547987,0.006514194214594982,-0.7263420341747187,-0.46944489784164745,-0.8249119850246465,0.03465852711224893,-0.5398157456251378,-0.3387986358263806,-0.3329547099752104,-0.18528821798317274,-0.24212612361053698,-0.24587755806136147,-0.1752312342218092,-0.1765232570010309,-0.15654541220562113,-0.5626547688443935,0.006505946963534237,-0.021354136086229047,-0.2439358904982143,-0.5481707531537752,-0.2396457725303478,-0.18063551435312952,-0.293771141814815,-0.32479651060385506,-0.6917630563541244,-0.542516720164048,-0.7176335028999592,0.09131328132845784,-0.04799876316574814,-0.40654867776532155,-0.31978421137037527,-1.0294199782736775,0.20772735550520882,-0.5661549214466934
2018-11-01,-0.3796671696769478,-0.6101630384595922,-5.134337800101869,-1.1080264241045494,-0.25161955257635116,-0.5828268737081024,-0.5361133213688649,-0.2513156610458198,-0.464568964546753,-0.36691237217249273,-0.05419172752212731,-0.4353219074250254,-0.8017424157318951,-0.021869340726888398,-0.5625699222330005,-0.04468994250965208,-0.09339739679767112,-0.6741225320457613,-0.4244743556644446,-0.3669107403648615,-0.5452918911796558,0.16554692853650121,-0.0838105199830983,-0.9012106064610508,-0.44692551035369665,-0.30257435517777,-0.2552561831618132,0.2819705063985981,-0.7274987239296937,-0.36020416759665985,-0.7056364493677563,0.13470302654676547,-0.5860571223789917,-0.10435525150180602,-0.19180331332174205,-0.14795524151873818,-0.12921572590864994,-0.581258823585147,-0.05731633049309659,-0.08862919830677463,-0.06214858394586775,-0.3499282041041485,0.08261510096043123,0.16325625674249733,-0.10186370803896638,-0.5562020256752247,-0.31145088080801964,-0.2409017327803913,-0.37346895929267365,-0.5042074179461096,-0.5687661867544116,-0.4084220351457901,-0.6479206880382067,0.19788564359839822,0.059746958810240836,-0.35116147019886834,-0.27240349583830703,-0.6420836628845701,0.3395512476628285,-0.45761632627803195
2018-12-01,-0.4167113715941213,-0.5787442260350013,-4.353183024718474,-1.096164620860287,-0.24429688980744158,-0.5822846259080432,-0.5214251215221615,-0.26083155471948105,-0.453880070243069,-0.40615209700328414,-0.04205458380452076,-0.4315252762528612,-1.0390915898727346,-0.048971212467750824,-0.7098161512386432,-0.08123914537990373,-0.1670004768780533,-0.6778520276284234,-0.19578812807943402,-0.3690943618498821,-0.5650375255999547,0.09555509282214902,-0.09038499540487077,-0.9732622988644675,-0.5507357220883813,-0.5120682092895388,-0.30451036023738953,0.3735806435435338,-0.8974268639935001,-0.3195284210671019,-0.6419827593927685,0.07260511162300542,-0.33980853587800186,-0.180891932912985,-0.26449027388793755,-0.13548399362823837,-0.21628511068071643,-0.7044355009587098,-0.176149665566806,-0.13012228029623607,-0.07551500488602181,-0.3789035109728056,0.10623329250109714,0.1676022284828984,-0.16140444394298625,-0.6308228218476664,-0.39887600377216614,-0.23229641423839342,-0.44810645805722915,-0.5945227845253787,-0.6075922660462232,-0.45202378676896915,-0.5897671140887584,0.09424890202607561,0.07524786241086512,-0.4000419033595546,-0.3289395008183349,-0.7779682638805507,-0.027497241990808607,-0.4247800361948493
2019-01-01,-0.5775319661276337,-0.5693077966516022,-3.9523810328831006,-0.7448465774191668,-0.23934117568480096,-0.6345150841975176,-0.6571627768085062,-0.3682226461127003,-0.5983668114877876,-0.5425164412818679,-0.1316154594133594,-0.413373109258639,-0.8947564602353393,-0.01967176732309661,-0.6750018377964464,-0.1045932406181116,-0.18465188006824573,-0.6403024740312537,-0.1574281818781087,-0.46597334024280257,-0.5120759498538445,0.008069283489703927,-0.2178081594706045,-1.347176441171099,-0.5293168034351552,-0.7195931625998286,-0.367340576898729,0.4257817102197302,-1.0673803348961353,-0.3154053809675883,-0.6287474420785748,-0.030016919288939015,-0.4824148507979422,-0.23257825370115115,-0.21854628187082792,-0.12987115606364164,-0.2627059586217544,-0.662771547079058,-0.18671229002919287,-0.15949868358174935,-0.1327706470835217,-0.46599180099174564,-0.1264594949525757,0.016781664698273246,-0.46364583976601415,-0.5487300855494173,-0.25029407603984555,-0.10127887036721428,-0.3170368849023395,-0.47593277817113155,-0.5591032921789032,-0.4757906789741386,-0.5272085791685881,0.07690344864545318,0.12084371617344647,-0.5576037504089746,-0.408961856158379,-0.8458616620156636,-0.6588363530976413,-0.5571759032005017
2019-02-01,-0.6931031189898496,-0.7464019252148275,-5.958650799880449,-0.8404996711878707,-0.5996649057486478,-0.9676799610334357,-1.1611416007263515,-0.6134212677399726,-1.16464741788839,-0.8236555864631914,-0.3280643396321603,-0.37497829945228367,-1.0651708765905235,-0.048957633091374575,-1.0826005413762023,-0.21085007636860587,-0.284449385686818,-1.3213130570065226,-0.6916443938459085,-0.6260182015266584,-0.4364524754218422,-0.08721600041163291,-0.4492307772177633,-1.6569860065309494,-0.596694454253196,-0.8660219812815619,-0.6230295621271398,0.43108556373377394,-1.164522603756473,-0.49962636877071387,-0.6101262082189887,-0.14788160047467547,-1.5492752109933585,-0.133308399370607,-0.11130648326681092,-0.17230913103978596,-0.2657435592774817,-0.6537402697052892,-0.3295536027084014,-0.12548323603599365,-0.18280423899299647,-0.5283365009882517,-0.4647750669440216,-0.04033695846989582,-0.5517503335198699,-0.46440790234203044,-0.1050655664415272,0.013103802271325238,-0.17514122062342774,-0.3566351012877633,-0.7109783080254082,-0.56886163369092,-0.48586092262473035,0.08374262532377585,0.19457068262195842,-0.6613549721673087,-0.4837182224730696,-0.8017098578585247,-1.7795724886567545,-0.6083298304593863
2019-03-01,-0.8100208970491136,-0.8723036499303838,-5.412350977840694,-0.8252667224217991,-0.6396785404095773,-1.075889827846082,-1.468217925597099,-0.7160570601897935,-1.2452312890451114,-0.7962470654730736,-0.25586235755038556,-0.2802995101456547,-0.9062745825118597,-0.09309803652617155,-1.152338120377439,-0.11358396004204296,-0.29416363086659425,-1.5735632560956434,-0.6308456977237453,-0.48730045808005995,-0.3956905245768245,-0.07539256823032159,-0.30048180458609797,-1.3098449021287637,-0.5365083442210732,-0.6682128871641702,-0.4440679003366803,0.5092878599202098,-1.010024376319263,-0.4855662475213913,-0.6124114137056955,-0.09157500580743694,-1.6950330928177366,-0.07174329773609434,-0.023045783798016917,-0.05424708161041836,-0.1668601325411878,-0.37440327134272766,-0.3116832819399691,-0.07233167277264285,0.013917026023629875,-0.4052626448742569,-0.5754531174236817,0.07136292603905736,-0.49326697964602384,-0.39151286014023445,-0.07431298140582498,0.04443903703617602,-0.10510661074094951,-0.22666540790480516,-0.6327399989481031,-0.512031574587033,-0.2931424409076837,0.15626480639407925,0.18686202709827393,-0.5091864009620184,-0.35512826698529754,-0.3483210585783518,-0.7584154295583794,-0.4647177803113838
2019-04-01,-0.5190221754870838,-0.680590633321674,-4.422466434111358,-0.5258478316203463,-0.5105644889234884,-0.8790281110403928,-1.1362439905649824,-0.5642158071080372,-1.134490361951502,-0.6280111269246509,-0.08600617729241566,-0.2280231079882784,-0.6689510407252837,-0.09838377619554328,-0.6438299116864397,-0.0630272547730526,-0.26516058126521247,-1.2955360604609942,-0.031181526892541056,-0.35597194016597733,-0.2922696931424664,-0.06796752017395935,-0.14228416741257965,-0.9585546160433065,-0.3338937920942844,-0.7031313501504535,-0.29760407721822957,0.5686423322185227,-1.021525000463611,-0.3118654293369625,-0.3478933871781431,-0.022617007372832676,-1.5054461578635387,0.005637855121145119,-0.007857624194394619,0.012590442472648289,-0.1090618368079852,-0.3164430634651816,-0.23417041585652854,-0.03735824471402771,0.06637767308420017,-0.26077857162504503,-0.45693724681131,0.10846355292489263,-0.39001126810027475,-0.42150596924867023,-0.021818780376988922,0.07322836542537736,-0.07750635647038018,-0.14215450824064635,-0.4874958744465241,-0.42661335959646984,-0.27517475658313195,0.21877641859146968,0.23875563141062572,-0.30075483218756904,-0.23658303008090886,-0.34032063034815163,-0.27172328133537293,-0.3591616916282505
2019-05-01,-0.7615550113486029,-0.9172433304524905,-4.278354755846337,-0.5948714428342416,-0.5299950687914334,-0.7450756674396328,-0.9846380508742689,-0.41499236653978944,-0.8908937686286591,-0.49648209608986527,-0.042297693260168856,-0.17076426372952636,-0.7949187370862525,-0.09732342802297644,-0.5731172030455345,-0.10561892738814982,-0.18744018335362722,-1.2405744856798449,-0.08293437210498555,-0.40019492341021357,-0.3717653980500535,-0.14735478871148877,-0.06704628483187514,-0.8891030866252914,-0.3097656116078804,-0.5501043860705321,-0.18813882835084472,0.5346869179473952,-0.5976860731883187,-0.3924014521224535,-0.40493453331123175,0.016850396115168476,-2.0318332233632863,0.08329742676701046,0.05909765043934734,-0.018687584115662847,-0.018492880031283798,-0.338873780502994,-0.37510444471231175,0.06402680229528157,0.07939601235717575,-0.2890781282725017,-0.36786926484077465,0.13217656007718048,-0.3728239646751308,-0.43579534292898225,-0.08249511126095976,0.011775251554223098,-0.15050237177979064,-0.18737756410782103,-0.487785995767382,-0.30403977365415646,-0.2773842812426084,0.1826996973076297,0.12752607021897078,-0.3355392252229714,-0.24705914241292581,-0.06070182710981431,0.1648048802621257,-0.25998774761646093
2019-06-01,-0.8603794324113798,-0.9072210490612276,-3.618378904611819,-0.6503137070844074,-0.48462032871112637,-0.6595491405248708,-0.8956791565662785,-0.3785253746306072,-0.8143917909580229,-0.501220735280814,-0.06656744499409406,-0.09941778834183435,-0.8062122338153939,-0.15747299497098766,-0.5641161686520602,-0.09007848198367707,-0.10020095150210784,-1.1343221262659116,-0.1343628974306399,-0.43245512274818454,-0.3579122707685698,-0.28709479709321606,-0.15859305121549805,-1.1215157875168673,-0.3438695441448889,-0.7133263513769157,-0.2808209721431969,0.5262766691555099,-0.7961837582927587,-0.4196051752314687,-0.5418227653693968,-0.015203536465359102,-1.9986161064744836,0.09917306443156759,0.05813404432839098,-0.01828020502679717,-0.02956377797575116,-0.17912828059229158,-0.3726455569939926,0.08817396304118374,0.04564273346281977,-0.29575509632526775,-0.5415269888354708,0.083498506284988,-0.3892829469372834,-0.42195228811588503,-0.04855119403316421,0.02534412342158021,-0.09561507396877134,-0.26744600112942774,-0.41053318641315806,-0.3123666461833967,-0.10175951147305895,0.14757312724544325,0.1166223350524408,-0.46595256691179165,-0.2688656648913028,-0.13740771262811058,-0.20811458418975448,-0.2823331522658692
2019-07-01,-0.9220621121714412,-0.9664183715003842,-3.2946663082274608,-0.5768014416585294,-0.6506854474819708,-0.6988745482318643,-1.0717672940677487,-0.4471281242606724,-0.8065888611335952,-0.4888270964508503,-0.17516208207506767,-0.03932205063291927,-0.7393105985126083,-0.10835691981042284,-0.4856548020041258,-0.0855534043827284,-0.09579593891494209,-1.2467115078721673,-0.41665623048290623,-0.5494871380409132,-0.3485801419604655,-0.42164011093126086,-0.1796198559511779,-0.8014750673699556,-0.28076791559036063,-0.6395731524399679,-0.2574659485379551,0.5601803814334605,-0.7016166751566792,-0.5537851320310592,-0.6252906813385546,-0.08369131179568323,-2.7494349768337147,0.1854211848900298,0.039299345315265466,-0.021854713426659567,-0.07441592388553708,-0.1845952002287956,-0.3746934802992059,0.09867350573318012,0.07424880623420871,-0.26847096721965547,-0.5958603379298228,0.14188864249911703,-0.4294915276370417,-0.31477416823426707,0.014519060321690147,0.0679587412290733,-0.03523082467739447,-0.2307446389491874,-0.39594563474394984,-0.2751927699326302,-0.1141780766317646,0.1691036035579211,0.063026653489904,-0.4505506687427534,-0.22858901739507842,0.07319987143721662,-0.22695313193300048,-0.3616505758734543
2019-08-01,-0.8183073029489001,-0.9142417424876186,-2.7143628851412998,-0.39380012307928536,-0.6119383282948461,-0.8130559816553762,-1.0713922546551298,-0.4567243341198448,-0.7473720113550011,-0.4050015905792115,-0.1976501054579789,-0.09597924190804297,-0.7675482434740366,-0.20897905458707955,-0.3854537424035358,-0.15245841836344742,-0.14736197163104525,-1.2171291947789555,-0.10674976798094016,-0.4532233629768998,-0.38559140483743715,-0.3639321993181899,-0.17979961310300663,-0.7525905732606739,-0.4123385472182768,-0.6272049587361699,-0.29782390377246526,0.5541716417309935,-0.8329489142302207,-0.5060069942501952,-0.3249437589048574,-0.193623028192216,-2.201116828750025,0.1904780311296016,0.015841424156889383,-0.12799439233274645,-0.09472320399320999,-0.2339471901110941,-0.3523143648992493,0.08385184915652955,0.037520009781559116,-0.2962531284700871,-0.7698770299968132,0.14483589945693498,-0.5118856514633883,-0.34978199480225536,-0.01901491096903496,0.02059624720651787,-0.07529474648370726,-0.19791874058263526,-0.26105595685733207,-0.2872018717339191,-0.18454386397550637,0.17778712997945811,0.03448933734979498,-0.47774983779711677,-0.23194891667736828,0.1911507505889476,-0.01769838395265988,-0.4387713002029425
2019-09-01,-1.106240447069485,-0.9965395614347725,-2.939314973605608,-0.2681770751866963,-0.8391540292267581,-0.7118153109322467,-0.8727790676410905,-0.3701214873297911,-0.5197352535887534,-0.31383453266718764,-0.15600938092699335,-0.17015323066256682,-0.9718469354109998,-0.3781211456588358,-0.4904416940010554,-0.12270456131070229,-0.26600000663171164,-1.4594165914833575,-0.2470073049966066,-0.5230216504666816,-0.45099181451757464,-0.4016312816468335,-0.38610811310725657,-0.7023333421880626,-0.4025362661260783,-0.5932033120905509,-0.2731218120449834,0.5786830339166608,-0.6787541532246939,-0.5144706462522248,-0.32579215500946823,-0.19695153112095354,-2.2613682640467756,0.13802688511360794,0.00951710228696323,-0.0819992909431051,-0.08777423487743796,-0.3510150587025136,-0.48492757993030167,0.08988112381823132,0.033606627959149704,-0.2366339760033076,-0.7870604017544023,0.1864154243247479,-0.2784160393592461,-0.45616167206150915,-0.09271746298574612,0.08500467862789551,-0.16665276305577748,-0.3564743288217722,-0.3246641925605953,-0.32240598905080886,-0.18955846540830468,0.09946321389676294,-0.007169769381292435,-0.33182608524033097,-0.19900874948616676,0.21652504627305358,-0.11404781973845557,-0.5728466621965753
2019-10-01,-0.9610344204413444,-1.0226516376216663,-2.5470690226194725,-0.4516495948930852,-1.144486137769614,-0.7088141111535549,-0.8294955801538688,-0.35603111957549505,-0.4477173308420004,-0.3215975105052158,-0.19574597616708767,-0.2120675978283899,-0.8996236003263303,-0.3555230853082927,-0.49272251183913474,-0.16761384442143323,-0.37811475726127775,-1.2559989833890244,-0.12761122262036562,-0.6378950377718839,-0.4968872138992868,-0.5915169318323152,-0.552190506335408,-0.7240323414829066,-0.4666281290451446,-0.6812775926800045,-0.4130402594198872,0.6156888108068482,-0.7369498264876557,-0.4577759176170453,-0.21733964974602937,-0.2700987478871515,-2.281253588537646,0.0888284323358498,0.032837428573359584,-0.15041394930146978,-0.05843140436749916,-0.3097302540258544,-0.5924552086230057,0.0800319096834452,-0.0227468121179335,-0.24596740928646676,-0.779241268534776,0.21219547805135242,-0.2633945530556221,-0.41807643456217236,-0.07265781576323893,0.0863360555947722,-0.15985999179518062,-0.3825167263723612,-0.3259462324285707,-0.28865714676361165,-0.20896897233148248,0.09127342880190514,0.0426668237011022,-0.373446242101644,-0.24753880496508462,0.25786972346115467,-0.047231505938996055,-0.6105338452702525
2019-11-01,-0.8921538226901304,-0.8127468278732393,-1.4356564403429481,-0.33229882182913495,-0.7375912232985387,-0.5875524597277608,-0.6263462247064107,-0.23889480622391046,-0.3567076421063222,-0.22448325333747898,-0.1661964998308172,-0.2507955717284738,-0.8462721408036313,-0.4943036648739958,-0.37048217222967184,-0.2877668279089116,-0.4411307194257261,-0.8546923419853605,-0.44603992141847737,-0.44687850228320447,-0.6201622828655784,-0.464725801656233,-0.3715513532614316,-0.4172182321791833,-0.4034382277559301,-0.6685362794987544,-0.23857056300724833,0.6513843380165635,-0.5017469013152787,-0.30040870430226296,-0.09673282146537976,-0.24926142278994834,-1.0830245386387913,0.08026641827088499,-0.06406906210270358,-0.1895720888489847,-0.08845254418462734,-0.4381858888968255,-0.5989061982485839,0.1555134669283864,-0.0029743554444603415,-0.11303671250481306,-0.598634472467422,0.34192176631735394,-0.0951390610007743,-0.3955955312884889,-0.10736279648428426,0.061775680616953155,-0.18814719703930316,-0.35585638907205963,-0.29197225334696486,-0.33451207548852424,-0.056153320262080086,-0.056138512729108525,-0.020043321427484218,-0.45050217721194996,-0.20717613043944771,0.1895796662810304,0.16348954970284235,-0.5671453732415785
2019-12-01,-0.5490584601117745,-0.8701201090120838,-0.4418839621192725,-0.4110598893416475,-0.8871703866882585,-0.41299041047328067,-0.34635724933304335,0.14527184661407244,-0.09309317101011416,-0.17528216605416835,-0.04303294278053582,-0.3675040813801025,-0.7803699085917839,-0.800430698041694,-0.5039420373913266,-0.329519132594682,-0.5229863633571632,-1.063885785673424,-0.5689100288760258,-0.40058894744317763,-0.6289715970055687,-0.4695108374203947,-0.2864762203408153,-0.38497797409899026,-0.36982097018600335,-0.5387572859873007,-0.15400473359022526,0.7680136165975131,-0.5120039092062805,-0.38226844866374754,-0.12646587163522027,-0.1774490030149889,-1.1094212459255108,0.10373517405634003,-0.19320773244360345,-0.3157959572743618,-0.26392958294694635,-0.391837720809014,-0.5933768901464127,0.012065941025243054,0.04390738230518865,-0.11331310967828867,-0.3599828904563829,0.46519300843554967,0.045720255878775484,-0.6567520758195327,-0.2890688012528544,-0.09031973066792354,-0.38676481102656957,-0.5039288093534406,-0.38203853484712247,-0.6286492665036127,-0.13462886712719202,-0.10675938337067992,-0.08058288754819554,-0.3560809331222601,-0.1577850008646784,0.023731178120327545,0.346808592890806,-0.5414700583929624
2020-01-01,-0.29494571843860373,-0.6521237033748399,-0.0032445667966845004,-0.45528424640359466,-0.9050839225960021,-0.1448575609117102,-0.10112875608214811,0.3171186923636894,0.05055629263727257,-0.047266682979600017,0.1603995001499663,-0.1513404681278061,-0.5465234682504168,-0.6070925507754024,-0.4282607373256504,-0.3309341769788401,-0.4182368718052818,-0.8219409776483058,-0.3275153115696885,-0.28870370295619496,-0.4994917803777763,-0.4329826457877701,-0.24873100297136475,-0.33424662292691365,-0.20642851619433134,-0.344038111740808,0.018104852155365392,0.772000954746544,-0.4156416306941255,-0.27235392230798383,-0.07863467539445268,-0.06301584965321072,-0.8633927435354491,0.2562821597784293,-0.1379136316148204,-0.20130798580976306,-0.08325780706684305,-0.3515481411509569,-0.3066269801834347,0.07928310919465131,0.21411767853759023,0.03639202753313864,-0.23824130516322928,0.5840363547018899,0.19617803010464874,-0.5142148897534082,-0.19518064410425207,0.036064062105858885,-0.25256301214447285,-0.34180801138868433,-0.1507784103472234,-0.515343714458468,0.01737204707490758,-0.00979178597518926,0.03892896607165863,-0.3659476027517081,-0.1570054677191033,0.00514823941715159,0.3430534425946944,-0.4243029193118857
2020-02-01,-0.3036624927044098,-0.6333247043548584,-0.05364455999705786,-0.374296903462058,-0.8375969830846717,-0.2358251994435816,-0.23650593810666676,0.16491470837108668,-0.005175822509275063,-0.12581011029114153,0.12941883722175695,-0.2074632912983776,-0.651027517575794,-0.5900750960374945,-0.2616620371042313,-0.2322347097511288,-0.41168112624967446,-0.8905255631940112,-0.047959170003035956,-0.3391603849948053,-0.4992415951318183,-0.5095819433637061,-0.264697426160571,-0.3547098613303046,-0.2801941594073898,-0.4916265098267707,-0.08285103595420562,0.6875638591078376,-0.49158209153169885,-0.3217873740542041,-0.189531778812976,-0.0202900967556483,-1.0446431642272738,0.21079601590997787,-0.1458937569206853,-0.21771000940990648,-0.1222414142609447,-0.43735329945592705,-0.34302628691927994,-0.010634687806087673,0.09101526586049113,-0.07371206435501776,-0.37846425811515894,0.4965198479626429,0.09690818503788012,-0.5057505060230385,-0.20134851449964652,-0.056396364195121285,-0.3013564874797965,-0.4033646891421594,-0.44818232616685916,-0.6837786514276398,-0.016308308638314672,-0.055706426552302624,-0.047964984021865,-0.40902359059734983,-0.22367651757394102,0.07609196654080319,0.40252632797799903,-0.35608493707028455
2020-03-01,-0.20866235647078613,-0.7664671829862395,-0.2170002839794225,-0.3358269040895405,-0.9198186602963905,-0.16960830087507728,-0.16243072962715344,0.23087419936139908,0.06692711203468937,-0.15863033827210682,0.12796221797021623,-0.15164894145068075,-0.4416635878009645,-0.560275398308318,-0.23340447858129787,-0.2641279037180395,-0.35516011282213267,-0.7562931401990263,-0.09945927855348824,-0.28419740688487183,-0.48094436396335216,-0.46544419753633504,-0.3531220403404953,-0.37952331424501495,-0.3036479857618275,-0.5507685560943236,-0.1213340792935127,0.6695376358298801,-0.4590623665700637,-0.2843928178127333,-0.10802164625905664,-0.037560371988953234,-1.13229048344656,0.17161822278021777,-0.1267017481028132,-0.1343999831204521,-0.08457087588882395,-0.39881337175938003,-0.2699472434349002,0.08172073786427858,-0.009045153144188856,-0.10753740919715815,-0.4167228756090269,0.476865017593186,0.1034992181547516,-0.4922209365422847,-0.1686136762399506,-0.050689278276019545,-0.27756890622368746,-0.3956267837368057,-0.40501293861565824,-0.5547506709232644,-0.11581633941284086,-0.04654550145270364,0.012744422343743511,-0.4913898632241047,-0.33590868278856467,0.019051558127277768,0.15505235189874456,-0.3719541210958761
2020-04-01,-0.2603868509453535,-0.801738249355938,-0.3087153079068974,-0.4011193984857533,-0.8313708452758426,-0.17046184559289057,-0.15958861777882305,0.18601886206367435,-0.0020511249041290647,-0.12799562550778898,0.1276320645728013,-0.1559614780053178,-0.48369555791171615,-0.5758845972792213,-0.1919091664658117,-0.34133692561043083,-0.31063025586093307,-0.8141127525250571,0.13977441050988904,-0.3129033008525379,-0.5044158259307998,-0.47664062294497067,-0.2800797554742711,-0.41926633296918103,-0.3398471876468483,-0.5749774547595352,-0.15299555084606187,0.684908707687099,-0.4294676502010244,-0.3360103927070792,-0.09217566346852535,0.00850146529979412,-1.0430429560452148,0.16041835617159816,-0.2041305598138028,-0.15862810165253394,-0.14107719411547293,-0.3562164150235714,-0.47992792532009276,0.04796888668691379,-0.024552618058833575,-0.1958888141999584,-0.3298839416632553,0.46469123866997153,0.09751165322696753,-0.5658227160745122,-0.17994992515950115,-0.11490308791992798,-0.31340040762332744,-0.4653536189600467,-0.41952032479875556,-0.6356891516607368,-0.12151855871354655,-0.13194312255625995,-0.05667498630297474,-0.5157749388123691,-0.46103805204291426,-0.06796410066999892,0.15317578828258782,-0.35664515565982335
2020-05-01,-0.3296766817673613,-0.9114418159169311,-0.3790670366682438,-0.47459154654103997,-0.8314864269601387,-0.34328410616378857,-0.28871058159825336,0.10565414198998657,-0.12249900905766453,-0.26829170353141674,0.09595369790588215,-0.17782030791772252,-0.3125458318089347,-0.44905500853899527,-0.16022258851815718,-0.2920299661830752,-0.2626850944954653,-0.8771506610964104,0.3546857345377954,-0.31272603004870136,-0.45268949714467555,-0.5466806604503538,-0.28133771531361407,-0.3301536896896733,-0.39034260138283794,-0.5775555431214494,-0.19926780787647447,0.6698502231662895,-0.443193636241781,-0.2523421596151052,-0.18783691144611203,-0.17695682690414527,-1.0612869234779914,0.13003729321061397,-0.26799981297911635,-0.19161384379146762,-0.16843533888238071,-0.3677778115620529,-0.4196322037957021,-0.02554858334899701,-0.022435997772463967,-0.172547841072636,-0.30817293245175503,0.4343551090187042,0.03817199638730806,-0.5148287702540415,-0.1874691542952882,-0.14717983375030608,-0.32755778332410834,-0.548342306684724,-0.4387696216473347,-0.5653485873281618,-0.07957669734598505,-0.12288492362018077,-0.12245860226175753,-0.473477822656172,-0.5115976493530932,0.10268578911691928,0.15255918916387745,-0.32953534272925267
2020-06-01,-0.08169611812439559,-0.7720156930545032,0.2608246349485054,-0.042953164431585034,-0.6058513122100562,-0.2983769772885385,-0.15602496793588982,0.16556820127395988,0.02892261739959734,-0.008952671072758989,0.12997228036007558,-0.05093733484762919,-0.35848251605001624,-0.48100632069231053,-0.12318114940808678,-0.2458488315326426,-0.34187262739486246,-0.6068375576121543,0.5551681402677872,-0.24105627801504803,-0.3556031348069171,-0.40886602541974715,-0.11829161446979786,-0.09410960684176128,-0.29548696362739135,-0.5058694386958655,-0.033903462742319146,0.675924891303239,-0.10024906678425394,-0.08104441373721882,-0.07709215294860172,-0.21726934302078638,-0.7809186893614095,0.11143780712301832,-0.21390002780920558,-0.1339289320070718,-0.1326408571768174,-0.2915719817421403,-0.36265029974364893,0.0727123286389677,0.09362169263454823,-0.14537081182091782,-0.31013509315592547,0.531841992779476,0.17123848911879747,-0.46021261545712266,-0.0728250209239798,-0.13488872187974232,-0.26478532748509465,-0.3926004072060636,-0.35351855657542264,-0.6032882895945546,-0.09169459238315336,-0.12260425020764609,-0.1712341164977671,-0.39646760403960624,-0.4588465106927142,0.033446587745271095,0.275016288738115,-0.2326349949037796
2020-07-01,-0.2891961204861131,-0.9343598883182969,0.11982850135050305,-0.21630867632393236,-0.6667471926774855,-0.23614022167195547,-0.16006500784390343,0.11295673294563535,0.021171714676230136,-0.096912492421392,0.14053130542250536,-0.08065335042186805,-0.29715193315775124,-0.36708362057789845,0.02795876433793787,-0.33789655850664757,-0.3590053356328471,-0.7584327335628207,0.5008138612419923,-0.3473919919217421,-0.4052622749155317,-0.3833525249992136,-0.22566312817374778,-0.21200129568686488,-0.37038529102706486,-0.5456778833070053,-0.058049632981965305,0.6364911903471229,-0.2727226294939147,-0.12505204280985138,-0.17116555053197535,-0.3060007753651848,-1.0837622055382101,0.009350945962145363,-0.3049074920630519,-0.19085698382684857,-0.16587299918291376,-0.45414125427417407,-0.62697276696196,0.016657163365588756,0.023153800608972652,-0.23583855023260436,-0.37619307013881986,0.4412661112040446,0.06644349108684688,-0.5210497318208853,-0.13308647118655625,-0.2393492758027116,-0.3344971926852396,-0.3943572386598313,-0.3912198564363707,-0.5564148154358197,-0.16434896293676426,-0.05734722977538631,-0.2116538368290004,-0.5485517360943541,-0.6248948359927096,-0.1742979665177795,0.18167513470314978,-0.2703876270228731
2020-08-01,-0.340951144853322,-0.8679647299994511,0.19080069481951822,-0.16576120746861345,-0.620170677073193,-0.27615512149663624,-0.238815548051309,0.06244083571180026,0.05302469333775328,-0.08431286215254552,0.09667012688049925,-0.004706991656171056,-0.28053055294204543,-0.3383470480535373,0.07950890774433694,-0.32764047237455407,-0.22645234813477888,-0.6989548815704683,0.39432250233958177,-0.4292185304510112,-0.3991043750989929,-0.41121152288211116,-0.23367018911060433,-0.10538328658658669,-0.32571080334274116,-0.7394343576035025,-0.11822183402729558,0.6208832359355061,-0.22637394722399629,-0.2367421679563282,-0.05777621709679237,-0.2931153801347277,-0.5189063325862835,0.02576746296847421,-0.3456132032604873,-0.20331703001781332,-0.1335397046440645,-0.37645446441021146,-0.7107682142529734,-0.010972496979007484,0.044325063712846724,-0.16931955968695855,-0.2914089173377874,0.4525932827459864,0.1833810998882286,-0.4766014340937861,-0.0935627722293344,-0.25849169358786717,-0.3114155762597939,-0.23273302360555537,-0.3499440278257324,-0.5624375480668793,-0.10508948207147029,-0.095681031264367,-0.250536778297052,-0.49185192351158413,-0.6466035664763501,0.018543501965092135,0.34934228242452425,-0.4723347347782245
2020-09-01,-0.1966545597527305,-0.8380293737674669,0.22882878811835583,-0.11171367061913529,-0.5580832544057337,-0.22122357463749331,-0.11438629042824155,0.1280264282300828,0.09053416026652605,0.00804932120505708,0.08145205143121881,0.0071257417370929055,-0.15885510457268026,-0.41041118846937286,0.14866665167402215,-0.3826090359804535,-0.09312795254374429,-0.6264023216916483,0.48502423523350735,-0.518556836053393,-0.4034058528880029,-0.5601299004079823,-0.42329349090074286,0.03446477523627067,-0.24452748563156734,-0.522016107524131,-0.07932088300699869,0.6977246583545117,-0.27303459310269895,-0.19606901830126655,0.005751172534466775,-0.34971081240135216,-0.43057979505992794,-0.05197554754488065,-0.3471696022562427,-0.26522349027831993,-0.21924797876729496,-0.4594666884910772,-0.8462958476476998,-0.05257976761834193,0.07935589002804333,-0.1333839970408064,-0.17557829512275402,0.5308575456203988,0.21255624954394992,-0.5140122766273902,-0.13817498574292686,-0.29491165981439216,-0.3044475605249921,-0.30762510161399526,-0.3442147638881261,-0.56480575920331,-0.17319199357940307,-0.012832972115789376,-0.36045000917530157,-0.45787725543557856,-0.5938622947014829,-0.03597778033426202,0.47265876804621,-0.5022815346431404
2020-10-01,-0.36492408299390555,-0.8567736776719939,0.23985518890594593,-0.12908195138068068,-0.5131486779784304,-0.24364056433554993,-0.10869393939709981,0.16036602038744108,0.11546899640887054,0.024453428449497272,0.07558369852034963,-0.020026951196015608,-0.09000148422960352,-0.32787920336646326,0.16637647114767662,-0.34193198076939835,-0.05096165928374896,-0.6211438676563368,0.4269807951413779,-0.413780726011056,-0.41062836683781057,-0.7552269906734999,-0.29284541656687546,0.034484965069700224,-0.24793099162020749,-0.3893883483787137,-0.16547855983665816,0.6684096129918413,-0.27907317768355333,-0.203374529516811,0.04109603380176985,-0.31429005582952696,-0.2506543640391723,-0.0781379565505873,-0.4127762418542804,-0.2664593513712299,-0.261510398526976,-0.511196015945252,-0.7217494741826849,-0.026266221432623027,0.11177554386807742,-0.05063436176733216,-0.12532227895714398,0.5486988013473624,0.3025527028522118,-0.6488674191000603,-0.2237341252439069,-0.3443685426499872,-0.4046259920508146,-0.34222013537515705,-0.3675355705039107,-0.6324151291261859,-0.2769502962464925,-0.0328476124375392,-0.20673481010704076,-0.41573303282860374,-0.5055584905980746,-0.005516052093705648,0.42158216707928875,-0.4862741631820662
2020-11-01,-0.3806327712380324,-0.7236565267867152,0.24101831540162033,-0.10796792919062193,-0.45992179822896606,-0.2526235742139318,-0.1069390461637374,0.15446150163197359,0.08225903401895318,0.03221327733607904,0.07056401367825693,0.027128544901975693,-0.1721054801974562,-0.41359653888840664,0.13861274339593788,-0.6220191927684646,-0.14064717160695683,-0.4556713512190962,0.2520930558030485,-0.41877397599382604,-0.21048337512807191,-0.5787712668360829,-0.3119374491808702,0.03281951869347055,-0.2524952128686606,-0.4211295762689651,-0.18719105248911938,0.5550876471304247,-0.24910295219528056,-0.17069402888929597,0.021915056242062247,-0.3204701906302283,-0.2407689851623691,-0.292887948528451,-0.4923732522125013,-0.23920882782989472,-0.2847528178380978,-0.34388431977504186,-0.8104343273583372,0.011566723802294843,0.16470767953440968,-0.04300341142090103,-0.06642385828816333,0.5244464303683882,0.3703388270503253,-0.5961052482298579,-0.14476551118371783,-0.2859192521099647,-0.3379192546591081,-0.1842183559814503,-0.38265614325307884,-0.5327667677271981,-0.2088592745307245,-0.03655768209625099,-0.12624202726749956,-0.37931934724765015,-0.38094911941464193,-0.09405685450759571,0.40411383797828637,-0.40699140651011323
2020-12-01,-0.45562101026889246,-0.7961122026726073,0.15868308165595113,-0.13424920910038973,-0.4898899723696988,-0.2734201463240413,-0.14507444636151456,0.14153161125600766,0.04440940204948074,0.025862007184566993,0.026670467493203787,-0.012801966921883512,-0.19397313552092244,-0.40946344530210954,0.11137087570484372,-0.6264167720405434,-0.10781496179866346,-0.3883273869603918,0.157548165811233,-0.23094813690119986,-0.16203932401542698,-0.5050227880134013,-0.3216293744693284,0.021422310320246774,-0.19962052065637326,-0.3861827245320093,-0.20896965566435144,0.4471896169513213,-0.07532454322266924,-0.20841842032446767,-0.044628084568232085,-0.42541574783802627,-0.4185580397273412,-0.16810068838019476,-0.403620950487356,-0.2211239670502816,-0.2052567629010924,-0.23210316550242371,-0.6124642483543581,0.04848153094182872,0.15720695611162294,-0.02480334247513838,-0.1622638437260846,0.4662668582529369,0.36980338767583065,-0.5363979886768389,-0.057934559568187494,-0.2971862918153658,-0.241525440586412,-0.1146725211015922,-0.4056513971156177,-0.5013192361171697,-0.20643431789590583,0.0002911243435353983,-0.03406212648826812,-0.3620869035301655,-0.48044580287515704,-0.03335398285156366,0.30995615296872225,-0.41807685418247775
2021-01-01,-0.6161396693827108,-0.8368176369756339,0.055023276842218305,-0.23042405073370809,-0.5183291792627209,-0.3150947377284443,-0.14986172883484872,0.13140400767408256,0.029292020887729642,0.034471614464674394,0.10009195447602126,-0.07019178222699574,-0.2927821273272151,-0.5707135338532294,0.10125500568530332,-0.6654088221992354,-0.12827295426354657,-0.43302029819810084,-0.03407931190818414,-0.1525612758834367,-0.17997342528277205,-0.5752675358656885,-0.21673097069837666,0.1006988295728315,-0.20926862358374398,-0.3450301672619711,-0.1624055643156106,0.4256067590683401,-0.06204394155354165,-0.22056433873855297,-0.06751146311608403,-0.32494126011518576,-0.42527057759039577,-0.1440194878365726,-0.4066678692373231,-0.2606884168459003,-0.17091385300321793,-0.21073289264502004,-0.5615992383281199,0.07193238097886578,0.138484792833394,-0.0036740464208231405,-0.16836053978065024,0.44877334706850036,0.3018932300352154,-0.607219884632942,-0.1616737268320323,-0.41839627690143133,-0.3548396320397471,-0.21257713282794266,-0.4051261462621205,-0.6224493065994923,-0.27310227664233744,0.06822559925730332,-0.06600254935573013,-0.398686251305012,-0.4627261973492176,-0.14474251111589065,0.39784536766127987,-0.38246786618579254
2021-02-01,-0.7195396645947041,-0.789372980740412,0.23380167955197484,-0.2350332338373673,-0.5265306536811953,-0.1562123829656854,0.004949001492800531,0.1453062870785714,0.0770003311795231,0.06959390481999639,0.28098699183239473,-0.10413551839184354,-0.11947119810204598,-0.7286175018419845,0.28707008719288973,-0.48358350907931325,-0.047524863313455956,-0.27724198423941826,-0.3200799699862238,-0.14348167542744905,-0.2811443286343305,-0.371794617261487,-0.05449260422370883,0.23104628030498364,-0.1373062567955181,-0.3408113414103411,-0.08079906398208059,0.3147693093567272,0.08690322096178449,-0.16807175838712118,0.007025102441536757,-0.2502212748280346,-0.1302280019727058,-0.14330442236305974,-0.49658426314149473,-0.28141904580613475,-0.2201876222799899,-0.08250925456055747,-0.5507998454142942,-0.008692749990281357,0.26992913042749456,0.11548406177914161,0.005454350034568067,0.5815043139947513,0.4347131079335207,-0.7466112434436012,-0.3326815067585367,-0.6668789588292865,-0.5947028297273196,-0.29454427784583914,-0.44832291579790673,-0.5805440779942079,-0.28063217389512984,0.1292666633910129,-0.19585233915308087,-0.27730401515853176,-0.4472015242020859,-0.10354370486130526,0.5122193526433982,-0.2959378567159825
2021-03-01,-0.41819576474823283,-0.7234532614437208,0.11813538889394959,-0.10277685586798246,-0.3950312415471835,-0.008405205368594793,0.14834510143382917,0.27627519427107405,0.20437719040385172,0.1722242495262195,0.29741630096530103,-0.05747495626481913,-0.09546493507826925,-0.6447016500662988,0.2658747542262432,-0.4493568683762976,0.0360126390887171,-0.14751714089956702,-0.40014025061510994,-0.208459498301083,-0.259428806158446,-0.2922377274451746,-0.14151593682511288,0.2326005754916749,-0.12428758420178165,-0.21557976150726677,0.04757184873890885,0.31359553333159906,0.06744505933965927,-0.1693503359070616,0.008005807122856035,-0.10547944383352048,-0.12179349201723433,-0.10325389814356578,-0.4923545756486811,-0.29346975814133613,-0.24575601173946837,-0.2230141911648742,-0.4517116577372049,0.005835239043382567,0.3095895258285313,0.1399864901215908,0.14082994020293504,0.6280357005167033,0.4440321913462272,-0.7121931793006755,-0.3026970705549741,-0.47919875377298804,-0.4150168765234341,-0.21379634533335778,-0.40672192547634234,-0.6422955042882164,-0.46136255668509607,0.14448523100959398,-0.12252887082263486,-0.2965850779932755,-0.3905668275140697,-0.1611359603978335,0.541613242441956,-0.24603639609589312
2021-04-01,-0.39685543744576246,-0.7202165362119797,0.09997761315944975,0.006612046054771503,-0.1595059402470178,0.20933614585178428,0.35531431277161385,0.4384529715022415,0.40565448349601707,0.203215464832741,0.485245544512359,-0.04486192525593191,-0.1338902140457514,-0.7883199850539022,0.18842210893842382,-0.4498630437108331,0.04578137495586898,-0.24165323342175582,-0.4210443098422272,-0.04548499760747893,-0.06744461797643986,-0.20673402082868053,0.08360731278915179,0.24893150954055776,0.0480277533024136,-0.03276805209275491,0.3093612816991076,0.5115364203038861,0.15385572489122323,-0.07006325256966783,0.0452505420965198,0.08808280825301296,-0.12605218257004758,0.0889756335955374,-0.4353385533499585,-0.043120885827937716,-0.13378610181818984,-0.3038373173696536,-0.4906565749181184,0.06002587329733344,0.5069752439987039,0.3659390053291608,0.5640448173967321,0.8811896586828892,0.7673550521808843,-0.5183509857504915,-0.107746038887373,-0.2686708783507432,-0.2037463918017859,0.02816520888087659,-0.2916393520655318,-0.511584999881419,-0.4893621371841801,0.8259049270760533,-0.033493832371396026,-0.21315333626048205,-0.27178150233406595,-0.1519831818754105,0.7030230475505943,-0.12740602370330367
2021-05-01,-0.6231589350839819,-0.8939378883368998,-0.02296220500562729,-0.1593532979852399,-0.2465952071489088,0.15131624087567774,0.27183483864189606,0.30399575631130915,0.2859351226632063,0.061301553073608295,0.47447424848180086,-0.20128087800530614,-0.19645446787238652,-0.8941250595962864,0.1438200926167562,-0.3865442350757735,-0.07490517758720494,-0.42495282711956683,-0.810099166085609,-0.17407084371761616,-0.12509505109791474,-0.23050055536883796,-0.16975918691112302,0.23080889014093053,-0.006813300280362089,-0.16865062375668383,0.2124313174772653,0.6037337849406628,-0.029987558249272794,-0.25054080883309515,-0.07139062967281573,-0.01602283966859841,-0.18502827922685028,-0.041314001132487954,-0.6892761872505342,-0.08616021606050017,-0.346390251441006,-0.3972854935283048,-0.5127590062200293,-0.09725021807036938,0.43084194897137074,0.28115170552096547,0.47962824526406134,0.8627608619672624,0.7331442829941857,-0.45204180207229716,-0.1201104506417281,-0.2865685116816241,-0.2253720468921685,0.037454037371542404,-0.3853051129770133,-0.7581285481406579,-0.5953719319892934,0.7943352652864706,0.04330845474971179,-0.21940796289427245,-0.3975013556811189,-0.4560302572714521,0.5597499083802536,-0.39136704049138493
2021-06-01,-0.5596575487570787,-0.8346535376902442,-0.0963300675032066,-0.13359906309437197,-0.25785928692340754,0.1189186182051778,0.247245991748956,0.2139121130283318,0.1781738514782113,0.036085544914421286,0.5409447905121472,-0.2613452588012888,-0.2199670898537902,-0.7878362342205107,0.06113082702524619,-0.39490263385825886,-0.09057767083843049,-0.3528559574620038,-0.9922278020541151,-0.30559855924320223,-0.17077235359490595,-0.3176087106956289,-0.2488440276851851,0.24184222332355554,-0.01210962782689018,-0.1631957429179165,0.2447618864942971,0.6176406882330572,0.0188351818789807,-0.23378992560744627,-0.05791341659990201,-0.10807882473186159,-0.059633948878803134,-0.07110029222339143,-0.6385375454740783,-0.11010780826896482,-0.3480846846832262,-0.5319605708283808,-0.5348923209270333,-0.16773059998897621,0.4666430855580018,0.2788153762891312,0.4930612321923381,0.8501583890119864,0.7116104412219286,-0.5797941954361889,-0.17779628594561525,-0.3299101184290887,-0.2946353263706436,0.046282461521650164,-0.43251909250526754,-0.8712679248799364,-0.7500166479691939,0.8285643474268973,0.00637292490939434,-0.30375037759738777,-0.5018361283972612,-0.444389666642808,0.5920600988432282,-0.48686367629382965
2021-07-01,-0.7883466532760139,-1.0280982734749315,-0.2478949136833577,-0.27311961914267324,-0.2770421424143825,0.12557903810397142,0.23938885999661108,0.18805715348027474,0.051997163479836295,-0.06419637004019485,0.5619475536187634,-0.17382202365303834,-0.16141744376937672,-0.9033469164074366,-0.06291339567886278,-0.3095668259294482,0.08561044273719443,-0.4562779545277198,-1.1115982084218166,-0.2530715842852733,-0.19185898809521595,-0.189881342666405,-0.28616878892234254,0.10102980766165182,-0.032846700494879366,-0.16721523897010648,0.27810841116534857,0.5888419303573467,-0.08600897832530263,-0.18925589908695928,-0.053319708244786046,0.00029045253685822114,-0.03423780518671693,-0.05589069657184953,-0.5866891279132926,-0.040884706368392365,-0.24156161972560808,-0.42331811910400763,-0.4289416465616511,-0.15167194053315858,0.47996729379165715,0.30581821477054216,0.5079875269381726,0.8471132034742712,0.7282276559705297,-0.4708899565916007,-0.07081757130378485,-0.16578465589114866,-0.18463377604028253,0.12049251045697673,-0.43138620663447136,-0.8000357128604825,-0.6288879032365848,0.8131045579641512,0.1212224137170812,-0.3490111285047641,-0.5564118288597439,-0.5730773341786595,0.5032210955772098,-0.3495480511575635
2021-08-01,-1.0062947527105632,-0.9039626812075958,-0.34283836017680214,-0.39785886376258595,-0.3200658502255538,0.18221192856425206,0.2656756840799188,0.24245992580183706,0.09884101388098743,-0.11577796077926239,0.5986722356284608,-0.11739497189354164,-0.1562042692261385,-0.5131579027784936,-0.03159579876592056,-0.25597831467595,0.029787287460925405,-0.5853433910896757,-2.1464107204111498,-0.3170713103924572,-0.23906440813616414,-0.22443851029983963,-0.35859411805401065,0.10867057227976928,0.032991165484266505,-0.13259578805060923,0.38867654267942553,0.6404339001611485,-0.16967153019050363,-0.1506834577903129,-0.32750410773581073,0.030494518640405754,-0.3015637376360052,-0.037472804854668196,-0.6736051455581653,-0.03568154375493959,-0.23328840432560005,-0.47295672985284853,-0.4638220201033585,-0.1728496393753789,0.5042450058288264,0.34741674171997716,0.5805162878665815,0.8503426824015177,0.7580892627899247,-0.6916285127913175,-0.09917864004238175,-0.16978433553669436,-0.253946564537876,0.06378980990461591,-0.6044713987196875,-0.7682064157976753,-0.7729090417481024,0.8360569439588819,0.046469379298492375,-0.45905317622023745,-0.7286197536593708,-0.802619435130961,0.42238555818899026,-0.39489877983978516
2021-09-01,-1.0319210046492144,-0.9726603770353806,-0.45458363788995815,-0.545173844723343,-0.5927055587442984,0.14665288041686664,0.2419481452518195,0.21771926897184724,0.0035099700525342836,-0.21085738003067767,0.6085438326795078,-0.15577969571506567,-0.1270541267764651,-0.4001883209712187,-0.0032387094279824336,-0.28052785548203296,0.07406135582492379,-0.5321737273865661,-3.8350348522321207,-0.38800044788111454,-0.3174219262381972,-0.3048230311694906,-0.37011416512535433,0.01234972732997075,-0.07042484718037456,-0.2448720967129685,0.32332785019468935,0.6042251016485316,-0.38403506911559404,-0.2506132657525453,-0.4927539692997238,-0.09216525694225841,-0.29453170463183054,-0.048749513587053483,-0.7148891751513022,-0.13603748330674303,-0.2885501222040472,-0.4713268728919484,-0.4694217487368775,-0.2137617897770916,0.5222003863640238,0.3029930360686094,0.5796832785861642,0.832125900493325,0.7421118380880422,-0.6572528106962696,-0.04544885704345236,-0.24675749394314273,-0.12274668550690415,0.13035965873930455,-0.5137872988447132,-0.6735011592111841,-0.795510101721618,0.8255465792479147,-0.03675484693833431,-0.5765123646532406,-0.739919591672985,-1.1038191680458764,0.18438357265785954,-0.3975145827904665
2021-10-01,-0.8246102859759326,-0.8004598589618479,-0.46887064301596526,-0.44740321377018244,-0.40568142256592,0.16797938070193952,0.2559377721977958,0.18271501663479017,0.03528602109266843,-0.16571340498516607,0.5752099698701816,-0.09364292210307212,-0.13451105451845868,-0.37449731755493976,0.0727078668783836,-0.2046239786677242,0.1584561583276235,-0.3985080693083505,-3.72759135325426,-0.30436585099099767,-0.3129399165250437,-0.4118011037154943,-0.3087306706612394,0.05457532638145546,-0.01940675432531891,-0.1810864844024116,0.39706517566121535,0.5497329340533267,-0.3962350403721666,-0.14114822066198518,-0.418235754131983,0.01660673788082212,-0.19939571720914362,0.04579192720282643,-0.7172641008902199,-0.09332756382372454,-0.27744521467958183,-0.5108542499202586,-0.485331670050857,-0.17152450626726523,0.6119596258116718,0.4236699906065081,0.6578224935346625,0.8607150733380703,0.8160179269466584,-0.6698246382780308,-0.16366251963080636,-0.29800891687355047,-0.17624738384587113,0.15502965646565314,-0.4818515868626374,-0.6661423347515278,-0.7368945019361093,0.8298860013120734,-0.14657775225702707,-0.4706185652133261,-0.7648938797277058,-1.0357046920785637,0.17514979212437842,-0.45116697496836045
2021-11-01,-0.7663600302934035,-0.8590212482503825,-0.9041373166173126,-0.5419790325869636,-0.5186698181621734,0.12260402675309567,0.2124974893615753,0.23656812287302553,0.019944452680099034,-0.42911314796207467,0.6189898107657545,0.009389559369740619,-0.1310981674144831,-0.18847566440382746,-0.1182255281048401,-0.049446683900223,0.1676079915785842,-0.7408180727043807,-2.423905477595217,-0.5047489263908649,-0.20616143573329682,-0.5353024585342443,-0.5329530271511957,-0.28896352737253306,-0.1305695383477461,-0.1840954816883391,0.3555406316667732,0.4101812996715736,-0.5859522225754352,-0.3942084096043321,-0.5489514478163751,0.021478348027043626,-0.45163322129395445,0.007356195878730598,-0.5927310181831982,-0.02712997241029247,-0.22032756400172593,-0.4060004355623801,-0.5377253667767614,-0.35654482293288314,0.6062441052763942,0.3884169909791301,0.6713942700475561,0.8391189663184349,0.7834744332677588,-0.7100313111256402,-0.17178890081806553,-0.33019096954090554,-0.2458633771839096,0.06588135482054791,-0.5353334215572205,-0.47747673500991894,-0.9271229082565511,0.8408584274810769,-0.15645926223137563,-0.3234886513780473,-0.7682028511362593,-0.9680994640704657,-0.10703701637149243,-0.6772754779638077
2021-12-01,-1.4157732819154427,-0.8916761748941657,-1.7257162081657889,-0.6555589925132157,-0.5437767409867742,-0.019976068469898633,0.1055155858344301,-0.09865903087589811,-0.25927027020396665,-0.5852540209087054,0.535481133768485,0.00413530157737918,-0.15593468122041831,-0.210549507828645,-0.13462799673800885,-0.04128914032939979,0.12229801122828288,-0.7184869497279815,-3.5518398005132896,-0.525895407373826,-0.157469505102795,-0.7098741957968739,-0.522150964121538,-0.2752162223323773,-0.3524423246778223,-0.2865399811135947,0.16028304979774155,-0.10532794244917332,-0.6036204184577649,-0.4829725159200573,-0.7633830900117831,-0.16697543218706223,-0.5807562431257141,-0.039104909409653166,-0.5123802230838042,-0.04645405549365744,-0.21721273070555824,-0.5836131462295227,-0.6617736572194346,-0.3773521129811328,0.543756469817271,0.29443004810866713,0.5376615844092933,0.7542575225517025,0.7081183733413297,-0.6338971035354339,-0.10224691667635111,-0.3189276750985346,-0.10965754839691755,0.09068271205343903,-0.4838067072022163,-0.41092527368968135,-0.8059687228754937,0.7967773832162182,-0.09230198191212446,-0.5869880639641296,-0.7217565664483214,-0.7590070634435568,-0.3986782524691399,-0.6901565068242397
2022-01-01,-2.049804600918357,-1.1483493789699737,-2.3232252322915903,-0.6831692677554264,-0.4502847475538925,-0.26062759110421485,-0.1192499714839872,-0.4295948462221024,-0.5656225751582094,-0.790670621394137,0.3931111661521475,-0.23923030323293104,-0.3660911446070625,-0.42394028261839645,-0.18869513644197333,-0.10081678923981086,0.10379862032566423,-1.0024307737999605,-4.845489241116373,-0.5241294923896569,-0.2141266328082716,-0.8121481766369885,-0.6017746754073696,-0.4292876711061766,-0.5721218437715263,-0.4670665070901725,0.031726925966409913,-0.15989989426294193,-0.7128705753780131,-0.576157598741901,-0.8700600749864131,-0.479735092943973,-0.8582243680860211,-0.14276338851738335,-0.558627445628193,-0.182877450878576,-0.38808072198245847,-0.565278481777648,-0.824153660669894,-0.4709322555102984,0.41319647630338496,0.24670434641020034,0.5030370426590394,0.6682296658607652,0.6268555179192945,-0.7868797234414491,-0.11701013326063081,-0.4569472623145112,-0.13174653584814644,0.03749390402210484,-0.71259229239568,-0.42482572431111865,-1.0218362356152877,0.7696072715015306,-0.18523087724960696,-0.6620278726815434,-0.6873137872692878,-0.6751449774377332,-0.8139711459612191,-0.7950263144235825
2022-02-01,-1.8784444994589098,-1.1780920314917305,-2.0797340458401257,-0.6404566406017733,-0.33152512518354715,-0.20587133974858807,0.042162888531327214,-0.2625766788496027,-0.43838205772762695,-0.6453527703656905,0.4329707796370197,-0.24540212080186086,-0.20483818877909066,-0.6623176318490938,-0.3178613249365898,-0.0644181668607029,0.10117682202104727,-0.7368536124300578,-6.104225698544067,-0.465354775305896,-0.16745091615398855,-0.557293927204956,-0.5993409320693692,-0.3715073637843944,-0.32761548484939484,-0.2182288661297993,0.18311553660393687,0.11394615208212877,-0.671967189990998,-0.5279806596006809,-0.42364108318658444,-0.33654286773269715,-0.47794864400801806,-0.08147071638702563,-0.36515959134274345,-0.012444325688434565,-0.2491581699393981,-0.480676765684279,-0.6626304527077216,-0.2331907331167311,0.40652508953051614,0.27792720638676116,0.5403145377580627,0.7203648787858873,0.6622907620112533,-0.8178480193518247,-0.12722064064976846,-0.26779712816596213,-0.039980797564461934,0.10400505075880595,-0.521973027325332,-0.32632251361859965,-0.8841469093130232,0.7651742449343706,-0.11417085353827172,-0.4775271371063048,-0.6014542902973699,-0.6978411627868952,-0.6720983808514942,-0.5778222556864048
2022-03-01,-1.5348521809748026,-1.0388068708165208,-2.03292793209166,-0.665935256302516,-0.18890357260933222,-0.35435675556538127,-0.08574212408419446,-0.47939398489466933,-0.6431887842425532,-0.5291127139252776,0.3435911935772984,-0.1781273826846761,-0.3471854088552664,-0.5561940205407141,-0.40051223932952884,0.07999761507907854,0.1782956172734662,-0.7569475745685732,-4.725249886762862,-0.38413368040920326,-0.12642395863330713,-0.5020860696629261,-0.4036441198737706,-0.5488052411827171,-0.2841173895013174,-0.20580593437417383,0.17274226389089142,0.03136334034907895,-0.9886232619386268,-0.6815812640930106,-0.4665654429243058,-0.47553344906871287,-0.4200319310889995,-0.020687969186529598,-0.28506780031449686,-0.09536548452630322,-0.14984605402953188,-0.32197304748509636,-0.5293189560290303,-0.1658718276699218,0.3418704617294477,0.1961182615594217,0.4213322435786101,0.6553129655157381,0.5574647071954754,-0.5688452660830221,-0.000371364233625604,-0.19309008790274174,0.06467861136277953,0.1842613976029861,-0.4411792057760857,-0.23569821607108565,-0.5249910576016685,0.7179316527914886,-0.15027321789326797,-0.3863270894117379,-0.39725780348704376,-0.5417664997475946,-0.8595506816146135,-0.5101888616537231
2022-04-01,-1.3313111957457742,-0.9637034108971012,-1.5594860674411364,-0.5107260902916746,-0.2026441922546982,-0.4441146867633752,-0.2636316221127619,-0.5450327304261928,-0.6513583816926887,-0.7172616162839243,0.2674689938777589,-0.19336117029653144,-0.4695370049750205,-0.37431910518119627,-0.38336832977377355,0.046836165147933984,0.09511832239514983,-0.623736540682662,-5.534044161681718,-0.5592457734118386,-0.1818043944051475,-0.5109545558384809,-0.5837160180369401,-0.6822884156719424,-0.33160741885655076,-0.2902824950726477,0.1360908725502633,-0.05457269047562341,-1.1828818284041294,-0.6431881182601498,-0.6114611351482091,-0.4634897779803244,-0.3799401560943938,-0.09585145486346058,-0.3309746634908035,-0.1380083355947479,-0.17632258472836804,-0.40160749994635614,-0.47464340348745737,-0.1741785619707461,0.33540604080700065,0.17975594058535094,0.3982583148857233,0.6628184771301402,0.5120384607448111,-0.5654385801402924,-0.11522422713346181,-0.2504385201618795,-0.01875852801663047,0.11652173933306142,-0.4987254665677068,-0.22310057515044557,-0.4936527677549132,0.720551935196787,-0.17714247415145068,-0.5523562291350472,-0.45473571108129107,-0.623640774563613,-0.8064188031832875,-0.6420110711235261
2022-05-01,-1.3723106348549843,-0.9019090723180865,-1.8379238478952362,-0.4051662883834848,-0.2491829937022676,-0.2836464360090909,-0.20465187371503557,-0.54129396285138,-0.5451798299407107,-0.6483146443073398,0.16469766282069342,-0.16979968541503232,-0.668983315239533,-0.4988335039222447,-0.4463716170619354,0.023872676643697188,-0.00855710349188521,-0.6767826910484582,-7.239023137642155,-0.5558786619810807,-0.1957922283214495,-0.443419431096308,-0.5813287103248228,-0.6087844422053479,-0.2565024959926394,-0.22975624355626056,0.15706362049261702,-0.034968408816770546,-1.0847313492872193,-0.8261200514934435,-0.5414059622787422,-0.21932681190723402,-0.30780652439990175,-0.15114141421650928,-0.28148911027931045,-0.11375651732779857,-0.1571985280306305,-0.369004773631433,-0.5331677572837406,-0.13351348760442483,0.3144036341954811,0.17209113600258663,0.38512522713847586,0.6574901460537952,0.5090942804554954,-0.5950760899942362,-0.1480797430054266,-0.29071014456600364,-0.04368949165051461,0.09868456067176612,-0.5407254969099378,-0.31272370682229544,-0.5761578851613172,0.6866430008074955,-0.30821830809805273,-0.5447154764084059,-0.38673423931309414,-0.9656211813497171,-1.1502609879587262,-0.7242606284038438
2022-06-01,-1.6002277928979365,-0.9913738286116967,-3.312040012320363,-0.901409420349853,-0.41533533876754647,-0.5004483772873802,-0.46264930118609593,-0.8677897998278394,-1.0355634259801891,-1.08355350832002,0.05165124409663746,-0.3126767325494182,-0.6618955978513403,-0.647469098613433,-0.517868186899411,0.012083959754329632,0.011268134634818905,-0.6928521926691833,-8.647870557711231,-0.648935112528523,-0.18047234746591778,-0.706031447663519,-0.9409062767873864,-0.9954230300683349,-0.37598978398820004,-0.32328833496193177,-0.020532172961212902,-0.19564329987224416,-1.4357097256109657,-0.9882827464385218,-0.7051933683806022,-0.21455669319816462,-0.38630413146680254,-0.09257727911992841,-0.3395833723426005,-0.13883866917160437,-0.1876146246042445,-0.4089052387542189,-0.6009780588404283,-0.22939458863904494,0.2001515882086895,0.11956800760896669,0.28330206082119136,0.5044653559140366,0.3633103940479936,-0.4759126762199779,-0.21872682020150136,-0.2395542159582471,-0.004637349149150483,0.03938708888556486,-0.6227199379113038,-0.23502830411240816,-0.5107584331024722,0.6414268510655936,-0.22516634268339897,-0.6198843901562883,-0.4551014979445456,-1.1017523500770672,-2.1615643242329696,-0.941230772749416
2022-07-01,-1.5302360935353843,-0.9919945204827807,-3.363948709133929,-0.6919542091573008,-0.44848677399064485,-0.3465431775737815,-0.30898990093167455,-0.7083636540652802,-0.9108821592363145,-0.8532475136880877,0.14251089172433418,-0.20471543487051003,-0.6003614016274494,-0.9618522740640445,-0.595568939759253,-0.0014012402576806249,0.03988124396504711,-0.6936914780876673,-7.799515026073438,-0.5110824783966275,-0.11418405935925935,-0.7668033337086715,-0.7914691553600823,-0.5867318771599785,-0.23050009274520167,-0.27668112421969404,0.04743380823896959,-0.03351350421058097,-1.0374185691332656,-1.1042387583830378,-0.6615260088681794,-0.13149596928585505,-0.3624062780034627,0.021366827446943515,-0.2604183082088112,-0.07577304728887269,-0.1614011083489717,-0.28752229273836183,-0.519862161273464,-0.15955855487602788,0.19933512583989266,0.1816338593491722,0.24377409114594562,0.5543870190538619,0.41474085207365097,-0.4212615249099838,-0.1642772295144186,-0.13391439845285258,0.03228098803166746,0.05238289829576803,-0.5187386754922241,-0.33188476897658936,-0.5790980386952134,0.6348830102491885,-0.3001213492105308,-0.4010616438084984,-0.261893452132157,-0.5564954358224443,-1.3046171723437059,-0.7115787440270194
2022-08-01,-1.5051154019935509,-1.0572640100324828,-3.1419753285886847,-0.7063884069098958,-0.4090520377238902,-0.26687149729781323,-0.14913721970277827,-0.5722738257180087,-0.9649081528233496,-0.8376425279639985,0.14965710467865445,-0.34879083285842505,-0.6127725129859749,-1.1132410235531478,-0.8047021887781294,-0.0019756588136312647,-0.1738193236657688,-0.6610640950014652,-7.251685825350682,-0.5108692143753322,-0.1524702033820302,-0.8641379773259692,-0.7710289888904303,-0.5591229065861398,-0.32521724014754994,-0.19558960194011643,0.053690235547823595,0.0018167198492644587,-1.0845230900873855,-1.0678480099647403,-0.691329758498501,-0.10671264167083061,-0.5316741742572251,0.061512885983567966,-0.2357195632956568,-0.09567865225894856,-0.259830816126728,-0.30271389655388337,-0.5788225624351984,-0.13177944392076535,0.24996348962751946,0.19621610749604257,0.2834820133794257,0.6070734171850715,0.4490749654746805,-0.4988419560280142,-0.2591800074621824,-0.17578571411734334,-0.009579783956505716,-0.06543518782454272,-0.6097177534325655,-0.34701467679956655,-0.6208100744117919,0.6514192379249258,-0.3227946519055942,-0.568095674028056,-0.2659180103818184,-0.6325592182532807,-1.4859397432958361,-0.6394767058473672
2022-09-01,-1.6598416292273912,-1.1513340490116226,-3.7478559777568847,-0.793450560191193,-0.5234224391629478,-0.4071714307609555,-0.39903098564670314,-0.8695721070633256,-1.2908017383536667,-1.2172004912740833,0.12001155920770823,-0.37585004834429014,-0.7365014152663418,-1.159601493432243,-0.8894548682814472,0.04484808836555376,-0.39392690431497246,-0.8215611412661425,-8.46302891075666,-0.41070383448497183,-0.09038295846375943,-0.8665480530615113,-0.697514576170279,-0.7630989627045539,-0.3786608237406355,-0.3245659657206892,0.053727112974495506,-0.3298290987627466,-1.3336366023379527,-1.2675886832695284,-0.8823268579061716,-0.18058159011615738,-0.853138191211505,0.10907767614030628,-0.2146857941565552,-0.03539872364601937,-0.17599138378053802,-0.3073062925424741,-0.5684814595358518,-0.07387775585759115,0.22712417513800898,0.2012662840709416,0.18811600012462115,0.5170274222010875,0.39476979958526737,-0.5263434150064641,-0.17492273747731657,-0.1675083130012971,0.010868504753198449,-0.06408908359781318,-0.6310692532283173,-0.28300483344104066,-0.5108772341528409,0.5916404118591304,-0.2598896182104491,-0.6246566594251852,-0.18088900952912712,-0.3801321071210062,-1.9012825560137023,-0.6652625965677119
2022-10-01,-1.3053177440444048,-0.9849104099688444,-3.2147285060109825,-0.7907167040668812,-0.6393874889083027,-0.3469614263772325,-0.34357194392830825,-0.6734220730132474,-1.070958817673155,-0.857733682941872,0.1774907192994174,-0.2688133015729772,-0.7564878341179495,-0.9346847541699494,-0.4683362197010943,0.03380454117915921,-0.27273864980606644,-0.7618837313522706,-8.34919227366251,-0.39474302294184516,-0.12398738066027004,-0.47468142040102324,-0.7236774819743246,-0.5076590493934849,-0.2225387271406798,-0.18975379712294238,0.08336434721364816,-0.2028434673887194,-0.8910771271179925,-1.0362435522557365,-0.7455115607834539,-0.15895896175698288,-1.1861552620983944,0.18037933495106806,-0.15325247661382058,0.027067625546719265,-0.12709585439949955,-0.1821055241769638,-0.5797526923888259,-0.04982147508633128,0.19159281856809196,0.16755966894204066,0.10514042442462146,0.5135124267449412,0.2903687143059076,-0.3405000912203118,-0.05730201699116022,-0.038530748820402305,0.13034360441896686,-0.02692567836962967,-0.48706982931889975,-0.2082767575814919,-0.36210671274014206,0.6270954894065359,-0.24750138183297987,-0.4674975587369503,-0.14136330883270176,-0.3581807985763825,-1.4756514058591774,-0.4653966647334393
2022-11-01,-1.2052277734303911,-1.2383880300101624,-3.459553298097581,-0.8429460117408263,-0.7125848995479447,-0.3184328203428266,-0.40263398155371743,-0.7710981685765954,-1.0295048311348127,-0.997914783943527,0.11791177179887291,-0.25408710573530224,-0.7749910028008109,-1.0845330330324106,-0.48483135560320134,-0.08954196563494277,-0.21437141429136197,-0.7671379519731858,-9.043483350110597,-0.5488812370684009,-0.254392497936504,-0.7674271389816671,-0.9396124607283329,-0.47127466857468514,-0.23305571994347307,-0.4076452179186201,0.09840940982149471,-0.10254639669569032,-0.8690270118661412,-1.177998110699594,-0.5484737181106776,-0.16184551659333724,-1.2918221587646386,0.24808808394181614,-0.17804120623049902,-0.04259911229990454,-0.20674820117721504,-0.27973375417053625,-0.6701474778724514,-0.1368500633139269,0.0768201747345244,0.046923393432025895,-0.011568782546383938,0.4566901308762187,0.13053065980174294,-0.4197611210903589,-0.12303884352629368,-0.029649867727581825,0.10002621177688353,-0.19711295067029022,-0.6505782218423135,-0.29950655705812523,-0.46641251659548266,0.56391589573008,-0.5287216868369078,-0.5594113527540812,-0.3748966492767165,-0.2982293199413548,-1.770666920897773,-0.5835130073940056
2022-12-01,-1.2603008376490448,-1.1163689970680801,-4.164775008834521,-0.781017032551452,-0.5635973618822285,-0.16613183132982834,-0.2242009205711677,-0.5691730571374871,-0.7417080364610589,-0.7895959812833322,0.21983566745932526,-0.15277502142221633,-0.5526591578016213,-0.9708637695608859,-0.35802221409447954,0.09197913542183578,-0.4584875794908434,-0.8118641185636835,-8.857752097130772,-0.7744860033334215,-0.2638753297475853,-0.7141051804459089,-0.9284170189310912,-0.3250282510129392,-0.10055481156537538,-0.2938244085895392,0.20861001157411063,0.1142262568127127,-0.9562171145875302,-1.0144088512840854,-0.4776434979039521,0.14866302551711763,-0.9486715475100675,0.29715338350374465,-0.21475502698943516,0.013705056583845132,-0.2049079950232402,-0.18381280038405468,-0.8076894817985854,-0.1319129434338011,0.15261469828945506,0.06841236060402,0.12230349828203413,0.5649674554988346,0.20092667404071596,-0.47186491974985345,-0.14293549671280315,-0.020261347378432548,0.11066165351379675,-0.2162114415886498,-0.6456456937973005,-0.22947600871641471,-0.4220084338654475,0.5472682280008461,-0.596181178156026,-0.49608382440407617,-0.19429110272549255,-0.3666958024411986,-1.3668552390881072,-0.6246441390917519
2023-01-01,-1.2105706204732827,-1.0651247190054618,-3.2673081803093655,-1.1096662255824103,-0.3866907273765763,-0.10056813875282167,-0.16039934268072908,-0.5096837739590241,-0.7451004863677226,-0.7832775063386064,0.21146677295801952,-0.18859456227906102,-0.6612403330867063,-0.956423704216482,-0.5621298608201315,0.10896923500946809,-0.5672346241617818,-0.6771072665287241,-6.32967359717341,-0.8551576914227643,-0.356344048244823,-0.5586099589300497,-0.9937229011149264,-0.3857893740346474,-0.1432010324441293,-0.3370313534532179,0.16731462345187498,0.11036248322168041,-0.8836458523193536,-1.0024384971464095,-0.504133589066974,0.04718311288753885,-0.7754632443240232,0.2768341358667775,-0.3340556581759029,-0.06726194767809268,-0.29762630291488645,-0.2200696584014954,-0.9386601495974369,-0.25900942262382753,0.15282586645441876,0.05749998961993397,0.16506604644769463,0.5875118219472266,0.3008334297912323,-0.5243858295228205,-0.19027943697298788,-0.1076245343395037,0.05864340137977975,-0.29085412921595544,-0.8775476551369046,-0.27206915989879144,-0.43642233134716735,0.5265807608758037,-0.7917893718295568,-0.573302265010158,-0.2694268767107768,-0.3642946059766301,-1.3168411831556894,-0.7223120527578728
2023-02-01,-1.0668426981802748,-0.7681665228578345,-2.4691517129596257,-0.9019225348846072,-0.13457789105167506,-0.08695558060938513,-0.2919831665926764,-0.3580140414604913,-0.7819790070867954,-0.518281975082266,-0.017618996220940764,-0.1731582899213937,-0.6877092812337189,-0.6263377229075171,-0.7330489472855521,-0.010241403919150516,-0.462926258136682,-0.3799278722824402,-3.4713029292995063,-0.5569130801117987,-0.2153442641256762,-0.45054397000150304,-0.8797721748470544,-0.5299029553397916,-0.1456200578969944,-0.3136397544086156,0.13083331782955165,0.19794871912475387,-1.25487666617699,-0.7480637255017479,-0.4204664458085161,0.08819080870053309,-0.09445210587840203,0.22119611960148622,-0.3112247752933428,-0.04326373042948628,-0.2482986694607563,-0.22325365965178134,-0.648460276633096,-0.13684839104077828,-0.16592573674722444,-0.1883231755070116,-0.10838068074167206,0.3722971789277747,-0.014814718737565125,-0.13662646080645313,-0.11617090976180044,-0.020196308028087584,0.1288326864481849,-0.24177798460764266,-0.6727457559010255,-0.07255757374910532,-0.2024295005296879,0.5048279210678556,-0.6274448636837291,-0.5117798165650029,-0.1559353057792645,-0.30664468175225545,-1.4637800766032996,-0.4337413548827005
2023-03-01,-1.2257736185948853,-0.7858486367518316,-2.049183207209346,-1.1493332031879535,-0.0953228333266718,-0.19091169035166033,-0.44018338136115176,-0.5714156121824205,-0.8381837252383044,-0.5691169042900097,-0.17236880040652114,-0.24604796145714314,-0.8202232768612492,-0.8439081298073643,-0.7607676976804749,-0.06439056037431534,-0.44684338703134374,-0.5134665265499443,-3.036462161559765,-0.38705198234495763,-0.2676470979864827,-0.4404768880804131,-0.9095572368941818,-0.500343692405786,-0.1347715665192355,-0.494067552265252,-0.14181117015065992,0.06294204524641156,-1.1836610847541138,-0.8711952344048302,0.09744950213552128,-0.1287856683790456,0.055821964614023445,0.22006992787664825,-0.4070045432403595,-0.1665337527166606,-0.2683970875378774,-0.2590890044684413,-0.8475548297315285,-0.15945166304463232,-0.48282383386653116,-0.5053345815960171,-0.48884303477219726,0.1992742734932349,-0.22259856608388895,-0.21058481639888438,-0.13688232453172766,-0.12090525458938117,-0.03375406264335323,-0.41830528162148073,-0.7184038470568721,0.016801119717386737,-0.2123113345599017,0.4989645316534057,-0.7283863460415076,-0.4768625817027541,-0.03760042906071703,-0.4235503651059034,-2.4000263673562254,-0.41802896578581517
2023-04-01,-1.5299431060814768,-0.8912661379798683,-2.4740919689414493,-1.671513038594592,-0.32839687967129283,-0.5342914204186429,-0.8988456159435101,-1.0397544394989535,-1.4605963268391897,-0.6979902940479019,-0.6187199884430552,-0.37226252301377993,-0.9902372066517018,-0.9107316337028335,-1.1805875637245173,-0.132220261679997,-0.6269710951982919,-0.5503405901216185,-5.468758857531457,-0.5519427025581274,-0.5227771053152883,-0.5334545944036206,-1.2123342597546523,-0.8875220911857893,-0.43848909217112086,-0.8825763997252534,-0.629254978345068,-0.30931806508906856,-1.8514730858280162,-1.244724910303494,-0.10841583089520523,-0.2946424219238786,0.1200598339909219,0.04056114011698819,-0.41992966932494635,-0.4339623520817337,-0.4318914963866345,-0.3107747683700095,-1.008961342587165,-0.1634758478504994,-1.2177303357649256,-1.2495240649837487,-1.839383421588185,-1.6599038809754445,-1.9204888866122563,-0.37344004330887826,-0.4352049982589612,-0.39847750947732363,-0.2728113041214564,-0.8709937179799183,-0.9877686707085724,-0.12942947201985833,-0.16039399115668052,-1.3107898442173624,-0.9949162250175787,-0.7794276701548775,-0.21137624802252208,-0.6592819687127678,-4.8862500712953345,-0.5212505123482045
2023-05-01,-0.9847889756320616,-0.5005148445565311,-0.9337398250725049,-1.0379637709609626,0.03479771582574398,-0.253123122816193,-0.44467266900363844,-0.6171667135221484,-0.9692185276763863,-0.19964087772762973,-0.43141410966105087,-0.23118978665789136,-0.7105416929147819,-0.7578099912581953,-0.8267565593092514,-0.18423593916835435,-0.3257477940266702,0.08742075813232464,-2.6352436030595103,-0.33919940962839856,-0.3625788757188697,-0.34970363669904914,-0.8075390824275686,-0.7753271728419615,-0.3510462509685428,-0.4164611700604053,-0.4335480325390726,-0.231976442084034,-1.4525356290070297,-0.5691725223468485,0.17534205983489604,0.07632068823919147,0.7442556815961248,0.030550167138084006,-0.3938619699891426,-0.4390893899573105,-0.33935829682895924,-0.2605662907373847,-0.7428439580056092,-0.11803758379505491,-0.9035037626706508,-0.745924365712392,-1.0705866826287798,-1.054306206872317,-1.254131813001989,-0.17882635299382277,-0.35395039569271125,-0.35216117217159226,-0.21762063328263892,-0.8239727696089709,-0.7820973688795481,0.005792402820643305,-0.04790145607653895,-0.7456598118343238,-1.0263580145778923,-0.6360022367919758,-0.009755896062928038,-0.19723087053345134,-2.6921011315237218,-0.4448933398742654
2023-06-01,-0.7337498935525497,-0.43760199508461795,-0.6297960607976592,-0.9913641502083086,0.18704226271646462,-0.35493360485073144,-0.5005803157450288,-0.6152774588548411,-0.8853843345268568,-0.21907487543898863,-0.6537668594254611,-0.23549692520329524,-0.6039894935552486,-0.9024814539183816,-0.6288985875915163,-0.20719727484744066,-0.43526402755031124,0.1063223073631222,-1.9391518567510122,-0.20233892969517875,-0.38836631735450244,-0.14423316417525034,-0.46391718299074447,-0.7562907572803932,-0.3156900020016904,-0.24953907056143554,-0.44318839142605815,-0.33833224696283914,-1.2153490292466285,-0.47239750398627556,0.2729309673503876,0.1548587824263945,0.7348406740729019,-0.06269711953062185,-0.3001258488687497,-0.3877422769561891,-0.3154865913151432,-0.02107291703005587,-0.4865736941606249,-0.11099350684436904,-1.176921468859467,-0.9420497547217115,-1.402233175807463,-1.1865054348612603,-1.4345730418678184,-0.1393700266533595,-0.3670761184185849,-0.3850739845461013,-0.22191187657755895,-0.8536259509452158,-0.3402818309320561,0.023542489994526017,0.03143840090546013,-0.985219737439526,-0.6437286005148819,-0.5536798802389096,0.007678586558980238,-0.13148238412608948,-2.4741578525175036,-0.27796402922442764
2023-07-01,-0.3936589908056143,-0.22704717635158422,-0.20822681510020447,-0.5163319087998262,0.2172796394402553,-0.17730593027518693,-0.2526362004166385,-0.45316586750135324,-0.5162439891844974,-0.07353205406276975,-0.42421087294588955,-0.2930846093296602,-0.7140806021530217,-0.8346643447251709,-0.5992990345168034,-0.24947074304893224,-0.6734401552421225,0.3020140469056767,-1.0606019446217787,-0.07480966413078338,-0.3632558666687118,0.0256416299631389,-0.2553697884219981,-0.35514328230557335,-0.18198631808346755,-0.21825122978161593,-0.5233502813730457,-0.022024808743577706,-0.7638490423735831,-0.4243919861853136,0.41117404422421544,0.2494969843376904,0.7844404192827682,-0.06812731921536797,-0.22566341022331393,-0.44049128563682505,-0.2999138180042573,0.0021237503628708243,-0.5543773226247748,-0.11533738161817841,-0.9455083080018805,-0.6141301895430153,-0.8634067407021393,-0.6529472294457308,-0.9223402888275845,-0.24980367215896693,-0.39382873736697266,-0.43675703604070404,-0.2290101328725127,-0.7942766224672688,-0.2087933042405059,0.026996955060524352,0.07996628760158653,-0.37654294197790295,-0.6421984662337332,-0.30342347311778006,0.030081160636911797,0.06477281795691248,-0.9854336108025727,-0.07790356385759956
2023-08-01,-0.4178015185170829,-0.32653106845410695,-0.2836103337804874,-0.6535496525584248,0.16494205036615672,-0.1739441482535078,-0.29413186819137827,-0.6182441406185819,-0.6524788729177371,-0.1133438706137404,-0.6756930426174022,-0.22715073236074712,-0.7597415854211123,-1.0461784144466324,-0.5476432120008119,-0.18132892174659943,-0.3854990642567755,0.23926603626052745,-1.0590895234711093,-0.11022671494698155,-0.3870661977212959,-0.09599577589385211,-0.24961125357450165,-0.4252514505365752,-0.261433492943566,-0.26420610293197755,-0.6113283556543279,-0.3306407620544587,-0.7949445028060809,-0.4477939502852746,0.47701226078966075,0.1998519646900443,0.7482605214720888,0.028051200933907228,-0.0834388220217781,-0.38944820391933765,-0.3095710003209462,-0.002838367463570135,-0.6278998487341187,-0.04114134427647498,-1.328093261250694,-0.931192038320837,-1.2978154077471409,-0.722486414235791,-1.1285384906354987,-0.16956916803652766,-0.349230383796576,-0.46882529331377976,-0.16109353127641235,-0.7326403377765554,-0.20720293697889502,-0.019699751087461914,0.115743951782458,-0.7444239514681565,-0.6401619831521892,-0.1939397471745281,0.14437972507560737,0.38771581858643933,-0.9228349023994873,-0.04210999021656803
2023-09-01,-0.14791764233601823,-0.12489373097213652,0.15033435824289165,-0.4081910953450347,0.477709782862515,-0.11647255091323805,-0.2441739171381232,-0.5611805799916569,-0.5701260236264889,-0.07346975395325717,-0.6771918239566461,-0.07576035025292427,-0.6316334445081162,-0.8854394686417055,-0.43097438412484523,-0.0628705274781367,-0.2537254035983023,0.34367296923691637,-0.22474999405395324,0.007471866469050292,-0.21286312598062596,0.10950049092771963,-0.15305841436633227,-0.24004742850584493,-0.12516407622530212,-0.1304884355095679,-0.4442900605431914,-0.2670113736891533,-0.6226169605308971,-0.23137161025354946,0.5323039347364864,0.24651467626104617,0.7682857011453954,0.10885933679955884,-0.02173739581893508,-0.2747896212754666,-0.2673743278960308,0.05965265650032914,-0.47194323624493095,-0.007963842965210466,-1.4221034342500856,-0.8627618652319915,-1.5063923397981402,-0.6944353252388253,-1.3886329339912598,-0.18390362683766237,-0.38552227222085067,-0.5424690534529935,-0.30737682126133836,-0.7107481607378807,-0.17182806288437624,-0.0025611575754616034,0.18049086045488005,-0.4794385069660241,-0.6285446895746376,-0.09527106285204434,0.14655689230389246,0.427037139151622,-0.5230387423283109,0.03500851879647404
2023-10-01,-0.12070319736784407,-0.06913512962623347,0.34307246170375916,-0.18619716770070105,0.4779723067582651,-0.06445862820210535,-0.18990031244407657,-0.39332197250638945,-0.573707619474167,0.08352234986250573,-0.5851979398637013,-0.12254907587010866,-0.590081069208459,-1.0204094378417814,-0.5683365598703081,-0.102709832180502,-0.24885287037724702,0.36053243866905393,-0.3852890085365239,0.019373180857209737,-0.0753125962054857,0.4001731013338544,-0.1069996340712207,-0.04416664467834952,0.01070251288021884,0.04989897160259449,-0.39066988059505636,-0.06933850140803233,-0.40179509131557545,-0.20734455337771873,0.569277003058402,0.3359944123721331,0.7414534036140363,0.1922745957596773,0.07315356033600007,-0.15520814109468928,-0.21199281390370017,0.0866981802771919,-0.29719274631482184,0.07527714248525363,-1.5640779073038242,-0.9765456691086225,-1.741423816258628,-0.9899415321762677,-1.8558563034083804,-0.09407975612203523,-0.08700478705352155,-0.2979020397759171,-0.0768640392765505,-0.483878399229305,0.05487837537686813,0.1401631392399355,0.2700572467258895,-0.3552891009619583,-0.3649715366004769,-0.09475770300108977,0.23057417202822128,0.38158384019185243,-0.3988304019789828,0.18591825359168124
2023-11-01,-0.3188265680294744,-0.10778557748203843,0.2132627776980477,-0.30577348796322146,0.36386366004001336,-0.24000734233343213,-0.4214067420768022,-0.7242535978272828,-0.6422287553241341,-0.002627622041377453,-0.9792050225094815,-0.3002742381194332,-0.7763635208521547,-1.5740912073926312,-0.7553052924361776,-0.41812764160437466,-0.37243961068154174,0.40147945648696426,-0.30371567846603,-0.08812753425365116,-0.29364712178713415,0.3021190918062475,-0.20609595668950642,-0.2680103596235066,-0.18511129086918077,-0.0745178449047601,-0.6925252963309263,-0.11785291014605259,-0.6086079460068847,-0.08664126690723584,0.7324536848826284,0.23758022585884664,0.6694341615025161,-0.0008669863821304524,-0.0003828964149499292,-0.2637949874622878,-0.39346034088107396,-0.006549722766354682,-0.3650559779572662,0.05036853203809388,-2.346202009787129,-1.5210852346324746,-2.887360273898235,-1.8340845262646153,-2.639556407158265,-0.02630890691672816,-0.04769538496665193,-0.18057516359682424,0.0005376917008883542,-0.37743059858497463,-0.04151593489723737,0.13040589608563935,0.24384396011342524,-0.6911343475567375,-0.39777852749912057,-0.302858137876137,0.10555904187545617,0.3654090412156846,-0.4556772439605936,0.09761572681520314
2023-12-01,-0.1678473706074466,-0.14850297380475896,0.095807758035937,-0.3290215332196287,0.406677943933781,-0.1450558336479526,-0.2717701939717745,-0.6026467091798959,-0.481278278413549,0.04092391758425307,-0.6587446945728455,-0.26221856073092487,-0.5970794580153138,-1.375575371208809,-0.5921757781416446,-0.4418824031467248,-0.3053061347960009,0.45994813176771765,0.20270681701532856,-0.1410816441877496,-0.268101820680275,0.26855879197853305,-0.33166015488818723,-0.2549541310103136,-0.04947494796259688,-0.03372613706273864,-0.3778682768393349,0.06602979746564508,-0.5543621864788133,-0.07078613473181439,0.6851516084775835,0.4183004464507494,0.6647067377125677,0.010789600436317603,-0.08967777024904389,-0.25182758309324416,-0.3192337303866566,0.019063408843241314,-0.34164830919239253,0.07910186319555235,-1.9082605476875414,-1.0824630765716545,-1.8496875983851457,-1.1104591500706267,-1.8715140398533836,-0.11172841507434961,-0.11433352942845687,-0.17096709622688167,-0.16268830773452447,-0.4315168239589511,-0.09634803021979343,0.07322725591891155,0.04941697723306859,-0.42888655203030424,-0.3714167955700207,-0.2711632078587849,-0.0708641689515137,0.24245249010978975,-0.3814957430888066,0.08195879438690501
2024-01-01,0.08351890890815172,-0.03817624079043669,0.20745486577236838,-0.24109800869442588,0.46598562901965146,-0.03317542038504695,-0.026473559699690785,-0.25632621226173913,-0.22159289994101328,0.08087266166332718,-0.28856864159199547,-0.1555049031346114,-0.48306164005255203,-1.0370106312598142,-0.558579639484043,-0.42788238654486666,-0.38621753034337125,0.5476098170664125,0.6450103248368937,-0.1697678639389053,-0.24050322486192321,0.2577072610087211,-0.20967312486493372,-0.21399676001136725,0.016842669623832074,0.040511395750080226,-0.4102185271346701,0.14081439813706487,-0.46945931545280883,0.07291949768601091,0.674730309172681,0.5737753980133631,0.7052219237189967,0.05679370226303049,-0.10492491006973581,-0.17962421465239253,-0.24951341708789565,0.033731306431132535,-0.1635359273571253,0.06223695883584224,-1.6360369240503694,-1.09063214454785,-1.7013004336710384,-1.0854436286909896,-1.4568693935251025,-0.04839289938389024,-0.16173322507347954,-0.203269610939931,-0.1640313723625897,-0.4536565972383344,-0.052320172108856644,0.08638958646163863,0.11870048676764611,-0.3612834376837075,-0.25152211552666137,-0.19894252560584236,-0.09158701252905299,0.26011216570576445,-0.19068344548170812,0.11077940568027989
2024-02-01,-0.018172021303289432,-0.028985965362259947,-0.02748979221471992,-0.2609536516588187,0.34848979775621314,-0.06405067179582713,-0.12082317214443927,-0.2927330687504608,-0.41773108994470043,-0.012548341249877248,-0.4665555479426964,-0.028641056708059276,-0.4663402548143829,-0.582625529428719,-0.4850062172532774,-0.4668418192591759,-0.21038407520263713,0.4460958224107965,0.5739795624158778,-0.1710735117968578,-0.3000785310448266,0.14543221237591342,-0.21606644125834373,-0.2711383091070614,-0.04489017349490676,-0.005229076468832972,-0.4988840272793671,-0.04891093906028021,-0.3533820948946824,0.009016998398012066,0.5819759305044514,0.437157456537683,0.6459712228567127,-0.0433562356950401,-0.12818456998580086,-0.3063248857963956,-0.28556929875153236,-0.0061819594305767556,-0.35038104196742825,0.024708938596305074,-1.5540884234629306,-1.0081724582256535,-1.8024701244557875,-1.1748920952447017,-1.483505051809523,0.11239891916804312,-0.12601136188354922,-0.18829075985089472,-0.1859273577074665,-0.4409612801922598,-0.15640514435446184,0.04876115038091766,0.04722534222867114,-0.36502565721486735,-0.37060048518151345,-0.30880111311647895,-0.1618631076794852,0.16817956284934144,-0.33693815128967053,0.056521919342458204
2024-03-01,-0.1360172015889305,-0.03377951198973217,-0.1427221499788318,-0.22905865085159105,0.3385060821215965,0.03869110606258208,0.06449165919701161,-0.0667985844756196,-0.2409978015256684,0.07612552560191954,-0.22869258750074817,0.008589099428952918,-0.4021311470124469,-0.4450093171262939,-0.46900596182250487,-0.5425150399293361,-0.1885488159449793,0.4772858428700063,0.40491274899637375,-0.11956586653953472,-0.2936234408682874,0.21175067768715516,-0.25790831193281316,-0.03406299987055639,0.07640936366718976,0.020889370884141556,-0.3684039462903108,0.04989846866363479,-0.12787372439833256,0.18378131719394064,0.5134611990243311,0.5391351067212067,0.6830535409043872,0.016430703586856943,-0.13166423571110974,-0.24564182311376648,-0.3810200502957255,-0.07827912293003991,-0.36269500735371185,0.00395448410636523,-1.0257454414096672,-0.5938492158771731,-0.8549031695869793,-0.6492527204228418,-0.6970327237839022,0.06685931740943019,-0.13894365407583464,-0.14795739648413164,-0.2013319462936234,-0.48808243472892343,-0.14952430668916938,0.11884777176498795,-0.021109700224323014,-0.08433679997025334,-0.31022550541164096,-0.3823592088259997,-0.07528953211199552,0.26160956468857655,0.0031986920824692566,0.10438122343298584
2024-04-01,-0.25407897637742227,-0.16654404634683373,-0.3851831095241549,-0.34092687811204625,0.18884991650703897,0.1588096630587189,0.3094690437041856,0.03287428974617512,-0.11237258455215637,0.1717867451289934,0.11028255069118054,0.03165240072115638,-0.2505582099164243,-0.7458592316279051,-0.5135837845786388,-0.4576234636597667,-0.10812448733841862,0.429511729806064,0.3930312432708918,0.04513232447884541,-0.2624006988694969,0.1766538898427641,-0.040621297602385864,0.07904067448154672,0.1376334127718375,0.10777187459157778,-0.275570631297438,-0.018193201683627258,-0.03873682210313456,0.08660093296876659,0.4885892723209112,0.5252460971145395,0.6495104967969372,0.07467673840519917,-0.1169818722662801,-0.2088302086404057,-0.32865073268610745,-0.07029042825381415,-0.31504218599468437,0.02508731520048324,-0.9520608960389694,-0.5378572066120031,-0.7395904781345901,-0.5578831382499925,-0.5415876759542184,0.017782369405152654,-0.040943241273550646,-0.15492330063976834,-0.10606836189945845,-0.38239061445770783,-0.08861232783698725,0.1743715877281533,-0.016379054851481722,0.01686089487524356,-0.25706631088957765,-0.24020524522633835,0.01457072928159664,0.2521663990979033,-0.025410833309880587,0.158730929669614
2024-05-01,-0.2016495355176302,-0.16261599323506215,-0.23833910449762152,-0.3299495661364702,0.256661339802322,0.11822100833343308,0.3235583882285826,0.043387808274717554,-0.07395153968773505,0.23163477769058294,0.17332176393367027,-0.031446723261908005,-0.21683205418872853,-1.0386383857767951,-0.3915797709663287,-0.628507735807508,0.009076656621242907,0.4772558684932753,0.5610329206392719,0.08048639742729502,-0.26746355254549115,0.14562614286992093,-0.04781946813336124,0.1057394015771882,0.12295389592803851,0.1393029722797049,-0.21086105854639126,-0.05443719707106087,0.04353995903916019,0.16548842311874967,0.4760318742352111,0.5180420645378139,0.6602760901892896,0.18408732592255317,-0.1911165031593376,-0.21954695429318138,-0.36209279002045247,-0.06399606052610207,-0.26334245826402847,-0.009769919872152144,-1.0496419769156913,-0.6148387723203703,-0.8797798223918365,-0.5739202571136826,-0.595294533479857,0.04718105211567969,-0.023446627519442043,-0.14728497402818874,-0.07365211098067737,-0.3507918402988808,0.00016938108933817198,0.22358573686835082,0.03138998058938447,0.054505148350003196,-0.08834000700364175,-0.26195463063266233,0.014109516754723161,0.30139890801432834,0.165758097057778,0.19827556212859232
2024-06-01,-0.3250039347829463,-0.2524168071508437,-0.503362110368291,-0.6122215970234419,0.19513556218875316,0.18581578863692438,0.38641950949047876,0.15474781418569816,0.10961054934853798,0.2954062896395212,0.2011525493636862,0.061355692619218694,-0.1670045862408851,-1.0249323833301243,-0.24368675025038633,-0.5273007455971808,0.03349483732576175,0.36043065735351987,0.3889918973307702,0.12130114471077125,-0.2325113304099935,0.32346334044530956,-0.023126517718250916,0.20352961021941773,0.18803994078938369,0.16329074433355928,-0.046355341679615414,-0.011381295774521627,0.10438807751633916,0.0540700790626234,0.43170870669598405,0.5745741351363632,0.5903317109298775,0.23489274392951232,-0.06961519326061216,-0.10456797140730467,-0.26695776855533015,-0.019370652631163,-0.2606451645591088,0.09384990675526961,-0.7151712987277892,-0.42302082443750644,-0.6692460229104147,-0.1778798119109073,-0.3128882779771127,0.03233813734562996,0.07664309219314203,-0.1253551102364603,0.00948607590865469,-0.25392537637470847,0.01676413836559143,0.30306277226792566,0.02445261946148547,0.17874727897862486,-0.04005179301937978,-0.14898381032015728,0.13529612615350928,0.4931957968070666,0.3302551811618817,0.2576457950776153
2024-07-01,-0.31935573071808854,-0.20000144810954867,-0.38330706209306276,-0.7104700407484752,0.25899224526777986,0.07933066243548059,0.3487947320007294,0.1712505704767433,0.07829579217410276,0.25855044242893543,0.1136977758205423,-0.02835261361260022,-0.18457098684755602,-0.9315051002242933,-0.22027390195892216,-0.4884715645724229,0.07701240888394623,0.3527434603486512,0.2953054105967686,0.03444914417244904,-0.29774968475964414,0.3707493829351405,-0.14611731151072105,-0.04597459909842594,0.07549384528373604,0.09137382434343322,-0.15506386424751994,-0.1407908763139274,-0.06206410129396511,0.1102954901262897,0.4184674576936329,0.561104324216011,0.5672424941992589,0.20654503681185477,-0.13614188063559785,-0.1394694382203776,-0.2847470856277292,-0.09591938480237183,-0.27055096084440833,0.03356412957012822,-0.6602043191163527,-0.46785863163809505,-0.5951612189006767,-0.3111288907728458,-0.3466066236548184,0.01725373742089109,0.05740841895145821,-0.19756516947963343,-0.020528268215445955,-0.31064938321235913,0.04562940215916789,0.30679196008028187,0.05556924481477965,0.11538330998154711,-0.008104601048429139,-0.28490337892000195,0.0020720189364500374,0.3691669943807715,0.10159498372003295,0.10804998105774022
2024-08-01,-0.25698029222410357,-0.12679325883989034,-0.5605586801346505,-0.7356248386778397,0.20461161136189998,-0.021698615066845228,0.21947901827401783,0.07839137459144385,0.05721130608486913,0.20019311226635905,0.0576545759610565,0.0033732854728024675,-0.21163890313835299,-0.7666837584625561,-0.30609980462555275,-0.38541253664863384,0.1669822207481606,0.31363036051367665,0.28804375802763726,-0.00108304914074564,-0.22131525090660964,0.4158342399473336,-0.1967539323465759,-0.18502672296531464,0.18878755904588784,-0.02829735006362344,-0.011044094507754787,-0.2321499992055811,-0.0973625917592007,0.10643962807451945,0.37298527802509485,0.5636458563269504,0.5597803085537625,0.2621178662197011,-0.11123121871292407,-0.11315788401377369,-0.22941245910712404,-0.1025501005231042,-0.2212740441635488,0.020874984485795278,-0.8270454723171718,-0.570121148709237,-0.9716524858204216,-0.7165228814306099,-0.7864540561947433,0.08970011403334377,0.07549539951586948,-0.16947416774492052,0.01328806375187841,-0.27640976474901713,0.08962526995057463,0.34724223338792237,0.0457224500714416,0.002766860593655718,0.059489880725229205,-0.2409912713504112,-0.006112027885766924,0.3644380756384401,0.028373989570085523,0.12934572868664518
2024-09-01,-0.15453317131052713,-0.038972537396861906,-0.44625700093164244,-0.7399931091581897,0.2832710402784715,0.1017043097870356,0.35948754550417295,0.2298941627348542,0.19112475623069503,0.3015445499149364,0.15831156298460725,0.04394671235014924,-0.1271546170692721,-0.9989987366896607,-0.2369522963296471,-0.4261554536896115,0.236526510769149,0.3203855954021073,0.3572333275097851,0.0034671499464654643,-0.1962198717619239,0.45457910367655796,-0.11523073108666759,-0.22930552563605433,0.20868618432499386,0.01506046726809429,-0.014966741666069039,-0.21439719656369483,-0.003991526953197377,0.14458394875680847,0.4536443295695888,0.6017713232418687,0.602872314481171,0.23652837277722816,-0.09608342427800531,-0.08858771583651293,-0.1693779864713132,-0.08010105608124873,-0.12837882091119956,0.037418929932649725,-1.0021149172784227,-0.6280239820917093,-0.997231780853296,-0.7842427978905375,-0.8528945400671852,0.23203411799954887,0.12058950793669021,-0.0619818882496177,0.10463187427747422,-0.16808334604323116,0.13714462964283247,0.39843804793229165,0.10475132555433453,0.15629434070519477,0.10877949813337418,-0.2015860200297941,-0.05413339939472306,0.36793495220528805,0.09413709557439687,0.17941620180917295
2024-10-01,-0.1265759700462865,-0.07378382715014009,-0.3694644751414584,-0.5965489101694508,0.36061249259943584,0.12989344176819628,0.3937407988649837,0.16219303009365338,0.1659832361426551,0.27204135616859737,0.17683085777002083,0.009763083372622883,-0.2710821840641624,-1.1762659451283564,-0.4143911120734496,-0.3662753705138395,0.23305986614446594,0.33994066983715365,0.40825838200927334,0.09163348316546727,-0.10197047185848174,0.4155491615634759,-0.005010650977840925,-0.3168904081781605,0.14580861792615252,-0.00899512904231381,0.17573107008833644,-0.19958363180089878,-0.04445382553831201,0.10793381985237349,0.3762462112641851,0.5858057451441163,0.6801867731956668,0.21288903139594517,-0.053481761645016945,-0.09341087037072904,-0.16592650891306215,-0.13043089388134632,-0.1782595453891216,0.03917998119479027,-0.9527582805312875,-0.6196825753429918,-0.6834479238367281,-0.6644208627802062,-0.5566473351214949,0.3007771771444939,0.058940645702199146,-0.07723524487629474,0.04662736202227191,-0.11530556849461204,0.16548792691166436,0.39950078356209073,0.11120266008613633,0.1697579170224659,0.07192099428504928,-0.24176945951151763,-0.06437791046979369,0.3672319509895222,0.049011230121354665,0.16229116883261896
2024-11-01,-0.06307991797753898,0.013002543196332206,-0.05848273424216344,-0.4789392080668926,0.4242602042005055,0.19628800943194313,0.48122958595323984,0.279861391907378,0.3219500943035133,0.3818359681126229,0.2702022720086009,0.06597974422956598,-0.15845899451401935,-1.0436516128613156,-0.26051329462468176,-0.17498701838713493,0.3075675176501771,0.32730923197620776,0.6611014172634,0.24364921119877792,-0.0769928103647386,0.4493184761628861,0.19632337009150713,-0.007110410296267133,0.17690207934457236,0.14877530255972538,0.10407061095926162,-0.15803084564386038,0.00978974845121483,0.23364171462801753,0.3426704607233103,0.5828086721275144,0.6906341782088704,0.1353011768399638,-0.059278022184520385,-0.030349230935355465,-0.04094135802021781,-0.07966618868617781,-0.05699826698122301,-0.00544687448968828,-0.6007166189798758,-0.23414875730395912,-0.5328415993212741,-0.4697356805956501,-0.35833063391528075,0.3431864864299088,0.09244789028891887,-0.11307573349290245,0.08166844342526125,-0.048492028847337165,0.3471036625285683,0.3910073325649607,0.15579497230399608,0.24156052278541384,0.2428065463189616,-0.17506822394911747,0.08256001959702297,0.35438365987133846,0.25352200596466334,0.3055207519678086
2024-12-01,-0.07080533650209486,-0.10287425257342164,0.0335573580105738,-0.5570915425204555,0.2563322870833592,0.03864003360296486,0.35933330991640733,0.1236442005947056,0.17594083523738024,0.22272346671967347,0.1270487966780116,-0.017353112306458973,-0.24007187404168762,-1.2359434208605093,-0.26192333281141855,-0.3984879198814957,0.42739888896542844,0.2923200723317232,0.6112101363201633,0.22846797331748858,-0.15940356200202466,0.4172824707291072,0.1965986989091052,-0.17311585478618308,0.04775842031636246,0.05649728651513697,0.010458416656682568,-0.43227031632170276,0.021557021200930393,0.1469679855366175,0.2904476876024068,0.44378795359481127,0.6193784614552675,-0.021629825441266792,-0.07182465009574601,-0.14806493675905097,-0.08468681821283575,-0.09372668127007877,-0.033740760820206495,-0.06986602006357501,-0.6780373558878023,-0.233556097595502,-0.5762164299156329,-0.5536500436806813,-0.4115317657294124,0.35174792603168237,0.00865842474817935,-0.1959784948217358,-0.010460335731230286,-0.04593438646921366,0.28897672274295183,0.2335037452464186,0.033225467363542927,0.17885612452501665,0.16965150204956614,-0.27268529076346115,0.083397212462607,0.3206174930584128,0.16354661659834235,0.23098809429098266
