Date,AAPL,MSFT,NVDA,AVGO,CRM,JPM,BAC,GS,MS,BLK,WFC,JNJ,UNH,LLY,ABBV,MRK,PFE,AMZN,TSLA,HD,MCD,NKE,LOW,CAT,HON,UNP,RTX,GE,DE,GOOGL,META,DIS,NFLX,T,PG,KO,PEP,WMT,COST,CL,XOM,CVX,COP,SLB,EOG,NEE,DUK,SO,AEP,EXC,PLD,AMT,EQIX,SPG,PSA,LIN,APD,NEM,FCX,SHW
2013-02-01,,,,,,,,,,,,,,,,,,,,,,,,,,,,,,,,,,,,,,,,,,,,,,,,,,,,,,,,,,,,
2013-03-01,,,,,,,,,,,,,,,,,,,,,,,,,,,,,,,,,,,,,,,,,,,,,,,,,,,,,,,,,,,,
2013-04-01,,,,,,,,,,,,,,,,,,,,,,,,,,,,,,,,,,,,,,,,,,,,,,,,,,,,,,,,,,,,
2013-05-01,,,,,,,,,,,,,,,,,,,,,,,,,,,,,,,,,,,,,,,,,,,,,,,,,,,,,,,,,,,,
2013-06-01,,,,,,,,,,,,,,,,,,,,,,,,,,,,,,,,,,,,,,,,,,,,,,,,,,,,,,,,,,,,
2013-07-01,,,,,,,,,,,,,,,,,,,,,,,,,,,,,,,,,,,,,,,,,,,,,,,,,,,,,,,,,,,,
2013-08-01,,,,,,,,,,,,,,,,,,,,,,,,,,,,,,,,,,,,,,,,,,,,,,,,,,,,,,,,,,,,
2013-09-01,,,,,,,,,,,,,,,,,,,,,,,,,,,,,,,,,,,,,,,,,,,,,,,,,,,,,,,,,,,,
2013-10-01,,,,,,,,,,,,,,,,,,,,,,,,,,,,,,,,,,,,,,,,,,,,,,,,,,,,,,,,,,,,
2013-11-01,-0.07410073242202289,-0.0610223571199952,-0.03263414844833128,-0.08164148445427165,-0.07788694237710556,-0.06395152982991964,-0.06920871253455416,-0.058749677508170166,-0.07229615825482757,-0.062278967201540136,-0.034202583516562544,-0.045186622976771076,-0.05219739503742223,-0.04414538424561269,-0.074469941051978,-0.04453436751635381,-0.03953827722346949,-0.06953247400786776,-0.24928109477241836,-0.03476188513727315,-0.02720522499080471,-0.051148038875432525,-0.04625441511448908,-0.030874995622940746,-0.03608478014140761,-0.03307196611887389,-0.05314392024744819,-0.043357111430358,-0.036537124204851286,-0.05503156918793395,-0.16219820538149837,-0.04342898799657368,-0.0722378201707275,-0.043746613189208465,-0.03329660558280195,-0.03827342204861883,-0.032518957732719546,-0.03917216024228618,-0.032594235897223746,-0.040708709815319516,-0.0337760349403484,-0.0305227276195419,-0.030265592450973787,-0.05852047237162122,-0.05814147892532248,-0.05522376934794305,-0.055292759241820685,-0.039374112868917906,-0.05764770680025981,-0.07557473937150562,-0.05590472005356826,-0.0567466570484256,-0.05357067031367857,-0.05788841505122276,-0.058035943331389485,-0.02062274510485192,-0.0648717424761695,-0.10027693567052438,-0.07644601287427237,-0.04329941713874071
2013-12-01,-0.07041710782477612,-0.06021157035292807,-0.030959615650765597,-0.08938772947539925,-0.07480602032954248,-0.060669760468301144,-0.06729819832749136,-0.05663929652277065,-0.06919423824776844,-0.05930506575945329,-0.03248640687566564,-0.04661031665035434,-0.049764674934529206,-0.04224623338276246,-0.07261232891670992,-0.04226217400322634,-0.040748698520378955,-0.06644022641160452,-0.23687650680998937,-0.03301437298407559,-0.025947468331052926,-0.0501786128741918,-0.04428071574260575,-0.038702842446355155,-0.0342510491582154,-0.031628029703552336,-0.0504168817686192,-0.04268554162260759,-0.04508790736905023,-0.052637935201671114,-0.15733812966500768,-0.04564105003161371,-0.07197965177578192,-0.04156565820467363,-0.03469213621978136,-0.03667062920620164,-0.03200597379308459,-0.03904940024959432,-0.03810605271134211,-0.0397499888437908,-0.0388452007894377,-0.029132123202555094,-0.03345068550471821,-0.055580847237652505,-0.055259178097955455,-0.05243636240658008,-0.052794151528892025,-0.03769602260519447,-0.054871903890027045,-0.0722125595877412,-0.053242617601027144,-0.054427818047585445,-0.06389834318294026,-0.0552178511432393,-0.055097382078804956,-0.020407380103894708,-0.06160159157600215,-0.09523729094630932,-0.07627945033311923,-0.04120353929655479
2014-01-01,-0.077652332962652,-0.057682669493304,-0.032422829522973706,-0.0852389812804913,-0.07411131051455473,-0.06127171872072082,-0.06540021952072408,-0.060528196778960104,-0.07076422135393576,-0.06116075540037015,-0.031968019185541076,-0.047375868294856176,-0.051638849462427784,-0.04369574718130726,-0.07477928107762728,-0.04192427127271153,-0.039290139890134294,-0.07560514155720555,-0.22653829619123603,-0.04076416326833483,-0.026668018037450576,-0.057712658197563084,-0.049435330563303466,-0.03917170538810706,-0.03378484195985424,-0.030367570309966216,-0.04856299070182392,-0.05594657472570957,-0.0463561100900141,-0.05041512266910158,-0.15195103076931968,-0.049780929907645155,-0.06929368954147985,-0.04141921420754922,-0.03766674299668627,-0.04539097604867473,-0.0332735682146299,-0.04172081497766814,-0.04189681426627082,-0.04392712451139033,-0.048174214458287484,-0.04502241946468919,-0.044176965068490136,-0.05443300039822994,-0.05404188702506285,-0.05223005104380381,-0.05062674541280375,-0.03636550506307665,-0.05337887385071054,-0.07139504779224792,-0.052947636688994,-0.05194128535371302,-0.06336890150976969,-0.05294808326735764,-0.05410783507585027,-0.02575559855616757,-0.0637826668746133,-0.09085906976970766,-0.08562613466672582,-0.039481298273772614
2014-02-01,-0.07782578516102885,-0.0576979663913078,-0.05183000163625069,-0.08427619405698851,-0.07271798743058706,-0.06094029710402245,-0.06576434615477098,-0.06054188165368965,-0.07017506040827906,-0.06116234313845531,-0.031568354303054436,-0.04786352093184006,-0.04973217409825902,-0.052871848759448455,-0.07449090223634955,-0.04320241266213685,-0.04191648768528356,-0.07520979350627179,-0.22135932151333984,-0.043414765241055475,-0.026889301344267803,-0.05916613040934245,-0.05193482418052313,-0.03500486485933837,-0.03396047778373022,-0.029942359039461436,-0.04838071540026995,-0.05485832180892428,-0.04189554438279261,-0.05000136246135517,-0.1401546247901408,-0.05472279694265822,-0.06731073898160878,-0.04213405537869896,-0.03813431166805669,-0.04409319082228935,-0.031448992112306444,-0.04174500364010345,-0.04255141752840175,-0.04121601964423739,-0.049980289372853946,-0.046088265683052736,-0.044586078953381195,-0.05644917176719753,-0.06261423447294391,-0.052379191757988726,-0.05055307055010269,-0.03689688028651901,-0.05313535654978934,-0.07354237024612233,-0.055045559084375466,-0.0517924241506994,-0.06426148580457493,-0.05480672752754374,-0.056646609896384696,-0.027247610506278292,-0.07232622021140958,-0.09795909235058461,-0.07973064117381466,-0.045657158030852414
2014-03-01,-0.07770459168798471,-0.058755011735746016,-0.054342218477451666,-0.08427718243975517,-0.08006591307452496,-0.0608226518577468,-0.06404206279454745,-0.060468311703075976,-0.06845142848610986,-0.05905074790402607,-0.03313310832158176,-0.04744170722517741,-0.04914378065890745,-0.052466068457363645,-0.07129211597255165,-0.04334777311536781,-0.04042204632947232,-0.08052750402432873,-0.2397688821624848,-0.045370820440944586,-0.02588527933866321,-0.06220219159555229,-0.05303052455707886,-0.02826047102508527,-0.03288508388227879,-0.03001296332207524,-0.04880451672613408,-0.05467826653262009,-0.04499690276678543,-0.0602170129619412,-0.1470989406212839,-0.05604121399317245,-0.1109103727287677,-0.050477141619108296,-0.03850731578804545,-0.041789161269986774,-0.032110690800077175,-0.03874547098344871,-0.04410742295473068,-0.04126291488613514,-0.050006108295929906,-0.04673751843301639,-0.04580802607610327,-0.054259380213438825,-0.06241244314504353,-0.05006615271466531,-0.048840010653750585,-0.03642349302598268,-0.05233636855234472,-0.07251554101972812,-0.05443956709424279,-0.051605037776252215,-0.06366254505902683,-0.05489481917687867,-0.05666528006166208,-0.02643326521757481,-0.07332755006562583,-0.09539055771482423,-0.07928629925530942,-0.04598057545759326
2014-04-01,-0.0804677031110712,-0.047837816042613626,-0.052787705568262885,-0.06972205086873728,-0.08210105847350803,-0.0666840756214331,-0.0784482678165313,-0.06113567881360086,-0.06895662514181736,-0.06137117385548602,-0.034182503243513115,-0.04690962789983468,-0.05968390258152433,-0.051557402793735815,-0.0626285936057562,-0.04180840860712056,-0.04190098291395466,-0.08575854164340185,-0.23311632714779512,-0.04380678249325654,-0.026762124656110622,-0.06024262722598885,-0.058076927965762054,-0.02967705495373644,-0.030555952596198074,-0.029811913628791455,-0.04695645622619148,-0.05284483263756434,-0.04443905003005744,-0.06339205126262339,-0.14877642827217072,-0.052170084350549116,-0.11462570766042084,-0.05038825528576993,-0.03918811139499419,-0.042656744956162854,-0.03100740073024426,-0.03909242565952184,-0.044737285248936845,-0.042287060088055294,-0.05064070929840181,-0.04864728520152862,-0.04692780823178198,-0.053626523650521465,-0.05702916421251196,-0.04946617307853649,-0.049506041234941615,-0.037703363340985487,-0.05272029877976275,-0.06910884710145034,-0.052684509709671416,-0.044740144973593764,-0.06421575384945256,-0.04572327608554178,-0.053378947573878045,-0.026744202247441323,-0.07380556562708292,-0.07254439364550024,-0.0756328762430876,-0.040882587550119816
2014-05-01,-0.08171269098426508,-0.04609259981637077,-0.05208819424609444,-0.06327055432724654,-0.08203814530946744,-0.059783806731255086,-0.07360840560383379,-0.05267906557304316,-0.05624887949621725,-0.06041969879239169,-0.030684462842266752,-0.04650094472590896,-0.06040319975592885,-0.05000908907387787,-0.05634701697277356,-0.04217614786599339,-0.04032671878587023,-0.08477158311005271,-0.17821923606878579,-0.039342688403064534,-0.021561627776034677,-0.0600152834641557,-0.05317460995351685,-0.03313268848542793,-0.02654840929747433,-0.029585470821776146,-0.04754450304899509,-0.05247104376873292,-0.04435911309277155,-0.06402399704964915,-0.1356496324942639,-0.052893141385481,-0.1321606624698353,-0.04550884159101923,-0.040099743634890474,-0.03881492685666418,-0.03040614982898696,-0.03906157003928611,-0.04467479984540544,-0.04000347230499486,-0.05106353855290658,-0.0488379888893553,-0.05016435437945289,-0.05165506331089757,-0.057632046527808796,-0.0422279781367591,-0.038427374787786385,-0.029674052374856416,-0.03916310841450929,-0.04615014023418561,-0.05141660808004693,-0.04177706725152268,-0.0653232900788964,-0.04198605450643433,-0.0460420513325293,-0.026455047813568718,-0.07175542862877171,-0.0703169329668951,-0.07600312484695958,-0.0406278469021763
2014-06-01,-0.06539937504744522,-0.045354264248816674,-0.05157307477630605,-0.061486806576757924,-0.07530667844309602,-0.05921634761357827,-0.07038661296784765,-0.049374571513659114,-0.051718491091013695,-0.05492461567250006,-0.03089654650439552,-0.046646188327092324,-0.05987818122047828,-0.04105247126063828,-0.05368402294543055,-0.04205803593536528,-0.03994892969267557,-0.08494416795099154,-0.17961581870223078,-0.03921803196162487,-0.021088381148512293,-0.059950430350332914,-0.051700649065487825,-0.03022047486199366,-0.02704022939244477,-0.02907617442711482,-0.04663936963616385,-0.05288686126716766,-0.03879785554190412,-0.06391103340646534,-0.13458583497047136,-0.05239531376953325,-0.12662449186459115,-0.04556854769540646,-0.04132019608176484,-0.04033790028943616,-0.030386127041231368,-0.03975439676220838,-0.044818074543016805,-0.03967912146376513,-0.05100775082111653,-0.049814455706374355,-0.050039689391532347,-0.05661462581665323,-0.05945233529524953,-0.040150381991010474,-0.039670328240752714,-0.031100636990397487,-0.037852824420454546,-0.045847800618934086,-0.04745215062227968,-0.03540223276346702,-0.06037433274767217,-0.03768396043907123,-0.046121934603706186,-0.026483610264683197,-0.07174752984061483,-0.07389988432208339,-0.07207791142341147,-0.03348620239563908
2014-07-01,-0.059143451370546794,-0.03285134870410698,-0.05676380666221008,-0.06381792302396214,-0.07342311217542771,-0.056924128300635014,-0.061054277409002475,-0.04471786756159312,-0.04430972076380021,-0.052922129515541184,-0.032986982923403484,-0.04483522888996177,-0.05359616659921391,-0.03855173755142358,-0.05464019714920926,-0.04327506693320032,-0.038450515965210326,-0.08314541147129073,-0.17644609522456514,-0.0389856073117898,-0.028638851096660513,-0.059685911234011145,-0.04592042608812645,-0.04074054886678377,-0.02628322845892141,-0.030961909959826065,-0.043804086530377026,-0.053907196474873444,-0.04387312516595285,-0.06447141291257558,-0.09334337291129158,-0.0528873347138727,-0.12672792173764053,-0.04582198179451522,-0.03885912516076787,-0.04684705442834069,-0.03087268793759138,-0.037817544291916014,-0.04181855203343136,-0.044796292835524616,-0.05093922682368872,-0.047410940640655756,-0.05057303705382691,-0.06086516512151965,-0.06502634564387484,-0.04888056321409876,-0.03913666077153382,-0.03310208384331774,-0.045864856391263406,-0.06875917923804203,-0.04762197872306795,-0.03225170502751033,-0.05906001840839232,-0.037681177815452105,-0.04547183850023086,-0.028308434147776694,-0.056522455664141866,-0.07381916904674471,-0.07202599358490788,-0.032815961233069985
2014-08-01,-0.05875774761896779,-0.03305664863764126,-0.062758294429398,-0.07164412763848643,-0.07017463298888346,-0.046990132109775776,-0.06139318582895032,-0.03820993594761949,-0.039944353458285474,-0.05057162351734233,-0.025687997401230494,-0.03803177412680048,-0.0552844680700188,-0.03763136838993866,-0.04946141848906657,-0.043281179789477583,-0.037076085434801696,-0.08245125265913811,-0.17282960773144615,-0.05165205031892862,-0.02701314156070031,-0.05946703549879881,-0.052024602407001415,-0.043554676818580364,-0.02303861592594212,-0.030739157767520838,-0.04162497334771904,-0.05120843914868887,-0.044101580717289195,-0.06105233251765626,-0.09172974005387527,-0.045659054664894304,-0.12492114628076866,-0.04402263144231681,-0.042778848160869735,-0.04692919992019905,-0.02798960326358994,-0.034397132228921413,-0.039720127632645236,-0.042879888680365,-0.04549309452926804,-0.04560902293482188,-0.05180650831225637,-0.060411327336494125,-0.06412447120810962,-0.044050158915950204,-0.03248621195593447,-0.02645161537779732,-0.038431007199518204,-0.07233668993601172,-0.037837193348990744,-0.029450827029615812,-0.05720211627505807,-0.021249216759114693,-0.0425812633123735,-0.027071810915296268,-0.05080942167735512,-0.07648772552006144,-0.0720852458334817,-0.03422529787699317
2014-09-01,-0.058381939873902826,-0.03167223246263037,-0.06574385889815851,-0.0696476446504227,-0.0699444336804256,-0.04694347699827155,-0.06198649590011753,-0.03758693825420792,-0.039666931269905156,-0.05089289196744163,-0.025563011965808232,-0.03784092166841833,-0.055356413357989805,-0.03529205158038585,-0.04927270397669768,-0.04408559027788379,-0.03688265068182568,-0.0790636184611588,-0.17463624940541822,-0.05259598345920321,-0.026651234735791795,-0.05612823317002564,-0.05140090678109088,-0.05604909173113286,-0.023982063280418433,-0.03031006785554374,-0.03670842123883055,-0.05068316530130144,-0.04395572997107152,-0.061173548361772426,-0.07947439630374581,-0.046498320005921176,-0.12730517254778445,-0.043936385749059746,-0.04108808984285632,-0.04712374810067537,-0.027799588449557468,-0.0343847642205694,-0.04001260007373044,-0.042627996649473414,-0.04928208815817484,-0.05254045875487385,-0.05574217957644218,-0.06365285043790392,-0.07256773784307323,-0.047846912011828,-0.03247057226452827,-0.026952531034787855,-0.04107616140966402,-0.07128825245974159,-0.041058229589050886,-0.03453759721065063,-0.05736730545774216,-0.026409255093006973,-0.04348462353049698,-0.027399609099333696,-0.05147405794935692,-0.08296747875347339,-0.07666564832950752,-0.032663823880639306
2014-10-01,-0.056702145958941554,-0.03030740372375761,-0.06546152135612458,-0.07242711672933591,-0.0753845288768148,-0.046849920288975326,-0.06205855848317764,-0.03806798473633174,-0.037168312226768176,-0.043515203047176605,-0.02532706086289592,-0.03491114235674572,-0.05571646965762844,-0.03363093715024549,-0.05089872082244473,-0.03993625033103747,-0.0317512796030769,-0.06469747889921222,-0.16224506445040832,-0.054053421564507424,-0.02690378388744647,-0.05610303705896033,-0.05451667995512199,-0.056106671700368545,-0.022750005576684437,-0.027058298971176425,-0.036573350015037726,-0.04375920115169207,-0.045432885498628714,-0.045157237696342695,-0.08309992713751464,-0.045269278955594065,-0.1363104112591906,-0.03676702320074601,-0.03815964953342247,-0.046785533115588945,-0.025397633535383348,-0.03288512643724102,-0.04282223304355024,-0.03460197874421203,-0.048681034592854645,-0.05235821419600315,-0.055602696410040266,-0.06300833475141693,-0.07283362980525922,-0.048655641622784844,-0.03656903614467388,-0.032409826014017144,-0.046246248772275955,-0.0708645036857992,-0.04719804068934385,-0.031923801649243674,-0.03585994256032133,-0.03266097833015417,-0.051649079585311834,-0.027083379157532225,-0.05165271554278499,-0.0996956490881212,-0.07587717372561575,-0.03362779385665774
2014-11-01,-0.059301957311326876,-0.024738215670853374,-0.06716945852102227,-0.06916128693444282,-0.07833224429759753,-0.03771927632380567,-0.05232834538536315,-0.036528992235997274,-0.030308914221767232,-0.044935274714582925,-0.025043392498728105,-0.03464571624386465,-0.05275582449373435,-0.03356165496935917,-0.05310115113510665,-0.03267546242188421,-0.03259415490419957,-0.06825589994878531,-0.14019623573836207,-0.053858970292003656,-0.02907454791914034,-0.05736829590124401,-0.05748844811595521,-0.05662852681567849,-0.02354712498952355,-0.02591370174190506,-0.03517136387227583,-0.04403179416965049,-0.044918920529564726,-0.046183891329009956,-0.0770199741425881,-0.04539907877645079,-0.137226197703769,-0.035623974593074065,-0.0376913679279684,-0.050637039280815824,-0.026298446702794347,-0.049657532892077604,-0.04311041209171042,-0.03595517950241632,-0.05046699833712661,-0.057638692004156764,-0.06138673089454731,-0.07364567550901802,-0.07435097784875047,-0.04932095782228994,-0.03604047778064527,-0.03176871961797622,-0.04685637490947752,-0.06786743182347392,-0.043527120404548994,-0.03315504283605315,-0.03838044992316188,-0.02982694879167882,-0.0408461203700692,-0.02735904653503359,-0.052786782057657605,-0.0976708055221398,-0.0759587326010835,-0.03363873826987974
2014-12-01,-0.06707840001938846,-0.026296572457595632,-0.07022288147848954,-0.060415944191348075,-0.07712129433475087,-0.038706074557548015,-0.05333713988016421,-0.03508452773492189,-0.03917460918965857,-0.044161235276374715,-0.025086408614925563,-0.034845200522590644,-0.052667407109433136,-0.03366436968542214,-0.05577805173064578,-0.03888361976408063,-0.030514772008597174,-0.07092556382128484,-0.14143553700373243,-0.05508850687839298,-0.030775539613916967,-0.058798989270646446,-0.059071880512351446,-0.06208779364502746,-0.02262238180550732,-0.02609699637025791,-0.03663908258507816,-0.04159839810582394,-0.03781764499553999,-0.044031235571437004,-0.0694603640567192,-0.04013635668391174,-0.1372073372799189,-0.03938709540896543,-0.03527130421237988,-0.05430012714964542,-0.03188153784425963,-0.04917040671972017,-0.03856427547292793,-0.03583446325854222,-0.044549701285262526,-0.05813099323102871,-0.06236677487564703,-0.0732726988015812,-0.07601061666544903,-0.049264017171492876,-0.03506148848776236,-0.032128357624318406,-0.04695927446522292,-0.067802171020918,-0.04259555700223939,-0.04082992024910775,-0.03303697487369933,-0.03011304594631615,-0.0409667101611297,-0.025848685889274373,-0.052947600857046195,-0.09769475985425653,-0.07591962074652571,-0.03529445746631182
2015-01-01,-0.05017434074703247,-0.05323680697766549,-0.0717333611687448,-0.0608276138305006,-0.07346211483644546,-0.054644419937166955,-0.07048495317881613,-0.04459141643049181,-0.05550702905682012,-0.04376978584799014,-0.0324028831914277,-0.035995462913348444,-0.04855165210835376,-0.03275300309688604,-0.05735921435754859,-0.03919144826480395,-0.030293184456426314,-0.07807045385602052,-0.1363210003123095,-0.04815031516342125,-0.029675590568657515,-0.05439575329830142,-0.05320127902667906,-0.07104193104114276,-0.024197102609007946,-0.029272078491995927,-0.03666276732043274,-0.03109545086403711,-0.034986622818542326,-0.040737526965986634,-0.062491860506414684,-0.03782297615984589,-0.15432560812537913,-0.03756356296674122,-0.03840608408846832,-0.047103002569384676,-0.02952112112209133,-0.04577024676417774,-0.031182997693727274,-0.030927970409927247,-0.03870534987502313,-0.054653296154652864,-0.063401576288154,-0.07353783796853447,-0.07663223010603981,-0.046734094761977284,-0.03566826206911888,-0.032339156297195394,-0.0467022512630378,-0.06899138011747274,-0.042598846566198646,-0.04231646895223298,-0.0377175269467738,-0.035279746577878475,-0.04436840642936252,-0.031283228844463176,-0.04619962980780254,-0.1290759340891372,-0.10749471361087777,-0.033818628644311934
2015-02-01,-0.05240763536824635,-0.0581881038843409,-0.06833304517454562,-0.07475969023618419,-0.09556694689982032,-0.06437011143737022,-0.07192184276130474,-0.052221639667095886,-0.0563546594481549,-0.04878574712180611,-0.03488317207140497,-0.03479626665283302,-0.048576365151004476,-0.023277086408134962,-0.05737262785574208,-0.035991012243888634,-0.038242909206221504,-0.08070219585520762,-0.1012757093998399,-0.05088823066450254,-0.036578542246768334,-0.05280428847451805,-0.05418199904473231,-0.07126683303987114,-0.026400208033408225,-0.029000705968600455,-0.040295733147195666,-0.04116029442577411,-0.03903033797823715,-0.04235900655445512,-0.05865049066393606,-0.043981755188050725,-0.15378014157037895,-0.03629175513348082,-0.03808430769475215,-0.048563585102046745,-0.030832549304954323,-0.046231608718320674,-0.03296244752529072,-0.03255485815973725,-0.03582240908110682,-0.05530553351503158,-0.06402336139717871,-0.07112773958847655,-0.06492196391589763,-0.05017598103858396,-0.048874021049184486,-0.045440890244520186,-0.05492682910794124,-0.07091601437041085,-0.04449378667826865,-0.04224483672615573,-0.037954299805624585,-0.03904084224835907,-0.043155604885636106,-0.03341417357564725,-0.032589075939361,-0.1281265111706698,-0.13842621149991122,-0.029103925744341275
2015-03-01,-0.056719223713146916,-0.060698396718310864,-0.07024978775251989,-0.07696031236931605,-0.09192354482316538,-0.06189625681224087,-0.07077422995866663,-0.05195572687822793,-0.05655251876472391,-0.04899582259714048,-0.031090324499122295,-0.031374901274203996,-0.04782665119393838,-0.02192625869798201,-0.05915707340204068,-0.036250741508528694,-0.03817758571713565,-0.07746888597406106,-0.09271279873417858,-0.048643536268510465,-0.03621302737136731,-0.046892915236552486,-0.0521301539778497,-0.07066816880031969,-0.025050724971147954,-0.046952221629323714,-0.0423036275458954,-0.043461645060867256,-0.035968532417941165,-0.03424654600020763,-0.03901046885984791,-0.043147969634613766,-0.14129754194178523,-0.03131453642226566,-0.040042164162397635,-0.05251274602974382,-0.0322161375283625,-0.046437387576028014,-0.02516800496729506,-0.03316136886699577,-0.03668520038586383,-0.05432370149616349,-0.06287554051907043,-0.06906480685202761,-0.06430647048867906,-0.049137947971327284,-0.04988216571087739,-0.04624078677347806,-0.05600618861594788,-0.06559150071891279,-0.04489698416778249,-0.04671238060193051,-0.03597258574626204,-0.03904551794030482,-0.04312002707270615,-0.03642003495118612,-0.03416564923885222,-0.14085291009153394,-0.14055844741410586,-0.02722401386224526
2015-04-01,-0.05497181887434217,-0.07903087411782556,-0.07130691909226594,-0.08493634817574915,-0.08663849909030516,-0.05817974291020478,-0.06072693276770437,-0.05124611232147851,-0.05718668157794126,-0.045991133693425175,-0.03087464638808878,-0.030595651424798444,-0.0415908837843169,-0.023291293590843896,-0.06515078367320132,-0.036582864923493975,-0.03805347864883086,-0.07598217462724123,-0.1075604896536133,-0.055109493208098666,-0.034938559321072545,-0.04709189702213074,-0.054713746407277906,-0.07364241182153292,-0.028096641858366477,-0.047891362241246016,-0.04310757941980956,-0.04941740478961369,-0.03628484584746615,-0.03191188169718867,-0.04289567363697169,-0.04198673558594074,-0.15748931564571092,-0.0375475713230883,-0.03964752933115691,-0.05037174534085206,-0.03228465665992809,-0.04814434770448171,-0.03472595626090745,-0.03237955713059546,-0.034280254334269865,-0.0545534992917168,-0.06634934500063565,-0.07859340515245551,-0.0686606137008573,-0.04913687486133115,-0.048647780770896064,-0.044694786146785695,-0.053890386998176186,-0.0644879612303056,-0.05164849808470293,-0.04659513857202848,-0.04131449910541463,-0.0465160132869343,-0.045942694636201035,-0.03667361386657388,-0.03947756490867032,-0.15212121018606356,-0.15665181110020018,-0.031184394498856804
2015-05-01,-0.05355742939789474,-0.08024481101286814,-0.07123754890271196,-0.09953512944649291,-0.0870291343046012,-0.05828894850470702,-0.06130630364918628,-0.05186242453785769,-0.05689327561645483,-0.046122174925509365,-0.03052717909549137,-0.030877419187714972,-0.04277381858554123,-0.03311034216203776,-0.06486611250407683,-0.03655460422709022,-0.03425161325217893,-0.07603415839528516,-0.11106457644322293,-0.054955806356113225,-0.03482578540428337,-0.04620197493183653,-0.05492460064594679,-0.07346945562609514,-0.029249970597924155,-0.0491103661537948,-0.04416353236377904,-0.04937145957140895,-0.03675417834561933,-0.024663404925662446,-0.041731665168145686,-0.04101039453320131,-0.1444973400003394,-0.03747553660608407,-0.03934910167617717,-0.05042220259435447,-0.03185308088905725,-0.04897495395649936,-0.03520015238713549,-0.0321371038925924,-0.03432468731172627,-0.05709850039383891,-0.06169107867424125,-0.07870481922188494,-0.07109650489355436,-0.048910505172410884,-0.04726921204666691,-0.043324736773635346,-0.05391121942744879,-0.06186606805537882,-0.05146985960367052,-0.04333242224694083,-0.04109470352207007,-0.04619607335354017,-0.04551497665034768,-0.03648470945877723,-0.039494857016035965,-0.14968298529536736,-0.16148517538645177,-0.03130510372824299
2015-06-01,-0.05724818284776064,-0.08291800902893236,-0.07744440762491527,-0.11047378784505574,-0.08608647528266343,-0.05811519557324048,-0.06174248356074227,-0.05133797170658476,-0.056222321943185764,-0.04828846857131974,-0.02958122223215708,-0.030365810968770963,-0.043031563679511484,-0.03416912462892425,-0.06465214211735032,-0.0412753501281576,-0.03726028286920807,-0.07604986036204503,-0.10499983663421787,-0.05535387593231219,-0.03486029858286947,-0.047021982467063586,-0.05935571247197011,-0.06982076956244392,-0.03055808295267702,-0.0519935300865839,-0.04714946584411505,-0.049592250513856365,-0.03822704751877383,-0.023234913422062242,-0.04376036084164442,-0.04108761807531927,-0.1444769856045983,-0.038025601109166036,-0.03839501316399198,-0.0498171417887046,-0.03320608699561182,-0.0503795702771753,-0.04076783347242944,-0.03268817982010316,-0.034243084324353246,-0.054049050878100635,-0.055628722521654066,-0.06572234215270716,-0.0615379391271417,-0.04866020622559506,-0.050922027090809084,-0.0438863925655039,-0.055891623714261277,-0.06509015011377141,-0.0538409563466549,-0.04335523722530968,-0.04652553823573686,-0.049016729333846605,-0.047876454780066045,-0.036508908454274396,-0.04174445744813736,-0.15388582779164028,-0.1575572129250221,-0.03808957243111147
2015-07-01,-0.05978728789584621,-0.08380570889958981,-0.07488370625503361,-0.11230491903785779,-0.08240573605495774,-0.05806323291303554,-0.062481681049323855,-0.052247741544962874,-0.05618749006503095,-0.046534768509576364,-0.027218378418740353,-0.02867744015394879,-0.042707994538850054,-0.03156625365537506,-0.05925371984328278,-0.04179503251242486,-0.03886278404873223,-0.09030896063479217,-0.10205132789546156,-0.05490662439780026,-0.0318482267517531,-0.04675859235873915,-0.058776320196659695,-0.06963943402102095,-0.03026908670829001,-0.05231145166623328,-0.048450894227293095,-0.047846054176591435,-0.033326302644653805,-0.06309464202146457,-0.04570275068504972,-0.04127843815856626,-0.1495928367982625,-0.03773924464839433,-0.03849178853996477,-0.04619009639776798,-0.033333441361269256,-0.050289738769906396,-0.04389104455458589,-0.027832037105768075,-0.035771933341708424,-0.056926057472772094,-0.0725596017094207,-0.06323246881522133,-0.0672670427165561,-0.04438816166445143,-0.05205543924566216,-0.046635527828128354,-0.054399618560474594,-0.04478600136342103,-0.06055023961681772,-0.04149860374690641,-0.051130995091560216,-0.05338743969631023,-0.05548620810634409,-0.03736310597128567,-0.042575409755559915,-0.17686702633100806,-0.19199473329921207,-0.03739770491415835
2015-08-01,-0.06239559727955777,-0.08471183233916463,-0.076572325864965,-0.10640574793040804,-0.08304171254351957,-0.0625664605499627,-0.0677967387751867,-0.05834166071842281,-0.06661908222243478,-0.049489044161868063,-0.03714647579043423,-0.030299834079798728,-0.04750032739182922,-0.033938227537893294,-0.07104890309485937,-0.04668294406568603,-0.053170957512878786,-0.09300609026075464,-0.08809099216996497,-0.042577443762894705,-0.03476844220429081,-0.05034083365469954,-0.05622320514403902,-0.06254701765667608,-0.03402494943605319,-0.05801265679359105,-0.052448961112406545,-0.04962131415624435,-0.05612510863182563,-0.06350970061454635,-0.04999022069283722,-0.0688392767167794,-0.1484715203373924,-0.03995729300745653,-0.03860696597327825,-0.04491163188293505,-0.03333120088886122,-0.05661279126491846,-0.04652631918785316,-0.0371059719755682,-0.03530729811044381,-0.057046580180388044,-0.07237290753461055,-0.0631453980981792,-0.06778785024240641,-0.04649260963977297,-0.052277124517017395,-0.04665942135687336,-0.054618067215651094,-0.03878718511091635,-0.0637218571679335,-0.04028034256498864,-0.05338816874434132,-0.05495440271344916,-0.056472871719867486,-0.04045800679602113,-0.04340366449357536,-0.17344800432616408,-0.19072620172105062,-0.046533293566786704
2015-09-01,-0.06259822806626066,-0.08463844781918457,-0.0766021407554187,-0.10671102151888637,-0.08220518680563053,-0.06475805774447531,-0.06630890820429773,-0.06306709099408214,-0.0715277123580145,-0.04959709764647462,-0.039131339714844164,-0.028461604168557923,-0.04716585018069384,-0.033997164399459545,-0.08216969742129675,-0.051013678693665264,-0.05417660760355252,-0.09000625205302841,-0.0824102900523751,-0.0419097314526269,-0.03596478420905729,-0.045752842279362146,-0.05662131185573256,-0.07052131288996845,-0.03651589590671364,-0.0580966468079658,-0.05260703306374263,-0.050135338231283806,-0.062032226483921704,-0.06386747486048479,-0.0484075800009373,-0.0685769341325736,-0.15228680280029105,-0.04032566275470522,-0.03916323020307083,-0.04486227867026012,-0.03368642386320572,-0.05628367420574094,-0.04643553943560408,-0.03716986992838624,-0.0335422976965309,-0.05520763862893056,-0.07213276480613819,-0.0668222917433738,-0.06514014012526907,-0.04398428472873566,-0.05236221308730949,-0.04685578247867646,-0.054867168454728825,-0.0389697953585772,-0.06038924648205519,-0.039694078440669765,-0.05122734891887837,-0.05359383691756557,-0.054289645383114954,-0.04065387737719579,-0.05019010286078723,-0.16936019769964625,-0.1907131968896643,-0.06412590496655596
2015-10-01,-0.06359919043559316,-0.09866691373375272,-0.08322065578654675,-0.10694803668824006,-0.08284916012738948,-0.06677967106834934,-0.07027677536628431,-0.06640749690732675,-0.07322764956591066,-0.07013070487803577,-0.041504200577516685,-0.03794062279783332,-0.04159535378935414,-0.03685127546957703,-0.08193101996697923,-0.060466580613628335,-0.057461809626910616,-0.09607569336211128,-0.09820627144616355,-0.042573163644110686,-0.0501653265379425,-0.04678780242700827,-0.05578430443361695,-0.08177634313546091,-0.043286421741346136,-0.0521912942764743,-0.06173072338609637,-0.06360537713374669,-0.06282844799500654,-0.07340260842414534,-0.05426473868283275,-0.07375774332226612,-0.14161971618502758,-0.04259910396955218,-0.04219426621228217,-0.047329819676385686,-0.03972722824529039,-0.06486790249643619,-0.04950663361995318,-0.03903392518574048,-0.047845080090687005,-0.07414194083148135,-0.08459658302106714,-0.08051239398796037,-0.0851515150485142,-0.04238561609439288,-0.04320359324819379,-0.04211521741841719,-0.044755693938637896,-0.032758466004318025,-0.05959510208752789,-0.05880120195669043,-0.058070527650648227,-0.054378429964798095,-0.05123404547567222,-0.0504931339657513,-0.05530459093192188,-0.17059750209738705,-0.20856797200048213,-0.0817389294015787
2015-11-01,-0.05683505628424456,-0.09891907089045666,-0.08587871366420417,-0.10622167898891081,-0.07864626368528015,-0.0671755194679573,-0.07111413141144973,-0.06655490685313994,-0.07425459240837202,-0.0692080455017767,-0.04106441201400058,-0.03789557050870295,-0.04486774999139113,-0.036615204444933984,-0.07705777740240181,-0.05929478531051879,-0.05720518099743742,-0.0951100866413522,-0.10404386056173352,-0.045729295694709564,-0.049696216394528356,-0.04562962644030739,-0.048984231735383604,-0.0818428419053764,-0.04243234067456419,-0.05235840989218133,-0.06056053189555084,-0.06382153677010115,-0.06305549755654465,-0.07132756116085413,-0.05418086685125364,-0.07401415012851553,-0.13086373515363312,-0.04242684839045447,-0.03992090653122808,-0.041938447876393364,-0.03902202152345788,-0.04494364897137338,-0.04719143683703706,-0.03716755123209853,-0.045352431134071,-0.071523140221138,-0.0823259630938789,-0.07102755784978527,-0.08136444712188712,-0.04056231935999967,-0.044212048554925665,-0.04153351317518778,-0.04473016771487251,-0.0324771090306681,-0.05952395353894813,-0.05524144414480334,-0.05660130136824499,-0.059321516506485865,-0.05168552908312746,-0.05033005708279358,-0.05197929452250186,-0.17135330485956207,-0.22488589560123107,-0.08039299609676895
2015-12-01,-0.06291370706545352,-0.09804642619305036,-0.08204200028685048,-0.10795394345021651,-0.07893701011509938,-0.06676991286241739,-0.07000446714443098,-0.06773025581265234,-0.07003219805418334,-0.07156810530890632,-0.04132554632782118,-0.036827835059562386,-0.04578977112232515,-0.03666465530553256,-0.07617942061510481,-0.05756814968200128,-0.057536217260723804,-0.08506872499501464,-0.10073890340042145,-0.0454591908040768,-0.04737202774982884,-0.048774028464816745,-0.04569092776289542,-0.08004438039285436,-0.042504663653353945,-0.05173758765462191,-0.058354326998786975,-0.062343965044733454,-0.06269985263539733,-0.06875322965502564,-0.054183918693085836,-0.07814899565003854,-0.13577852968261173,-0.03910887588196549,-0.04484949575560558,-0.03769412342290073,-0.03531060739066038,-0.0504890667972257,-0.04709941401927907,-0.03747737460921913,-0.04591769946694812,-0.07035369968059098,-0.08850513695705775,-0.07599886619551002,-0.09089701432758206,-0.04194152365266303,-0.04632777926110197,-0.04286569056995507,-0.043386228244386565,-0.03152128692662773,-0.059231900025670574,-0.05296214371842717,-0.05587099377849704,-0.06033195942911539,-0.05090302191516245,-0.054813828996699024,-0.05324777644617272,-0.1712266258557536,-0.2262062415998512,-0.08042319045075944
2016-01-01,-0.06311510082155257,-0.08546228179131352,-0.09146739500073142,-0.11286264085800518,-0.09029064992613145,-0.060278469402472126,-0.07168804093231917,-0.06659129815950646,-0.08179008887950184,-0.07397083671345465,-0.04482258418968512,-0.034256855371678045,-0.04533352949580031,-0.04265765078798787,-0.0755740857859045,-0.054857464166540686,-0.06033550179163659,-0.10048435325050777,-0.1189615363317553,-0.04949916332248721,-0.046427598556289015,-0.045622876690797017,-0.04913822296308706,-0.07513591915802972,-0.04178807133343357,-0.05328751485988801,-0.062373126880148094,-0.06375111778477696,-0.062280084598855236,-0.07032571378669394,-0.05296422194122748,-0.0827706296942807,-0.14571235164983137,-0.04224536565880116,-0.042042079214290054,-0.03661140332533203,-0.03523459690203339,-0.05891910359221532,-0.052606049086312605,-0.037470647611648616,-0.043758280780718375,-0.06687189204809323,-0.09714898877241909,-0.07698539034464646,-0.09115395709663156,-0.046359176020467116,-0.04755213437021589,-0.0438413541861768,-0.044321821075002314,-0.039519333299346926,-0.06226942968159866,-0.05327270665810276,-0.05086572887993613,-0.05641713241201181,-0.04776570490578432,-0.05218565426286005,-0.05326996062175626,-0.15002473961727888,-0.233159506416642,-0.07990136070383419
2016-02-01,-0.0531555960869806,-0.0876676485813866,-0.08612762248701043,-0.09517392224391998,-0.06743953872148974,-0.05188906818558869,-0.07729023461983779,-0.060540444208303214,-0.07823910920699818,-0.06814787352182881,-0.04344715397758025,-0.03352847075231864,-0.04229252995151386,-0.050668306291564456,-0.07553792310134154,-0.05457906896016676,-0.05117400303078199,-0.10418439910745664,-0.11898599613776858,-0.043641246579894356,-0.04820349476515347,-0.04552817310727897,-0.04475112851993462,-0.07940892222260858,-0.039071787703446416,-0.06379471115941203,-0.06798846134356973,-0.05933004474876197,-0.060460956705683105,-0.07451286555853924,-0.057764991911577315,-0.07205285194819595,-0.14517103038503448,-0.040987551618860335,-0.04220389100930773,-0.03386534453682672,-0.03241877354714272,-0.05913308164407371,-0.04981304591816978,-0.035398996635258057,-0.045053211277197164,-0.0641839043244379,-0.09753084371991624,-0.07622408000998189,-0.09314460649221873,-0.04350027447230535,-0.03915255850106437,-0.03308039928578152,-0.03688575009571118,-0.04451205141419196,-0.06079974380034094,-0.05309940250577699,-0.053539551719860294,-0.05601418649349688,-0.04761504299309409,-0.04819914854842977,-0.05024874191686494,-0.16954184600227257,-0.27622276670587087,-0.08039129274811627
2016-03-01,-0.06688073981195705,-0.08468452010888569,-0.08600557311098857,-0.10339659490669977,-0.07084253792544143,-0.05420364753519275,-0.08234566618322751,-0.06359032898883185,-0.07883249753363092,-0.07487687632782142,-0.04502846053718763,-0.03327807061639767,-0.046857793621496176,-0.04975690063741821,-0.07631666505254009,-0.058313872764154784,-0.05075175688752216,-0.10337890349270555,-0.12779469890845263,-0.047726421651132764,-0.04933057225069158,-0.04569015834757194,-0.056901355180483955,-0.08808978892992061,-0.0485556953657464,-0.060538276691024476,-0.06918744938141935,-0.059830679927653126,-0.060694464320221624,-0.07454812924447246,-0.0587801668351106,-0.07315188785694293,-0.1371820219333138,-0.036734016133541735,-0.041209400335046435,-0.035134180988398676,-0.03421859557568246,-0.061361566754809534,-0.05103720250217525,-0.04138189382056123,-0.045471867714042526,-0.07751148879295372,-0.1172574552865627,-0.0770601569280011,-0.10100486015983064,-0.044817986696807845,-0.04517885890374561,-0.03482255751973319,-0.039542842232441616,-0.05861411832893648,-0.07513042391574071,-0.05927240674405793,-0.05622409980131694,-0.06127104835357233,-0.053135985545485744,-0.061587398297568444,-0.05779139224356107,-0.15860404113786164,-0.2973949818293126,-0.0819259532260725
2016-04-01,-0.07796983850539013,-0.07758931631217235,-0.08698291969587596,-0.10145512496758467,-0.06686271503815534,-0.05641848302075823,-0.08503026588551409,-0.06362725224383425,-0.08257992849883841,-0.07619402684464248,-0.04621446531333951,-0.03328255924682365,-0.041625875545282826,-0.051292573181621726,-0.07268036887877233,-0.05833125176472717,-0.059348976579332385,-0.10201305911312254,-0.11764184838944075,-0.041775191191436786,-0.04857835974574194,-0.04806072735519292,-0.051503965282296865,-0.0838934167881699,-0.046886762390120726,-0.0691912684777948,-0.07048853154783956,-0.05819577462881033,-0.0660706645865633,-0.07959078167954955,-0.05447809392819029,-0.0733110956727556,-0.12155476726671159,-0.03218883905032265,-0.04103673434227977,-0.037741194896277065,-0.03398326637073062,-0.06023286861222906,-0.05149311903316905,-0.040437776679544665,-0.04763801110396553,-0.07846227919401234,-0.12715959056105786,-0.07139966219694083,-0.10671660447488979,-0.043195896170904365,-0.04607425587577456,-0.03738567337167111,-0.04338503758218569,-0.0592443496710382,-0.07037205448917885,-0.059566439638058896,-0.05366413273586466,-0.057088082240048146,-0.06532045706686776,-0.062049562987676575,-0.05557067270864229,-0.16768271590101627,-0.30599851863191324,-0.08159446872251268
2016-05-01,-0.08021838003551308,-0.07874622642831428,-0.10913813170038357,-0.07678391367318263,-0.07231338783169577,-0.05604618665183964,-0.08434738335977449,-0.060213219367749156,-0.08199978932571472,-0.07641828054416183,-0.04621922087450323,-0.033257974411460146,-0.036997270064420947,-0.041916541194900035,-0.07274991483702024,-0.0584816394851497,-0.06196934521268772,-0.10294253024809222,-0.1153479659880017,-0.04199693363292881,-0.05135994235794463,-0.053015583646573064,-0.05298618320247737,-0.08586311767360405,-0.046301280525544865,-0.06865075923233462,-0.06963017048902655,-0.05884407911711978,-0.06511941211266467,-0.07967331788620434,-0.05425914189305571,-0.07377693780593436,-0.12286676505450618,-0.03176520363970254,-0.040699767335472696,-0.038005552212599526,-0.03478064370548844,-0.06283506563341335,-0.05144532724436255,-0.040434951973773045,-0.04726469456573036,-0.07596834728959831,-0.12798760078202523,-0.07154950694753096,-0.10246011623314037,-0.04333986410742447,-0.04571370605423092,-0.03741654218917583,-0.04338592035871667,-0.059539327851839685,-0.0703092252219459,-0.05888083515753537,-0.05700078510381351,-0.0574139514552625,-0.0653867374456668,-0.06478765660409168,-0.055669661238657846,-0.17010331418023333,-0.3090186925709406,-0.08098423869616159
2016-06-01,-0.08034690954560081,-0.07700871123952963,-0.09913300798838594,-0.06861214586057761,-0.07297729842600456,-0.05707520301457199,-0.08753600873314248,-0.060904610114130966,-0.08120773345579524,-0.07670603347955197,-0.04948812984495673,-0.03507305297260643,-0.03960517226064427,-0.040935166602346654,-0.0727805724583702,-0.0564660918578094,-0.060818172949765166,-0.10372501375871344,-0.1131861470239197,-0.044359386299417686,-0.051245895586833456,-0.05031326180370593,-0.0506385036073072,-0.087303791601105,-0.04536033569145269,-0.06848651737088939,-0.0686281077654302,-0.05896664525528287,-0.063197471442167,-0.08322099580245418,-0.055902350465342684,-0.07261701744738833,-0.12724318571097692,-0.039680512357393935,-0.04205101627700683,-0.03541833414312008,-0.03568455106380455,-0.061808706851710755,-0.04968359435599166,-0.04046154090859665,-0.04787120852477476,-0.07337141727281124,-0.12812813163838735,-0.07187468087247123,-0.10282669771266116,-0.04293403951474894,-0.04508135432469965,-0.03755876598730815,-0.03996090264007394,-0.05592290893350391,-0.06642581594093419,-0.0616669757368975,-0.05124964942917686,-0.05896647548859899,-0.062317836092863815,-0.0654317499353813,-0.05190344830835336,-0.16807897810675956,-0.3093658050477055,-0.07953433247735359
2016-07-01,-0.08588963289747568,-0.08035005794133561,-0.10148981888376556,-0.06475531417042386,-0.07214868165064187,-0.05801614073153429,-0.09094852327557762,-0.06667211454622467,-0.09029957911978408,-0.0782694378101479,-0.04854429837306799,-0.03516772341407354,-0.03917360317407815,-0.043687728195839166,-0.07499350045794334,-0.05582202692921525,-0.058679061316673733,-0.08942422505868353,-0.11842629729279373,-0.04716953330066962,-0.05200400174572706,-0.046454060609591036,-0.0508040593049819,-0.08971928742661907,-0.04515828791900284,-0.07102777421095358,-0.06285887723808962,-0.058627022371687085,-0.06367619499626621,-0.07022938784506297,-0.05480769801315812,-0.06943718523932277,-0.11079432947698974,-0.03883433480609463,-0.04157414960480923,-0.036952341487141695,-0.035511881956713905,-0.06174667173461454,-0.048641023202020045,-0.039263757220601075,-0.048268526381265595,-0.06777370447074238,-0.11862887861257347,-0.0712569942979246,-0.09585326120665683,-0.04210502706467213,-0.044450728259374246,-0.03590184768342324,-0.039252430143970576,-0.055969874993813784,-0.0678618151782528,-0.0616662587168954,-0.053019506857003115,-0.05677372683600383,-0.06299621849660801,-0.06478495068351241,-0.05259902388251836,-0.12714911794542338,-0.28484643871917625,-0.07963445596228388
2016-08-01,-0.08437713022339857,-0.07606709061069547,-0.10095838108115157,-0.06694810453406728,-0.07042304254032983,-0.05643473881381972,-0.09475366533458389,-0.06829535557167797,-0.09224662470664369,-0.07045275580180502,-0.04918529274503087,-0.03230308838466058,-0.0396408756249356,-0.04656064801425615,-0.06701784893292953,-0.050293823441922424,-0.051007615579268056,-0.08662815610747517,-0.1203903160272393,-0.048316255862981966,-0.0495889348224627,-0.04685608791277604,-0.05667367255647799,-0.08920205911322526,-0.04077692250139252,-0.0602744661925359,-0.056082950172065535,-0.05493244175249061,-0.054397762134374354,-0.06982029990900333,-0.049881579312334584,-0.05208497476041269,-0.11331741741620074,-0.04087296910039652,-0.029249304284269532,-0.033568939123043776,-0.03317787661664939,-0.0531342048585613,-0.048178595653655336,-0.028000267810211015,-0.04589311465139265,-0.061975197596763495,-0.11872719730681788,-0.06895107425417532,-0.09823931456340602,-0.0409507755216243,-0.04778720451043478,-0.037233445007509754,-0.04367593244364066,-0.061556723931319925,-0.06360602947400809,-0.0609851845853289,-0.051340977520360195,-0.0576622762029614,-0.06652673727427606,-0.060475108240647654,-0.05272393315503467,-0.14050950080967117,-0.29180904471247254,-0.07723780996799066
2016-09-01,-0.08623986989903404,-0.07632807665889624,-0.10122536020502444,-0.06775713439782309,-0.07837106988210789,-0.05402857823459804,-0.0942486200947457,-0.06567822174585013,-0.08824197771701203,-0.07106486003802456,-0.06246260377505554,-0.03259995246934211,-0.039885244088531314,-0.04734476188354009,-0.05074603847034187,-0.04130222579396209,-0.05111063260545717,-0.0869995188072962,-0.12054124493187819,-0.05073926582524475,-0.04962155659961543,-0.04329036515527104,-0.0599708761591224,-0.07403915349706346,-0.03626678592409076,-0.06004989772663688,-0.05752524117509222,-0.058232240818457744,-0.04494131787047071,-0.0691262786770307,-0.04949621720835608,-0.05211903058892446,-0.10947568576443482,-0.03987375002400585,-0.029305656190136916,-0.03400438649362969,-0.03311717050596654,-0.05306173275676755,-0.05217630577268712,-0.028484314116917448,-0.04533253547276005,-0.0600900241571312,-0.12029776393611585,-0.05812032858275769,-0.09677253888270919,-0.040084056456868675,-0.047848031491138664,-0.03738824446608204,-0.04312713512276777,-0.060721286264358916,-0.06373893811879801,-0.058211970565572306,-0.05351284476714068,-0.0599746809760053,-0.06483781641827413,-0.05915806637651185,-0.0463116433518573,-0.13556990946539677,-0.2907283164122986,-0.06317993783280229
2016-10-01,-0.08285299098970604,-0.06072904205723047,-0.10055157044063871,-0.06763937566929946,-0.07234535665923467,-0.053058249020798864,-0.09294800271374427,-0.06865951244019114,-0.08832644496036811,-0.05643448708387023,-0.0612613671520787,-0.029019366794925852,-0.039944737475762195,-0.0526754867311108,-0.055727482539819684,-0.03956646138913522,-0.05095607629006431,-0.07501738600404177,-0.10892263329047176,-0.05033577422401854,-0.0350919306152144,-0.03713776332544523,-0.060039510218743056,-0.07131151314554618,-0.03542966671918092,-0.06807691726831192,-0.050519998989667504,-0.04453621749187732,-0.04380560325231288,-0.05683001448184874,-0.03910255722222067,-0.038091359835973816,-0.12934575702262477,-0.0495132488382558,-0.02802782100011019,-0.03060816573384656,-0.02659289231572646,-0.034886694135188794,-0.04568423485879998,-0.02917820573368233,-0.038555247973108976,-0.04780346978163818,-0.11381204367576346,-0.04627005904420598,-0.08857625395364492,-0.03973366658428135,-0.04765400832861439,-0.03745935921268408,-0.042823918936852584,-0.056011231459904214,-0.06213434835385124,-0.042680394154000295,-0.0454864944158463,-0.06347089148084284,-0.061778709542774854,-0.05616943896077257,-0.04260373847304516,-0.13525856902087247,-0.2847962311368828,-0.05234420765779512
2016-11-01,-0.08304014548269976,-0.06019192453446316,-0.11341316515108585,-0.06735134528874953,-0.07262537797107246,-0.06612618719945501,-0.11781444016887997,-0.09235700259693864,-0.1062700882656207,-0.06081889273079404,-0.07634382907177699,-0.03221000183843284,-0.04458650463323907,-0.05736269600482362,-0.0606906617695067,-0.03849224847713712,-0.050991578631100216,-0.07636534635713385,-0.10354534864061109,-0.04828522459303781,-0.039160458260623233,-0.03640175641683199,-0.061630370025038794,-0.07893435524981336,-0.036986754180029946,-0.07692249322058954,-0.05213513904085349,-0.04625046858948824,-0.054786030145229335,-0.057937789560690046,-0.05255559541643115,-0.044987310656706574,-0.12541345679495944,-0.0504496416417718,-0.0324784702632553,-0.032816349867764494,-0.03233286327312232,-0.03498121007535325,-0.04542261285604472,-0.040522161000821434,-0.041225506775021306,-0.05059389841551491,-0.11932643270572225,-0.05026108423992977,-0.09425553953349022,-0.053272203839313324,-0.05123438575306743,-0.04728030664809141,-0.051381525458057006,-0.05776558331542449,-0.06324005583192616,-0.060021236298760786,-0.049073380094571496,-0.060461184613459076,-0.05996845542864786,-0.05644529388544651,-0.047036221231426825,-0.14256618697159404,-0.27427430290793964,-0.05912547611864646
2016-12-01,-0.0759367296986954,-0.06041165729186879,-0.1132547204529733,-0.062065727031001015,-0.07362115786703548,-0.06733400732852296,-0.11696171430091135,-0.09213969616424811,-0.1021659179801999,-0.05778965740747158,-0.07711192841746807,-0.032962073678538414,-0.04455957641696474,-0.06423205170628372,-0.06096336948449084,-0.040658857830496685,-0.05077153649371843,-0.07639818158226626,-0.1098900192232073,-0.049315472426787584,-0.038451927571054464,-0.03667538901374322,-0.06174748226053537,-0.0756423599824934,-0.036772774055165054,-0.07167166471192986,-0.05202605438514347,-0.04533608564773923,-0.05187189825559621,-0.05798095627440158,-0.05377510711961506,-0.04459636605907481,-0.1244036928731455,-0.05542628996789717,-0.02891149190668905,-0.03379279935824265,-0.03447309774186362,-0.03435833816983632,-0.049695557380110486,-0.04032707843955317,-0.03785495341172145,-0.050112933168196795,-0.11122147177432393,-0.036747546446483564,-0.07607848209527145,-0.05352283055790343,-0.05113885615430301,-0.04728814920648328,-0.053236878976663966,-0.06119168571422204,-0.06369460168981607,-0.060275635209140255,-0.050363544172328585,-0.05893852709749563,-0.06340518953588718,-0.04845108000022773,-0.043650361176559134,-0.14088949220151029,-0.2714677116686217,-0.05600876515351106
2017-01-01,-0.07118472511692457,-0.060595646087292225,-0.09450784507723609,-0.060035837856924165,-0.07393818570275622,-0.057094781295552,-0.09905921140977382,-0.08508320396343878,-0.07400724600916464,-0.051201275084039356,-0.07263451189162311,-0.03394877729451686,-0.04221885219475492,-0.06362209701023912,-0.05701927991758732,-0.038402749603162804,-0.0479665683048368,-0.06356030832911663,-0.09677836176002619,-0.046671474641025244,-0.03618715085567578,-0.040100525234837474,-0.060303693856141066,-0.06806864546010463,-0.03653568338809799,-0.06309216989662447,-0.04081478096353062,-0.044488235030665686,-0.0516375730380663,-0.05820132067790796,-0.06132647714201004,-0.036746104806445,-0.10609323083205206,-0.0539304310290756,-0.03019469911691022,-0.0338025066757846,-0.03454115446540815,-0.029644184925428283,-0.04532315594677795,-0.03990476917623011,-0.045587183809424024,-0.052171780444660615,-0.0957781215487202,-0.036718559992228894,-0.07606624951970894,-0.0508234140633332,-0.049351792930046386,-0.04585930446233079,-0.05212246094094777,-0.05999011934374011,-0.0627892546195823,-0.059951953087856086,-0.05311179587748215,-0.05857849897023088,-0.06333100881129412,-0.04705072977097519,-0.043849081501582975,-0.1400506765418643,-0.23640210149106958,-0.0651286010822224
2017-02-01,-0.07689159540429795,-0.0544987194563756,-0.10799081748294131,-0.059379100062513644,-0.07385214644801019,-0.050782526563253605,-0.08534461760420056,-0.0794886108058631,-0.06864213901440712,-0.0508682867312775,-0.06907559008422087,-0.04009873745773347,-0.042292760585460526,-0.06096857942349691,-0.056759065125225334,-0.03896611403162246,-0.051998923006308415,-0.05716579628478175,-0.09704322609808803,-0.04760457831595952,-0.034902021229303505,-0.047781579101681515,-0.057059468874363646,-0.06693043940748819,-0.03744696992837762,-0.05995998153302124,-0.03165421615791603,-0.044516971447749805,-0.05156237493520745,-0.05460860612884677,-0.05858802374314626,-0.036828770889631955,-0.10622204540779866,-0.0544353822544253,-0.030193366168340858,-0.03388540676482311,-0.037264987285956674,-0.033994298426262386,-0.049643856978495556,-0.052520583302483805,-0.045412062577735134,-0.05002714661619871,-0.08349993502355871,-0.03923125397780947,-0.07020238368931461,-0.05315841374383081,-0.051556097178130554,-0.04681798899042671,-0.05373387881209918,-0.05781575767365091,-0.06130028498408769,-0.064679491587853,-0.05281221638840551,-0.058153916052644944,-0.06619882207791372,-0.047219277764342135,-0.04304957735799873,-0.1264814517952012,-0.21685700229905472,-0.06365173532628027
2017-03-01,-0.07196370708157808,-0.051169495086637914,-0.10783975933079135,-0.04906970935372278,-0.07043182913272968,-0.05484518755897944,-0.08961566896753968,-0.08665258690539669,-0.07591897425046332,-0.045396487319040134,-0.07101965776791087,-0.03991105622385543,-0.03953029630150087,-0.06081578942355617,-0.057167966780565634,-0.04008132401756647,-0.05190901894814776,-0.05619266689315714,-0.08815253648075602,-0.04335364289973395,-0.029457029740016363,-0.04798186859267947,-0.054710084328697686,-0.06352737627211326,-0.027545128998421785,-0.06128891473573796,-0.03132174046293908,-0.03613913099108532,-0.04880421863076979,-0.05249432544095958,-0.057542217595993955,-0.03632683950412896,-0.10482131732156368,-0.05297061710954862,-0.030861222239176256,-0.023885023001394126,-0.035091632048467374,-0.032958833179818535,-0.05214543957465663,-0.04864655195652621,-0.043871693262950644,-0.041845116620082785,-0.07065460943562671,-0.04045473483482764,-0.06581338144461975,-0.05296481449908896,-0.046705017455669226,-0.04294665673085747,-0.04995468135768668,-0.045905824610729666,-0.04781813530156718,-0.06033299591958977,-0.04991183270305833,-0.05382365323688517,-0.0561478267387103,-0.03227895775564545,-0.03728279747729665,-0.1276435740564535,-0.2013339153847808,-0.0624541675727619
2017-04-01,-0.04757245499776848,-0.035015214801673564,-0.11171381539579088,-0.041261466060017224,-0.07096451166493581,-0.05455721532260764,-0.09067227317061613,-0.08817645388255034,-0.07538562364462416,-0.044206233881417374,-0.07200113479404623,-0.039801347977912314,-0.04140597163017762,-0.06087946250670686,-0.053959304312701635,-0.040968656823936724,-0.04499239646410124,-0.05162164109939073,-0.0929756093514266,-0.04572934151377803,-0.03599204321301192,-0.04670942829123905,-0.055292964803286555,-0.06831468064143856,-0.029584352610012434,-0.05853337878600637,-0.03312976366464446,-0.03573768083838433,-0.045332420070318756,-0.049727512789829766,-0.05851200026204043,-0.03544434276706133,-0.09240446838896439,-0.05432923192396243,-0.031036443911344955,-0.02255108305398698,-0.03506322519755768,-0.03290320741454898,-0.049679297891419255,-0.04881336346698278,-0.04035696654184049,-0.03825773909165961,-0.053783674351917235,-0.038260346645708494,-0.05984732648809105,-0.05339236284462688,-0.045820129056183025,-0.0417131934246732,-0.04756303346896983,-0.04696398013412069,-0.04859690588301946,-0.0606527608707506,-0.050005342082671905,-0.05414108051302778,-0.04711404876245082,-0.034645899981810044,-0.03853481561628533,-0.09934058479160587,-0.1811538612949663,-0.06546245558493406
2017-05-01,-0.04735734615740263,-0.03275845922686851,-0.11985090475588242,-0.04292029090270843,-0.06613705089355133,-0.05991530470938276,-0.0932526528785072,-0.09015476721227092,-0.07847039290051804,-0.04679592702025438,-0.07342395914511869,-0.0410196188734208,-0.04187402276584891,-0.06161302555668395,-0.0535652596133423,-0.04178874075631429,-0.04141602557579456,-0.0497672890528762,-0.08897089667369702,-0.04586412941538877,-0.037185366562457384,-0.044596336885749585,-0.058632785159497935,-0.0614004863458653,-0.02935165597817018,-0.05723089953034359,-0.03026425050889467,-0.03896469792302868,-0.04645105426438262,-0.050368126057040344,-0.05855319545103484,-0.03985065967417715,-0.08879943058523676,-0.0552524280713191,-0.031033298796953313,-0.02712010671366972,-0.03471307095054497,-0.031210702056268927,-0.05100608155206827,-0.05115338948291974,-0.03990765036176993,-0.0390336427856165,-0.051470707328107365,-0.03743162581522306,-0.06022864295318697,-0.055298864578687046,-0.0472626297436385,-0.04225553005539369,-0.050108674769337946,-0.04917104677243315,-0.047828665100902716,-0.06096177097682951,-0.04586632316848907,-0.05559279413175926,-0.04648822231897964,-0.028399338321150363,-0.03783123192870063,-0.09661513550353112,-0.16995014266897793,-0.065704911971695
2017-06-01,-0.049867673666180806,-0.029538424763088125,-0.12017529418941979,-0.04582270543688443,-0.0648698360360446,-0.06013484883419832,-0.08243627350104812,-0.08513687096255833,-0.07351406931872563,-0.042329441574944074,-0.07269777168314788,-0.03693601534623891,-0.041998071114962586,-0.060859984227683676,-0.05838901860126471,-0.0419050447252412,-0.04210133654807748,-0.05114119127913657,-0.08490718575188116,-0.043614426843069085,-0.036198980091683416,-0.05534878209357707,-0.058714935788081256,-0.06144771201200303,-0.02949770440087956,-0.058062431025200346,-0.030412326611342883,-0.035129787738138796,-0.045007985697415445,-0.049985201197677104,-0.05613402282100933,-0.03993366291786255,-0.08482983385423994,-0.04671807911785869,-0.02951296733305953,-0.026518256686629285,-0.03321224049603752,-0.03344956961844092,-0.06381485971251187,-0.05128919208903635,-0.03584324039508579,-0.03775840690128477,-0.05175863141274542,-0.037533100964580915,-0.060046035202014604,-0.051540856437213754,-0.04060825260208625,-0.03827182890762518,-0.04662291820793308,-0.0465410614039723,-0.04925253752058972,-0.05828796603991217,-0.04460010325316998,-0.0484713315881717,-0.04585881064435837,-0.0282638555060926,-0.037881769076330604,-0.07810692964384618,-0.17036921633822757,-0.06692083580582034
2017-07-01,-0.047264110168422344,-0.02002301315121615,-0.11631410953587062,-0.046222788739913145,-0.06562343197189867,-0.0605366853348707,-0.08310658084049377,-0.08466544707555065,-0.07112156492206359,-0.039637197632974436,-0.07373344470226663,-0.03627433168438186,-0.041958386233162635,-0.0591622774146207,-0.05636513879190051,-0.042046458906661054,-0.03943427426693836,-0.050048987429863565,-0.09373830573405245,-0.04036567263845916,-0.03352947495411584,-0.05537355261017645,-0.05717565482800993,-0.05903065943892088,-0.029245077940340494,-0.060153761241616664,-0.03126446927691403,-0.03727340909857315,-0.03754418058754087,-0.040191488144018815,-0.05992283926637261,-0.04045861541261194,-0.09433848438982749,-0.04915515794398276,-0.03199544035234564,-0.02378173442890087,-0.032717648065200465,-0.03632848843930482,-0.061295620431337954,-0.05133098487710385,-0.033200440402021913,-0.03867420043650659,-0.04861817807345855,-0.0397923746843963,-0.06068916191364607,-0.051725916218359556,-0.040866158892377144,-0.038311484096462727,-0.0465522554143425,-0.04921021203940888,-0.0414938553244469,-0.05845077448514653,-0.04298303146158458,-0.04368549231048672,-0.042677294866698384,-0.029044188575785314,-0.035729885337458,-0.08136224019925062,-0.17433388471304004,-0.06877373348528579
2017-08-01,-0.05131089470119187,-0.020222587635234802,-0.11699386608212528,-0.043685491861286715,-0.06544505152745897,-0.06125617725656222,-0.08113998269133804,-0.0842477060106271,-0.07058689431621828,-0.04022218143740951,-0.07354417707332578,-0.03296477511787827,-0.03427003492175493,-0.05633843547121467,-0.057839121522552994,-0.037821772627407234,-0.038169804469081366,-0.050725173534070446,-0.08610880562005715,-0.038971550970435045,-0.03177158308150869,-0.06328939170792597,-0.05480932011566149,-0.057729576967455024,-0.029193459844288977,-0.06003797586328228,-0.030913311953382556,-0.037712242620474005,-0.05393368864527413,-0.039884145848816915,-0.059943704403685086,-0.04854455108804142,-0.09825919199846057,-0.047682627594668806,-0.031874049853105345,-0.023864047570071708,-0.03217996456936579,-0.036565930005218725,-0.06072014347974579,-0.051372157086426964,-0.034449922060659506,-0.038540616145593586,-0.0506562659638947,-0.04412239512376169,-0.06666588044777631,-0.04772536727893357,-0.03623421076283554,-0.03799301761050978,-0.04314624757754693,-0.04083340396654738,-0.04046303887247028,-0.06022087171053237,-0.04283755898645668,-0.043970913713516545,-0.0389825039584734,-0.02690197781541995,-0.03441404701672831,-0.07155236692375569,-0.1571037694910044,-0.06590759138857889
2017-09-01,-0.05796753960657421,-0.020888152082441016,-0.1170176843130185,-0.04545753970481962,-0.054619502301119574,-0.06017641144569757,-0.07872756508505362,-0.08137225377617499,-0.070238265928246,-0.04078625507821922,-0.06140437005582433,-0.03348974904379312,-0.03661505664012478,-0.05740241491689783,-0.07081866017699301,-0.03784929369135041,-0.039564004948055904,-0.0474957512244945,-0.08646980959073755,-0.040867816216339135,-0.0337999306847679,-0.05808766632574612,-0.05609393518252887,-0.056504772911535606,-0.028745633579175565,-0.06504380411376771,-0.02847896350980406,-0.03677056604421125,-0.05615221694398039,-0.03989202127579642,-0.060633836201418066,-0.049032625679634664,-0.09764270236368675,-0.04948515752283431,-0.03172087578288689,-0.022889726769741426,-0.034684027349899886,-0.036654031473326104,-0.058592874939739886,-0.051627957445794646,-0.041403033458488316,-0.04473703964969414,-0.06176389206749837,-0.05571578455387285,-0.0725225507195183,-0.04962132998984105,-0.03908935328821442,-0.03840137610493987,-0.04639733715335304,-0.03990800602367432,-0.040548845066898355,-0.06658794144008696,-0.045759237243609585,-0.04575962347874718,-0.04207439994990054,-0.0313079741156832,-0.033708069513700936,-0.07123508953819388,-0.15859012591043234,-0.0653859056225959
2017-10-01,-0.06032480798063117,-0.032584774316345384,-0.1175989572481695,-0.04578575797852722,-0.05762131815865384,-0.06051117740294616,-0.07938291931466607,-0.07861423069477878,-0.07008731369033273,-0.03290795096565817,-0.06115521705935325,-0.03622472366632496,-0.037857951332696094,-0.05257346856055326,-0.0544150598800474,-0.056256145129959134,-0.03341122500526198,-0.0548130109803389,-0.08624683745638691,-0.03361189696473397,-0.030824384949870387,-0.058266077151394924,-0.049376233479004515,-0.05218818454483244,-0.016884648197445104,-0.054204478837305885,-0.028834470536447766,-0.06086407892134655,-0.05652580128274636,-0.04163634453926506,-0.06117195286101153,-0.04915045564172155,-0.07926683501450746,-0.05910372344033712,-0.03375381352045232,-0.023111159460027234,-0.03451640007034142,-0.0447759559345636,-0.057961173360841355,-0.05136833519414355,-0.039212556578993,-0.04544138722277764,-0.06181642734854197,-0.060112413541259783,-0.06990521239175788,-0.050289594708406694,-0.04091846919114809,-0.042161943344755294,-0.04835321058010318,-0.04259760654338118,-0.038242069093472164,-0.06711581271623493,-0.045145056155571815,-0.036800783303361534,-0.04115887908908469,-0.028794030741261228,-0.03342222510328081,-0.06992962257824119,-0.15873589814330516,-0.0503587408365874
2017-11-01,-0.05792426275196825,-0.032399426402058895,-0.10865301274290752,-0.044394014414854896,-0.0535362585954805,-0.049078261813895914,-0.04532397472298124,-0.05339868462984866,-0.043901932340183275,-0.030258940883550682,-0.045685426488483984,-0.03268342129049922,-0.032143523106250606,-0.04250840994320969,-0.05350620290269208,-0.054595589093291236,-0.034479752132597734,-0.04948532700645007,-0.08909879408002488,-0.036320713294375744,-0.02931035920808075,-0.06306253967849365,-0.048452196205904394,-0.043349814912948856,-0.023615240033185384,-0.045175515149293966,-0.025486101821057004,-0.05777143079229143,-0.05564754223167984,-0.037170393473836126,-0.04875850300216066,-0.04939731673872533,-0.07718827166310277,-0.06192122058736777,-0.03090462371735367,-0.016993384878009162,-0.03138631696054551,-0.05092702324012337,-0.06863061933628704,-0.04306624899010396,-0.03569629557529143,-0.04202364118444917,-0.05422368747038002,-0.05364211887229995,-0.05993008282995319,-0.03149162947645194,-0.03179317687407455,-0.03183178283230624,-0.03788738021384609,-0.03961431608843197,-0.03553453562674724,-0.04696956321768266,-0.03977192715390185,-0.040738561279837944,-0.041258700232670725,-0.030171548228199774,-0.027197310394313817,-0.05654278908765791,-0.12794536917146807,-0.04772425416336067
2017-12-01,-0.05982456097883898,-0.032629554102139836,-0.10904999500723517,-0.055333781082743616,-0.04995843209884111,-0.046538616896085294,-0.0453843272924652,-0.048119189704097905,-0.0439113050661922,-0.030232473688855087,-0.04852092504959224,-0.032760299431472385,-0.037080950005994026,-0.0366836718258653,-0.0549323441653711,-0.05472324037248205,-0.03472633580024144,-0.049879190631361314,-0.08578508736463493,-0.036915031104448215,-0.03056334424136847,-0.06336011666000212,-0.055261357332847594,-0.04313278882299006,-0.026816487928532397,-0.04649507098800858,-0.027659596299817776,-0.05277113955417649,-0.05574880729088256,-0.03722824880595397,-0.046336464591582534,-0.047526672750286304,-0.0771156850684242,-0.05822613241202961,-0.0309445573543017,-0.01665379957372997,-0.03037330665629158,-0.04940321376651784,-0.0673217254609154,-0.04382759652655938,-0.03411811388920603,-0.041759795523578815,-0.057495972397468405,-0.06059972794900743,-0.06157888768155987,-0.033160393773487444,-0.037142890944914145,-0.03583600159159651,-0.0420575404452805,-0.04034816877167524,-0.03704680020925554,-0.04787278336020207,-0.04153499257178892,-0.044751102019405825,-0.03492015315525412,-0.0274508602142306,-0.026988620662722125,-0.05524287578580902,-0.1484398437516142,-0.046637457576776745
2018-01-01,-0.0609097201964676,-0.039413223462296934,-0.12135812493651385,-0.05088673776899629,-0.043278332864801594,-0.04860022342414086,-0.048091138276395565,-0.04694112058904661,-0.04697621095989442,-0.03168721407042206,-0.052611603788746776,-0.03220017344856269,-0.038728634785554626,-0.03774540196065987,-0.06143931324765497,-0.05471996779874929,-0.03291984434739602,-0.07059382174517914,-0.08127946611502838,-0.037700384361207734,-0.031667829326273884,-0.0661875705836253,-0.06230237896325612,-0.04317104716954064,-0.027129922695226252,-0.04714508196771337,-0.03276859247047188,-0.05330032988289218,-0.05621589625887792,-0.045711251750648815,-0.03789699213837759,-0.044269095535057625,-0.11547176183070373,-0.058372428244841054,-0.03342712481213166,-0.01790549843747705,-0.029804392911279506,-0.04605160683157623,-0.06783243181207278,-0.043994016176209176,-0.028462354099795004,-0.03678977701330172,-0.05857272745232742,-0.0676279394668707,-0.0638992504818739,-0.033112190904167844,-0.04358698371220314,-0.04053500493280962,-0.048407519599391526,-0.04158486155458009,-0.02174308819284926,-0.04548682823494724,-0.03820182914227798,-0.04566523291416807,-0.03814266326985758,-0.02749358710724808,-0.023709557779718945,-0.05660396350904951,-0.13409401583096647,-0.03796407644655795
2018-02-01,-0.05431918834455758,-0.039789185035037554,-0.11640779217881375,-0.05004820806493691,-0.043373478850545724,-0.04747956122101035,-0.04516961544057439,-0.042464163787814854,-0.045473401022058525,-0.035861762884344416,-0.06376293206267315,-0.03196768770005438,-0.044893014306254794,-0.03323878867853203,-0.060481765610574,-0.056316682436306977,-0.026058177872819166,-0.07030689200172713,-0.08256989765588772,-0.052689417693776004,-0.043172418545199626,-0.06465712380463251,-0.08269010182386997,-0.05085959468725253,-0.033293498829451325,-0.048549290062927034,-0.0344423026514552,-0.05435572339753746,-0.059902289582440135,-0.05391886479597665,-0.0437139292429615,-0.04674375131403229,-0.11472441034877104,-0.0588850357503633,-0.04118811584153011,-0.03661915661179646,-0.039253214921254484,-0.07553433357126006,-0.0656104754244198,-0.035442570542708954,-0.048826354579738926,-0.049689123514507695,-0.0636332137542343,-0.07319956224791835,-0.07371530343590998,-0.03391807739250011,-0.04044524300158815,-0.038907853292539867,-0.047908703357564524,-0.042246388769044706,-0.03462955366982182,-0.04611346702885967,-0.059432332554745934,-0.04684395798731673,-0.032966125754438844,-0.04025606324263402,-0.029949811841633648,-0.056695835234529,-0.11520329117724114,-0.04210594344091479
2018-03-01,-0.05861308916820541,-0.04349031008820195,-0.12119360095261415,-0.05080250927512906,-0.0439913156806827,-0.04954094694078586,-0.048413234779779456,-0.03728409636616648,-0.041574176904515876,-0.03632086789766041,-0.07068508568074278,-0.03224864519849321,-0.049772502001359395,-0.03280260477489896,-0.09576674436107656,-0.056600919670621794,-0.027558430309633345,-0.0752132091498933,-0.11125023573615611,-0.05380727408546083,-0.04393988897632941,-0.0639827846779902,-0.07891984852476965,-0.05189565595130766,-0.03776099508574455,-0.04727892105831316,-0.04219967055839175,-0.051359369341626854,-0.06211797496905217,-0.059109369007425826,-0.057187180004539866,-0.04587307255177202,-0.11538105808443017,-0.058984570819302196,-0.0415399350192693,-0.03642503551813967,-0.038829103570628985,-0.07594981678415194,-0.0628577134547363,-0.037412382171071505,-0.04880851100347374,-0.047293496540547,-0.06662368549676462,-0.07306373268546848,-0.07433081990478733,-0.035538666815425383,-0.041462757791898626,-0.04090473089731203,-0.049549789987618026,-0.04363949801204557,-0.03552033216077305,-0.045148082811923895,-0.059582499448719475,-0.04326012979617124,-0.03528731554062934,-0.042930497036964665,-0.02726312817884437,-0.054902929259015854,-0.11752499757103996,-0.04400238212995136
2018-04-01,-0.05910668915396936,-0.04339362360739263,-0.12012870661856995,-0.05181935234063437,-0.04389768642869177,-0.04963122434951773,-0.04797060431976931,-0.040559621654664604,-0.04510048489571669,-0.04080241731809057,-0.07007419192981522,-0.03243345307312718,-0.05332859167916088,-0.03524358685515875,-0.09570134901956101,-0.06186340254389246,-0.02800257046036004,-0.0760147868335432,-0.10920080356773831,-0.0524467033093588,-0.04298537384047131,-0.06370587488889586,-0.08040163952710357,-0.04986577403989484,-0.03620368594092685,-0.046614111590445526,-0.042383082279231675,-0.059232291698280023,-0.07903521073146859,-0.055479926876387656,-0.05868052213882563,-0.04510774440490372,-0.11503911877192532,-0.06121562152375159,-0.0467582818149453,-0.03631774267576179,-0.04462682595013787,-0.07591438645185031,-0.0622191593730466,-0.045340524748859475,-0.05057705523864484,-0.05282050611966179,-0.06806700466151361,-0.07297594688893101,-0.07814838983736426,-0.03546749346989128,-0.042685643310553384,-0.042293900904703974,-0.04972928730731154,-0.04095209134396891,-0.03456283799956217,-0.04923015709516185,-0.05843633711640213,-0.04205019939050125,-0.03298701679713717,-0.04315615274490923,-0.026423845586427103,-0.05485584270743413,-0.12553004442121754,-0.0464517551951635
2018-05-01,-0.06625672877850076,-0.0443460064298704,-0.0900110682697345,-0.053643249600437155,-0.04519617113550255,-0.04498743059310897,-0.0467649909779816,-0.04000592582866305,-0.04415767744933405,-0.03929225275371199,-0.06979513115564483,-0.03299894710156933,-0.05280273593044407,-0.03735429407874654,-0.09519908338821391,-0.06037206921112694,-0.026096699027869413,-0.07547700024596737,-0.10577040202736712,-0.05176716762430554,-0.04219854899686844,-0.06091161059839045,-0.08641544889009531,-0.05021014957430571,-0.036464985796415834,-0.048300915544528936,-0.04362816119443867,-0.061568298465605735,-0.07965267287193359,-0.056639430660646514,-0.06504760204081794,-0.04125015604896587,-0.11625397133270686,-0.06096048324266903,-0.04688046683265504,-0.03281568430499759,-0.04246784812595634,-0.07816727440844472,-0.060527760817916026,-0.040961286815728686,-0.052954495133875075,-0.05176817462938643,-0.06161460798768207,-0.07224275883554569,-0.07728379782080252,-0.03252417502184776,-0.040591705209792134,-0.04126975186659114,-0.04640075452239337,-0.040379916576311126,-0.03531860812441416,-0.048226183937926034,-0.05745525127343549,-0.039180896941053915,-0.03503940327977469,-0.041514766252828905,-0.026744967777538906,-0.055239061534622894,-0.12199106084976644,-0.04670460285058619
2018-06-01,-0.06246152678589339,-0.043481386422604816,-0.09471083771833617,-0.05373837748713917,-0.04057672489807611,-0.038680741461089324,-0.04540538946028316,-0.038474686853042006,-0.04593364638547794,-0.04621032481683553,-0.06629746135042236,-0.03173123519462477,-0.05179893496063322,-0.03645419331592066,-0.09757635284105086,-0.061048969674624365,-0.02552438051039903,-0.07236534155110606,-0.11935817242365189,-0.05193120084221879,-0.042364814236339206,-0.06042710934251658,-0.08588454017866214,-0.06553395331230491,-0.03796620971770356,-0.04797751337724048,-0.043626719017452215,-0.06043185444803102,-0.082975465958801,-0.05240698884782963,-0.06469611684397991,-0.0442809848663136,-0.10635302545183825,-0.0608409896031332,-0.05196233224881745,-0.03393739820846871,-0.0501761435900508,-0.07732629781637401,-0.045700032318792834,-0.042239233624816436,-0.05310823070067987,-0.05167191393838065,-0.05940716306091972,-0.07035163259236378,-0.07750529807152846,-0.03162884806844908,-0.04091775798707543,-0.03930862074526169,-0.045643662987961936,-0.040045955783787626,-0.032413420822447914,-0.049616253276837954,-0.06217989341222745,-0.04053409140612405,-0.040270370759019736,-0.041438950588159204,-0.02905478741814615,-0.05319528291064185,-0.12196943842526665,-0.048262826246070596
2018-07-01,-0.06240897521582157,-0.04473887006437234,-0.09166671061037686,-0.05781516232472766,-0.04147601429137072,-0.046688203447368674,-0.049968597596722404,-0.04382119454570194,-0.04745684902739469,-0.04624188916020968,-0.06614428594993695,-0.04165242276984947,-0.051765719046882146,-0.054712283307563794,-0.09647060610464289,-0.06563007618240552,-0.03454084897719205,-0.07188820766184803,-0.12194359235705042,-0.04993961354472701,-0.042277031341282446,-0.06266637943150102,-0.08600884589841322,-0.065441369221458,-0.04680698039349868,-0.04149611233919492,-0.047593496081992474,-0.06254518598878475,-0.08291704463434837,-0.055872775139166414,-0.06898304761292541,-0.049937433133551264,-0.1181609121124136,-0.05864530675591605,-0.05153562331538208,-0.03782561294711116,-0.05278351767345034,-0.07670455055383556,-0.04490897569402461,-0.044317788733669324,-0.05328787638062064,-0.05126586863443583,-0.05940239381378295,-0.06940270290025224,-0.07719920855771645,-0.030831981082173724,-0.041667970045553754,-0.04156883609858034,-0.04605752952882471,-0.03778872007567409,-0.03163136641288305,-0.049542110354724035,-0.060775179414077556,-0.04011954380738985,-0.0423877578445948,-0.04142927240977089,-0.03110913867567876,-0.03713605490539159,-0.11141238635063784,-0.04850050845467765
2018-08-01,-0.07495274505925825,-0.04546388987809403,-0.09637165215569383,-0.0571835549519706,-0.04642860102132853,-0.04632725686840112,-0.049704941947279035,-0.043729050335777994,-0.047803764421187445,-0.0493012722777817,-0.0640140243358393,-0.04208703041192226,-0.052619564445104045,-0.0561352701344628,-0.09540983169903576,-0.06636845142557915,-0.03535614005746654,-0.07256189812591303,-0.11788191153964539,-0.0496634918604232,-0.042205400306540186,-0.04809365934102644,-0.08513579360179625,-0.06730031437161395,-0.04693041470412642,-0.04201354202346819,-0.04882604825593869,-0.06250259038046935,-0.07538061070309617,-0.05602620244971571,-0.06902628255075462,-0.04244196460907518,-0.11490771361336406,-0.05792155187045911,-0.051983699597695436,-0.040387974269966535,-0.053390767831544776,-0.07834508410349181,-0.04464346784791804,-0.04432778399299163,-0.05175285025276962,-0.054899614034384196,-0.054683333129276535,-0.06839929458376709,-0.0732009885988504,-0.030133777580235124,-0.040245746979490696,-0.049754975070695866,-0.04385818252662965,-0.03808582010932727,-0.030378155873070592,-0.043772784683033035,-0.05922400281298723,-0.04122766087017891,-0.04336515699610989,-0.046732002045023376,-0.031001567495715195,-0.059429208547080836,-0.12188881678982337,-0.04838136112472805
2018-09-01,-0.07051142690356785,-0.04417612342322219,-0.09699617474428153,-0.06834138747707263,-0.04227936231078838,-0.04648626177144615,-0.05168091593564047,-0.04408206902157432,-0.047481094650741504,-0.046729029015556756,-0.0692453263484892,-0.04192599039931704,-0.052255961210832466,-0.055517079749692305,-0.08450558811128785,-0.06700601412370297,-0.03611212789225165,-0.07118006596241694,-0.12247408318368469,-0.045867551185623606,-0.04215929872778739,-0.044872104300987634,-0.08425193264457076,-0.06998576173347858,-0.04774132688854362,-0.03968223356794948,-0.048968383202412466,-0.06432904715162628,-0.07322404051036659,-0.057297972200599775,-0.07178255945563097,-0.04178932741130411,-0.11543942282068193,-0.05838293073459019,-0.05198419609523689,-0.04219925582003648,-0.05210849612771913,-0.07903840048783392,-0.04505190245740313,-0.04402176132606441,-0.05044069714133599,-0.049937753016021234,-0.04667010411291485,-0.06106786458173825,-0.06789993030929681,-0.028904745161307203,-0.03878493903495652,-0.04927515016051579,-0.04147122085035103,-0.03790552787768636,-0.030487570085367968,-0.03737807590966897,-0.057606400402055516,-0.04367398273562752,-0.04307103527532004,-0.04413307950984475,-0.029894012064550782,-0.05944554365783914,-0.12099654543529353,-0.04801892067348243
2018-10-01,-0.07006293923753726,-0.04730054963791707,-0.12864460064683492,-0.06943665267105942,-0.06706231679955735,-0.045972633900149655,-0.05254527590068033,-0.04345005148002636,-0.04553297932693978,-0.05972383797715719,-0.06912989256121559,-0.037162837962580075,-0.0517067415837292,-0.0519379947310379,-0.1007676331887069,-0.043718891266206795,-0.03663446068638262,-0.10482502681685334,-0.1440195801718831,-0.07053809573905584,-0.041316622234111165,-0.06452401446158176,-0.104555162526073,-0.09460360449266252,-0.057545297022846026,-0.055867238866282594,-0.06232776941953875,-0.05477348848063332,-0.07965890600118783,-0.06503070056091223,-0.07264724572082132,-0.042424710657459806,-0.1397173249092591,-0.047386350903041774,-0.05466652669430449,-0.042917348720374726,-0.05192927860341486,-0.0751397382923586,-0.04583029254028517,-0.05336784026429235,-0.054272778767829,-0.05721593517973066,-0.061006099511500704,-0.07444086955087002,-0.09142287055945612,-0.026123141316341025,-0.03685240713146297,-0.04642916075747315,-0.03920180747387874,-0.03452067473899243,-0.03454568954416696,-0.03982952538674514,-0.06756342398774345,-0.04147493043569663,-0.04232090896001227,-0.04335247024380543,-0.03573111077136964,-0.06016271927015537,-0.1310416961085811,-0.061817138561493436
2018-11-01,-0.09512988103725961,-0.04758528448696388,-0.14837038580317527,-0.07017910885974983,-0.06717216711396093,-0.04519736446066795,-0.05253846373294853,-0.06176283036705461,-0.04432345429907215,-0.05754010079087154,-0.06955041110401701,-0.04009547108361422,-0.05078608639227327,-0.055637910534706896,-0.11450603434828849,-0.04508898957317154,-0.03996982451661931,-0.10465969096480356,-0.1424760923461079,-0.06655061758172667,-0.04450844062559595,-0.06113515805689748,-0.104445273726437,-0.10005093600273637,-0.05233958140418449,-0.052301175567817965,-0.0623422502542231,-0.08883688936500915,-0.08159118989811506,-0.06513198024041857,-0.07484810543523769,-0.03881336879419505,-0.14011302438341547,-0.04099027446791048,-0.056361872720089294,-0.04552609515224348,-0.054137688841461,-0.06964109835836231,-0.030693936109699598,-0.05679055844922337,-0.05426313693650537,-0.06025954446689486,-0.06495869411510226,-0.08130500543104385,-0.09145624322921557,-0.029293091604921186,-0.043587705974929364,-0.050714869803072715,-0.04127979800731915,-0.0367897854408626,-0.03602683137082301,-0.041846686154512015,-0.06821287957041987,-0.04011491602012594,-0.04290915943524332,-0.043747221295161155,-0.0372256159299218,-0.06164590999350054,-0.13150874885086686,-0.06564621927261152
2018-12-01,-0.10210938647509796,-0.057625300852442475,-0.15778176850083506,-0.07150782790833042,-0.06875977202700083,-0.05961377698065734,-0.06369330926541852,-0.06734632781169976,-0.05214812169543735,-0.05895789496688797,-0.0796820761165486,-0.05621205722851255,-0.0636824783165332,-0.05720897445584803,-0.11470221986964556,-0.04868474905853894,-0.04593997459856895,-0.11285337423787359,-0.1436126852407057,-0.06596065660307959,-0.04884040002644271,-0.06149994778060851,-0.10014864566400442,-0.09496187597643846,-0.06049813534668139,-0.06159042213067449,-0.07163895759758757,-0.09163369872851587,-0.08100812386684267,-0.06767948208256654,-0.07604739591299434,-0.04086338549295426,-0.14318339405301772,-0.04067365397888643,-0.057019846191257925,-0.05022518054896326,-0.0601987172403291,-0.07046669103447804,-0.052413299709652625,-0.0566005347532149,-0.06986587928696926,-0.0636469322335743,-0.0667582346956039,-0.09055075465246887,-0.10195546174163414,-0.03314746525803272,-0.040279762794792805,-0.052128616431468044,-0.03965676510014912,-0.03266106085502135,-0.052654990148603344,-0.04376485558798113,-0.07157755457985794,-0.04950044204694551,-0.04483306393707947,-0.04401206695465926,-0.03706538657026419,-0.0658897157496822,-0.08946870185245556,-0.06916872300345409
2019-01-01,-0.10344372554869205,-0.05064018973123334,-0.1380575562277053,-0.07179068119600955,-0.0682969410464216,-0.05744901962216659,-0.074089021788228,-0.08698456772700128,-0.05086588506580459,-0.053745469455082885,-0.07833321039273429,-0.05705137360883846,-0.06458122521562416,-0.05347055779780053,-0.10838735786165458,-0.05041221625190514,-0.04716886058942273,-0.10206918957688346,-0.13991053049439606,-0.06667662619069155,-0.04873179816130295,-0.06291720927825929,-0.09382964529907041,-0.09589270240737836,-0.0647214480246917,-0.072887220972135,-0.07479780989687568,-0.13868031180926405,-0.08392096242631361,-0.062118891442263076,-0.10630540990224147,-0.041008970259853984,-0.1242401833796124,-0.048744898968597336,-0.05581645672913848,-0.0494177052825628,-0.060566103931013596,-0.06681144620700162,-0.05285157278610706,-0.06461746793479023,-0.07246707461972424,-0.06603564823999729,-0.06787943194688079,-0.11038423983533054,-0.10837271752529,-0.033556224528523235,-0.032653693631340124,-0.056270081793998186,-0.035209424811400415,-0.0325999933053155,-0.0718996079199186,-0.048940299021828615,-0.08079243746931881,-0.0513506422726647,-0.04155841459163479,-0.04406390709080319,-0.037125702701783274,-0.06062977025302794,-0.10090992163214298,-0.07207351503179145
2019-02-01,-0.10236597700450888,-0.05357344465674457,-0.14194578751227332,-0.07171656301337571,-0.0697772963817243,-0.057605055741776504,-0.07471088105758206,-0.0871820689559594,-0.05091005164929549,-0.05954735703790514,-0.07348382388997604,-0.05502410581278871,-0.07193708937036056,-0.04691097165016147,-0.1070477395110946,-0.04004120139248642,-0.04648148189510637,-0.10310086626965524,-0.14054099529846126,-0.06013253137890573,-0.04197918311746149,-0.062491747547096216,-0.08422671720393167,-0.09597763329118837,-0.06663010038649128,-0.07286294541330203,-0.07814641582243956,-0.1380925187070851,-0.08323002559956445,-0.05870967745515435,-0.1059130181801335,-0.03710935762174282,-0.12350361699662647,-0.05002809251160371,-0.04447526583274552,-0.04344683403486875,-0.05429028152276063,-0.04363225946590658,-0.05225668007069934,-0.06168492516013625,-0.0666002023187873,-0.059774391287155434,-0.062180055806972646,-0.10898640791179662,-0.10337601178680905,-0.032223725269378625,-0.03010236477271959,-0.05483893747811701,-0.031325883603476073,-0.02849682989371884,-0.06758064276237451,-0.043168688257639344,-0.07244636297807447,-0.0475425462016849,-0.04149191911670416,-0.03946078346743952,-0.04338053349162765,-0.058953548036632636,-0.10913865663619685,-0.07146962689575856
2019-03-01,-0.10386387596812999,-0.05259341550639769,-0.1520057251375303,-0.07409152334735808,-0.07162705584463482,-0.056591342754358544,-0.07396130343728848,-0.08695726564041015,-0.05122108020162695,-0.05961400510833995,-0.0672769812574724,-0.054826684983456095,-0.06960297076153217,-0.04565940638504345,-0.09236023566618132,-0.039463599484325505,-0.046301267638798584,-0.1039018690952505,-0.12462851331761222,-0.06081854700967987,-0.04156127860840857,-0.06292710452895257,-0.08372970878796882,-0.09517995274769515,-0.06486499297453434,-0.07316673645530868,-0.07575500318469307,-0.13798589617128434,-0.08290343623362632,-0.05611273178815902,-0.10137655326924941,-0.036308006972260255,-0.12365885260616306,-0.050020817229827666,-0.04522363748904641,-0.04458500993874845,-0.05612913099516298,-0.043769613288571034,-0.05744640491780018,-0.06175664537791945,-0.0663464501340639,-0.060023767195478445,-0.05905382240293715,-0.10901620403222256,-0.10268431022480293,-0.02820404590189957,-0.03020144304122179,-0.05493813697602365,-0.03061908073549942,-0.027347804431596626,-0.06720258737023609,-0.05036475872480589,-0.072690903002165,-0.04753513988430413,-0.04138072760563565,-0.03676963665298586,-0.04499096724207029,-0.06070201859389182,-0.10905129159318584,-0.07094790179568648
2019-04-01,-0.10419216753022825,-0.05736308743150782,-0.15220017477331182,-0.07284714528046107,-0.07169753539341525,-0.07106833952142771,-0.08031272398327158,-0.08999108636231515,-0.06802660985016747,-0.07215843840670289,-0.06728118650381455,-0.05436730621939039,-0.06671729004926355,-0.06252964669990545,-0.09155958654580618,-0.045384826337381126,-0.04940518149803798,-0.10389112136013504,-0.1289562394647855,-0.06217107902674828,-0.03917347648597406,-0.06319863273326687,-0.08012436986366311,-0.09577397519328365,-0.06820878988899018,-0.07340639628638984,-0.07878589482763622,-0.13713804866214316,-0.07005916318409915,-0.055407930836495686,-0.10817478162617068,-0.06795189296574257,-0.12323231756266592,-0.04586566208721539,-0.029857674887772467,-0.045522482961616796,-0.04879450886282839,-0.045165873015003875,-0.05699098088480963,-0.058025140520080454,-0.06573787813932616,-0.05461332911903851,-0.05480619151085001,-0.10566335238631398,-0.09523320917743831,-0.028119957494935642,-0.02967494650313597,-0.0548712061350607,-0.03062270446836415,-0.027366174078028185,-0.06863197708888168,-0.04401308758798444,-0.0727041407586077,-0.05118066022911713,-0.041395764316454316,-0.03496421830935883,-0.04795540443544585,-0.06834639556667096,-0.10298537388212076,-0.06807494632639832
2019-05-01,-0.10633716642031435,-0.06079012846573886,-0.16428948214405284,-0.10270749480458677,-0.07741232250579891,-0.07642718911289784,-0.09016983657652093,-0.09452373939320409,-0.08337140261975791,-0.08350894672781753,-0.06851448573080247,-0.056449820556593325,-0.06731135146143691,-0.0629237877379108,-0.09097594878765372,-0.04555445802111382,-0.049242009220738424,-0.10737223117179356,-0.14603450710748195,-0.06631301694804244,-0.034270409662953874,-0.0755376224499931,-0.09394866604218634,-0.10336370897542446,-0.07112314136438211,-0.07518963174026687,-0.08678454429031483,-0.13772015494924267,-0.0830328019276258,-0.05761126562302729,-0.1065594520954105,-0.06975600742049778,-0.12110612374521568,-0.04588445998483564,-0.03547997910912887,-0.04532849408603829,-0.04890219549934632,-0.03898297186127181,-0.05816560854138959,-0.05888991152878075,-0.072280487164084,-0.05598970715229791,-0.056319857000947764,-0.11557983585626552,-0.10356276920852778,-0.028188116479383418,-0.033479430170818544,-0.054098986549172536,-0.028041108704318973,-0.033213731706857715,-0.07024001459840432,-0.04473801356099652,-0.07204606552886539,-0.05425476738598068,-0.04391401278240028,-0.034945599485276035,-0.04825528536903283,-0.07211818922307836,-0.11315077475232614,-0.07329410031729115
2019-06-01,-0.11240848652138168,-0.06264301030570865,-0.17861241695789437,-0.10983662250084021,-0.07640564031579768,-0.07724905128024148,-0.09400679913381077,-0.10169031433052438,-0.08597578122493985,-0.09223136332466979,-0.07133916222478602,-0.05829797535378215,-0.06719190806997408,-0.06613060945495884,-0.0904509115096967,-0.0468232277288361,-0.04983358469304516,-0.10823237037667656,-0.1463073331732138,-0.07099251930219078,-0.03309351940605946,-0.07309109561579223,-0.0966666880761838,-0.10661736646164603,-0.07106443105915271,-0.07486540799543209,-0.08714477375492635,-0.14320250367705656,-0.09473973910917442,-0.05732580136422713,-0.10965463328289513,-0.06989483950056659,-0.11836390411304729,-0.052429038426840865,-0.035373881639116644,-0.04596804437865998,-0.045285210600531534,-0.04328870038586407,-0.06206094345041457,-0.05894721387795945,-0.07635286189302687,-0.06198139162233698,-0.056420780625066114,-0.12962352677541902,-0.11102902884744059,-0.028502705278183094,-0.033708540546297606,-0.05413861361141005,-0.0280197498635557,-0.03327860968820825,-0.07362514547829514,-0.04704141945810788,-0.06976516674363357,-0.0515071327209083,-0.03885801351813922,-0.04395439082028709,-0.05178241344215045,-0.08595319049485685,-0.1294845483641915,-0.07472507414331456
2019-07-01,-0.11395555884176618,-0.06095523180294873,-0.17842527182694073,-0.10467241663462798,-0.07644142771255845,-0.07231288810446429,-0.09158169461180038,-0.10165556645596135,-0.08333217302189343,-0.09217658572931797,-0.0708432498128244,-0.057512257062051854,-0.0667976825283643,-0.05422689810364789,-0.09153070643164338,-0.04493366322019177,-0.055393721053971105,-0.10780332394773645,-0.14571569938294676,-0.07121334221459688,-0.03268889790069143,-0.07210197208564237,-0.09597345179759226,-0.10504502402538823,-0.06669056507030208,-0.07516398958663877,-0.08408498122689696,-0.14313954386492664,-0.09463537906732622,-0.06269887552980737,-0.10316320343240015,-0.06709178137426441,-0.11631021868027254,-0.05293147069239891,-0.03800892861158205,-0.04408043545737679,-0.04531943212361579,-0.04340501993093118,-0.06194417249513398,-0.05822397917562184,-0.07669648288201882,-0.06208619141839912,-0.05434244606069877,-0.1295742592497605,-0.11030734756864582,-0.02817881988960246,-0.03417905124484942,-0.0533410527355641,-0.02888651980081236,-0.03953616788677978,-0.07347318953033205,-0.047042833104552324,-0.06994839811605376,-0.05055355826012237,-0.035905737955068295,-0.04666344981977316,-0.05184576793439785,-0.08707726968080066,-0.12949917565893682,-0.07816597710735083
2019-08-01,-0.10031488442510068,-0.059722964272454014,-0.17080660804046113,-0.1051758359718325,-0.0700739959809502,-0.07421155019130647,-0.09695146784551704,-0.1032947437803159,-0.08504520050237441,-0.09573036245133558,-0.06986543929933126,-0.05711128832243302,-0.06624942235191074,-0.05167861948893471,-0.0894839395500281,-0.0449575267573151,-0.057647472452191435,-0.10169153026430461,-0.14609203248492061,-0.07297286613088765,-0.03279607820515614,-0.06993338665353571,-0.09690264275177009,-0.10843690957488748,-0.06841843886288453,-0.08235070161323568,-0.08395200213064341,-0.1564257144625396,-0.09732826543953425,-0.06300390176985479,-0.10430944874449122,-0.06879836907898568,-0.11537007561279235,-0.05313900678753779,-0.038204559627448946,-0.04085013992587116,-0.04629192116150476,-0.04005232344242865,-0.0621520597742047,-0.058385998073745386,-0.07903394858502603,-0.060728889130842394,-0.06154283798055592,-0.138453387167588,-0.11418328806657342,-0.03065075672307313,-0.03955099706168236,-0.04153955730790202,-0.029694998515857062,-0.0411984210801836,-0.07363583644985892,-0.04859446866521053,-0.07473194279633046,-0.051165664255098664,-0.039763704734646126,-0.04263941941239286,-0.05294463631710094,-0.0714688959821921,-0.13188303978289734,-0.07802393238331666
2019-09-01,-0.10269186072273644,-0.05979185533528481,-0.1720088727043929,-0.10047942395776023,-0.07039524979065982,-0.07667487474482272,-0.09838513367577915,-0.10242246046341165,-0.08491826111877988,-0.09777902094437199,-0.0685408720000958,-0.05657140926100997,-0.06836143389774312,-0.0518407609609184,-0.10194619454585543,-0.04603780305653098,-0.05387769379568665,-0.10173609807924938,-0.1440730066478796,-0.07282984877570417,-0.03486889383242038,-0.07573707934379839,-0.09578214501129227,-0.10587078414911631,-0.0677368463276876,-0.07933946901713719,-0.08322251256333549,-0.15663489231651528,-0.09958220465804035,-0.06323369611569525,-0.10302632076124509,-0.07109043026752293,-0.11663257183788103,-0.05467675825485657,-0.03701768042949455,-0.04064477648681192,-0.046219557414470765,-0.03868504264168113,-0.06332798021633863,-0.05866960667528865,-0.07722709245885254,-0.06007760369768538,-0.06635467754437774,-0.14265307195502855,-0.10929637184500164,-0.029972533287507753,-0.03869750522630919,-0.04110125869621139,-0.027623155060231417,-0.04121933116888784,-0.07363206568381579,-0.05044434803022467,-0.074226483685807,-0.053162457977665854,-0.0438950146985556,-0.04271210811867775,-0.0540644593688872,-0.0732625655247965,-0.13350571488388344,-0.07834773252902902
2019-10-01,-0.10632439021262827,-0.053335655851793236,-0.1601772003535807,-0.09473114217491743,-0.05603894841519708,-0.07780733091773494,-0.09755178341782149,-0.10287571931642758,-0.0885988495784951,-0.0885302546085532,-0.06879218743054935,-0.056800037933424585,-0.08350403387737282,-0.05197227939724075,-0.08867101686338555,-0.04577448219190879,-0.05843848437013789,-0.0763585612070156,-0.14829024298551868,-0.047746940102348735,-0.04547328608043901,-0.06660195178729343,-0.07715088967682485,-0.08689044606580994,-0.0594595915955444,-0.0715908382277252,-0.07530482229115205,-0.1573930366205246,-0.09274826425693143,-0.05469029176824715,-0.10077940738010105,-0.07067394028247677,-0.10343899683542139,-0.04731399676219372,-0.03596382072560675,-0.040397624273694796,-0.04637046467832939,-0.03704925261918552,-0.06181636036367549,-0.05086932951820621,-0.07614967173706604,-0.05339019563016924,-0.06218821321772592,-0.13689922950704325,-0.0997136927200837,-0.030037457298193494,-0.03971122107577545,-0.04145517012723862,-0.02797203707356418,-0.04607600136582193,-0.07009649492396876,-0.051206385953672794,-0.05718115675730105,-0.051689736479206425,-0.05504878756099064,-0.04260359843200059,-0.047966786935894457,-0.07359896137367326,-0.12629182045599802,-0.059437256407707535
2019-11-01,-0.08373017630234933,-0.053965491837717754,-0.14045020976193903,-0.09539004462824478,-0.05606927172438308,-0.07863524905465734,-0.0985371003732362,-0.09011749570825332,-0.09008034051864094,-0.08978359085593242,-0.07077649968372554,-0.05617807744421895,-0.08593247336296503,-0.04507430594715858,-0.07379762641029189,-0.04183894003355779,-0.05250028924365945,-0.07494006409220794,-0.14853392479256952,-0.05401419932901494,-0.04162617272548879,-0.06702525289242138,-0.07736549646298574,-0.08216120857916222,-0.05978994780744076,-0.07229855303945187,-0.07505059370683279,-0.128568723492948,-0.08694530002107047,-0.055097048463580406,-0.09636626613485556,-0.08171470283552193,-0.10553367593387422,-0.049905279556755965,-0.037047893446695325,-0.03820465822934211,-0.04251685931565554,-0.03469509789173821,-0.06189601600494937,-0.04867156945486749,-0.07649742973055963,-0.04939382290051919,-0.06719050372667866,-0.13843916503667814,-0.10100240869748893,-0.030850605349271056,-0.03869083246071023,-0.04116483766446025,-0.027668851257527147,-0.042414288238687904,-0.07007175707312743,-0.05233391043545157,-0.05778886407541052,-0.051387018124791475,-0.05735726079894923,-0.03904296980588912,-0.05247452322174692,-0.07510103859552984,-0.13431577685879886,-0.057765037740881445
2019-12-01,-0.06836647469429533,-0.040033845470907936,-0.12154687603877491,-0.09404309326102336,-0.05381840116299012,-0.0640473063578683,-0.086682456981065,-0.07747621964767004,-0.08117211638708834,-0.08489642411486997,-0.04808633799642289,-0.042289474907946586,-0.07773082635143434,-0.05453330848794763,-0.07354641361099974,-0.04110972554393673,-0.05104299659807995,-0.0641453502904062,-0.1630086842560687,-0.05040105213983423,-0.03639147923362497,-0.06835536818568717,-0.07626904788878983,-0.07887858800740274,-0.04683225327982217,-0.061703369509596276,-0.057908608262438974,-0.12906420424375994,-0.08624276105843748,-0.05003214887057807,-0.09126865396028701,-0.0814773722479158,-0.1029527358908518,-0.03546269319838285,-0.03335744520263893,-0.031883011128900095,-0.027837216400018655,-0.02973983923281956,-0.043340256834032614,-0.04296956380807187,-0.06175531963369732,-0.040515218134852565,-0.06934703609277795,-0.12790533287843142,-0.10544951529587394,-0.022455019274128556,-0.03845106049145646,-0.026246617670961685,-0.021785644763309856,-0.04216900829281903,-0.0527289356791713,-0.05098678121774147,-0.04324416399294816,-0.043518685708592846,-0.0557567487722913,-0.037351368270763054,-0.052619135749734036,-0.080168580929544,-0.13198606695034443,-0.04906768401742588
2020-01-01,-0.06836624393065532,-0.04136049256336051,-0.12182028021255775,-0.09475106220488094,-0.0554268792884758,-0.06669616726941227,-0.08337444058566301,-0.06354733662495508,-0.07978533852976663,-0.0846729840140732,-0.06213360278517788,-0.0419876466701341,-0.07883706157153555,-0.055970977417866594,-0.06671419205292395,-0.045638532861782474,-0.05191536610709026,-0.056896999618373474,-0.19957870201017305,-0.049031998606721985,-0.041364885812121534,-0.06762426518950065,-0.07713299213337571,-0.08548210472209486,-0.04489391615707645,-0.050052800153570366,-0.05348004205954339,-0.1040322473939437,-0.08686666765410217,-0.04936625760400707,-0.06596627321936673,-0.08387518765536638,-0.07815276468478997,-0.036032078211742695,-0.03274172460857922,-0.03372563351595926,-0.028327413308048967,-0.03416602089488335,-0.04292277586218604,-0.040795500155274556,-0.06710019823607904,-0.05287313309673711,-0.06982188752396659,-0.12428214361461297,-0.10281815627760864,-0.03069152223199475,-0.042159210681603776,-0.025960524775759598,-0.029525858419235575,-0.04067934879764283,-0.03478154612985592,-0.048162248916594465,-0.03847662651465436,-0.044263137603046655,-0.055806537169130956,-0.04257567316246879,-0.05284974338935405,-0.07933572578585195,-0.13753926939641248,-0.052707805385024335
2020-02-01,-0.08506041811605988,-0.04709775775288005,-0.12448697948792369,-0.10136977638785898,-0.05680902038975514,-0.08022034989185478,-0.09441000545367284,-0.08216511071084069,-0.09347558035696102,-0.09394697697968482,-0.07163715867993384,-0.051350446396953936,-0.07415395162941994,-0.06250956703206087,-0.06795393249358686,-0.05165840699816441,-0.058407798001207954,-0.058737267664528456,-0.19976653698339294,-0.05262804672835311,-0.05120714483202624,-0.07108402898793567,-0.07899409941662262,-0.08639788231065129,-0.04601974151658735,-0.05869794091252276,-0.06777793945895706,-0.11211926547520841,-0.08693345700087843,-0.05536103360111723,-0.06716848863765221,-0.09885237531119888,-0.07907825161023384,-0.044344870647497404,-0.04756203329857673,-0.04005043010316226,-0.03894187290263043,-0.040350262169190694,-0.05368245559752899,-0.05002437465374481,-0.0748438228821017,-0.06067690882020176,-0.08818246219843998,-0.13412439119883887,-0.1081089884695072,-0.03942180448128341,-0.04558825891299797,-0.057962398057133706,-0.05794151695350271,-0.047980075221293175,-0.04996903480050034,-0.050075073523490374,-0.03955263631575799,-0.044827826015198385,-0.05984113121035451,-0.046363254119376064,-0.05829442140816405,-0.07968339824734161,-0.13634784854100515,-0.059506294115963636
2020-03-01,-0.08887385450818357,-0.04950296363020837,-0.12133591970913628,-0.10255345281255898,-0.07518933148594296,-0.11097302918573328,-0.1256136128290877,-0.11241450559059997,-0.12536862273001043,-0.09453582067740991,-0.12171131847942193,-0.0513661140306945,-0.0741856156151963,-0.06787535651565478,-0.07739162914609507,-0.050934218996218576,-0.058424305093731296,-0.05498475861190604,-0.2115853070417224,-0.06964718789857682,-0.06942816480102519,-0.07480559007202309,-0.09941245879383764,-0.08825852165952798,-0.072516838910771,-0.06858564008775336,-0.11635632441178707,-0.1450361935432069,-0.09320063610904322,-0.07035504863847274,-0.08071933762036929,-0.11480692542150368,-0.07915616398970488,-0.0742871300520635,-0.047173455438503875,-0.06862068498834242,-0.045742753638723765,-0.042256249793428007,-0.047411526077105824,-0.049060862436598913,-0.10611652857761587,-0.08910767812451391,-0.15116914966172404,-0.23271013547134178,-0.1868133377428339,-0.04505604085205037,-0.059241162666633665,-0.0682463612980278,-0.06692776046195197,-0.06291049756494002,-0.05220455904773901,-0.04431280463360448,-0.041646606707073056,-0.22858837369670854,-0.05986472641740854,-0.05498107359038759,-0.06417304986710176,-0.07929475795387722,-0.17259556874819024,-0.0707816103926192
2020-04-01,-0.09511427982952854,-0.053537483060749944,-0.12271183687257547,-0.10991750233266388,-0.08250655714523134,-0.10372657461328787,-0.127693412356722,-0.12275659685954601,-0.12732999408774354,-0.09512949781213888,-0.12206764642178142,-0.06503928862569361,-0.08395383269172807,-0.06393251186499757,-0.08168548669837257,-0.049117114729925894,-0.07735253154548985,-0.08488119782850642,-0.22212992013946348,-0.08289347504996555,-0.07883789290328058,-0.07538896380271264,-0.11760492622456431,-0.08744506707139968,-0.06918197598784986,-0.07706790189016606,-0.11510197310024219,-0.149575511388163,-0.09386740785720088,-0.08244259261428385,-0.09108230614288014,-0.1003717612564859,-0.08465402500303035,-0.07678548621498085,-0.050916080710146853,-0.0680691306806752,-0.05234041357424503,-0.04364262086670925,-0.04944690221391496,-0.04868239702705187,-0.1298650502057421,-0.12038490937893749,-0.18600880668847852,-0.2493431201701631,-0.2142812253695758,-0.04823750025952131,-0.06090694655586534,-0.06893702165707674,-0.06763226702752088,-0.0624542377940434,-0.057043218055528346,-0.05004211732786614,-0.043136231404696475,-0.24360475043059235,-0.06216118936636857,-0.057468126610873874,-0.07003447816797256,-0.09512627153315655,-0.19600605585212005,-0.08201084484829989
2020-05-01,-0.08016129951492436,-0.04761460535753914,-0.07495453640275214,-0.08549828143694091,-0.080488774797732,-0.10101395831424959,-0.12186972802987657,-0.11976994287206962,-0.12199778243432101,-0.08113890578418739,-0.12194255495101848,-0.060847973441511626,-0.08404795346003671,-0.0640367512592787,-0.08646013992839419,-0.04928459238821369,-0.07672366465949614,-0.07945348876759105,-0.1932631527172269,-0.0848757734483339,-0.07875753217192002,-0.07177174297617897,-0.11772076225740692,-0.07621348211199921,-0.06960878630804967,-0.07816334257384229,-0.11168289745026386,-0.14901660141175518,-0.08064986854120226,-0.07848882465346771,-0.0896634242740759,-0.10414859795496868,-0.08029603666380412,-0.076604085120075,-0.049761406444395404,-0.06831018884964532,-0.05241126399236037,-0.043036358260446494,-0.047804892011320745,-0.04729750329435225,-0.12813451409494436,-0.12040340563795358,-0.18611475479334924,-0.24971119940488593,-0.2145525982000386,-0.054053086105470584,-0.05923734055652235,-0.06894762658576652,-0.06825329966314048,-0.06465410233506866,-0.05438731483837131,-0.05149810663013784,-0.04158013649846408,-0.244360979909037,-0.0643229733531904,-0.06331414523141982,-0.07169218634885757,-0.09732080579267496,-0.1846951159338701,-0.08012585647170364
2020-06-01,-0.0814732701177824,-0.05028776369546737,-0.06612226257934374,-0.079391351517741,-0.08206168782946506,-0.09958923028464894,-0.11791672378502295,-0.1150259974856358,-0.12278229698587925,-0.0741438666822414,-0.11761497090989094,-0.06187241357336126,-0.08525393171794399,-0.06116765052659312,-0.08372461346527392,-0.04657941324658252,-0.08650454176562287,-0.0835523533342496,-0.19629983719002764,-0.08166209779132384,-0.07720829519873007,-0.0692132407343789,-0.11674573122725035,-0.06735125891088944,-0.06617858853905069,-0.0781217020794215,-0.11101312401238894,-0.14459252780520482,-0.06335222891709398,-0.07800846916513364,-0.08737601896490864,-0.10265265923396688,-0.0811351506110733,-0.07211136892138334,-0.047547129443877,-0.0673307854628497,-0.051821220014630506,-0.039888688668273685,-0.04235910551450284,-0.046783427669923265,-0.12344110233232976,-0.11594640672632477,-0.1853350355255339,-0.24261790621360096,-0.2084538129180803,-0.05848320969153753,-0.06207370356535137,-0.07466148224105369,-0.07073972108791134,-0.06539662169315053,-0.04982799176497888,-0.05048610149688889,-0.04213188661799646,-0.25460264895439294,-0.06470854326248496,-0.05752101565192011,-0.0651330467106902,-0.09158119491130122,-0.19135869323263793,-0.07936989254005718
2020-07-01,-0.08644631021844464,-0.05069588647437617,-0.06559349201932106,-0.07941673155815558,-0.08230340203876023,-0.09924541461970686,-0.11741272572896216,-0.1126703554051738,-0.12273289518125344,-0.07476932753516269,-0.11554986403752339,-0.058265560061854814,-0.08529030388517705,-0.06955178662302243,-0.079249673413797,-0.047998721310822445,-0.09765873376261701,-0.08739004815658831,-0.20003175836281717,-0.08247508267387159,-0.07891856026160982,-0.06931261266119412,-0.11855445567981403,-0.06902311565966458,-0.06752354343176241,-0.07623189665624694,-0.1112481491762015,-0.14609270414791112,-0.07193141047686584,-0.07267615105695074,-0.09168779631049553,-0.10351491376624967,-0.06777030830793208,-0.07114171767887571,-0.05024572476764866,-0.06889347418839549,-0.051979341200592,-0.0443833535894767,-0.04520690200289022,-0.04936686730649359,-0.12353430043408833,-0.11633935149506552,-0.18669172499296427,-0.24220321273551865,-0.20836218182122562,-0.07116663239211274,-0.06452048364686622,-0.07613599331501486,-0.07566284414583169,-0.06795792236112738,-0.05841934518591809,-0.05037124434469343,-0.046865959594417146,-0.2532806989224737,-0.06603340277556062,-0.06706992043149977,-0.08057980371527163,-0.08881728013823653,-0.19324714390367603,-0.07954119947736506
2020-08-01,-0.09129915527281832,-0.05328419589686959,-0.07348058631110851,-0.08165219281291608,-0.12278174249307862,-0.09919780396722963,-0.1142526964360507,-0.11152654560462513,-0.1208537114052619,-0.06431801109405993,-0.11636112689582546,-0.059369609791914434,-0.0815181892781114,-0.0701673305507744,-0.07829330121432634,-0.04984801438063676,-0.09450918718666303,-0.08284728521281512,-0.21868165009652454,-0.08281982333663797,-0.08382856125731669,-0.07767683090408967,-0.11852929970019692,-0.0627561998738829,-0.07468113249426171,-0.07564243197439656,-0.11585448299962779,-0.1346353704698835,-0.08251756355979185,-0.0744415580704327,-0.09532713356823738,-0.11024888273266187,-0.05500504088484996,-0.0701848198086008,-0.05172663819978981,-0.06906998258565698,-0.04872539448017455,-0.04722776855988801,-0.04482849827029878,-0.04909649726862261,-0.12325169618753665,-0.11694172553734972,-0.18494639836814683,-0.23928836827253186,-0.20609540185535977,-0.0706908297045011,-0.060815714142023906,-0.07528481192168954,-0.07853497571297557,-0.06497037700701812,-0.06064012804750441,-0.04927373340284257,-0.04220831563738493,-0.25741728216238596,-0.06282073193741879,-0.06642599658593282,-0.07998848847158806,-0.09111596311691283,-0.18836570671125089,-0.07966066906336416
2020-09-01,-0.10575108841668349,-0.06185278870199323,-0.07576322797983975,-0.08145343804110866,-0.12533029666664916,-0.09679555661067193,-0.11310360979147524,-0.1115971944616761,-0.12416415397573982,-0.06719057323795401,-0.10931681953596341,-0.060889915168030585,-0.07643517594780871,-0.06985887843367153,-0.0783702867113553,-0.04985279048716642,-0.09512253399036652,-0.09074376460132333,-0.2386468755141799,-0.08366445944923588,-0.08401811920778142,-0.0786163678197836,-0.11766419252474165,-0.06208662445936639,-0.07428317151900246,-0.07548724692907896,-0.11408629870934453,-0.13074414177920765,-0.08078007475750347,-0.08366058265695443,-0.10267282557684869,-0.11064304269076536,-0.04697499806828766,-0.06635146258883302,-0.05137811492635317,-0.06914048343451729,-0.04874201104362964,-0.04685517912263306,-0.04327099744654946,-0.04992509849847341,-0.12501978471815087,-0.12210610619004296,-0.18427691541012953,-0.2404541784684184,-0.21288878930817007,-0.06992993061749951,-0.06728872963450525,-0.07393641261306066,-0.07894316443511198,-0.06383892465228592,-0.061022607479544626,-0.04851270528962805,-0.04655078158696025,-0.25535148604699215,-0.0635568952349189,-0.06928023809039953,-0.07917729583399849,-0.0918576787410947,-0.1887768919209313,-0.07954026023050295
2020-10-01,-0.11036779323855661,-0.06541684527179575,-0.08840906648743875,-0.08298966916676323,-0.13014583084023554,-0.09438766992773723,-0.11002740956867758,-0.11245224846274848,-0.12214705917003064,-0.06807962642177538,-0.10635770848217463,-0.06683413871699005,-0.06765146790252087,-0.0824602080782968,-0.07736831176650766,-0.05646766905360721,-0.09368108085938537,-0.09389840424654616,-0.2500280700426602,-0.08530023217858755,-0.07985577751413757,-0.0783540850862984,-0.11990307830906209,-0.058648977074974386,-0.07399885165174452,-0.08342926904322491,-0.11128384465651327,-0.1381612485898511,-0.08075531234596996,-0.0869671565833633,-0.10207707668347492,-0.11078506088904695,-0.05482279457097195,-0.06434142148425727,-0.051682401020983176,-0.06938771211344877,-0.05026237222208993,-0.04667120659095243,-0.04307355376320106,-0.04519038248050746,-0.12498151991771753,-0.12200063834708116,-0.1856445404886656,-0.24048076326796888,-0.21295464075958576,-0.07074892838036666,-0.06818290362895037,-0.07613191195721013,-0.08449420154800377,-0.0727558167660726,-0.0614517416936069,-0.051231950802662796,-0.04864195403888221,-0.25570895122584186,-0.05716986109695862,-0.0745842687700401,-0.08249274619715963,-0.09314523209361784,-0.18955618500575494,-0.07981607139699538
2020-11-01,-0.11083982596133601,-0.06543903475552801,-0.08845100377230636,-0.08864727576033907,-0.13031610696413118,-0.10962827315520074,-0.12152157298634658,-0.12694434078519445,-0.14033724120717697,-0.07687447196920745,-0.13638116235487704,-0.06769930094860192,-0.06711833100351425,-0.08750718378476327,-0.09321848116789953,-0.06052441233181576,-0.10239245629438079,-0.0933952867392392,-0.255789129863078,-0.08220351616521242,-0.07988295405123959,-0.08243318419148783,-0.12039760151360032,-0.06315408960573533,-0.09713447256913026,-0.09128344601060255,-0.1448893427974883,-0.16555787803398045,-0.08568524504315761,-0.08870719734562563,-0.10208857572212446,-0.11728218357847722,-0.05267901797145492,-0.06868000171935547,-0.05081543500508282,-0.07369495312654194,-0.05498845518969697,-0.052190752762201725,-0.048079919529312114,-0.048429053483045104,-0.14119951295923006,-0.14605836800193017,-0.21257910993007992,-0.2626423197864873,-0.23793907966997288,-0.07008036588726792,-0.0657623493006737,-0.07776555960504193,-0.08540540792592843,-0.07387807091917535,-0.060727727758190186,-0.0506478472651546,-0.052091228912490885,-0.2734976901291238,-0.05452483943586272,-0.08491354769106631,-0.07861934311895852,-0.09586407932410813,-0.20151231669727343,-0.08227449260101444
2020-12-01,-0.11144539314139543,-0.06540261491255368,-0.09309823922043889,-0.0908022413135163,-0.13571698802632973,-0.1107278402586901,-0.1226668714806489,-0.13261889220466522,-0.14231628769864063,-0.0768471975815671,-0.14305097851761384,-0.06981687150691314,-0.06677615699971237,-0.09133791156845217,-0.09317395775211267,-0.05898002916131877,-0.10321645692691608,-0.09335779472968007,-0.25544682328476503,-0.08373661624122315,-0.08017402490776847,-0.08126707104575286,-0.12039534603704394,-0.06374108413355523,-0.09721085518573028,-0.09121763843436728,-0.14470601906473515,-0.16671801412730486,-0.08570808580982588,-0.08901088293487153,-0.10273894992381172,-0.1301446353084546,-0.055310179081050445,-0.06637483158081521,-0.050794191435550834,-0.07514413894747647,-0.05555251517777433,-0.056563164760069784,-0.0475745482009262,-0.04885965211191848,-0.14431598667869322,-0.145274443847625,-0.21013291063555767,-0.25970756210477924,-0.23182789868723133,-0.07039210455301821,-0.06543306515741715,-0.07773037664918873,-0.0846639348359162,-0.07392166588105627,-0.060054996316410196,-0.046533902758261816,-0.05200709905686256,-0.274745825547684,-0.05508726856888399,-0.08483480609220799,-0.0791883532006768,-0.09154857289629675,-0.20045294196518812,-0.08284343893341137
2021-01-01,-0.11258117093778387,-0.06389428395826516,-0.09373037775176642,-0.0884347582731788,-0.13286128509697548,-0.11014710110709187,-0.12130578319326807,-0.13255232728718613,-0.14286677375897142,-0.07857684412572476,-0.1403278645010172,-0.07019812413690535,-0.06386810204701203,-0.10577094542855607,-0.08996213313319953,-0.05873124839911619,-0.10249206261956077,-0.09424282053270142,-0.24177933409871405,-0.08336301765748472,-0.0776656192590802,-0.0818724088871692,-0.1193589313720244,-0.049240979883172865,-0.10115533571229768,-0.09309646083603955,-0.14513414490610055,-0.16296552389709598,-0.0761127646999192,-0.08813580025149641,-0.10475210028958622,-0.13174225017822447,-0.05725186839499937,-0.06721544839246088,-0.056680303651905135,-0.08207270163880664,-0.06050448961119621,-0.05563570532572752,-0.05385601705052883,-0.05422034115308058,-0.14595610571903525,-0.14250995850613304,-0.20969594581560608,-0.2567154906317863,-0.23055125726612347,-0.0663671645433721,-0.06276969160285464,-0.07177914931048644,-0.07791829447330938,-0.0725138367232379,-0.059803107023576794,-0.04662905903403355,-0.052171757596708855,-0.27600808048392445,-0.05399846364686452,-0.08681726304482766,-0.07995027163547637,-0.09198672504391178,-0.18842445392216386,-0.08394660722576901
2021-02-01,-0.10780802363249928,-0.06015785550873052,-0.09127342666129416,-0.07500388616050263,-0.131525423368059,-0.10792133402679731,-0.12172844432184249,-0.1265716618912081,-0.13518609967220133,-0.06298983685448283,-0.15116026200672825,-0.06308565569292578,-0.05869178691029212,-0.09874363936372958,-0.08977649292372133,-0.052073959217974614,-0.09916722592026252,-0.09174926356147528,-0.2561653329522811,-0.08344205240141543,-0.07230502621921497,-0.07596971813123085,-0.11606037437028786,-0.05544034555732199,-0.09873327451578529,-0.08546582478295112,-0.14391040317364598,-0.1650819438109775,-0.08269940123917006,-0.08629534553921597,-0.10286564797959212,-0.12168117578297712,-0.05674930425683626,-0.06543202271002306,-0.04929623780015865,-0.07894338860973482,-0.05880613051019269,-0.058000794249675434,-0.050805746736215456,-0.04772189702921972,-0.1512043078868644,-0.14740016906719106,-0.21897632986046522,-0.26140905657220315,-0.23913922223245002,-0.07063784891688626,-0.06566727482680729,-0.058726573668277146,-0.06873575774987514,-0.07086125569903523,-0.05228508458411012,-0.048567096576404276,-0.066698570241545,-0.28265928699548226,-0.04918626810429046,-0.08362428933550745,-0.07635887244030268,-0.09765029492858686,-0.18402766512511232,-0.07977496624054695
2021-03-01,-0.10199431905758827,-0.05767814471593435,-0.09148155287555079,-0.05575344740265058,-0.11859567782906877,-0.06359291841172328,-0.07654617700525221,-0.08448203876032408,-0.08934091259781081,-0.05925542940940452,-0.10604022671037902,-0.06193358972033027,-0.0628186044372015,-0.10424820844015004,-0.0785389395703943,-0.055831455969364105,-0.10059155460610929,-0.09250544855420278,-0.2327724559630572,-0.07737729599354162,-0.052473874522373794,-0.06940314435401508,-0.09195077162108392,-0.04167732151324286,-0.07308388699474333,-0.07226887279611395,-0.10476887869125479,-0.12921451022989344,-0.05814142764472081,-0.06663677326953046,-0.09242920977556747,-0.09928454241124797,-0.05962750478472558,-0.040692528524211145,-0.052988907816801885,-0.05961862276563913,-0.05792376890210619,-0.05745336140462522,-0.05252233552991857,-0.04784423753463048,-0.11421999974169846,-0.12182103174900334,-0.16398485711772162,-0.14228417299601195,-0.15880962583216618,-0.06779315305043922,-0.061899913196356855,-0.05373133216670923,-0.07145941947629847,-0.06411421585050105,-0.05168317726139256,-0.05516922166341888,-0.06356835889538537,-0.12609522020853187,-0.04786362457199261,-0.08148699838861127,-0.07258062254762722,-0.10139487393355427,-0.11192906469977995,-0.06752645000583761
2021-04-01,-0.09833369935973063,-0.05102691933242927,-0.09218608796417437,-0.0539031765214324,-0.11675642202346524,-0.06362183545047613,-0.07305082490233543,-0.07754643684207395,-0.08516450922221759,-0.05435031555912045,-0.11078992529956781,-0.050889409188790126,-0.050791886460378396,-0.10166305232930029,-0.07654953038911676,-0.056025069404737116,-0.0913630938883051,-0.07303025557371923,-0.22049127970073,-0.06788427166689538,-0.043381395813350904,-0.07031000061804854,-0.0817571319557968,-0.04464336344060231,-0.07299924532779113,-0.06734907019883701,-0.10410431941715348,-0.11465513226111186,-0.06346270048626272,-0.06463833782755841,-0.0802773534819524,-0.09822720269633571,-0.054378430474135944,-0.03974114477337543,-0.050358870698231244,-0.05936329754261064,-0.052158008516685964,-0.05538651332400034,-0.05205688454284587,-0.04575895850386649,-0.10199385504201926,-0.10411045711145465,-0.14241730586781015,-0.13385219866741707,-0.14188691790908894,-0.0650122003674699,-0.0617681840905517,-0.05475726611967259,-0.07180236372423436,-0.06407789529615503,-0.050364635918883634,-0.052183665292232596,-0.06188096978461615,-0.11936378692580939,-0.04843778919407357,-0.08143826122719004,-0.06655299574311453,-0.06570983449267372,-0.10347204541767151,-0.06133260733951649
2021-05-01,-0.10180965748930555,-0.05213651609317762,-0.08239549863442039,-0.05345244849854489,-0.11584033944019206,-0.06338164386917926,-0.07181626011532638,-0.07742251677000737,-0.08437217178692061,-0.05480028404838794,-0.1050597271816289,-0.05180350670609551,-0.05062642926500859,-0.10375959616538383,-0.07108513308243927,-0.05606620708168387,-0.09136313093540607,-0.07800210802112582,-0.23194265545604625,-0.06303631311885691,-0.04356498862961811,-0.0643922040118205,-0.06443753553484258,-0.04389239155708652,-0.07298470719214739,-0.06635068965558576,-0.10472678266764311,-0.11114365129268793,-0.07011001595876472,-0.06566300125540697,-0.07855329875550401,-0.10042396047958597,-0.05528912220796729,-0.045271416489506056,-0.049537996462845936,-0.05940495757444166,-0.05211232545787729,-0.05529917756568242,-0.0520636028003929,-0.04608783444694496,-0.1016745937793691,-0.10411475512193168,-0.14396839671229983,-0.13659075358919653,-0.14230553411303867,-0.06453295640576154,-0.061857774696075396,-0.05601385749088345,-0.07180679629557095,-0.0636376244286836,-0.05050284189624007,-0.04669098382245851,-0.06148302377888643,-0.10126348521764984,-0.04638289645527646,-0.07959603864701442,-0.06517166185821673,-0.0791832266994474,-0.09912481273333733,-0.05751328002213012
2021-06-01,-0.09870078847209085,-0.04931409685176905,-0.09421624418610985,-0.05171841508722393,-0.11503162961309747,-0.06595911921946107,-0.07303326229203567,-0.07670815328795329,-0.0852657143167114,-0.05609907884301622,-0.10489633510310824,-0.048873114530268845,-0.05023243916093698,-0.10833130866637947,-0.07042255503797044,-0.059705737977552104,-0.07542673287162223,-0.07304067427280116,-0.22730096209111925,-0.06319957215347703,-0.043731580757399045,-0.06901115631806112,-0.06540936662874308,-0.06431175079242131,-0.07652005782049641,-0.06721116293287259,-0.10429661529956029,-0.11525805392614773,-0.0746993220831866,-0.06364135441337328,-0.07849350395286064,-0.09822433417975995,-0.05256624232255977,-0.04535774487423864,-0.049401600525509924,-0.05805601657807743,-0.05212075588508697,-0.05367123241468738,-0.051128236408590245,-0.04777996002068871,-0.10163437900656559,-0.10329981732536771,-0.14466745520787436,-0.13608398079479272,-0.14156356496402836,-0.060809135167708674,-0.05677615082222804,-0.049643726239294445,-0.06860234976871822,-0.060770781726505206,-0.05050508071280579,-0.04980926459683804,-0.06566719472434676,-0.09746562403643252,-0.04087271027563302,-0.08181364871624383,-0.0670244286024892,-0.0906182539202784,-0.11897904704392946,-0.05876327712419364
2021-07-01,-0.0920891052521688,-0.04950822735352991,-0.09599590512430282,-0.0510395619681669,-0.11523312609318088,-0.06845460510942741,-0.0808432344396109,-0.07771149820739771,-0.08450277156457892,-0.05769548574987804,-0.10060581231897844,-0.049254832495416595,-0.05023627342565084,-0.1019210922361139,-0.0697835492774491,-0.05914144178808309,-0.06423428216454002,-0.06382046399524727,-0.2205016590121878,-0.062235552248115396,-0.04358633190077364,-0.06856780740500688,-0.06211840539102087,-0.06954065162779516,-0.0769096464666796,-0.06771843195577595,-0.0982281717445978,-0.10623971817706727,-0.07410462481672091,-0.06547985910599191,-0.07483930128938852,-0.09871472555383962,-0.04976830339749814,-0.04537837345538833,-0.04415380663064484,-0.0578794205222398,-0.05321542072996911,-0.04995528584460792,-0.05218372107120515,-0.04588327384312505,-0.10459055243242321,-0.10143723826457485,-0.14215165218205184,-0.1422233708454511,-0.1456494327232806,-0.045541497981572324,-0.057015399897565294,-0.04978898697177299,-0.0649597331297162,-0.06034516838937048,-0.04275056783571325,-0.05116263056358632,-0.0579525349526797,-0.0920644849287917,-0.040875195089504546,-0.07410870485132035,-0.04593726698890398,-0.0837965744710998,-0.12050299247083578,-0.05386002875375413
2021-08-01,-0.07563328687122386,-0.045721046027428436,-0.08299664423430061,-0.048276530902454706,-0.06432857120674094,-0.06853307190484342,-0.08193522083713528,-0.0787479031741057,-0.08481598694146096,-0.05931430415019901,-0.10062854475444923,-0.04747022369271201,-0.05044552506223941,-0.10082088683870259,-0.06983024382845585,-0.056295206198661345,-0.06516554603841415,-0.05976196316697706,-0.16042139658050292,-0.06038637642487499,-0.03663339293566415,-0.06379955092426765,-0.05825714596676537,-0.06905569372818339,-0.07447963262005826,-0.061910926773470605,-0.098509993990885,-0.10695409771589033,-0.06478922825004746,-0.06459504796148696,-0.06651154520114756,-0.09492469706047867,-0.05198969942667107,-0.045962310549398214,-0.04185896570436181,-0.05773928003072971,-0.05341681453451481,-0.046870438246934126,-0.05170444399690629,-0.04579605387260899,-0.1049895151809615,-0.10282002630660886,-0.14264575506010854,-0.14337251583206947,-0.14813780911072313,-0.049528212482671176,-0.053810444559701784,-0.047464710265429734,-0.058086525497012424,-0.058530923422124764,-0.04022596740405264,-0.04832192894865909,-0.05844739887729596,-0.09182949167969648,-0.04035983337518171,-0.07411200931456276,-0.05092746122756139,-0.08635463317114266,-0.12210233839239147,-0.05404170874203894
2021-09-01,-0.07071527268109824,-0.04546386551165488,-0.08977852213838594,-0.049635462311469446,-0.05950911830043953,-0.06400757903859393,-0.07593092022211102,-0.08735235035691477,-0.08378137508144204,-0.07025261727860821,-0.09823907961024331,-0.05183749031136755,-0.05586931263162377,-0.11021068879126698,-0.07355244271098843,-0.05604280077469197,-0.06899309586176149,-0.055403090901361696,-0.14980916744815073,-0.059452305339969896,-0.0362907394432978,-0.07287899223359247,-0.058586880187054866,-0.07812946267192496,-0.08153416503237362,-0.06968816124917734,-0.09478126520483782,-0.10737545417710898,-0.08071261211349354,-0.05901284143637605,-0.06623616931323012,-0.09565239946358463,-0.050842551589065935,-0.04405815852604709,-0.04237106963212098,-0.06183447319248787,-0.054782734770347445,-0.05073161907504671,-0.05291607328832271,-0.04602131205342707,-0.08808809971550186,-0.08795383896427811,-0.13796792982829023,-0.12406160718662837,-0.12579068578094166,-0.054997517420948674,-0.0550929990793511,-0.05256700931444096,-0.06578367355258416,-0.05713666129260214,-0.04753267948710012,-0.05641464569440027,-0.06081410726794832,-0.08935507280859127,-0.0519981146151599,-0.07615211973928139,-0.05128065781774047,-0.08642448195266716,-0.13199700227976036,-0.062174976874838965
2021-10-01,-0.06684538724133217,-0.05576600577702373,-0.09525042303056984,-0.04800787795947684,-0.05860216851670554,-0.06374104865044318,-0.07535716854716488,-0.07976617367437543,-0.08183996174630531,-0.07397822190489792,-0.08653748257810367,-0.04321707703141753,-0.0677780479564947,-0.09805976288325184,-0.07397396523405887,-0.06431673899368687,-0.06685655287122666,-0.05423718238208856,-0.1663867193298636,-0.06414389195162198,-0.03409107611687904,-0.07909314657487941,-0.06547230465174667,-0.07851887655952837,-0.08128876995365891,-0.08353350450801267,-0.09018178222437187,-0.101633560326656,-0.08067410229246189,-0.05934445500812508,-0.0691176087544824,-0.09482408928775903,-0.05467051537655981,-0.04499429359985196,-0.04286341797635978,-0.06335577367166495,-0.05523784564400228,-0.05429158075440086,-0.05625730409069709,-0.04543755338754822,-0.08255581813902949,-0.08846730672108452,-0.12463919871915241,-0.1204730049239183,-0.12252390302004,-0.057633715793691004,-0.05534157092108239,-0.05078520019963002,-0.06051309122533069,-0.05548098943346783,-0.05805424165499215,-0.05467693205635603,-0.0609519194787538,-0.08739578609783229,-0.05751969013962962,-0.07176586181563421,-0.06645863443173672,-0.08643499053550527,-0.13402807645034667,-0.06857784961465802
2021-11-01,-0.06764723510652748,-0.05681268506472731,-0.10939093056210272,-0.036134902970520494,-0.060829155848767046,-0.05566092143351683,-0.07525133375828698,-0.07861704888824825,-0.0685016682544779,-0.06793584832228129,-0.07572695155394521,-0.043338932694575366,-0.06763772641607636,-0.09876640396381536,-0.04854559897851295,-0.08086017271303156,-0.08059087926878698,-0.05405456971896569,-0.1389268367257814,-0.06544167334578367,-0.03399984124315868,-0.07428395646220211,-0.06370994548221966,-0.07742185976021941,-0.059204091241211475,-0.07563200751519158,-0.057560418139159575,-0.06649644021803604,-0.07282158580556135,-0.0640108589338792,-0.06835739837113275,-0.0915072445495322,-0.0623348284474478,-0.049719308451914385,-0.042839242026299504,-0.06389833546109192,-0.05233223755270352,-0.04963087066325697,-0.05642648750114095,-0.03719406920880608,-0.08073156078918622,-0.06427035945838604,-0.10471558665385165,-0.09782648233691212,-0.10558757517326535,-0.057645867801080754,-0.057321854561295356,-0.04933602990688887,-0.05961045063004185,-0.05593806898115014,-0.05753135793012543,-0.06060487005966718,-0.059737406730463564,-0.06111543607568158,-0.057050610950492964,-0.06151546715132119,-0.06800115405248087,-0.08483005787110943,-0.11333592764291307,-0.06652591778247549
2021-12-01,-0.06441326537584312,-0.057092230462833835,-0.11804406624780385,-0.05654304640370586,-0.06344166265602726,-0.05406109384251146,-0.07472333600431921,-0.07288635588956617,-0.06534915174408744,-0.06779928422773528,-0.07485836272246336,-0.04474233494464082,-0.07362950773632623,-0.09562300493092775,-0.06492932647953958,-0.08107777508532905,-0.07909953864312895,-0.056198821893233095,-0.13440706430747476,-0.06156654960597237,-0.03996174315578527,-0.07414195540236941,-0.06380550122197043,-0.07846268572495416,-0.058556190867323575,-0.07749975024051753,-0.05902757186388132,-0.06494785981897083,-0.0732418251963585,-0.0630466516199228,-0.06807875260505994,-0.06984032209967046,-0.062070449115996316,-0.055580775007784626,-0.054670948696389596,-0.07078866408272913,-0.056883903293776225,-0.048167903030043924,-0.05505138945249517,-0.0546033867078181,-0.08010894663589464,-0.06170025713254391,-0.10417462230722697,-0.09760356994066852,-0.10560028302804936,-0.059401214847429475,-0.06042658754244868,-0.058654992436507895,-0.06505974609097359,-0.059254596943534125,-0.06056665420010426,-0.06586242246275154,-0.06019127215973678,-0.06107149182030909,-0.06481294577553907,-0.0646773844884798,-0.06946865244720025,-0.09316930726025945,-0.1140116953654602,-0.06592369164163644
2022-01-01,-0.06492158809156535,-0.0656995999751523,-0.13762537922419066,-0.0739550035743863,-0.06960555725398812,-0.058567350576006996,-0.072646737686724,-0.07931922073225729,-0.06366405846873245,-0.07626106426599265,-0.0759540629347195,-0.04393580796852564,-0.0747568794022611,-0.09038789521553277,-0.06249343145746105,-0.08030946755313315,-0.08897480873002958,-0.06460709362849021,-0.13842912568860744,-0.07736418392675519,-0.04005392731357697,-0.08125030815944417,-0.07298450022632218,-0.07903831531891214,-0.052700010127662,-0.075849294333296,-0.052716413985626286,-0.06473109101905171,-0.07489124938010966,-0.07060286674877427,-0.0696973609974138,-0.07030237746419332,-0.11959005011195008,-0.058651206044223345,-0.04775265280643689,-0.055665348070277496,-0.04835549892863327,-0.04867247154621271,-0.06451202441997722,-0.048346515919540034,-0.09477142240718053,-0.06536599170839377,-0.11150839598308909,-0.1191592732232354,-0.1173368380522737,-0.08091532324462124,-0.06041278029865172,-0.05611856027632219,-0.06400687232284615,-0.058195091085194786,-0.0693128770153907,-0.08305885974305016,-0.077013041891995,-0.07185779721233308,-0.06764517880908685,-0.06639677880199293,-0.07330318096236109,-0.09329933339312964,-0.12209757888347307,-0.09242095032315645
2022-02-01,-0.06118037562058028,-0.06800197092579591,-0.13860168447072993,-0.07397018119035727,-0.0748283429914588,-0.046908675225457254,-0.0654611828808166,-0.06744612981709817,-0.07051201810733027,-0.08318416158836874,-0.062031784000595835,-0.04519234320278837,-0.07436351456523196,-0.09003461425092345,-0.06379627065357686,-0.08051730076522134,-0.09469787218998314,-0.06446310695833407,-0.13044657956437913,-0.0908680188841169,-0.044993770522143074,-0.08530489820393791,-0.0759076920346322,-0.06483522776814016,-0.055542094380829604,-0.07538272373942621,-0.059584420972143524,-0.043851735634615405,-0.05551139713871447,-0.0677267259566125,-0.13792621098364183,-0.05987234545514186,-0.12038886822078453,-0.061977397139746905,-0.046884905298197235,-0.055648821033974165,-0.048719635691828946,-0.0435266260069171,-0.05780620684667804,-0.05176404366212123,-0.08017591316845256,-0.05437079572938528,-0.09182255038614932,-0.10425025066630003,-0.10521598627401475,-0.0758669828107537,-0.05481250495676025,-0.0591802376498576,-0.05877081717418394,-0.048025599149800174,-0.07303090696808365,-0.0877841359365186,-0.06638696757748913,-0.06009219405186604,-0.06911899598469039,-0.0729208340758363,-0.08990967832084223,-0.09014667018317883,-0.12225300740930034,-0.09666743625357538
2022-03-01,-0.06142181891900168,-0.06801544538102547,-0.13760124913436145,-0.07505432473506352,-0.07462708922691502,-0.04671288358102101,-0.06293540115474146,-0.06779972792922791,-0.07218978096119587,-0.07979574329015095,-0.07062618529424475,-0.04872392234932175,-0.07071071820580407,-0.0887608014773156,-0.06562146430515282,-0.08116484939590018,-0.0957375521032597,-0.06677108227944954,-0.14107645005118896,-0.07817508467435046,-0.03964494826540167,-0.08527762460259972,-0.06744482876899799,-0.08087409950930535,-0.051449830845890575,-0.07840439390984875,-0.06114571920578993,-0.041994043357719425,-0.06676758399732106,-0.06772732537871642,-0.1317018910223238,-0.062266273406903105,-0.12061357111627977,-0.055640244426760715,-0.04250337148706116,-0.05260447415130627,-0.04252727140281256,-0.05038792438571425,-0.060510516526392895,-0.05010626453768791,-0.08026451741789516,-0.06009190676369796,-0.09118800657885458,-0.10286833597228844,-0.1033000893880021,-0.07853131105010482,-0.05248937189142497,-0.061957254114858876,-0.05467449678146546,-0.04433160392745997,-0.07526844019682073,-0.08789482920309537,-0.06645063211524081,-0.06189631663623371,-0.07123775869592829,-0.06607296201257196,-0.08638254016547367,-0.09962015579437979,-0.12112440634053662,-0.09579617059336393
2022-04-01,-0.07045684391144034,-0.0756157287174648,-0.18647211849531958,-0.08690634087554427,-0.08716277132309451,-0.05701914965174972,-0.07497127349463366,-0.06845755732660677,-0.0738802516581624,-0.09467779241703657,-0.06742152731766336,-0.04843792391967846,-0.06987869584568493,-0.08704797050818526,-0.07519175959437736,-0.08179843912627954,-0.09819780808891163,-0.09563135162695752,-0.15848199494092916,-0.07601430305698172,-0.0373895049077975,-0.08820148949427109,-0.06716255101964203,-0.08215067866681569,-0.0502958097762623,-0.09308018805507243,-0.06149493200939042,-0.06961953320899723,-0.07333808078228808,-0.08503280130451021,-0.1275324376457006,-0.080114263456969,-0.2226038278082811,-0.05687823663250182,-0.04364802337774788,-0.0530762813039665,-0.04260681510739405,-0.05029555754352253,-0.06932040893389886,-0.049748460789091925,-0.08019498187255908,-0.06229394158595315,-0.09220072981297484,-0.10583004736977342,-0.10462809473942818,-0.09505824396199034,-0.05236224676471127,-0.060219511547817996,-0.05419127136816912,-0.047156391933153144,-0.07386644364728447,-0.08625604309654014,-0.0653185849241561,-0.06817401920281939,-0.06940961126187176,-0.06679582556498544,-0.08718199275062513,-0.10467436537466203,-0.13387119641596676,-0.0947768489808955
2022-05-01,-0.07083369778555118,-0.075884603502029,-0.18547418983924147,-0.08713998432759719,-0.08747959305234002,-0.0626909734315075,-0.07477051409924756,-0.06897512368011971,-0.07073514163786485,-0.09472593077164233,-0.06834589780265354,-0.047217213230470914,-0.07092836131461164,-0.08615158047053538,-0.07543018628190899,-0.0819121354524315,-0.09976144948016578,-0.09460100109073624,-0.15950113044705308,-0.07601593166063556,-0.037279796243402545,-0.0882810843776817,-0.06724184591657907,-0.0805769328611757,-0.0482095404479734,-0.09479014558452167,-0.05883936810619261,-0.06724873343141,-0.07472140075282112,-0.08502354196416316,-0.12653396295048758,-0.08064333981441456,-0.22466213680445005,-0.06567927815201136,-0.05231845767354572,-0.05405374108206785,-0.044004769842063245,-0.07175032278752896,-0.08367136988125308,-0.04885435105494461,-0.08437413210909815,-0.06577553645749161,-0.09728301477490943,-0.10802216369343519,-0.10932660995310563,-0.0958508673212927,-0.052616354873886564,-0.05952495726852724,-0.053441277507658085,-0.04704935285796664,-0.10490533229328748,-0.08821262071199731,-0.06584532645356332,-0.06651307158333868,-0.08059058511128785,-0.06626924526975266,-0.08794076126416275,-0.09615499852287109,-0.1289837439876813,-0.09430321918698903
2022-06-01,-0.07152656949586127,-0.07415159540917966,-0.18429674609403954,-0.10278726151944849,-0.08772598270172813,-0.07491454723875027,-0.08844458500211975,-0.0725555754389445,-0.07888545806707771,-0.096229846755018,-0.0816421614902617,-0.04639934951499874,-0.06988494816925067,-0.08016692226359434,-0.07487774871119152,-0.08011259417279859,-0.10034303145197945,-0.09405733639988301,-0.1623801343233278,-0.08021753666927466,-0.03745679133685321,-0.08536606869409634,-0.07479345106690434,-0.0927268653264537,-0.05462980279507727,-0.09499446811078081,-0.056962478663878685,-0.08431921362735885,-0.09016552976847218,-0.08482517534941024,-0.1281369619603314,-0.08685106007482955,-0.2212553863868741,-0.06546319398456257,-0.05341050206167051,-0.05354826443190983,-0.04413993525602147,-0.07315304275081866,-0.08331161036314477,-0.04841716510328511,-0.09522791566120312,-0.09437775709770135,-0.1251834758989436,-0.13580051461262954,-0.1313802744077625,-0.09599619680834727,-0.0550391606314743,-0.06002050805585097,-0.057445651564288325,-0.05643936117138683,-0.10737203455131888,-0.08627374318366932,-0.060134950636382536,-0.08169791773925829,-0.08061005827781892,-0.07484730613946272,-0.08769815279622975,-0.09370692128935995,-0.14867587202451338,-0.10695809370461247
2022-07-01,-0.08586273778984081,-0.07747771609365574,-0.1934418158099962,-0.10626827647945312,-0.09675843901226384,-0.07675828590816558,-0.09164318840195615,-0.0822906303908897,-0.08501828498103883,-0.10251382813018226,-0.08905461452283635,-0.04544381488687224,-0.07050272929225189,-0.07969759717130391,-0.07854779650371155,-0.08042357347528079,-0.09888710634917917,-0.12405227086705979,-0.18164731423978725,-0.08507006117476124,-0.03922089250290133,-0.09031276206651685,-0.08076753735128983,-0.09872877357337528,-0.06059669734004758,-0.09677064277649328,-0.05818668476524388,-0.10106001953224146,-0.0996120179422158,-0.08146186281867865,-0.1262143765525589,-0.09884420289228309,-0.24221170936913936,-0.071715417241714,-0.051629479900524175,-0.05228343824923175,-0.04336864593433671,-0.07789073415291883,-0.08688381059248991,-0.04823990517866402,-0.09051638288477916,-0.09590581513078751,-0.12068641579598992,-0.13093124518576155,-0.12314164971554233,-0.09760641748010353,-0.05278937676752476,-0.061510965749739265,-0.056977115628487736,-0.05602767053637899,-0.1112195164469209,-0.08696338433473849,-0.06414928001730329,-0.09337244897230526,-0.08324248790201451,-0.07402498281002455,-0.08840015036199791,-0.12268794417685151,-0.15095727791886632,-0.10780231080355492
2022-08-01,-0.08597713400934502,-0.07728019747626849,-0.1940658370661077,-0.10864667381324965,-0.09740010958038241,-0.07333505200850096,-0.08684678162971557,-0.07482315674305638,-0.08025923520350027,-0.09742484574992762,-0.08906848973756588,-0.050188229498176064,-0.07309553152360154,-0.0850680837347817,-0.08207208376458752,-0.08214323503702557,-0.10339969178520592,-0.12315853691651443,-0.18302221442956323,-0.08552786685880746,-0.04088961369176605,-0.09108448832076292,-0.07901117904359879,-0.10038735149764144,-0.06051833826140198,-0.09679699966707689,-0.05882717832660984,-0.10032639019916632,-0.10052067824555665,-0.0785523849757192,-0.12302733176041367,-0.10076258309466349,-0.23768611371960485,-0.07400329502083247,-0.0516667511197135,-0.053960131017605314,-0.043874019463690815,-0.07663960500506936,-0.0873547180149498,-0.04787508480210547,-0.08797909644623383,-0.09512289565995542,-0.12085878808249605,-0.13014889591733012,-0.11790692821161343,-0.0950225727569897,-0.053306804736026524,-0.06121120584518262,-0.056970990240769924,-0.05985868212716495,-0.11177714856417452,-0.08794648431946045,-0.06427335647889826,-0.09185101160168962,-0.08286144619284457,-0.07587326705708364,-0.08619391643108092,-0.12315937707213107,-0.15138285885937225,-0.1063278591164661
2022-09-01,-0.09199008822137522,-0.08154766846371186,-0.2010851387595034,-0.11327173047296542,-0.09557135152858547,-0.07336207103859062,-0.0891044856467815,-0.07880334571923893,-0.08059371364361205,-0.10496683570539075,-0.09182426328478781,-0.045800711736832755,-0.07028561966492776,-0.07647568236548562,-0.07233526773279572,-0.0819297512123368,-0.10170653396836132,-0.12562771627214264,-0.18296711024913634,-0.08589188806707197,-0.04922372441767493,-0.1068131482533664,-0.07950202411571317,-0.10249658418477874,-0.06538849590652253,-0.10145656978035955,-0.06524056406002665,-0.10802976082793762,-0.09761709040213282,-0.08231770924540793,-0.1268728481740153,-0.10764372519914947,-0.23672296295793488,-0.08261907874985154,-0.057495646131867986,-0.05762533169497124,-0.04536652801512166,-0.07500945157656203,-0.09305748493083699,-0.05691572488103153,-0.09633737698428889,-0.10327190625873643,-0.11615517249398473,-0.1318740722906955,-0.11660050977828568,-0.0960467936106896,-0.06467928091429927,-0.07086630996585958,-0.06661357868401692,-0.07916084939282717,-0.12401654020748189,-0.09678002875624583,-0.07292910548926017,-0.0956169068742665,-0.08694928704877394,-0.07455517107374073,-0.08786867285241899,-0.12368008538965068,-0.14979581324941288,-0.10925660437564454
2022-10-01,-0.09563128387684963,-0.05989902883853994,-0.19106808929173963,-0.11098402418664771,-0.09903189776556878,-0.09728369199433638,-0.09882022861003621,-0.08986981694003579,-0.07957645964462995,-0.11105227176435914,-0.09622951584430206,-0.048966952743250386,-0.05958136727160428,-0.07785350650264002,-0.07418936464323315,-0.08231795145124392,-0.1030374944459851,-0.12558974705759307,-0.14789944280855735,-0.07924309692036197,-0.06933917436680684,-0.101931793885937,-0.0662083670441238,-0.1323246586911334,-0.09053696384171489,-0.07819576958206576,-0.07788541291857572,-0.13292587143198792,-0.10923120511197269,-0.07186283831708136,-0.15285441255171878,-0.11791180783831431,-0.24518980220801082,-0.10135469493080507,-0.06110746811011257,-0.057085668029635855,-0.05051837658719387,-0.07737768035258565,-0.09092483836493528,-0.05940565543344979,-0.11199163291495057,-0.11588599473204443,-0.1252608658329834,-0.16654317516113948,-0.12297140482108801,-0.0925620498789225,-0.06312711482676835,-0.07225687420441915,-0.06581127586742223,-0.07480231177923283,-0.11815150608488119,-0.09371711223838441,-0.0685280209777056,-0.10754024273603113,-0.08205677194192802,-0.07614365317338379,-0.07620496998129951,-0.12384699842966942,-0.15010638259472728,-0.10588601564269415
2022-11-01,-0.090905348629454,-0.06996947801939907,-0.18844678730957706,-0.12050583890551697,-0.0995911188205169,-0.10149264401768784,-0.09940047454745685,-0.09469966880872474,-0.08614815292741862,-0.11727460129755701,-0.095620171119083,-0.047171187357083685,-0.05811066108872043,-0.07601219728207799,-0.07675231592492154,-0.06280147097390243,-0.08434221095789585,-0.12302992076657115,-0.14967495818884663,-0.08166956556224109,-0.06929911947104622,-0.11897201190081409,-0.07048314237431431,-0.13275903999088862,-0.09055453721594095,-0.0845968579459517,-0.07242387218081457,-0.13516681456052212,-0.11258672711585789,-0.07778395240390475,-0.1802387429621138,-0.11332983683336488,-0.24751873641831823,-0.09683962584140404,-0.06825237956797071,-0.05468104359289727,-0.05002825540921006,-0.07757184675453577,-0.0892584386400552,-0.060780423411811654,-0.10732550274575473,-0.1152655577814779,-0.12246257627434513,-0.16035716798051974,-0.1188728755273964,-0.09680738571123879,-0.0663848932670051,-0.07273768666729405,-0.07024084710415082,-0.0777595811591846,-0.1193554146566106,-0.09569616680507959,-0.09634795069376928,-0.11105222043092454,-0.08272969721097687,-0.08468445307074826,-0.09957283327256365,-0.1293953792244928,-0.16538746415605077,-0.11076732086030168
2022-12-01,-0.0933527809050021,-0.06979060788219095,-0.18983351613962243,-0.10550828509925132,-0.10627186658773585,-0.10164600973170791,-0.1046204317150068,-0.10088144582710039,-0.08926514488836496,-0.11688813022353288,-0.10515626575476962,-0.04017592261827579,-0.048557820848131,-0.07348309154635355,-0.06514850527459697,-0.06309078038924375,-0.07915779066696858,-0.12571167801789532,-0.1895821628538422,-0.07984499985566564,-0.06540554203657997,-0.12257998164735973,-0.06884887624762207,-0.13188631796669184,-0.09072498378458013,-0.08157480383575785,-0.0711741086472336,-0.13524609887113345,-0.11317869742294619,-0.08175924625138245,-0.1792616068551283,-0.11119033565680915,-0.24763413776081206,-0.0963859484417749,-0.05743570339519546,-0.04416454990545209,-0.04473430986802226,-0.08011624989817498,-0.09956862076083826,-0.047008661101298164,-0.10858530122518309,-0.1167663016100124,-0.1251692268165448,-0.16037340460141464,-0.12446332121304256,-0.09402788469225637,-0.0629753767666751,-0.06669035216665913,-0.06664631971177813,-0.07444073519991018,-0.11176557835228781,-0.08722212740791865,-0.09548847152118947,-0.10896038447652519,-0.07035696536834564,-0.08094087397401678,-0.09815172681948307,-0.12187785666514833,-0.16215317886032726,-0.10767634991650415
2023-01-01,-0.1007033606109261,-0.06978974682130466,-0.20966398646195525,-0.09995912204117832,-0.13443278377175097,-0.10193965489402725,-0.10668305847875076,-0.10023589091809017,-0.09843422350749723,-0.11590608485700458,-0.10653337253665572,-0.046695392508305636,-0.04850045859730361,-0.06469778839425668,-0.0709985656849654,-0.0651044109216411,-0.08333182873370817,-0.14516355230897074,-0.22565179337607955,-0.07384623259730481,-0.06464937430369017,-0.12306541254470671,-0.0685655687403618,-0.1319167782451976,-0.09094306098879239,-0.0814334280574113,-0.07078346812818077,-0.14912204320428435,-0.1110512281918331,-0.0924611081672629,-0.1990820828036979,-0.13498706033625393,-0.23915091451808232,-0.10037381400883805,-0.05934533423608157,-0.04537995856097027,-0.04802059497122087,-0.07947472513606733,-0.10085580921188346,-0.048311110543235315,-0.0956109566701573,-0.11582192210659045,-0.11456000178551239,-0.14551663136207896,-0.10793656353616388,-0.08473988195586558,-0.06300723889395922,-0.0688462320881638,-0.06680463237222449,-0.07497943866040266,-0.1208124834093061,-0.079944960885461,-0.09309807004288242,-0.11138758602813621,-0.07555569470301314,-0.07701132810122238,-0.09532545573535432,-0.12789955034696315,-0.16540883241946575,-0.09272768354233892
2023-02-01,-0.10041169244482234,-0.0698946575187294,-0.21686165621205541,-0.1000321275600473,-0.13248033399459466,-0.10117209191755228,-0.10653669485468863,-0.10027527702064433,-0.0909267443704562,-0.11556629593749454,-0.10659680332129563,-0.04821916287028865,-0.050872207643336484,-0.07437240819055391,-0.06864470605553537,-0.06034699783373051,-0.08027071350151341,-0.14488030151447984,-0.23419977389243715,-0.06472997294438712,-0.06229402728054694,-0.12251715382515167,-0.06578274841054284,-0.1307595559423968,-0.09175233616170039,-0.08179177313973275,-0.05891266979460456,-0.14965582964346388,-0.1099055393502972,-0.09401343815132675,-0.17808356916748297,-0.1346327491258672,-0.23953878121463767,-0.10043035143458062,-0.0595473865034959,-0.04595365707154361,-0.04434333391085724,-0.07878840867428592,-0.1015753519449727,-0.04433481077692355,-0.0986628230027868,-0.1162450542795507,-0.1259555091624251,-0.1480670099198838,-0.11931106481930397,-0.08547420766958044,-0.06587563963992817,-0.0688643225269712,-0.06915324724974038,-0.07498253635154309,-0.11989771218577795,-0.08198060135224755,-0.09528980618118667,-0.1106460703347432,-0.07560643270541133,-0.07277218617134233,-0.0850641055346199,-0.13492977388932043,-0.15267965237952993,-0.09162638261752158
2023-03-01,-0.10492384181881738,-0.08306501230574012,-0.22095720270880165,-0.10054878998472207,-0.14705333669783494,-0.1045681905467085,-0.1152472990209657,-0.10195245932461514,-0.09492452440914981,-0.1150449378033403,-0.12145731400084164,-0.0420129240335996,-0.0456846265703884,-0.06965426014538108,-0.0639228284922272,-0.05863979925067769,-0.07316207481477835,-0.14718533771953923,-0.2220927855999351,-0.06319921879744739,-0.06393048756244013,-0.12321226452228347,-0.060801974168533786,-0.12295513474626661,-0.09147598941597232,-0.07299377694255299,-0.05793241304713432,-0.1518409650495051,-0.10181207839470909,-0.10568344447209127,-0.1872446504138827,-0.13421954794684965,-0.24050253405262934,-0.10037926958294917,-0.06430419841851726,-0.04821777834361359,-0.04622584647449782,-0.07394560907001928,-0.09636166499890436,-0.04477645884981656,-0.09886564937999208,-0.11093654504473653,-0.12575220072405036,-0.15093149837978373,-0.11879386520922933,-0.08571983140381129,-0.05727206559494582,-0.06682090049027929,-0.06344378713646125,-0.06726267791802298,-0.11452798634599665,-0.07556875835396762,-0.09543951593035908,-0.11211300621650297,-0.06831119633225988,-0.06908285697897075,-0.08391254456522435,-0.1264938974390075,-0.1512453643751959,-0.09108874994791526
2023-04-01,-0.10052860365557131,-0.07869478491310937,-0.18449854523081013,-0.09233628925717585,-0.1354135077100214,-0.09831819074402467,-0.109962803890429,-0.0995433908165472,-0.09209917570004708,-0.09771864430393078,-0.12031144001805265,-0.04534159212139537,-0.04756021372435839,-0.07860434395249642,-0.05909434620511553,-0.05899027063751811,-0.07292479889227153,-0.12801928634947501,-0.2235378424802799,-0.06339429849794108,-0.06514229788431793,-0.12164222701341591,-0.06165477681799227,-0.12249068709997403,-0.09233227085352404,-0.0605663800250645,-0.056427616244443084,-0.13357082442344523,-0.10119088095117963,-0.0913308386512069,-0.18785184498854307,-0.12207944489992922,-0.11889776593585591,-0.10119548659798668,-0.06443035961827383,-0.04770783512926299,-0.0472470977089351,-0.07384222712372118,-0.09421604815298314,-0.04834128709583988,-0.09990304213272236,-0.11041615974174178,-0.12505005501091582,-0.14925193883290727,-0.11933265515168984,-0.06703082272899807,-0.05805178787141528,-0.06869474488408354,-0.06370998632483041,-0.06744165389413459,-0.11467913238944988,-0.07551598763461215,-0.09497011438426949,-0.10759668976751931,-0.06756716647005258,-0.06865064492865029,-0.08012993382718045,-0.12550938677599272,-0.14105573769337557,-0.0874775242665757
2023-05-01,-0.0990233266928514,-0.07992101043684471,-0.2005489110200846,-0.11576273051489983,-0.13452638380903661,-0.09467176971515492,-0.10894193472714737,-0.09902839303445195,-0.09523926878775799,-0.09609495638987715,-0.119012631160157,-0.046746269781551324,-0.04715580452332396,-0.07922230021309244,-0.06537111097165224,-0.06205841553389333,-0.06551686229781364,-0.1346355915157264,-0.2336137513954858,-0.06519568479687224,-0.06691304367671483,-0.13277961435351307,-0.062480661613120235,-0.1237591177084701,-0.09309146743968674,-0.058880012373224655,-0.0610494880996133,-0.133672609454987,-0.10338259625287002,-0.09991885908820132,-0.18851413489755847,-0.12916368040715362,-0.12498964718107923,-0.09841868285706934,-0.06573740476410656,-0.05212833854712733,-0.0491371193128246,-0.05211014806450453,-0.08532066175684994,-0.052534041957210266,-0.10552536516724272,-0.1090991698698498,-0.11520495917081758,-0.14833078070361647,-0.11325547224377688,-0.06515374960345643,-0.061746557340029,-0.06890644032049638,-0.06769495267326078,-0.06604767582205975,-0.09353966531206014,-0.07605190845760942,-0.09435043144027562,-0.10958968049310241,-0.06015759186845175,-0.07015386234389025,-0.08550200428109989,-0.12942808157045024,-0.14348000071744157,-0.08779852785300218
2023-06-01,-0.09579698604531157,-0.0765940493606101,-0.18223590468283518,-0.09757328044127256,-0.13665752629691905,-0.08030087866302799,-0.09913695839237331,-0.09425956405895088,-0.08753856984512555,-0.09307563551856132,-0.1113471360640669,-0.05151999535799387,-0.04568849533336653,-0.0811541682985425,-0.0642940720318477,-0.06243457300493697,-0.06544867789616858,-0.13026125654568352,-0.24317310675713458,-0.06379450842463148,-0.06715431718715587,-0.12606526966162707,-0.05843272209474783,-0.11876517809812343,-0.0888245590263781,-0.06170699429511923,-0.06360284415924894,-0.10851559841063724,-0.09767108651944752,-0.09927255785267197,-0.17693914497059807,-0.12179250753246752,-0.11195837520092158,-0.09891323914674637,-0.0675376793843352,-0.05243404519536582,-0.049194574842263125,-0.04948243383880409,-0.08606864984209052,-0.0534146074767902,-0.09861769698963406,-0.09415892397622973,-0.09480597803849279,-0.13150721823065034,-0.09830140947581162,-0.06482938611542505,-0.061120129135267466,-0.06665656147493677,-0.06635272613278317,-0.06355918263652427,-0.09074538007163395,-0.07948762468477932,-0.09346838480308618,-0.09934216438643996,-0.06001526588284969,-0.060216569371689836,-0.08996078144921052,-0.12901738191922216,-0.1198153289173666,-0.0826568828037689
2023-07-01,-0.08453268548020568,-0.07441282240979995,-0.179871059533373,-0.09651663448764197,-0.13459170789335045,-0.08249415461280368,-0.10153152996419598,-0.0926156719142176,-0.08455886141117694,-0.0912184779798804,-0.10881189537195259,-0.05151183012146135,-0.04543031082760112,-0.08311928987361358,-0.07125399236739877,-0.06806295283637674,-0.06571052123390582,-0.1101310918940372,-0.22829341698035274,-0.06166766879422306,-0.06610942782625415,-0.12122492775516551,-0.05399976832495119,-0.11716442802301587,-0.0873951187615275,-0.06972155686064646,-0.07088708242215346,-0.105478398984076,-0.0921311093100064,-0.10183947856604077,-0.1764900121009432,-0.11567345976257866,-0.09928687305304726,-0.09760681419444782,-0.06707105526731673,-0.052783490595849254,-0.04776655160846266,-0.045749273671578675,-0.07922114724959989,-0.05332515308857359,-0.09328073848532842,-0.08787260570259815,-0.09856676632203773,-0.13796328061225915,-0.10695323855322068,-0.05852820746544249,-0.06225224071061739,-0.0632930256465812,-0.06563233019625293,-0.06363459134696324,-0.08363414885553615,-0.07559776630178666,-0.09220059085398397,-0.09456731241350239,-0.0547203532678915,-0.0597290294761229,-0.08988934669788819,-0.10181895970061937,-0.12149787132114057,-0.08078947628569272
2023-08-01,-0.08519547909965314,-0.07071690273222601,-0.16012364973303458,-0.08975267256360013,-0.12272193506026162,-0.08726293666112991,-0.10551494038646793,-0.09560355416279977,-0.08783497075688393,-0.09302571857722396,-0.11338878732689132,-0.04745052130284405,-0.04701757913889468,-0.08828429751957705,-0.06814934144292997,-0.06513853785855335,-0.05992642368722217,-0.10868204338077152,-0.2275294486176134,-0.06013703817226995,-0.06604637998416607,-0.12153111413802184,-0.054927252483594445,-0.11333462392947938,-0.08773436403980178,-0.07109591623070674,-0.07041675072262472,-0.10504943004483597,-0.09279566014230954,-0.09843515695869184,-0.18041716301738592,-0.11414506528470045,-0.09964944701267674,-0.09659787003594497,-0.06723485430919894,-0.05249409545468191,-0.04982067124358967,-0.04566452978971231,-0.07858675787475011,-0.05436594355670757,-0.09360034896592133,-0.08744983835380814,-0.09332003338576868,-0.1381962902250907,-0.10558196586150445,-0.06194091031911645,-0.0628897236526425,-0.06495722547997666,-0.06665360734398229,-0.0627918417505751,-0.08150653020044454,-0.07503513396202476,-0.09018443039041843,-0.09724639300313465,-0.05428747194523993,-0.05413095383833761,-0.09114379906224798,-0.10139052306045435,-0.12563996881060543,-0.07970171306469417
2023-09-01,-0.0801260413214955,-0.059867334537736135,-0.14518937535045864,-0.08835076542583097,-0.12324367720348967,-0.08126019634517093,-0.10241628227222994,-0.0870008358287362,-0.08559373721999125,-0.07638961306847494,-0.11058447686465606,-0.0486682790091342,-0.050223713280615104,-0.09114691278211921,-0.0680373456893679,-0.06847045810435143,-0.061354778586455896,-0.10570533070269979,-0.22744252706471105,-0.06522593570620122,-0.06301299378423099,-0.09734610912575796,-0.06368505982673987,-0.10483992755586584,-0.07857756276840484,-0.06139826150916369,-0.08370957575112685,-0.08343148298071738,-0.09234513428916977,-0.0900167152684194,-0.16565962039578597,-0.10436407277272397,-0.11430346171901429,-0.08827600605354406,-0.06342768211859402,-0.04830717968706427,-0.049996908547471776,-0.0452789605902034,-0.07137784278818979,-0.044774933783003054,-0.08791155092027556,-0.08209926007178969,-0.09112596872785744,-0.13586861867735509,-0.10295999722375299,-0.0714271217401162,-0.04850992312698465,-0.05514499577211755,-0.05353756390225483,-0.044528129733022954,-0.06171274094793178,-0.06491073363420753,-0.0804433112522236,-0.09051559855911888,-0.04439930754481131,-0.053159085659711454,-0.08833331943687206,-0.1020426012134735,-0.12477193306056311,-0.0714199608959926
2023-10-01,-0.07554892170101941,-0.060236813391065534,-0.1533505859062491,-0.08914406399734874,-0.11995029355687409,-0.06404593955051852,-0.08488462821743156,-0.0749179681334465,-0.09272505605614219,-0.06354685371489827,-0.10282377017585459,-0.045797562012923926,-0.04514297603385775,-0.08846053200571923,-0.06410965639717953,-0.05126931628812452,-0.057911069921898636,-0.1003794267886651,-0.23214949672252203,-0.06501572172598627,-0.04022611955618848,-0.09458491022350902,-0.06779822162328573,-0.09402784324805136,-0.05084654862460344,-0.061503677490497614,-0.07985504254323422,-0.0698392666238188,-0.07806699138175939,-0.09235851150391639,-0.09452772397522217,-0.09583346705544613,-0.10169064746544734,-0.06790547063195877,-0.06123735169397498,-0.04409409865422092,-0.0397438080802381,-0.0388816817939045,-0.07054938894780988,-0.04533856380001881,-0.06627379045071079,-0.06239183265884193,-0.06817104875586723,-0.08941878082618229,-0.08337768221956436,-0.0723769414315241,-0.04856119446454002,-0.05491578846302237,-0.0531179071960225,-0.04454192492724991,-0.06539943721614298,-0.07211028663973165,-0.08022140074036607,-0.07226772135981549,-0.047254301774177644,-0.0484002527722006,-0.0867665042201051,-0.10215262743377394,-0.12252383941395714,-0.07127414888591288
2023-11-01,-0.07915910102050168,-0.06227480430243608,-0.14832352020617523,-0.08388537013943881,-0.1335067319832385,-0.06690691158223254,-0.09757555349739573,-0.07575007771912172,-0.09133091515670061,-0.08268113496587587,-0.10878296941414321,-0.04775997583514375,-0.045974401787686366,-0.08882543253636208,-0.056761815966026724,-0.04447655330307467,-0.04781664166349103,-0.09881628486141779,-0.23316452218601835,-0.06600535714800834,-0.046386595487887455,-0.08315897746520505,-0.06375792660081984,-0.09535901122709473,-0.050012781859975694,-0.05944107263699896,-0.0781383207850187,-0.07093593369634363,-0.06947606639764137,-0.09233999476060523,-0.08371841513838471,-0.1025918499753686,-0.1067270527879101,-0.06955819754108329,-0.054413869555182355,-0.04083182510869491,-0.041055870912620515,-0.03829162728219487,-0.07052214196539634,-0.04527872049217693,-0.06634084274030849,-0.06148791729005895,-0.06830659848849122,-0.09191510761842998,-0.08253455724157747,-0.06383087633194538,-0.044502549772785054,-0.05645749613902792,-0.045637857438143505,-0.0378458871023861,-0.0744418320997295,-0.08479510542374641,-0.06491703130710762,-0.0767989534965357,-0.054600448635779744,-0.04110768262255993,-0.05993647116653276,-0.09882467594053918,-0.10593809038604789,-0.0795352025299486
2023-12-01,-0.0634325331214762,-0.05638875107594681,-0.12993842629021685,-0.09338606441078269,-0.11280199995662749,-0.06855584960922688,-0.09571844787470969,-0.07570957582748701,-0.09976399536221749,-0.08555349210586982,-0.10187394973347356,-0.04820583731724024,-0.04720288472764059,-0.08880415260197025,-0.06266351252224964,-0.04907527608553435,-0.04413874612545963,-0.08236429226927501,-0.1789455512316966,-0.07143271031040739,-0.046380659957241575,-0.08053516763308739,-0.06873862069786689,-0.10580044235483717,-0.05415527973919017,-0.06226236856613205,-0.0786119889168862,-0.06697975653385388,-0.07636839999075716,-0.07797384721533811,-0.081163643569724,-0.09639759507069721,-0.10439154719146951,-0.06862767907055912,-0.05617811936696931,-0.04098588150902296,-0.04095549504432761,-0.03101678493258739,-0.053507632880885406,-0.04517013726875279,-0.06667414276507101,-0.063475728661413,-0.06728826627084537,-0.09116841070873105,-0.07939097964350128,-0.06654587810870757,-0.046214869090138784,-0.054671582879095966,-0.0465935545410704,-0.0392788433969311,-0.0854429961632856,-0.08492192137742638,-0.06200015325548777,-0.08638915915483593,-0.07387994314830879,-0.03924644992077939,-0.06044081194377196,-0.09938976054749872,-0.11179032235516516,-0.0822199968894773
2024-01-01,-0.06262750179009688,-0.05657555573344661,-0.12173323926685493,-0.09329059702298399,-0.097903563325272,-0.06806805300572416,-0.09357504569975493,-0.07407237544034742,-0.09205052669079394,-0.08530872992959597,-0.09591792100078843,-0.043021180118798776,-0.04427221764771185,-0.08435942797090466,-0.060059165815308846,-0.055753513292886935,-0.03253352430184215,-0.06628260253781731,-0.1800151980508387,-0.0713115102218811,-0.0468990566470747,-0.0769973140604204,-0.06901507850018773,-0.10515361676808901,-0.054610256693506894,-0.06198119793815576,-0.0830574225076438,-0.04707473502104464,-0.07639186674429115,-0.07473875732312307,-0.07143830643380339,-0.07114295014508921,-0.10051518046194502,-0.0623995649047319,-0.05727197963862067,-0.039766179986500484,-0.03763653932766373,-0.03281109642610561,-0.047801220205679035,-0.044733822035539585,-0.06525887328345918,-0.06320178771823527,-0.06738615400649046,-0.0905452921257679,-0.08011638403947959,-0.060579272330561665,-0.046318466295502146,-0.051997431842054964,-0.04734117158637206,-0.03950004807242213,-0.07822152168459644,-0.0882210993519348,-0.05361469947557376,-0.08464736368962247,-0.07385105511122016,-0.0405058357117126,-0.06082763194517472,-0.10301511019090376,-0.10247602329778964,-0.08307377122361909
2024-02-01,-0.06365076378436918,-0.05572017193099784,-0.12821744736620316,-0.09271244419655801,-0.09632232647786548,-0.06926646297843538,-0.09317839633099453,-0.07268342622475103,-0.09207755235315444,-0.07982092591677299,-0.10022358370590605,-0.03940477396725368,-0.0431698070233258,-0.07440638381496895,-0.06176425467007609,-0.056314718292180065,-0.02900844022782148,-0.05881228770048372,-0.17399450712744371,-0.06629818725607903,-0.04664106804857863,-0.0759940571290569,-0.07679838667268997,-0.1057548140851683,-0.04889842615307683,-0.06248450814696798,-0.08304033680272854,-0.05989143129780032,-0.07906464302091443,-0.06582012462206116,-0.08060618558028791,-0.08027194762721962,-0.09151146074716741,-0.059944848661131686,-0.055517648191034955,-0.038665464381012676,-0.037543111078345,-0.03462136143608654,-0.04170297543582708,-0.04394109285480867,-0.06464972928724919,-0.06181469319231573,-0.046042148812832015,-0.08904881809436575,-0.06499983172175319,-0.06094217204395514,-0.041835267933646704,-0.04868956060895754,-0.05455984695854037,-0.04059197228399559,-0.07792305860276888,-0.08092169249600846,-0.049688010547832145,-0.08355442627788365,-0.07369781957810338,-0.04668172095827939,-0.05748218262842272,-0.09265369018143234,-0.10049848635761514,-0.08042905112918755
2024-03-01,-0.05896796200833256,-0.04577460020119257,-0.12635463710421527,-0.09337181179469517,-0.08646005459521258,-0.0592307380245885,-0.07721925659743555,-0.07019131366260203,-0.0914201325735327,-0.07899121002776723,-0.06541691313976551,-0.04010957550399061,-0.043101378308525874,-0.07493770447741226,-0.061730934240295424,-0.05671642057759251,-0.03490265323266164,-0.05807834663796274,-0.17833472109777965,-0.06605667543158941,-0.04582198602427957,-0.07841601168342878,-0.0763743211104451,-0.10436264601838259,-0.04945687805582594,-0.06259795039776489,-0.08696632446746853,-0.05892393293961528,-0.08775128908963908,-0.05940396489356424,-0.07743317547341722,-0.08368440384722403,-0.09219336349357479,-0.06092644932399362,-0.05189114612879549,-0.03677042424004219,-0.03765437424590576,-0.03412733345901031,-0.044415608833552424,-0.0444342092726744,-0.07170459679627945,-0.06266724152037637,-0.05387489505437287,-0.09325787865659955,-0.07174097335372882,-0.07245087177679227,-0.043943617355410594,-0.04376330747657223,-0.053692902002358815,-0.04309387905341355,-0.07816302192184799,-0.08045407738364664,-0.05605399433167638,-0.07901519067581453,-0.07405631717052272,-0.04687393298321325,-0.05940795149096436,-0.09550305472596894,-0.11946600198167501,-0.08024004586232361
2024-04-01,-0.058493079356873555,-0.05429818327989701,-0.13005704547749836,-0.09299831022647971,-0.09598437353021416,-0.06225503662139048,-0.07858623853216329,-0.06972159497064695,-0.09162655318975246,-0.08629114076503451,-0.06516342178817831,-0.045000395754683155,-0.04222887322838595,-0.07324652987636018,-0.06886396209093085,-0.054259334713207215,-0.03767203280511994,-0.06187433184279583,-0.16472956761594934,-0.08097526481916646,-0.043463471351921405,-0.0765957426808041,-0.0843241006615358,-0.10854482336075683,-0.051861875520448505,-0.0632031248322318,-0.08753940018534538,-0.06463706837478542,-0.08477456709439425,-0.0607760683255423,-0.09239981714743513,-0.08978765270901766,-0.09799606216835036,-0.05746826895296105,-0.0497506826815422,-0.035493661434436254,-0.03475079808768018,-0.03525880924197364,-0.04605549358058801,-0.0418271093125131,-0.06854440872968673,-0.062248490521989865,-0.05468562306338572,-0.10341185186306269,-0.07140257025326242,-0.07449123033919614,-0.04363829538655474,-0.04141101444147187,-0.053437686708403584,-0.042738225757665935,-0.10635107458782112,-0.08894155899072617,-0.07306946942078935,-0.0888259156621127,-0.08065675223066153,-0.05123499722896267,-0.05834119287122964,-0.10452763865002092,-0.11705031906899199,-0.09592743275965798
2024-05-01,-0.06740407246741748,-0.054083180364369814,-0.12054545717527239,-0.07101604919918131,-0.10165553286226924,-0.06071520281818911,-0.07631517627285485,-0.0673104141472429,-0.08784496135506505,-0.08570786654696436,-0.06494824070597609,-0.04397860970129147,-0.042642225019370594,-0.07277108348190768,-0.06165522684149687,-0.052932589481846065,-0.05917537763231339,-0.05519421588014369,-0.15139379509724,-0.0785867654297241,-0.04480988060431015,-0.0588027426589817,-0.08419453253397234,-0.1044915169284906,-0.052737304777886275,-0.06333471132536256,-0.08550191840079216,-0.06490821914079989,-0.08121999719434476,-0.05273668457637392,-0.09179231033563702,-0.07858602563899954,-0.0947269846803853,-0.04739492439531351,-0.03891254707944204,-0.027540950025710418,-0.03256997861726585,-0.04163377477346796,-0.05126359546150252,-0.03249026853087749,-0.05240858349702068,-0.05325025048334983,-0.05888282150020089,-0.09442786796308494,-0.0651396727779447,-0.09113013568606101,-0.034993300877120784,-0.046285561551563416,-0.04679888513126407,-0.03955178003302947,-0.1097951139219052,-0.09280656041797944,-0.07577724103246473,-0.08419424372349027,-0.08173014087287092,-0.04866445187543215,-0.06545505907428488,-0.0956418078119644,-0.11058433094823222,-0.09412339141414984
2024-06-01,-0.06752963515032222,-0.05614718742614129,-0.12070144900233272,-0.08289254353975554,-0.10270084341574662,-0.060599748711908104,-0.07683322026038272,-0.06756547746756392,-0.08772958873070964,-0.08480653214063379,-0.06526495215504707,-0.03855065604003317,-0.0432378306304556,-0.07327722067598635,-0.06155241732338689,-0.051821873269738424,-0.05896676731581132,-0.05630293354698639,-0.13344998108282216,-0.07508759884825195,-0.04105234187598378,-0.0836143767464553,-0.0773565541518089,-0.09628516341634727,-0.049987148953983616,-0.06304832490469924,-0.08756745268111966,-0.07031913211078893,-0.06535952296820025,-0.05029134384677205,-0.09170633181157643,-0.08044524360477213,-0.09239219591158153,-0.048127385916302556,-0.03582126513527943,-0.027618870950245126,-0.03321964911665549,-0.039524638370966064,-0.05121880759892543,-0.032883447021098744,-0.05200892187283445,-0.053643405160416095,-0.05869676711490338,-0.08505739958951443,-0.06330698943804836,-0.09800077965418874,-0.03767330659068541,-0.04827006160079183,-0.04808812622130985,-0.04457301562105187,-0.11019532025788284,-0.09143475317683682,-0.07437772788368868,-0.08090086489254333,-0.08280164904165253,-0.04487034431865519,-0.05567081884726956,-0.0945636385094797,-0.10897022303385355,-0.08543789652968596
2024-07-01,-0.06881127853711588,-0.061111284563347,-0.12749035007641088,-0.0841434307956984,-0.10165463761145464,-0.058343736810823804,-0.07268247924703397,-0.0695782037576664,-0.08711568552209402,-0.0878913874843456,-0.06391698673553706,-0.0455104549276851,-0.053754589940976344,-0.08588730633389158,-0.05807108375640358,-0.05362524788813288,-0.0683846490298051,-0.059435454697253316,-0.14323848938528,-0.07473995060134787,-0.04358659335253525,-0.08340500654395039,-0.08330229347961732,-0.09501505880535496,-0.047250342201085115,-0.05729255178325451,-0.09009299998979757,-0.07046529271250299,-0.062204070470616685,-0.05221995345635451,-0.09460475862151155,-0.08241727278943489,-0.09697222235718815,-0.037233207430944014,-0.03561959181366381,-0.02945189685123146,-0.03629062546912,-0.03957820470043772,-0.05533525210177196,-0.03192992538561241,-0.05225701086075888,-0.052937062073487404,-0.04637782205628557,-0.06620178094194562,-0.044977787515979514,-0.10038184218420859,-0.04262086037551486,-0.051374978236502965,-0.05680576141091427,-0.0496259561258181,-0.11550465805796965,-0.09758317306500931,-0.0748935493081101,-0.07952845742819811,-0.08220401569005947,-0.045127355119735604,-0.056227553013637195,-0.10495643939867537,-0.10680711525001585,-0.09583610505309358
2024-08-01,-0.06684464677456227,-0.06009738015037054,-0.12842455880964385,-0.0845675198737027,-0.1018534232187772,-0.048710706882781875,-0.06177570560072742,-0.06174418617364608,-0.08295908529971732,-0.0851221678212954,-0.05129685223812281,-0.047709890226567686,-0.04866342295668634,-0.08252008831002444,-0.05757633937940819,-0.054673935855551366,-0.0694432535599634,-0.0631477029927906,-0.1444992561120786,-0.07461032298836331,-0.04948268987749973,-0.09049745168125159,-0.08302589978383403,-0.09440808609239341,-0.04619603767187323,-0.05564334560033743,-0.08941976341309525,-0.06924235503071285,-0.06259959293099247,-0.05596055021199582,-0.08953638896738782,-0.08094241378147712,-0.09855176912891948,-0.0370950931892621,-0.03910590858860193,-0.03292807109116262,-0.033934837607897915,-0.04870238912649958,-0.054183326672751456,-0.02817414536095653,-0.051235692231414685,-0.05687882311741502,-0.047088056552570895,-0.06940588707495521,-0.04416894575330032,-0.09697531972486317,-0.03940779603278434,-0.046652239613152256,-0.05044322835722338,-0.0501099418451753,-0.11551460952580878,-0.0955174566827691,-0.0760587608501518,-0.07243185154573056,-0.09115804825689469,-0.04585465611772029,-0.05867156735502699,-0.10176638419844251,-0.10110862636149914,-0.09555724291592563
2024-09-01,-0.05727660370256298,-0.05726821841001202,-0.11399494522454308,-0.07041571827778849,-0.09847272441981471,-0.05562067856537629,-0.05923540181486074,-0.06325961024790157,-0.08086333616846393,-0.07987072207773549,-0.05349733116787842,-0.04673783769132334,-0.047309516619577746,-0.08775923889627382,-0.0577956747136904,-0.053379710976932906,-0.0674410745411253,-0.05417258179215846,-0.1571455790169078,-0.07093883182303574,-0.046712380637473856,-0.09207404234422598,-0.07777300110343523,-0.09511005131172419,-0.045695713369495614,-0.05027459278829149,-0.06318214543869843,-0.06356204223798546,-0.061999667653544165,-0.0532194147362983,-0.08984492026000565,-0.08138409900215021,-0.08197983843177763,-0.04180724806759794,-0.0329133457600675,-0.02355584426201438,-0.030551061133864247,-0.04645831864838801,-0.05593907623530562,-0.02671595199428198,-0.04902312818558181,-0.05473853949748064,-0.051720622738241274,-0.06940400028320869,-0.04629675499348205,-0.0806303940566771,-0.038481763409682485,-0.04147092627746583,-0.04609471308843744,-0.049497369883737784,-0.11132715593913708,-0.08797937329356069,-0.07301593306568742,-0.06927429981271738,-0.08995775879100965,-0.04311572405152495,-0.06072621051329793,-0.09876734721691176,-0.10251359607270874,-0.09129461461636003
2024-10-01,-0.059120160370687305,-0.06030125752276354,-0.10376965836663624,-0.07270713938527915,-0.09834324512360063,-0.05160539343423622,-0.05485618021476971,-0.05461509464986531,-0.06861530889911198,-0.07489980635422017,-0.05879049453162905,-0.04402742101012181,-0.04675690483788736,-0.09314393239452234,-0.05333721650581138,-0.06284551146382442,-0.06346419238611593,-0.05469213340514495,-0.14194461530545677,-0.06802943633183374,-0.04920150805770536,-0.09574290215760319,-0.07274724437792485,-0.07129275487871599,-0.04558733149587287,-0.05506290944905686,-0.05940425854095636,-0.07509224345520267,-0.06190201795723314,-0.047993320309663745,-0.09052561060595612,-0.08146643190023768,-0.08138780256247975,-0.04175589737933923,-0.03626409134004394,-0.04170239636504209,-0.02917377896956687,-0.046687084631642964,-0.055135271643973985,-0.04481207717556727,-0.035699443470015996,-0.03326031683842272,-0.053568106410139066,-0.0693907591787504,-0.04629673349651414,-0.08556479787237815,-0.03886377208842377,-0.04181671548386249,-0.04968892660235639,-0.05031593411719139,-0.11171599547095902,-0.09117187152381971,-0.07289131743365844,-0.06996726089889718,-0.09017762965376071,-0.04707500602389422,-0.061820329965447146,-0.11384505634960652,-0.10310290694198013,-0.09065391531554583
2024-11-01,-0.05378892516716634,-0.052484660018012275,-0.10424050185607425,-0.07772607411819889,-0.08316554120486734,-0.051945779553609364,-0.05017959272977064,-0.060013475557927215,-0.0696388654120029,-0.05468055028594403,-0.0649644924425761,-0.04286918199246895,-0.05080445950259511,-0.09488287034544661,-0.0672086794014247,-0.06288534785191395,-0.0655687570132457,-0.056575723078544145,-0.16158199427656694,-0.06694395224270952,-0.04446619735848097,-0.09237982536605847,-0.07270220276196031,-0.06963700330891456,-0.054555410162942075,-0.052264517638155976,-0.05925967073156906,-0.07293988014946594,-0.07228057484163791,-0.04756325001253083,-0.09073676535037002,-0.0925030675885953,-0.08342307732895966,-0.04018599888978635,-0.04173135587904568,-0.04137574642468083,-0.02758914305776466,-0.04470911528872388,-0.05782214503048816,-0.04414340588696768,-0.03429025339532826,-0.041816501029546906,-0.05327111363466008,-0.0756409943609705,-0.051840150085859814,-0.08585417504823807,-0.03813948237666206,-0.041811583557385096,-0.048285753668842746,-0.05040034146462067,-0.10557883024592442,-0.08005467757958871,-0.06940312634242687,-0.06588386013084126,-0.08920065512063396,-0.042586124766665706,-0.06189524568916196,-0.1149657377322528,-0.10093913955270956,-0.08494375899648536
2024-12-01,-0.05466162373549621,-0.05240179564097355,-0.1095668527644028,-0.11328749192710207,-0.08293069237407903,-0.0548181776568563,-0.05549583795889816,-0.0624930405396536,-0.06359547935893475,-0.05191227462790893,-0.0722180430412803,-0.04742558298865834,-0.0745130751714031,-0.09559045519074781,-0.06585839617717422,-0.059229445690280096,-0.06387126231531538,-0.05696201836624983,-0.16569236510282423,-0.0718540601615217,-0.042395080906316905,-0.09228753755890132,-0.07582305982623103,-0.07104779137768324,-0.05345919286075124,-0.049007326041594856,-0.06437734595203343,-0.08334489577531386,-0.07487420882212141,-0.054309542600708985,-0.09045831194459901,-0.09391205600283471,-0.08425813501726248,-0.042391771649612844,-0.044773583567818145,-0.042888707822145655,-0.03280170052052746,-0.048392070274608685,-0.05785340648293827,-0.04983819931959249,-0.04492562161731782,-0.0542833035659938,-0.058566226534540786,-0.08258627563227797,-0.05845847014744435,-0.09241808647246323,-0.04770003888120005,-0.05043512926402535,-0.05653779506874258,-0.0478886743416341,-0.09715323114138912,-0.08650061805577842,-0.07093891265001209,-0.060343967008841,-0.08847919516927515,-0.05200707652707415,-0.0775916969189373,-0.12007583067774641,-0.10396824183862571,-0.09601558422784288
