Date,AAPL,MSFT,NVDA,AVGO,CRM,JPM,BAC,GS,MS,BLK,WFC,JNJ,UNH,LLY,ABBV,MRK,PFE,AMZN,TSLA,HD,MCD,NKE,LOW,CAT,HON,UNP,RTX,GE,DE,GOOGL,META,DIS,NFLX,T,PG,KO,PEP,WMT,COST,CL,XOM,CVX,COP,SLB,EOG,NEE,DUK,SO,AEP,EXC,PLD,AMT,EQIX,SPG,PSA,LIN,APD,NEM,FCX,SHW
2013-02-01,,,,,,,,,,,,,,,,,,,,,,,,,,,,,,,,,,,,,,,,,,,,,,,,,,,,,,,,,,,,
2013-03-01,,,,,,,,,,,,,,,,,,,,,,,,,,,,,,,,,,,,,,,,,,,,,,,,,,,,,,,,,,,,
2013-04-01,,,,,,,,,,,,,,,,,,,,,,,,,,,,,,,,,,,,,,,,,,,,,,,,,,,,,,,,,,,,
2013-05-01,,,,,,,,,,,,,,,,,,,,,,,,,,,,,,,,,,,,,,,,,,,,,,,,,,,,,,,,,,,,
2013-06-01,,,,,,,,,,,,,,,,,,,,,,,,,,,,,,,,,,,,,,,,,,,,,,,,,,,,,,,,,,,,
2013-07-01,,,,,,,,,,,,,,,,,,,,,,,,,,,,,,,,,,,,,,,,,,,,,,,,,,,,,,,,,,,,
2013-08-01,,,,,,,,,,,,,,,,,,,,,,,,,,,,,,,,,,,,,,,,,,,,,,,,,,,,,,,,,,,,
2013-09-01,,,,,,,,,,,,,,,,,,,,,,,,,,,,,,,,,,,,,,,,,,,,,,,,,,,,,,,,,,,,
2013-10-01,,,,,,,,,,,,,,,,,,,,,,,,,,,,,,,,,,,,,,,,,,,,,,,,,,,,,,,,,,,,
2013-11-01,,,,,,,,,,,,,,,,,,,,,,,,,,,,,,,,,,,,,,,,,,,,,,,,,,,,,,,,,,,,
2013-12-01,,,,,,,,,,,,,,,,,,,,,,,,,,,,,,,,,,,,,,,,,,,,,,,,,,,,,,,,,,,,
2014-01-01,,,,,,,,,,,,,,,,,,,,,,,,,,,,,,,,,,,,,,,,,,,,,,,,,,,,,,,,,,,,
2014-02-01,,,,,,,,,,,,,,,,,,,,,,,,,,,,,,,,,,,,,,,,,,,,,,,,,,,,,,,,,,,,
2014-03-01,,,,,,,,,,,,,,,,,,,,,,,,,,,,,,,,,,,,,,,,,,,,,,,,,,,,,,,,,,,,
2014-04-01,,,,,,,,,,,,,,,,,,,,,,,,,,,,,,,,,,,,,,,,,,,,,,,,,,,,,,,,,,,,
2014-05-01,,,,,,,,,,,,,,,,,,,,,,,,,,,,,,,,,,,,,,,,,,,,,,,,,,,,,,,,,,,,
2014-06-01,,,,,,,,,,,,,,,,,,,,,,,,,,,,,,,,,,,,,,,,,,,,,,,,,,,,,,,,,,,,
2014-07-01,,,,,,,,,,,,,,,,,,,,,,,,,,,,,,,,,,,,,,,,,,,,,,,,,,,,,,,,,,,,
2014-08-01,,,,,,,,,,,,,,,,,,,,,,,,,,,,,,,,,,,,,,,,,,,,,,,,,,,,,,,,,,,,
2014-09-01,,,,,,,,,,,,,,,,,,,,,,,,,,,,,,,,,,,,,,,,,,,,,,,,,,,,,,,,,,,,
2014-10-01,,,,,,,,,,,,,,,,,,,,,,,,,,,,,,,,,,,,,,,,,,,,,,,,,,,,,,,,,,,,
2014-11-01,,,,,,,,,,,,,,,,,,,,,,,,,,,,,,,,,,,,,,,,,,,,,,,,,,,,,,,,,,,,
2014-12-01,,,,,,,,,,,,,,,,,,,,,,,,,,,,,,,,,,,,,,,,,,,,,,,,,,,,,,,,,,,,
2015-01-01,,,,,,,,,,,,,,,,,,,,,,,,,,,,,,,,,,,,,,,,,,,,,,,,,,,,,,,,,,,,
2015-02-01,,,,,,,,,,,,,,,,,,,,,,,,,,,,,,,,,,,,,,,,,,,,,,,,,,,,,,,,,,,,
2015-03-01,,,,,,,,,,,,,,,,,,,,,,,,,,,,,,,,,,,,,,,,,,,,,,,,,,,,,,,,,,,,
2015-04-01,,,,,,,,,,,,,,,,,,,,,,,,,,,,,,,,,,,,,,,,,,,,,,,,,,,,,,,,,,,,
2015-05-01,,,,,,,,,,,,,,,,,,,,,,,,,,,,,,,,,,,,,,,,,,,,,,,,,,,,,,,,,,,,
2015-06-01,,,,,,,,,,,,,,,,,,,,,,,,,,,,,,,,,,,,,,,,,,,,,,,,,,,,,,,,,,,,
2015-07-01,,,,,,,,,,,,,,,,,,,,,,,,,,,,,,,,,,,,,,,,,,,,,,,,,,,,,,,,,,,,
2015-08-01,,,,,,,,,,,,,,,,,,,,,,,,,,,,,,,,,,,,,,,,,,,,,,,,,,,,,,,,,,,,
2015-09-01,,,,,,,,,,,,,,,,,,,,,,,,,,,,,,,,,,,,,,,,,,,,,,,,,,,,,,,,,,,,
2015-10-01,,,,,,,,,,,,,,,,,,,,,,,,,,,,,,,,,,,,,,,,,,,,,,,,,,,,,,,,,,,,
2015-11-01,,,,,,,,,,,,,,,,,,,,,,,,,,,,,,,,,,,,,,,,,,,,,,,,,,,,,,,,,,,,
2015-12-01,,,,,,,,,,,,,,,,,,,,,,,,,,,,,,,,,,,,,,,,,,,,,,,,,,,,,,,,,,,,
2016-01-01,,,,,,,,,,,,,,,,,,,,,,,,,,,,,,,,,,,,,,,,,,,,,,,,,,,,,,,,,,,,
2016-02-01,1.355744027927718,0.942604113269411,0.9695960457030653,0.7015685492520454,1.2947860438639647,1.1263207670760256,1.1957794503796566,1.2831865908576723,1.5459278244738495,1.676071606813204,0.8698960316581131,0.8070639085641789,0.5614928779174712,0.16145302159898184,1.5572180396251647,0.8152817987350468,0.9149976647183611,1.5678080265581549,0.7617351623054196,0.9329951552027614,0.4599348297015939,0.5415467936785332,0.9148117178439291,1.0797562887901642,0.8103835031830194,0.8360464475398245,1.0645483808511875,1.164376678210396,0.8421080316650583,0.8413049303186968,0.5784611143219786,1.4449099725727295,1.117466548508957,0.30599109474174013,0.6296209335076786,0.7888268057859256,0.7234394338910572,0.16714135064024152,0.7619775165981169,0.7699508222763356,0.8349704393604003,1.042452816078776,1.0386701052815808,1.0271538826494255,0.8362504444106138,0.34026590868385553,0.07546753785543509,0.04830489515890562,0.1968852888860359,-0.02756211854922047,0.7879164473738519,0.8894942142400027,0.3665955847471845,0.5017371477714756,0.34906583192275087,0.9851973045774157,1.300179095789999,0.36590934299030586,2.5209885728804022,1.1816437831420321
2016-03-01,1.363140548789287,0.9674080001605406,0.9561367803764186,0.718828897317005,1.300029922480205,1.1343227316076936,1.2276680290634192,1.3000701598717908,1.5563301157735954,1.6765801022885698,0.8883920311897282,0.8046415667200797,0.5636275907646314,0.18785379393698437,1.5558991738183698,0.8200095611747139,0.9208603860449212,1.5886934772950632,0.7845288433428589,0.9388617578379538,0.4758530237163215,0.5502029026641551,0.9335781863559149,1.0565932229237114,0.8151093569227507,0.80799504713627,1.034668623441938,1.1606885172756125,0.8368889928162362,0.8551667607143317,0.6175916179051957,1.4475864749963405,1.1098867419160947,0.2913943699074921,0.6298679668247096,0.7838877416576623,0.7252992914013325,0.16576218337496187,0.7681470505839598,0.7690621780659088,0.8258871742265597,1.0456267955771075,1.0705337875071312,1.0271249590645586,0.858037989405263,0.34283175856948067,0.08018384561668811,0.05123804986019234,0.1937572464155886,-0.04115678000260474,0.7966418987627594,0.8940514140945829,0.3784552072444979,0.500149665676264,0.36065808343395034,0.9756108778341065,1.2923417101558259,0.299925595118635,2.378789016955531,1.170375069710059
2016-04-01,1.4408384985088882,0.997531321074816,1.04754763475557,0.8110325766082287,1.301381490597122,1.1551382194678583,1.2110671535910067,1.3090022353651731,1.5023387897368368,1.6546049143766015,0.8517675889037091,0.7535159174194814,0.5796335774504099,0.1510051044303315,1.4623601086087015,0.819783618185475,0.8482713332690619,1.5796802203528846,0.8948145479782869,0.960239308370681,0.5180914880708698,0.4504874800305307,1.0269157634627955,1.20319905528561,0.8552992762337535,0.755544429907701,1.0109406128279272,1.2155742010000925,0.7526142700445839,0.8852199064063484,0.6824513039999176,1.3863954909420517,1.141693828418138,0.3348581704990108,0.6193826263647851,0.8078161754415509,0.7107867717126162,0.16465745949488622,0.7566814954560925,0.8022136116026353,0.8421304955735128,1.1741038450060257,1.2320458858288006,1.0410461645309232,0.9506588500840332,0.3335860167643945,0.15890041589312798,0.12728980188053096,0.2529632957320996,0.06638355542935795,0.919011030975184,0.9854561411715137,0.44782661066243445,0.5948421054743475,0.4573843688256241,1.0872058322553326,1.3189552014579242,0.30554329278558423,2.6556908221528936,1.1403401223494107
2016-05-01,1.4538079824468553,0.9542540751565954,1.037417179054662,0.8733428298791105,1.3459293332272333,1.1527766450843817,1.2154888427992896,1.3203652528227257,1.5098973523552597,1.6509975410519777,0.8502210084915812,0.7447647761519852,0.572714772178885,0.1652224956040134,1.4289549848271705,0.8003598505026477,0.852175976998998,1.616012225528562,0.7835370482949147,0.951777388898098,0.5151356241406779,0.43202371221665364,1.0352328643199198,1.2197728059561115,0.8741587526756945,0.7475338484287346,1.0270370978237398,1.2402820390216729,0.7403660824881203,0.8819495109052902,0.6705767531239899,1.3618385282940397,1.110276266805371,0.33157451814038386,0.6256734819118652,0.7941935875980746,0.702362718949178,0.1483789723411368,0.7568895702096977,0.8047399448213437,0.852072323994641,1.1698115258085602,1.2349217941233446,1.050159973736406,0.9794742137493727,0.3198897090207382,0.14854583504403604,0.1197066745259727,0.23708871062111236,0.03602864616926439,0.9052768210968887,0.9609051695933677,0.45971705005716307,0.5579438254098328,0.43253377986262986,1.082947964400918,1.3299037034357912,0.39897425955798904,2.6938453485420855,1.1215079823321725
2016-06-01,1.4691909194227741,0.9529980059664509,1.0860728649687452,0.8325897710046144,1.3641380046423932,1.1234571145117478,1.1844310604379928,1.2800119649512647,1.459407011944716,1.645663894997615,0.8331614906344984,0.7552595167475916,0.5651287458964016,0.18205916645478504,1.470631866654018,0.8126046685206219,0.8943721125748949,1.6238049386889841,0.5489114873489562,0.9288065080013482,0.5324727083581137,0.4346080410782729,1.017890286911465,1.2040873933304188,0.8541417659378796,0.726897327401092,1.0090515452614144,1.2259880494445996,0.7481487207635625,0.8788429168052405,0.7327291059467821,1.3595179890758171,1.1299857706908583,0.359526117347137,0.6301825682868928,0.8188544302086448,0.710738229556119,0.1753834886561192,0.7589077299142326,0.8185746080877617,0.850913726070568,1.1692012837827621,1.2146942899718238,1.0510244560151203,0.9569708929507743,0.35914977644306983,0.1932434006092872,0.15432589975879066,0.2880998526074736,0.10042224077209798,0.9348884326437185,0.9967331243058475,0.5049210571808249,0.5835509967776572,0.47627531919020716,1.0730384982985963,1.3013245335092885,0.36298126943290315,2.6394541983377344,1.1196883425164788
2016-07-01,1.4107879642502361,0.9687376743139839,1.0683299105459976,0.8198423767968676,1.3179646879159814,1.1288853997523036,1.1900820411910944,1.2721495944591752,1.455132075931909,1.625445253977524,0.8801608623694637,0.7604778764380856,0.5818896493011991,0.11191033894995545,1.4707641491889099,0.8122485554828685,0.9257278689414318,1.6652128787445373,0.6317116228160564,0.934575949681318,0.565680885259431,0.46074793587503304,1.008678932224187,1.1838325845526896,0.8677591489424885,0.7270092087438693,1.0060797271215045,1.2268223289988152,0.7136612750127023,0.9128668023329592,0.7525533946950019,1.3817014063540038,1.1165789955152428,0.3418954869888724,0.6287833075687475,0.8280019495021509,0.7151310164398866,0.16803885992150336,0.7601251543062844,0.8111501749783798,0.8514968911270965,1.1555058001300085,1.2353236144366186,1.0416987085025524,0.9777447573490319,0.39431152043009876,0.17764030676702935,0.13887957828160008,0.25207713412482696,0.07546512622219519,0.8897431478352762,0.9431622794374976,0.4153286234259883,0.526441309716557,0.48211832862424625,1.0899938456411848,1.2962847564511342,0.21550755314814912,2.607868820816595,1.0833622545161807
2016-08-01,1.368287735345169,1.2003512901740563,1.2524902924506947,0.9186668436636845,1.2187377518043756,1.1233160375774407,1.144948620235685,1.2672649947563008,1.4527582264944852,1.617659860440748,0.854627715374,0.7078268373276018,0.48285034926133535,0.06653634617768445,1.4598751923413467,0.8061021158026561,0.9451702872923758,1.6757414204091128,0.46039056042582793,1.008874349530922,0.5853049958962435,0.5047246140025009,0.9717055459867388,1.292775781462498,0.8425054643999973,0.7737275492808318,0.9186929262378749,1.1931137246361638,0.6700431455199867,1.040580073099471,0.36095120172442857,1.3834544670563012,0.9729039790907372,0.3637216289173162,0.6061880970670033,0.8216134077838366,0.7365894834230101,0.11507100193601336,0.7671114436637878,0.7983616001005951,0.785834013986545,1.0923210372600687,1.1240903269611666,0.9239153714301686,0.8646220092760524,0.31993263244868597,0.12017393251646814,0.12431060176370179,0.2119030217499311,0.11529491506630152,0.9921514533320095,1.0375752203855422,0.4414216071800165,0.5715870672239736,0.39191510689256515,1.101703150407649,1.163784424003845,0.3152209892482694,2.728144417265971,1.159722524818522
2016-09-01,1.4938482873365764,1.28689449471914,1.2776766423114378,0.9550008257729578,1.3952769240573768,1.047562654567666,1.1295935156667225,1.2197859556330368,1.4243149410101728,1.5831259197666432,0.807574184507267,0.6500248620951979,0.48007877310422015,0.03375828794656956,1.452227097172527,0.7959637318123097,0.9599978527951591,1.6417025454716032,0.7538743631264859,0.9761516258811174,0.563230121336954,0.5004071050901546,1.0492058806637283,1.3488301759828039,0.8198815453344351,0.7580060041776391,0.8977799013589414,1.175691619610951,0.6861153993992752,1.017339313774605,0.47356661635725816,1.3643817338681707,1.146052293993348,0.3505135594886917,0.595282962246413,0.7980041955828135,0.7108258001482993,0.04948917969091118,0.7415981669023913,0.7903541557337943,0.7400983809267232,1.0952011396169747,1.2155378659890228,0.9614057126253595,0.9678204986943812,0.24989407569987077,0.04402091664951228,0.04627442437367348,0.13369480600442663,0.1306620355183165,0.9324000229893509,1.0522975251164775,0.40547195512646217,0.4878172464280629,0.3635631666777859,1.1103948179392908,1.1236440594096058,0.41755336942055343,3.0071821675480703,1.1966107241164066
2016-10-01,1.490614760632869,1.3008800808029781,1.2442796745380464,0.9488135319279186,1.42543314789727,1.0535689917582354,1.1585655531050574,1.2233113650822918,1.412022233637153,1.5840384534392546,0.8615231102316068,0.6579469199881836,0.4882454234141026,0.03750968577348272,1.4507620373509296,0.8066234625922102,0.9683632374215603,1.584081719885148,0.7086313244533928,1.0001353287302523,0.5564292759601353,0.4782925647850076,1.0696546579195805,1.3182832182382715,0.8075112873822072,0.7482554982988165,0.8793019839771472,1.1936725405257462,0.7003796317077485,1.0116379073470163,0.3971059317314075,1.3573969435631614,1.1235364236854424,0.3641933070842309,0.6064641087241811,0.8198340676077183,0.7135131596483941,0.03486901308775711,0.7613582114520316,0.7883019014197364,0.7435231582721314,1.074924700224787,1.1634643082273695,0.9205504815987106,0.9012586261178536,0.2529646534781145,0.03175570468657314,0.05080837162626284,0.1342477494732731,0.15059018799538795,0.9116065065058685,1.0362182063881078,0.40733267642879945,0.5028026024216177,0.35248784256304017,1.108083148887068,1.1311210992445746,0.4754778499640906,2.9236509202247847,1.1925405173166956
2016-11-01,1.460270356637581,1.2842793841162856,1.384088945800121,0.9920037928986218,1.4347804424341326,1.0953395749064483,1.16713842532912,1.1974231726794762,1.372418741423111,1.5668374813724282,0.8406955066400726,0.6309013892278955,0.5944806128579234,0.12935986093645718,1.5018097374618564,0.9486275456107924,0.9751902787935364,1.5380507218684647,1.0035647999853783,1.0621145308665791,0.6039369884062404,0.49090042003810613,1.1267487249501968,1.4174654390506438,0.8378414524826755,0.8858480202025947,0.9316003011105227,1.1389660689751842,0.697131812967601,0.8708806530885029,0.45048958547919404,1.3560967771511447,1.0200515840598694,0.3691973853959121,0.5795371014250278,0.7926726600967797,0.6908450880271945,0.008500279941479214,0.7972868712796108,0.7449341908407168,0.754126394055878,1.123103685056907,1.124294138850321,0.8788291206894109,0.9176984050852668,0.19187054465051007,-0.042957463005759706,0.07701286087752193,0.06051670730896246,0.2041357930127576,0.8960725362939901,0.9888421361426214,0.6378146661952178,0.5572644341770265,0.3484610299446756,1.1183900536527212,1.1858115696762623,0.5769315011963052,2.837268742900406,1.2952232783222297
2016-12-01,1.3786316100516607,1.2238453971129581,1.565220221443663,0.9849097023892538,1.3965223264735438,1.1403760109671193,1.2843816392954173,1.329811562894972,1.4839381104772484,1.6162041407737155,0.9309424680199239,0.5727840270873248,0.6242911559262316,0.038162686287621234,1.560517322094459,0.9067319535104177,0.9539475340367058,1.4226988909339195,1.1037343338969774,1.0755612951680062,0.6399969000464953,0.45357398100964963,1.1942860889451596,1.511417938018944,0.8467138017985381,0.9502162123607372,0.9390181170056262,1.160503416021724,0.7784778889417518,0.8041892324318467,0.39663047149567776,1.3790626310456544,0.8655526282751965,0.426194431299029,0.5025426350446819,0.7307248625838751,0.6200205629098803,-0.021726764579293303,0.7602910599991373,0.6494649888179655,0.7585793784927259,1.1520188582335782,1.2126303112064418,0.9697235193043494,1.0672787861581479,0.09056057722355709,-0.09734072558930745,-0.01228307465158283,-0.025929763066244657,0.19843886256636006,0.897332980696006,0.8721474125967319,0.58241092864434,0.5399462192189451,0.3831333828693814,1.121911496178248,1.2459945274949333,0.5160469392941383,3.1171726915850897,1.376927263087694
2017-01-01,1.390878137907168,1.2434213111686483,1.598966032393065,0.9374693586377072,1.3697313300380753,1.1537489874445301,1.3073085958961879,1.3354496327434358,1.4947010652159654,1.6094345152922203,0.9312110560913991,0.5950976310398595,0.6293756395911726,0.05124043173237794,1.540326396983576,0.9014913793574354,0.9731113127977915,1.4256921618610008,1.070045118754824,1.0827737877945611,0.6479172369185346,0.46223669845380366,1.1857881859516568,1.48383012571405,0.841708115414572,0.9451886937759035,0.9352526180358248,1.1520192136255387,0.7568843654544727,0.7915228353528474,0.3374916415920153,1.3654054868090622,0.8821933297908715,0.450336904928076,0.5221616517758374,0.7279391064663243,0.6416582021141851,-0.014742850746581541,0.7982227411600653,0.6563541314963384,0.7367304206790091,1.1587936246153316,1.234297705462517,0.9656132573475672,1.0626329533611598,0.09626635183979174,-0.08242751994165551,-0.0025505322320413526,-0.010188189205662557,0.21028178393444286,0.9205702265254332,0.8737249391336581,0.562569905214478,0.5339860055481946,0.4062050854291247,1.1089329477566816,1.241192229722937,0.5592887401752461,3.059270134400175,1.382595975151169
2017-02-01,1.3079091351180638,1.2945446942448906,1.555024571900375,1.018384767318873,1.5885793706483327,1.1000770420323511,1.4376041338087797,1.256815428769011,1.463880535372002,1.5900966556125407,0.9614895417919183,0.5531757238254433,0.5768904887745213,0.12251541673053248,1.4894676803662046,1.029411424850252,0.981814768808578,1.3660361991718948,1.394620204042171,1.0325234716601805,0.6243544783232294,0.39830892798951856,1.1419899607445008,1.5878560270581477,0.8668636659084851,1.0240441047968454,0.9709549108084865,1.0380502672297895,0.730149757153318,0.8837389405112124,0.5358233551924416,1.3848901023837092,1.0619999697467981,0.380119437263803,0.4820578660300115,0.645904243502787,0.6169552016378439,-0.08168786168698683,0.7531417242993679,0.5959018240549303,0.618724766827666,1.0383817818815304,1.177025094321209,0.9731654063070431,1.075990609643163,0.1818286155139312,-0.06373472088847373,-0.011327995603946374,0.03051120150736268,0.27440017615019646,0.9677398618835442,0.9038765994310447,0.6311795970668669,0.5760441495327249,0.4507152790097698,1.1154114814290763,1.1923001030917555,0.5240149535127637,3.1443823804259665,1.470348780886327
2017-03-01,1.384854394000852,1.2899592275540528,1.337961153247476,0.9533115348238356,1.602176706121971,1.1491121832780202,1.5531483425245076,1.3322800934047736,1.506171837727135,1.628250504820778,0.9739123037281529,0.5877952921024377,0.5320366176471124,0.08320146136241596,1.4833710565124996,1.018083571669891,1.0013364846417991,1.4008161705865658,1.0684051593410369,1.0239051094357026,0.6604646671796358,0.39689821104885503,1.0879451047098758,1.5821292654505508,0.8881744490186757,1.0109443886920588,0.9782080598503876,1.0405468947499725,0.7623121175672327,0.8916648313260944,0.48177794533264623,1.278959656910183,0.9933021191487814,0.4214407278435962,0.4950616440838932,0.6523564201506689,0.6884213543652504,-0.0258547543411361,0.7940668053577454,0.6893550330477993,0.5479009651015396,1.0247138230133777,1.1407863368377487,0.8790229436746776,0.8932340456897016,0.2465173900559267,-0.020584931011898067,-0.02771016088028535,0.043027083422589506,0.2474815789376384,0.9543218327780036,1.0058149017867855,0.592736391776192,0.5420573161312453,0.43260207379209775,1.0814592006828865,1.0526683327526154,0.39532608069294584,2.958573097632378,1.4045567988957808
2017-04-01,1.3694702976142308,1.2869158527796907,1.3159888661039496,0.9503941610218851,1.5817787332130235,1.1681360192346277,1.571501473194252,1.354611866325469,1.5276162876533683,1.6323189269783684,0.9937629718144866,0.5885668381531438,0.5458494654298741,0.07715982705634032,1.463201289303028,1.0281032333413767,0.9956341308056202,1.374690593340522,1.0062478274941524,1.0148701654929644,0.6577956639885035,0.3995220133463044,1.0490068435211053,1.594971387347504,0.8825940817948964,1.0195193867385115,0.9745708489575557,1.0392368878619194,0.7710002424508713,0.8779220158253489,0.45095014408555745,1.2652195472423493,0.949858816399592,0.4373048156946462,0.5027656567321707,0.6489022745940956,0.6894521388095686,-0.028159723859654283,0.8069217870905441,0.6915519859486421,0.5423644408478422,1.0399948552669294,1.1261591331601095,0.8902358323666095,0.893124395269107,0.25983081379529027,-0.018291462381487426,-0.01773566270843049,0.04381469818402302,0.2666374972136746,0.946228859031484,0.9855475914230772,0.5682711830115676,0.5660353597651776,0.4464363035386737,1.0785973896395573,1.0614509320774785,0.41070482930132113,2.9464369762586893,1.3979103916936497
2017-05-01,1.3574424316374927,1.2930986215732605,1.299233908553053,0.9498371907415667,1.597285827390643,1.172117571405717,1.5802131147329375,1.3500981052585774,1.5284729737573293,1.6356170518532451,0.9864481356555431,0.582687438563077,0.5644371943370821,0.07100831525855908,1.4620900572380853,1.0207354643831799,0.9953714627501826,1.388820161469666,1.0274983815824406,1.0238633573064495,0.6673429149348741,0.39879816586896694,1.0587957611313326,1.6060329705437852,0.8899434731580729,1.0271277151042688,0.9833962808449591,1.0289764889045285,0.772158133436156,0.8963710463633596,0.45964821891731333,1.267696873096987,0.9604744548538641,0.42546447562713213,0.49422366181713484,0.6466715760717386,0.6881532649827937,-0.023670281681522354,0.8122912286612824,0.684002190259306,0.5367063766379664,1.032676243728829,1.1130423258466253,0.8723025221632121,0.8825215953872214,0.2618560304228867,-0.022184575933216794,-0.022380313180980244,0.03889470049079235,0.2546828858901914,0.9548249115122066,0.9883111595989174,0.5719123765907941,0.5522840596183227,0.4338173925006586,1.0886143131636075,1.0688410040460936,0.40832164011326333,2.933671083669153,1.4083915618949483
2017-06-01,1.3486814515162104,1.302842957636981,1.3686102669678941,0.9306429301045649,1.6092684336015584,1.1736899722773728,1.585318412320976,1.3499728725377635,1.5334954133401664,1.653280848728431,0.9731229945988398,0.5946304383095344,0.5472137446438906,0.06280999470849333,1.4513542960036327,1.0417156845054416,1.0207009766816917,1.4064083129191636,1.0524497942465136,1.0281208126648835,0.6884601449911203,0.37147150252929123,1.0431849666579482,1.6347652306599962,0.899678051410375,1.0108201703608457,1.0016978046718725,1.0272282848088334,0.8071663455510084,0.8870908750047987,0.44421546940156814,1.2385784870152459,0.8666277274020767,0.42292516055022095,0.5076918564370858,0.6601037603282025,0.6877422436332541,0.0023356967039423505,0.822514421460653,0.6909305708982266,0.5448021336715704,1.0428429763634108,1.0696463201508362,0.855994847130261,0.8467710347272327,0.28894196908011016,0.00851083832685564,0.003636426436367273,0.056464919671295036,0.24247020987025478,0.957298115498923,0.9714567961268336,0.5662060442805499,0.5333225891211016,0.4521616713817035,1.0998665094411735,1.0726525703159744,0.45308574860290896,2.92372030480737,1.4081096155077808
2017-07-01,1.3588971377120926,1.3062961387118988,1.3995429070876262,0.9470354784914963,1.598627366266956,1.150939048306706,1.5722548875461757,1.3322763310760062,1.5148247783426934,1.6410948973221076,0.947919167607285,0.5823308280807697,0.5404921660220068,0.04810197408052668,1.4286742057818431,1.0481050599500228,1.0140534128883216,1.4170863987603943,1.0116932923659874,1.0343514794179351,0.6918862958474106,0.35283532060492073,1.0490404046822117,1.618595613269002,0.9034489685678873,1.0146824983747431,1.0019161676032862,1.036876179748241,0.8123681285718196,0.9001134418887429,0.4404179997442655,1.2408778053951668,0.8827874352211058,0.43152877994665045,0.519297201303668,0.656853011093933,0.6908096532948018,0.013640414911967217,0.8452515360143122,0.7000260874257054,0.5392636125828226,1.0219181046593668,1.0467618210161198,0.8299798749173877,0.8201693270527786,0.2804381315774002,0.0015391653362448465,0.0034479058801673464,0.05246511439640979,0.2434632970054435,0.9551245462177609,0.9749088871811127,0.5682577264721932,0.5212173188374931,0.4640251310447123,1.1000371950777064,1.0612531625028323,0.4418609303738349,2.8871245393456912,1.4007883776036234
2017-08-01,1.3758015586048755,1.3349464940719984,1.3673394419251057,0.9243541320006159,1.5741598337689373,1.137254740807048,1.5500915050438675,1.3474209864566178,1.5299897591973612,1.61598030086655,0.9121637486226735,0.5505827151779764,0.5323971003411143,0.030009479810792928,1.357979822842565,1.0376101437653824,0.9820481917245634,1.3749923850843686,0.9021672347897679,1.0024393542908152,0.652512796177594,0.33870080245943707,1.030578900876363,1.6049026738059298,0.8948812820285084,0.9748382832837204,0.9320685344523014,0.99013912097197,0.7926230091745938,0.8901506620040769,0.5172477883889575,1.2515094135343092,0.9365203073283899,0.44414329435992,0.5259484038220793,0.6312732988222151,0.6817624657477642,0.02904524407402404,0.838507883854805,0.642437373702774,0.5287068811746019,1.042707513977288,1.0587232062597214,0.8225270455490715,0.817299688219359,0.24305639126051093,-0.011446343074909063,-0.02705825949334212,0.0129306558768916,0.18588865571264768,0.9646619723914036,1.007471909822849,0.5798395908609649,0.5143750495796524,0.4580272652897658,1.074267566721536,1.070371079866943,0.4959285611259715,3.030237641300744,1.3612149639528317
2017-09-01,1.34794108624367,1.3378715958988225,1.3679068892922461,0.8217062582734316,1.5438662981739193,1.1513684512138438,1.5593172397305135,1.3623538601810947,1.530043210883725,1.5978425759282844,0.9410982636742065,0.5430643418707577,0.5045014854378971,0.005428718952550772,1.3359167885645198,1.017168988893719,0.9830276080719862,1.3731365501335888,0.7372879752716115,0.9076894370149757,0.6949697127981208,0.3616161671459183,0.9859545931124433,1.568102116440429,0.8972213410228289,0.9353269160205588,0.9376119120090081,0.9967290037758799,0.8586850238434003,0.9256112332202124,0.5276321244949821,1.2630137865225959,0.882642964625192,0.47091457357520705,0.46580646193013353,0.5986504125935219,0.6658954861500339,0.012977070510200892,0.8449919912642854,0.6419481068184045,0.5424846700517968,1.072517554454143,1.0860494245618617,0.8343270048334959,0.8488973527448194,0.21525362410820684,-0.031657632600900536,-0.05847457425089296,-0.012209060481702214,0.13079504775519202,0.9998986908397531,0.9947742687206682,0.6018963590627586,0.5214956806584503,0.45994970575571414,1.0808596818975116,1.0962162639168385,0.43512058158394146,3.104524149812261,1.3610126815774521
2017-10-01,1.3374304741021112,1.3728017848612983,1.2988302638457176,0.8469221703717382,1.5339521369902251,1.1830599519708076,1.6446252710087506,1.4213973855177509,1.5714975956773571,1.6370960323761872,0.9905513550805651,0.5722920673508908,0.4807083891324373,0.032762399232409645,1.4263894018595593,1.0225584180635046,1.0152543375122924,1.321427846650157,0.6419896856685468,0.914072202593055,0.7053064994876352,0.47138387616250044,1.0189582954182084,1.523467742226984,0.8937259878265186,1.0056555270703957,0.9323022586885867,1.001229602549226,0.8596275398815135,0.9436451153356047,0.5607551966378297,1.271009469278557,0.8303828704231753,0.48930343850966296,0.47336337190203254,0.6230771404041808,0.6698387476447725,0.028387776692078207,0.8934235647317456,0.6608851265461377,0.5331661694138579,1.0537142932131152,1.1018309657961518,0.8234597599726833,0.8099090241996951,0.16440158703950264,-0.028365683308679442,-0.07480721228886078,-0.049991430426462424,0.15329141306808253,0.9320896260510605,0.9389740141919083,0.5541555387480049,0.5173187345319374,0.42229230917757504,1.097490905235887,1.1005960041301792,0.28562781881645716,3.0909184028038705,1.3937818664779251
2017-11-01,1.35233596083338,1.435642143865143,1.3555648404303595,0.906949339309625,1.5243933433558188,1.2136725260739372,1.6882752986159004,1.413112606306155,1.5879944993534871,1.6455092582666349,0.9868165978943797,0.610198538626346,0.4641575859470763,-0.009670066826163833,1.3756176324706764,0.9391757006757353,0.9948823158291695,1.445727731474528,0.625768946854625,0.8800232605968592,0.7532375594986077,0.4828495461559432,0.9688155595031569,1.5628921956381143,0.8839689224401088,0.9585594146936709,0.9437324904673086,0.8791982194241881,0.8672182146286049,1.0042269003012545,0.6279394593013958,1.248805419725493,0.9702195979509753,0.3977566498253823,0.41277570084490267,0.648929435213127,0.6371346897451049,0.10202764258519387,0.8403847601133363,0.6227806098263307,0.5258992688093957,1.0409591404092633,1.1531833227304258,0.7917651855915603,0.8564109575698131,0.15909714991895268,-0.05549132351225758,-0.07414343298340717,-0.08360634758699764,0.15028758168817447,0.8781875883368455,0.9457565253135998,0.5890998262266067,0.4387428799793459,0.3345809692179831,1.1418280996674597,1.1091119107539669,0.3938483998491109,3.1740457608222763,1.4269717783192224
2017-12-01,1.2987784780406781,1.4255298318405973,1.279757064072542,0.8884002113839691,1.5709487924982821,1.2373899790869518,1.7042566472103122,1.4266540120796143,1.6006272508265516,1.6508251805589136,0.9709895485903566,0.6038161233507383,0.49508277401370426,-0.003729746025907997,1.3670562670695754,0.9124315024598464,0.9901193262068748,1.4181275924123191,0.5654701971678853,0.9206289977164823,0.7498730741577296,0.5068591614626239,0.9278889849419634,1.587303168680482,0.9162900990692467,1.01526861512803,0.932163602758847,0.7917648278610463,0.9395002858216992,1.0211630498389386,0.5901807785341996,1.284877681737119,1.0063333499366025,0.4424787704740824,0.4191469127423254,0.6013462482452496,0.6488285671626477,0.09328850952507162,0.8931118677018379,0.6161003226383619,0.5634136211102998,1.1139670447087948,1.1967338317314888,0.8604639279021027,0.9255327425093205,0.1456849077093802,-0.03961043317162635,-0.10891531073934319,-0.04611665107060585,0.18193678337208974,0.8819113826655733,0.8970816470509908,0.5115389562306761,0.4602947833908282,0.3416202451613859,1.1619570098275898,1.0840832940646763,0.4182015164314248,3.190349968888982,1.3882141976226496
2018-01-01,1.266281334823729,1.4157542595053387,1.239617812502946,0.9277380921081637,1.573824546592574,1.26069150718831,1.7363521200946388,1.4510515337826133,1.663065894637311,1.6563903898274945,0.9802335761579937,0.5884231998540538,0.5032910236974462,0.0030601484503323985,1.342365650130695,0.8850242242735912,0.9999531869252336,1.365565580412588,0.5138096825369729,0.9468318410044165,0.7337835873102059,0.48803998136888216,0.9669034368659755,1.5355556975837874,0.9261137166361799,1.0318231652766379,0.9623118093260841,0.7794237485251325,0.9485007907093386,1.0016121164758147,0.5868524279910897,1.3027381887526588,0.9876508879241592,0.4098731111159765,0.42446177062685303,0.5748074771674427,0.6172762941631633,0.07982620754496164,0.8954867016689139,0.614389423756732,0.5831605954568859,1.139238514706624,1.229801369595593,0.8634943179947411,0.9614928789068535,0.15453636767561024,-0.016435156260835467,-0.08981663057636555,-0.01408963293206307,0.20189918233138346,0.8940116744308053,0.8668924369774148,0.5052967458018481,0.46799567558603766,0.33456147725364743,1.1739182409311368,1.0913871756696372,0.42633523581882,3.1298750939530904,1.4333744179311911
2018-02-01,1.230588726318937,1.310765309980246,1.337886583882564,0.8031851163519557,1.580211235729731,1.1255100336075876,1.56437289643688,1.3135375933111972,1.5281092400996437,1.6531361934843019,0.989451237352461,0.47094330556130026,0.591843447504638,-0.02527818974451942,1.388226376858566,1.011682128793356,0.9784198002552136,1.6947213225148978,0.5666333743619376,0.9487262013093203,0.6282046930688223,0.541026411391327,1.0681817861218148,1.322002553013304,0.8890929536425671,0.9507945826585996,1.0291550102723535,0.6082958197419034,0.9269666546089329,1.102399735541306,0.5597861709373787,1.2404095280637302,1.6645077048334846,0.2867651863766259,0.21587928839430853,0.5658856353596935,0.5707976428718532,0.18027690841129904,0.9118281458518396,0.5256200971509474,0.5615937326457913,0.9755643643736809,1.1915807244455183,0.9521562289103168,0.9689661189447841,0.16611324248325338,-0.08401616321909185,-0.15671397613528007,-0.10088948754060002,0.11306585823961032,0.9079303701665035,0.8435899527874303,0.38187215293434257,0.467229461310897,0.3212305331508176,1.1063714352916445,1.0918827193175222,0.8040335158309692,2.6865610228125743,1.4014705001152066
2018-03-01,1.0330890066866667,1.2768424761526718,1.3571162286735745,0.5699607510649495,1.2985637951026934,0.9973861027467974,1.5507931922318536,1.2312658482277838,1.4843512093058422,1.594291788435915,1.101742021957841,0.5555445976127598,0.6248720072323308,0.1086693203395451,1.3665022074249986,1.1807549659159315,0.8873318831194033,1.6352268170610997,0.6553052574940467,1.0035078186407542,0.7001524126071426,0.5225355688652513,1.1849614189529585,1.3817887854905873,0.9346475850831479,0.9586587841046996,0.990170173467428,0.6551539056254788,0.9401677588999738,1.190609991466483,0.6385218413673193,1.129867141925094,1.5570405456386847,0.2340945459879027,0.3250640774219018,0.6471683161585925,0.6480355810323637,0.4650165958889285,0.9288323297582748,0.556971150007618,0.7520403014561982,1.1008121169124365,1.250067688674862,1.0764460033043965,1.1492785474963654,0.33824494098815394,0.1272482737638595,0.060542062045389894,0.10964712558607502,0.270037291466856,1.1203900072792732,0.9278809514169952,0.6136789093644798,0.6082041968311536,0.36105413061113606,1.1517172660382446,1.0735712349149655,0.856172075378288,2.3666491535149654,1.4110401258524508
2018-04-01,1.0557197716902622,1.221136918027086,1.3582623866833372,0.6138161544732015,1.2381428168295745,1.0303660637307401,1.5804036125967174,1.2486410403005253,1.4968042446775205,1.5640077189146013,1.2021032532349802,0.5433503606464937,0.7203465842902097,0.12980610462751974,1.5605081577648827,1.1303331622913122,0.9037712827685815,1.6442003178055464,0.892041091218778,1.002930200427334,0.6859280937345311,0.5553538541381742,1.187526748941991,1.3833472439786796,0.9827322153703103,0.8030948915979117,1.0153497168689958,0.6474339934705756,0.9381221520277346,1.2325704530790687,0.8016836843190178,1.142367154045866,1.4014718670737418,0.20308036297640467,0.27177432585998323,0.5685617462861061,0.6101845774319279,0.4516712001244745,0.9800910029260194,0.47764970087161807,0.7098491494357765,1.0347524408311364,1.0728023901097445,1.0536447693206714,1.0958109601948873,0.24982302685503432,0.06426781685535088,-0.021144574270343053,0.028976539748395813,0.18971428446356015,1.068752114121505,0.8116026752044512,0.5520927186336849,0.6005868222198869,0.31557004527458804,1.120859214736674,1.0348544475915136,0.6414535504726842,2.2613173721738185,1.40685706444483
2018-05-01,1.0569012971720047,1.1941857483144542,1.3586965679342977,0.6315953190026384,1.2271620606747222,1.0261750532247362,1.5783047448267875,1.2419111596331889,1.491151350068256,1.566677640177776,1.2010039408510695,0.5475341772309941,0.7369190617003187,0.1337540435866695,1.5470587571393573,1.1260050091469838,0.9106529463575241,1.6310158418211547,0.8641953745898462,1.0173341978119808,0.6925426574284382,0.5608615213569932,1.202145964096424,1.3723567776632972,0.9915193909611928,0.8085571036962675,1.0212692432883912,0.6310408359718669,0.9313441809519143,1.2380507523750077,0.8151544115885762,1.1369809306177519,1.3585822468297266,0.19149014174248613,0.2754104569283429,0.568419810858756,0.6096371871473418,0.4613082208553164,0.9940344219416015,0.4815988663250296,0.7065606064838436,1.028905960028219,1.0608498937644866,1.0325679503451928,1.0867893690418144,0.2580622827232354,0.06396572215596008,-0.019755795498140133,0.028864527975539178,0.1892824178168841,1.085986766981724,0.812174326597921,0.5372970788621613,0.6147105442851346,0.32422365821245736,1.121919973874794,1.046271164435772,0.6084789127967596,2.2221583141699393,1.4123693245861189
2018-06-01,1.0991416335306252,1.209843132962749,1.3813313197750443,0.6344936882207929,1.2453940875529397,1.0021562138731963,1.542645117776478,1.1998562258507395,1.462407332154096,1.5625637508618513,1.2085934060673242,0.5132839411261428,0.7246517388032724,0.14154516277364287,1.5432313161901219,1.1199644529206414,0.8908474867801571,1.6238532343891912,0.8277246858164395,1.0038475914343283,0.6612533616426743,0.5728720623347184,1.258289007360903,1.3847393696949848,0.9869941479439118,0.837744468215989,1.0272328750478898,0.6314937292453151,0.9629121062026594,1.260642826878498,0.8526125725635455,1.123635475952427,1.377169111041933,0.19007770613342226,0.2839885476798758,0.5594734385800689,0.59913978846401,0.42997110873630273,0.9861342190389117,0.46527817322559173,0.7256385353506657,1.0260695726588742,1.0746457260035533,1.0338445545742199,1.0905128711675214,0.25450908814143924,0.0471202586997565,-0.03217207441474859,0.013140001377618726,0.20598173406229195,1.0709278260060944,0.8137319864125019,0.4945267757770983,0.62242770817876,0.3394453500872612,1.1218438249488019,1.0310378598804864,0.5925373291267692,2.282822266913752,1.409790020920791
2018-07-01,1.092731624804918,1.1748018655812207,1.2887684988241588,0.5347254471895715,1.214381488867822,1.0637400948531062,1.623486450794914,1.2614982282735498,1.53746166309395,1.5636772722280536,1.2543326961630288,0.4980730794526778,0.7450289695891701,0.20982597053992025,1.6126194293323721,1.0792170659425329,0.8839337065814149,1.651684728722369,0.8802426265999437,1.010079439656571,0.6756159703236182,0.6269904858127431,1.2447230650023196,1.4403136846365086,0.9992087802364638,0.8022462776509928,1.004522684127413,0.6471581500328076,1.040189242752415,1.2714811631875824,0.9461854602986715,1.1882265364053057,1.422672104365855,0.2259185358574395,0.274754445048884,0.5234913124391939,0.5583276360204387,0.38624239543386574,0.9380023438029739,0.45175730989232005,0.7256527633201106,0.9875459507245907,1.0724093641290877,1.024473999279439,1.0937762597324159,0.2095857996899122,-0.029009027503750506,-0.08068633369775888,-0.05667615114152766,0.12557517972251145,1.018645485738453,0.827162638753697,0.426390770936457,0.5831365665411052,0.2762441261809894,1.1211537700325458,0.9940859718990747,0.444525367902742,2.302287383376513,1.3848518200517161
2018-08-01,1.1095399597483815,1.180179901577684,1.2690177521163635,0.47329359716588526,1.1589376834647935,1.1241519217559723,1.6428814045939002,1.3148336932831908,1.5639801768614539,1.550505613501448,1.243703674212406,0.553999360282363,0.7550433458419992,0.3388342735840372,1.547680281584383,1.1180599379077236,0.9163871323155831,1.5305327308194743,0.7287347212274771,0.9628544892930372,0.6396303001584347,0.5429043936465245,1.2324769908104871,1.500711487875717,1.0565382764805595,0.8219422923562607,1.1148362477436078,0.6554554135857056,1.0625587244242096,1.210416444200024,0.7534034709835851,1.2142642192277084,1.127339553276149,0.22782602194662965,0.3128239959862351,0.5483402552728192,0.5754587335062862,0.4065441514502334,0.9169572114456764,0.45273623493761644,0.7216462259789891,1.0079085619562411,1.1896345009095968,1.037826801365676,1.1689724006454905,0.16947939670978876,-0.027690249564073205,-0.07069759463056735,-0.0694951276971644,0.10444879610524857,0.9420489364053295,0.8234014748461548,0.38049818245040457,0.560748522631787,0.17410098034473148,1.1758772144859817,1.0027519479311302,0.5719618785679533,2.460481200529771,1.4211158611955086
2018-09-01,1.190252645994037,1.1585283553593841,1.6851185034078506,0.508836087669105,1.235810511721785,1.110507894333491,1.6428949549309064,1.310396912525551,1.4819168443983644,1.4656811074065412,1.2556078840999831,0.45627057840295004,0.727888493144844,0.3543366729306101,1.5357794352527778,1.0834984380919357,0.7825562370922624,1.6631468708217179,0.677959513006794,1.0823840746646853,0.5896347444874038,0.5743337681822036,1.4911292710336423,1.6379267179001027,1.0466976498920213,0.5727192251166622,1.0138426710420925,0.65479978213088,0.8062331988484679,1.3360501712773845,0.7094782651044453,1.0010971024656627,1.3091081851855775,0.19551528813663016,0.17715329952688533,0.47589588627620605,0.5384990772741,0.210924556268012,0.9833920896332725,0.32565905309217746,0.6885142120362119,0.8598431872065306,1.3527493577013314,1.0072592035287316,1.3192557738951096,-0.025278779781407607,-0.18337841269781707,-0.2607683304598904,-0.22221430989214375,-0.010902503929225343,0.894001675405192,0.8454164742147924,0.3006308725460756,0.5665807637709237,0.12051841818937703,1.099123507292443,1.1104641403279265,0.46997399712691545,2.524221195025514,1.4328989395389833
2018-10-01,1.218865437067592,1.2343589882108503,1.8797746840860468,0.4540992588519457,1.2775368146113049,1.0855557705709076,1.674028551978098,1.2822335983745055,1.4380453844194636,1.5405633254097215,1.3291864212549647,0.45932498680298955,0.7564104802246363,0.3962536435140952,1.3933012687866475,0.9820220957673353,0.7623877125493795,1.7304536943740771,0.7746560844203252,1.1054510354633806,0.6701434403376401,0.7505785960801362,1.5464317626223973,1.4132644475814824,1.004458159846775,0.6164716988083259,1.0003524704005133,0.811299444437672,0.6463392345079579,1.3910350414025103,0.7752487062918081,1.0519349310403014,1.1646327622925567,0.14740671980598516,0.20980805200179467,0.5197630834921863,0.5928569071118154,0.23058060332379351,1.087062779911563,0.3582656973282105,0.6942178657422542,0.8591067751490071,1.363945359090735,0.9110203548225762,1.234693263319163,-0.04747179489479386,-0.1598071452298828,-0.21721533155025655,-0.15345757634463716,-0.0751991858074244,0.9695056825859623,0.8165536466802136,0.3362126908098324,0.6684580477110895,0.23496116084630697,1.0846827365961853,1.0193039432098316,0.3889621998086037,2.5332848405318815,1.275895043040722
2018-11-01,1.1780235877591447,1.0638607046171449,2.678085101162558,0.8755346463288605,1.4895114320645364,1.1270387160703015,1.7171879910395123,1.0686842189093788,1.4126093148048644,1.4788930010972532,1.1315878942431472,0.2546644981326661,0.8739201282954155,0.49069970566774074,1.78245565327604,0.5841788153973823,0.671272082408721,1.9889696745373757,0.611602771336589,1.457300297663049,0.2054708752287559,0.9565492469733842,1.959440360575449,1.8877684649903521,1.116170602206632,1.0038159911652664,1.1170978080771226,0.543772836333255,0.8764214975946032,1.3402715413156048,0.7202690652424368,0.7979789561252248,1.845385660866445,0.36482051768866225,-0.11925398696395198,0.23282214299276102,0.3226268026607003,0.4835177012121553,0.9731647531559876,0.5830225384709765,0.5936103842448309,0.7804895066600954,1.4142588512294658,0.994387361953895,1.379332604738138,-0.18142082258371728,-0.1927689767126747,-0.31605996781276696,-0.18694519849643118,0.18332636666702093,0.8756598764799406,0.20978250660623837,0.5706282894027401,0.2850164508346237,-0.11124220464913373,0.7900518335228367,1.0104686363816286,-0.1722463220315344,2.4955004810973054,1.2658390316912254
2018-12-01,1.0924593660179553,1.0694588635351412,2.5769671798906923,0.8968557892735283,1.496664703930536,1.1342157329072606,1.7246395932430962,1.0079439313983471,1.4058950314102034,1.4931639610506107,1.13877294077161,0.2648697331651818,0.8746525153598391,0.5163796810984638,1.8395676596871033,0.5960041773755752,0.6819694680338005,2.0027967923026555,0.6394797389353756,1.4738991791649787,0.22233101556025264,0.9543165483927556,1.9580657069007827,1.9166661897464956,1.1127885097615808,0.9965614590763714,1.0979172183988561,0.46217084572088907,0.9157058480337867,1.3448123715815095,0.6908413947262925,0.7969212727102531,1.8354739115705605,0.3804809235995481,-0.10030664561785145,0.24802646194018352,0.34293044764887515,0.4692792805131678,0.9727215020713657,0.6061268608772037,0.5875276015441148,0.7966714180605671,1.3942213612994991,0.9500447395342182,1.3608842670606782,-0.1786433453158757,-0.18443121996796313,-0.30312112646069567,-0.17473150058348214,0.1890612079462023,0.8810272669446221,0.21427800878863643,0.5784880996377016,0.2706944046679496,-0.0880582897756102,0.7706447082386056,1.015265354895178,-0.17625001168881863,2.4206520299179317,1.2900633234522867
2019-01-01,1.0637488296865003,1.0758314842250007,2.559827478272723,0.5714731002506139,1.2112407212527336,1.2151436800542688,1.6480336702514433,1.0548935391460983,1.2891370008654004,1.2757930249802218,1.2659229874749913,0.5917939549131019,1.0614849792747436,0.48096586664439867,1.4315025387103137,0.5613323437300134,0.6527463917972844,1.8439697204534564,0.667215375612612,1.1884405770953534,0.3839023035660532,0.6741820884525254,1.4731982767693819,1.5468701951207695,1.1132712479180906,0.9917798034288446,1.1840714735019007,0.2638859360940595,0.7707967733219596,1.1752629359092095,0.7186680718799815,0.659796136949133,1.4921973748336406,0.5608011235504121,0.07794158440859753,0.36437645705107025,0.546361255162083,0.5411673842645897,1.085432427031074,0.6368322489106559,0.8097796571089321,0.8208262763626468,1.062744094044422,1.2223927582975942,1.3407174257242525,0.0619113027646442,-0.010713429553816683,0.0265402424794714,0.029937630051007705,0.2552069173140755,1.0633378100266775,0.27819255949125155,0.6900005632013034,0.5038064633448507,0.1143286140397162,0.549144067658692,0.7167859878130094,-0.31245730232458857,2.021329528641066,1.111513253182117
2019-02-01,0.939875649264952,0.986265846138894,2.2317611796974735,0.4811211527950006,1.070598708449603,1.0522717411821456,1.5335992304016175,1.1477383128834933,1.001878994390521,1.1831478817309335,1.187841977008515,0.6064198912876965,1.0459029043266928,0.3877563362022692,0.9217794902237029,0.39927747044109074,0.4386274418652163,1.6984244292824227,0.11603236767438624,1.1374163621950046,0.3943369947145684,0.7879919028717461,1.3444609195159498,1.341145190889999,1.1589493651138905,1.0106755154334426,1.151675553195278,0.8290154322732357,0.8640380159196754,1.1796451698119066,1.1984136805958274,0.5309435104376561,1.4424090010700439,0.6868282741909268,0.18113812884938912,0.3518606248642104,0.5460314947165552,0.6499073385779308,0.9884053923273799,0.7737867363168527,0.8913032746837004,0.779671970501536,0.8572433420487306,1.6457002702488008,1.4769883830759638,0.1621952320557048,0.06928800268043692,0.2698026260731929,0.16660579151323757,0.38160536111167564,1.1675881276038942,0.3524980778265792,0.8781746563970925,0.5613206909171414,0.2677816177305134,0.5345343690665918,0.6703704822692169,-0.22410314031579054,1.51854884205147,1.1047508844992024
2019-03-01,0.9377194849155419,0.9734185520615428,2.236965710092552,0.47374539462897897,1.081023928557216,1.0229603094116553,1.4769650940914412,1.1055177526189186,0.9684091470741234,1.198027257951243,1.1708835854803281,0.6105985322501283,0.972069643546849,0.3701354294661322,0.9049565161356738,0.4278675192559084,0.43174104297534366,1.617624165611164,0.12657011203718593,1.1192919756880535,0.37783988654878875,0.7965953586569764,1.3573599926362285,1.3621880381733982,1.170822751795307,1.0400702982142898,1.1983842686847757,0.8777215900265614,0.8519310481622846,1.1432212290875507,1.148665180123257,0.527635631204072,1.4347290136434987,0.7243636474346415,0.18599057850891396,0.31518079691561934,0.5457181185070534,0.6515748955764982,0.9789808065488903,0.7733989154906746,0.9321267509986818,0.7749809904193641,0.7915285729169803,1.639232115792872,1.4026222839041407,0.1758940352049903,0.06873040501361982,0.2712223319306501,0.17404586318657492,0.39443466252760206,1.1423658970342032,0.3368409386338393,0.8949664523103898,0.558169062821228,0.25976800057647653,0.5548303379507253,0.7204343172072009,-0.15227956995622333,1.70447956327915,1.1168651904727644
2019-04-01,0.8600954928796296,0.9509445735136997,2.2742722378846194,0.34759510687171985,1.0634552556998842,1.0429085828541638,1.4964918452642284,1.1151925342178155,1.0358300857414253,1.169247543256197,1.1985606128787882,0.6171201460658897,0.9567136199941223,0.4097788715730273,0.9215247222335703,0.4070360182861577,0.4634393773970088,1.6708336811699276,-0.1012430457549455,1.1136796767631405,0.31969718129372204,0.8623190021522966,1.3113412532734774,1.3117201420779985,1.125324922622393,1.1156258754076132,1.2327330560517318,0.7715148367553573,0.987305084690371,1.1535921878286541,1.1526346030500767,0.5154870224366596,1.452943686954241,0.6946115257574162,0.17967610662814265,0.2452941937757,0.532862721396085,0.6663671052941595,0.9971252157356669,0.7301882028835881,0.9299333363501585,0.6476888417050144,0.6230258951545464,1.684059220891682,1.3542683928913117,0.13655701219116226,-0.0401534697727885,0.18834226790062664,0.09197426666771745,0.25374728940014246,1.056005557415335,0.25180185580968356,0.8580280446439441,0.4643804551461686,0.14159912404891492,0.4551145836422995,0.6749475491927817,-0.1861037418219007,1.4238019806153175,1.1334181051769563
2019-05-01,0.8572900404215003,0.9840156030917796,2.171478628583274,0.3720952415145428,1.0515032145925094,1.1195405731457564,1.5270413618253178,1.1398755859858343,1.1118005289670934,1.2476260973373605,1.164548302020733,0.6011432468166107,0.8636827449058638,0.2933748034227373,0.8734542051414537,0.3414709438282877,0.4046941982460551,1.6682381974499645,-0.2392989458718263,1.1287758353274315,0.33241417739791546,0.864198551076609,1.2905758389733735,1.2818001330011153,1.1586341347266205,1.1173408587464935,1.278833544950663,0.7900224928903776,0.9787541660549017,1.1197282035831846,1.240336160019149,0.6818643547016281,1.403077791720897,0.6626406913867335,0.18419746766817827,0.28112450346828266,0.5490002281142092,0.6853787483529845,0.9628229792062786,0.7603527614667343,0.8982627209775992,0.6007967401826687,0.5520203422554832,1.6329891636506937,1.3227829579995771,0.1222426382266927,-0.03589252057542701,0.20264537189456094,0.0962051776823614,0.24760809529156974,1.0739041569156984,0.21942952037670388,0.8259684675047424,0.4070096580683732,0.15517838283519667,0.4564910345697192,0.7154303894613823,-0.29130481559552523,1.3546180081164905,1.1365275117290716
2019-06-01,1.010777566694999,0.990991045942246,2.421828871049594,0.7641134892021789,1.0877299973079646,1.1440479191390458,1.6043096983209466,1.2164088336539904,1.2786005674810634,1.366203576527227,1.1610332935307581,0.6642740409640138,0.7158271577553533,0.29909882821304995,0.8070170056891695,0.30466476512698804,0.3196667473272048,1.6289088539621155,0.24306412361248741,1.1288141798778466,0.3163597109825228,1.0080130461978904,1.459126370460993,1.4089460127236582,1.128916268318708,1.1195109041111917,1.345623275515711,0.7649822031236299,1.17985723728144,1.1276871687903385,1.2487280547315784,0.6791846868091045,1.4006696320385978,0.554635344370026,0.22314509914251607,0.2523108922843358,0.4963651545652916,0.6349275108564836,0.9068942417699565,0.7310044604324195,0.9964160141324547,0.6295907734705949,0.629893105899064,1.7546969318358632,1.4306093552973587,0.10010832190671033,0.09215408833279701,0.17994404847275408,0.08995645295533193,0.3441733791928103,1.0249599730849839,0.10121688083724026,0.6065812344758486,0.47444931057084777,0.00328885147520655,0.43136347402739916,0.6695978776118259,-0.3955568310229539,1.6131309491922243,1.1491706907736146
2019-07-01,1.0609082045112421,0.9853703159736953,2.462083722875387,0.8506559787935747,0.9913682839238455,1.104224967689005,1.5557772081935388,1.2552585714220328,1.2566612583404675,1.4002069331363023,1.1628742281388231,0.7147192976476511,0.6759990523149586,0.2331734512884291,0.6852477824032008,0.34079144131693484,0.3541167344371297,1.5717098493395842,0.4324808038377205,1.1422460420669749,0.33094144711739715,1.0342014162374502,1.4531477196486353,1.4628516754919434,1.1272812664185365,1.0602925305163493,1.3054004537398778,0.8917888517536539,1.272799325617581,1.0077122292806733,1.2456920685459845,0.686580034675723,1.3191096419943684,0.6537308162170656,0.28041945969851656,0.2748549565065866,0.4953905704353863,0.6940797102759584,0.9618432422535892,0.7305361008606909,1.0625592225820522,0.7081317850843987,0.6243371149590147,1.8457609745051093,1.4996559684205324,0.14031157663151006,0.15239069499359173,0.2359310024621073,0.12714830413669448,0.33128286190937695,1.0485938933805377,0.0631556757760479,0.6262519226965104,0.4749685435579486,0.004727023450544793,0.5153423509297242,0.7292290586170495,-0.15647641298386594,1.7273683721729234,1.1739993703868459
2019-08-01,1.0476766345650401,0.9512322206025566,2.398053873979896,0.8488372966899266,1.0018055715379546,1.1213143283278426,1.5464519556018752,1.2534246281456056,1.223015971255859,1.3824316033029946,1.1812234889581665,0.695071471296594,0.688754686152848,0.20470305452324739,0.6375181855464713,0.33463863254611015,0.3103501008198413,1.5707182761611858,0.3893279659548525,1.12393443523067,0.35864019092346855,1.0587349627374283,1.4588155090408583,1.4319800848841724,1.1521554102978604,1.0587949982005838,1.3060735580079144,0.8970720769287023,1.330610268738946,0.9770509354436432,1.2219327483546096,0.7225272737169401,1.3362374912992165,0.667391832637726,0.2983385022533891,0.3119775913560151,0.4808096804409713,0.7134770996425018,0.9536435594131741,0.733592538849456,1.1102705946825198,0.7380343241652866,0.6788796190026106,1.8640135943756464,1.526022024686107,0.16320748518527675,0.1551919384227283,0.24766310570135247,0.1410048814082397,0.31243077076686077,1.0011924261258338,0.06478781422811794,0.667558799593008,0.45373940878690483,0.051623295596937055,0.494026070525862,0.7150678708192431,-0.2489196506459153,1.6474943224462055,1.2116761507571097
2019-09-01,1.0564845736562036,0.9438644585700006,2.3938383343668677,0.8752528710965788,0.9831551608537488,1.1519324352427214,1.6171656412703035,1.2965125498451853,1.2702514730667986,1.4287823411028227,1.1989896795470243,0.6858390460999065,0.7120892497410592,0.1724646782081366,0.6242770706633337,0.32359316693286805,0.3482362644361997,1.5898336545767575,0.40477620627779365,1.0703911977188496,0.3378983440885621,1.0665365308516082,1.3663182560582252,1.4720945040258873,1.169068044675181,1.118011317698498,1.3034138723840467,1.0119082960334191,1.3756474979995743,0.9809773982821424,1.2390936868531064,0.7358867084146812,1.3987804443055971,0.6177698928062628,0.2894522469702303,0.283794652441081,0.4337006137186776,0.6846290152647996,0.9015122596422162,0.7017571608161041,1.137974129828106,0.7534158106814698,0.7455006327545957,1.9491693960329592,1.6037059458625853,0.12338933436520663,0.10197807839611606,0.217536579749214,0.10770530854442138,0.2661190628440633,0.966147098708116,0.018254934521971633,0.600291690084165,0.4848513680472214,-0.010358597807303943,0.5091388972205715,0.7249694473178185,-0.32460835062389437,1.684352530904082,1.1750601992345397
2019-10-01,1.0826837070641622,0.9410002605660643,2.434093456367334,0.8627977294066946,0.9387709276572249,1.152304672720641,1.6141722808786108,1.2864379961186643,1.2747423930996133,1.4304129891541315,1.1693544622430407,0.6873795383429413,0.7110541447792311,0.18029898608354228,0.6330485108335306,0.3156472555251503,0.343790929846841,1.6134774071101923,0.3990665427265194,1.057555960614918,0.3317608156263563,1.046019671589091,1.345729425348095,1.5058004265522382,1.1733693449593094,1.1255094730458226,1.2974593970454862,1.0205556750978513,1.3850514841570556,0.9888988186200169,1.2419065245042245,0.7236594859599936,1.387073210414374,0.6240637312989339,0.2982519760505039,0.27133751677671175,0.4405695369155903,0.6907306513289094,0.8761026854060574,0.7024213915457231,1.152010765336164,0.7664686417932856,0.7727593444899326,1.970779944866229,1.642728679634522,0.12831294551481934,0.108165265727669,0.22512228066449907,0.10699022534876403,0.26089052978405036,0.9685234042925737,0.005277274119954071,0.5950107610478085,0.48441720719398096,-0.02203993882294006,0.504868481295195,0.7086785306235064,-0.32288693305353516,1.7149903876418016,1.1693760406399214
2019-11-01,1.109470590757352,0.9559490422765191,2.4954245626914195,0.8724091081926273,0.9726231379494492,1.18509665275185,1.6620381412572818,1.3504306076702255,1.3242838913536188,1.416008050481623,1.199752265699448,0.6850214821682892,0.763006478624318,0.1341518854168366,0.5816009549740101,0.29205272315449016,0.3290354540425847,1.5839028680863931,0.4696866959855535,1.0267084086257192,0.27563169558691686,0.9988201437568224,1.3061309483386911,1.501860976577523,1.1472392658033974,1.073383498365669,1.3172570326988366,1.0845458354445654,1.4104734716210439,0.9994486510067084,1.277738033518578,0.7174231933820103,1.520848185346039,0.5783038373476329,0.2729925864441429,0.272415022861507,0.4308389837700243,0.6622959234598202,0.859019614399338,0.6627550536400151,1.1229551715102097,0.7678511479994993,0.7593808249048378,1.9926243375764094,1.6015644348430924,0.14332594904670454,0.09581525608472935,0.22624846663502504,0.1038326349603278,0.24372630502211182,0.9641415686228492,0.005013203680365634,0.5762025227682627,0.42403074489977455,-0.07438491414563092,0.48964254449470834,0.6673554497548816,-0.339743588736403,1.7528289290716628,1.1091106439388174
2019-12-01,1.1632206975404626,0.9826946722968519,2.396488127808972,0.9132705946935735,1.0181772105373121,1.1351172770489266,1.5627784355614216,1.2580981003921452,1.2506106377414676,1.4087526959016339,1.152808013709099,0.7294669701633232,0.7561594892835473,0.20194301180347304,0.5898903254592258,0.2731827772007515,0.32410904164416526,1.62015054830178,0.5183070724907644,0.9628569697147602,0.23857761989296902,1.0237498763677615,1.3026339591223048,1.4548173127986836,1.1450583284189984,1.0314606319801458,1.306966264280812,1.1192048941497121,1.3240178426971132,1.042375841836202,1.3605712089593927,0.7633486007417001,1.6056415421360934,0.5376208158178362,0.28990346454422666,0.289555152164495,0.4633271510718499,0.6679951982277317,0.8576505503179288,0.7063900163092496,1.1026574941956393,0.738677680062048,0.7445115124594937,2.0087190053463795,1.5474965166002557,0.19545279936002846,0.1048051753308182,0.27339712715213604,0.13760759004361,0.2566699591557743,1.0007427266709474,0.0694204968243792,0.6058070534472776,0.4449288218982356,-0.09282125610690924,0.4959522004365595,0.6758148184120956,-0.28583512884958734,1.6626672929391981,1.0696159051408372
2020-01-01,1.1770216887462137,0.9836185396946939,2.397910537219154,0.9041717715783965,1.0126005425649804,1.1391619458978013,1.566948735760739,1.2604921794037651,1.2527445695924095,1.404987058883924,1.1451908454384971,0.7406933172723534,0.7624097691533096,0.22371861302095253,0.5860140413200867,0.283009427300164,0.32731956572089066,1.6169025002943722,0.5695102245068521,0.951608631213923,0.23892993883583413,1.0377880250438367,1.3003306445409906,1.4543817853171432,1.1360968672558696,1.0316513241090144,1.3032119258714323,1.116909963145526,1.323123798437948,1.0420340303328632,1.35950921503004,0.7431819451972667,1.599236441620924,0.5413878563255611,0.2911944745313706,0.29594563669783397,0.45843480488521055,0.6629191897984608,0.841666831456938,0.7073282030211866,1.1071787314514845,0.7420846972801843,0.7603260280591655,2.034469704341838,1.5893983228941515,0.1980241786411992,0.11108670988149677,0.2765833340401903,0.1410421959915036,0.2573252794242849,0.9847267857662354,0.08154312677412562,0.6062773132462774,0.443530340089073,-0.09392413016125663,0.5007315431247343,0.6691659207385694,-0.25637913444196214,1.7047976606629565,1.0621414112888075
2020-02-01,1.1704956433983371,0.9751842349311095,2.4056109521215414,0.8831614781761645,0.9686353476609288,1.161075814130224,1.5793649382855648,1.270180143901216,1.253715951844519,1.407241666751014,1.1626569821181763,0.7476831791862585,0.7788099668322778,0.21028231586873575,0.6125933707574541,0.2817529139586026,0.34537492387137847,1.5930823883426304,0.46854638216025923,0.9457489026090368,0.23235150092566623,1.0441491742800006,1.3068984909940435,1.4727253226777561,1.142150112135046,1.0347474161931254,1.3099309480274286,1.107106443012483,1.3331548371235937,1.0311020043808163,1.3376206126364178,0.7364166706319095,1.5694885812409463,0.5521715006961706,0.2866717189854091,0.29248158728704376,0.45905430960329885,0.6839880701698908,0.8392531498146216,0.7036887947418857,1.1451677039047305,0.7778188507574136,0.7866417609269695,2.055539423278705,1.6101135285819494,0.18299706002363508,0.10148574841195881,0.2658088554013343,0.12814734391791707,0.25266757176594096,1.0060177999929585,0.09381740120078855,0.5922370845073935,0.45141326701758383,-0.09402214905858305,0.51124318476127,0.68039230895534,-0.2768410049021462,1.6698118242244075,1.0472084804561552
2020-03-01,1.2058457330136412,0.9901315451381553,1.9257382772400917,0.9494321942300769,0.9811700706064825,1.1967466878786706,1.5704641323018542,1.335271654506084,1.289089997027972,1.4328299521764505,1.2110108529389572,0.7916641889589878,0.8040385316082397,0.3536784585864977,0.4194032080152363,0.4187603250515164,0.43776418085752056,1.5151596073552551,0.4208601820546745,0.8948203433393727,0.3807188956893349,1.0164743340650997,1.279469771268976,1.3583964605430783,1.0915499085644074,1.1129243833917175,1.369129376096648,1.1269102937367246,1.1798192669007825,1.0160580707396174,1.232043103694159,0.9257727537844751,1.281007141193081,0.5581189993175815,0.3997137403214308,0.4222718093753797,0.5071243864651513,0.6934568726973966,0.8593231062703297,0.6808568908741863,1.3086121878579258,0.899764335892282,1.0530850565663292,2.095338998899183,1.6212411959029294,0.27849440311772433,0.1867483158412232,0.5049080627945588,0.3850477077654357,0.3956271820812687,1.0475634824908349,0.11193657603647578,0.6011943494576263,0.5069832837270183,0.011591832795114498,0.5793807583182526,0.7602957889870057,-0.16957312558232107,1.7098136562010682,1.055653272430821
2020-04-01,1.041926292462977,0.8097695039549682,1.4830382332073246,0.9722941735319439,1.0680305189757153,1.3631876229527284,1.7008183221460726,1.4350175881520149,1.463959863181308,1.137488269114764,1.5140732862928608,0.6151873700488175,0.6425146402410482,0.08671084473954627,0.5567524327169238,0.29912602723901915,0.3656648865443046,1.0645944945449264,0.8317539167953881,0.9652201818410435,0.5989286793553199,0.8944554111149037,1.361467529133092,1.118242995214115,1.1633901308749937,1.04988153541516,1.6123834644824742,1.371445954859103,1.1067720374497114,1.0265833059154934,1.1821218940360598,1.0531433111165098,0.9367285011978369,0.7679998622650626,0.3568605195977008,0.6879359086101754,0.5615666369658936,0.4193843207261728,0.6065507182595408,0.5227996630032329,1.4821019301187042,1.1048993666988292,1.62523479132561,2.7700519954219867,2.2366053710816427,0.3210147345973448,0.37036929159858406,0.5700756898291242,0.4960118919712705,0.5866272658491716,0.8740342929922408,0.20229227741600173,0.28654794495526975,1.877853259999208,0.10573610402941709,0.6341494350507058,0.7524785767070452,-0.13639216400367937,1.9638621936132665,1.0070406569022254
2020-05-01,1.0453609946033184,0.8145673024889604,1.3538411743236247,1.0122322997824023,1.029931624610235,1.2226943009699875,1.603720391434941,1.4461705019825022,1.430271304841059,1.13215240974456,1.3079317683509153,0.6921769525440671,0.7361322564498456,0.2000994540052102,0.5573505373292882,0.2941334468886284,0.5211718311443819,1.1803538678863963,1.2012004023852607,1.0204232572330652,0.6536250180104062,0.8049446662526003,1.3984894123681886,0.9230689465468581,1.0442019596696366,1.0305270650043266,1.4683189392820448,0.9887595131847435,0.9879545363367533,1.0402265981932972,1.2550899583390882,1.0366563638944246,0.899836834573921,0.7114957486116953,0.3836944530399232,0.6302299356027601,0.6020408852723571,0.42554091027965135,0.5642922880787493,0.5171262355169535,1.535693959723226,1.2559967333424542,1.7987143479633065,2.6805267253149463,2.287688466980077,0.1874386103542955,0.367162832746127,0.5326022389075079,0.45677175053041463,0.5004280899651711,0.8610262082816929,0.26331614018166105,0.323533336057484,1.875369875556467,0.012591511484007764,0.6002477053096302,0.7835062951204079,0.23904931276717087,2.0325231122844873,1.030491566424351
2020-06-01,1.0503058192465082,0.7992252451175408,1.3828925057402832,1.0169032325237537,1.0366954928289702,1.2156094319556807,1.5804189467817875,1.4572363533298076,1.4619450942000525,1.1280678544649267,1.2552078151691068,0.6718195917803298,0.7360580001351659,0.18705709489820588,0.6016264744478779,0.29047865270630785,0.5108950897575124,1.1407354900379043,1.194996569433168,1.0530943837845572,0.6313557967771675,0.8424410025711262,1.4736835379591944,0.9207454243935043,1.036051558023342,1.0365389296972172,1.441793166837968,0.9751721050836644,0.9827281164152585,1.0417796123151237,1.2714976429855172,1.0592158807219527,0.870145764141073,0.7163901423359624,0.3680754773295568,0.6221072025647132,0.585216508291752,0.4188578349050128,0.5564959007567228,0.5189147278134031,1.5064497850215293,1.2362958963014496,1.7752565629439108,2.6928409376295623,2.2919646214357448,0.21735049808638868,0.3619484021978804,0.5226149435268707,0.4533513384641432,0.5013685527591849,0.8504474947694257,0.28558743137204995,0.3231830654269145,1.7942159383395917,0.048811855051927706,0.6228437100531243,0.7929551922902552,0.22078817563401243,2.0209152396322008,1.05274550567324
2020-07-01,1.05104592054671,0.8009350295438258,1.3837386235865718,1.018223401972697,1.0355832794672921,1.2213381124532665,1.5858004834062345,1.4623148418886713,1.4715608576956112,1.131082135376048,1.2634852815267061,0.6713931146594208,0.7366415192360671,0.19160499466995226,0.6103230107851341,0.2859381643169704,0.5051749198542322,1.1421938095496047,1.2103027232971675,1.0521518014961404,0.6314376417348975,0.8483420048102542,1.4726927946331487,0.9244264411348427,1.0360680732687757,1.0344764416141528,1.4414366430259595,0.9812424277406084,0.9844111853787126,1.035491681887586,1.2705796412329478,1.0550770689585098,0.8645448641917792,0.7138039665188134,0.3676783701760616,0.6183994033503885,0.5845008378875948,0.4130256441261637,0.5475092895178663,0.5173799045770755,1.5094663561846124,1.2373057674290797,1.7751332720780963,2.6938680116536364,2.294283961785826,0.21148356133333723,0.357370843703469,0.5139252742410522,0.44745570227863407,0.4988482021625549,0.8537507459510487,0.28372601865948405,0.32022545619562837,1.811251599806414,0.04322217460504149,0.6239030807650541,0.7904199949345501,0.2175191707924842,2.0385561488335613,1.0539469773246033
2020-08-01,1.0927220048596045,0.7617723551879423,1.3784737272353016,0.9832930778542996,1.013079797944591,1.2014324694998257,1.5734495089077702,1.4215268023220458,1.4277531171529474,1.1289516238071249,1.2104926930832238,0.671273386761766,0.7217356626524283,0.12730777359519785,0.5759761294058182,0.2998101447800803,0.5847845164178531,1.1737927898203289,1.343663037104672,1.0579179181630343,0.6373690249096187,0.8159975292387418,1.481120477529843,0.9143812733139544,1.0206042615918118,1.0245396351826512,1.3616056577790523,0.9103119954607674,1.0150997086506819,1.02699677363344,1.274596744944573,1.0464034125557524,0.8358844875041956,0.6762849321445397,0.3983068444870756,0.6320120291209355,0.5915525315685737,0.43025757881065196,0.5669656195838886,0.5367833035591716,1.4403511725663916,1.1615998085147434,1.655089314398104,2.6222503308225007,2.1850325011711984,0.28325300896318895,0.37694323630784565,0.5266734783615121,0.4792735838414806,0.5087026972680648,0.8893147643014039,0.27062786365686764,0.3603761591050425,1.7211393370249293,0.07140323214387358,0.687678968269656,0.8625119244434387,0.24692899563278875,2.0118348320791104,1.091048655337112
2020-09-01,1.158327376613082,0.7744100479708581,1.4536453859447267,0.9990951949120601,1.1669383310129708,1.1850799717855196,1.537907819604813,1.3947170302536835,1.4188125690496334,1.1016330504400227,1.175214704419383,0.6753213238077305,0.7098629063330815,0.1015529074759724,0.5679348457184603,0.31956474532318757,0.5572656936032323,1.1628202622792632,1.6056124680279684,1.05219375029987,0.66859814156277,0.8492429065484972,1.475939850683294,0.9272883060614401,1.044473658573899,1.042534885976935,1.3637295767781747,0.9269760240949647,1.0683370768436533,1.0383546603136011,1.3108011278979106,1.0734817037872149,0.8328842684994678,0.6703922731783492,0.41360391528952456,0.6356549020505717,0.5763600499761171,0.44497456526654755,0.5728413709170875,0.5348910342753082,1.366458248404009,1.1238013833810183,1.6127374200825644,2.577529367068541,2.09991492381165,0.25942788361966773,0.33267558306595135,0.4776284748190109,0.403765102348544,0.4619851316323941,0.83079573778192,0.2270990849600311,0.3432534047297407,1.738841101678244,0.10311350648593548,0.6634568064082957,0.8323428430431028,0.2117933259134776,2.0582218260800054,1.0627323993537243
2020-10-01,1.2044575744826145,0.8068115201154258,1.4227465970133457,0.9550767666718658,1.1954581154706294,1.1732921512160464,1.5286296692217944,1.3588153965856642,1.4205668611997322,1.101840661964429,1.139538635794747,0.6731069244344124,0.7002851615216121,0.10517077830430073,0.5961614074777845,0.33114201088440676,0.5574815946233354,1.2000837046787542,1.6734869532617775,1.0430102414321176,0.6390409756107003,0.7772911857498481,1.4406140129056721,0.8778235999482145,1.0183739364765523,1.004033426640064,1.3516454682077166,0.8907798468999798,1.0164368408578037,1.0728128491216098,1.3426783204769008,1.0819251523496773,0.8557423589046274,0.6728741365585227,0.40831735645399425,0.6232497141987267,0.5720515390575823,0.4363450869117133,0.5565099519235415,0.5360731993316857,1.385114747574173,1.1582595430708302,1.6344657522264978,2.58850449317721,2.147091170625223,0.2648787183478908,0.26841172633984817,0.43984863852459033,0.3740174894547773,0.46154172844442876,0.8230242678300554,0.25042433884300475,0.3638288246151176,1.7024841742863455,0.07534982836090187,0.6780341993501403,0.8094408270137471,0.2481269945901076,2.0040535604846634,1.0206246629556135
2020-11-01,1.213534185203844,0.8065028486224688,1.4237662713573274,0.9488784614145216,1.2077770830008976,1.1522584825126616,1.5074832533885467,1.3636992861550263,1.4076790825781993,1.0695503266869022,1.1467725441805348,0.6828819413495452,0.6936656812301916,0.15955478644936844,0.6001407396542804,0.3902519544122445,0.5701295089680528,1.1926730607467022,1.7257006344245616,1.0534057223044504,0.637424983880311,0.7871813714708076,1.4580209185035824,0.8440061260144782,1.0123693614702718,1.0385853474085671,1.352842926633476,0.8505432001058778,1.000463819850677,1.031546498818146,1.329350967805361,1.0882113065799686,0.8638806463752432,0.7149006337757755,0.42792479708815634,0.6222252855775626,0.5848530769203458,0.4229400558103741,0.5664319056148237,0.5351121324607582,1.3794566564177373,1.1602758741041532,1.6573658216323355,2.5813612241928414,2.130231601305706,0.2459062919301216,0.247475116557554,0.4112914054316792,0.33529494232064716,0.41389655937238623,0.8237773713893273,0.26054744476265357,0.3739705628797536,1.6986032090995826,0.07053777729790572,0.6943904548017847,0.825900073720236,0.2638081377064728,1.9652196041683716,1.0085188082209522
2020-12-01,1.1742791932866292,0.7717110836039341,1.358809708738408,0.9773489603059192,1.1431336847614062,1.2205360324284136,1.5351915180013833,1.4288746518518205,1.513124305046447,1.1008620211787246,1.2827246208309588,0.674864318020848,0.7006238172130153,0.22647709805914218,0.7275882742180051,0.40924829805245977,0.6290759224784601,1.1053136108187511,1.8999645889530372,0.9795169210796475,0.593809179154174,0.7922788569899846,1.3113963618218987,0.8574658980363441,1.097842290977153,1.0540533561691316,1.490095174550055,1.0936100197805667,1.0159714694186393,1.0128661589286225,1.265477010031916,1.1583273845254798,0.8147956946171764,0.7158274098921209,0.3908150516743206,0.6332304571656518,0.5918413696429461,0.44352153711296644,0.5620604477006967,0.5594323092321827,1.4217875197093575,1.2683130034077612,1.8284768415312311,2.6942214529936503,2.259200899817364,0.21418223587913596,0.22814164208684462,0.4136523320125336,0.2456393359435462,0.39819991978168556,0.7522295674494353,0.23564355666102052,0.29389868047028256,1.8256695115988988,0.038178753483241255,0.7529845267238344,0.7561331232427091,0.16979548701143996,2.0669107868308134,0.9885808330796952
2021-01-01,1.1837274516534446,0.7709574931023676,1.340211322164988,0.9841422634151031,1.11247868876726,1.2296876624782376,1.5447161748457179,1.4505754707405183,1.5259525479247222,1.1009252856217868,1.3045398245456852,0.6895155516864528,0.7019372472165253,0.2517840766582992,0.727791941500368,0.40861179823333765,0.619483309622626,1.0994748547466582,1.9207421437096461,0.9657337570590399,0.5881402094822863,0.7944787316722071,1.3113535602303599,0.8654287622594882,1.09959761624558,1.053362812577809,1.4867058439381535,1.1021939641478822,1.0148670620979483,1.005626618939687,1.2544107349266231,1.191721646699408,0.8250962199879276,0.7153038997903096,0.38695349957432934,0.643065865402592,0.5941904168389912,0.4274585578256498,0.5473883015563528,0.5567412465927806,1.440457088192777,1.263046566028819,1.8268907940277386,2.7015222026959838,2.2686426397148742,0.21878581892632795,0.22389553979076535,0.41520557443611683,0.2395107357835969,0.4013727955278239,0.7441254619150806,0.22506214894421644,0.29415211060905644,1.8303480652333979,0.041820053308943346,0.7516922391759139,0.7443095918721829,0.16969792508255777,2.0871096928950044,0.9782448985564621
2021-02-01,1.235252819563887,0.7479988072769368,1.2713596410838472,1.0248854523106798,1.095473598905865,1.2206604955250249,1.5423347153946763,1.4538096097488706,1.5313369665775778,1.0893550625330726,1.284369074113699,0.7077610053212849,0.6978403250265758,0.2579307941129196,0.6822449520568996,0.4037631417908602,0.6285311937356521,1.038885191005364,1.9244738756725854,0.9615784362166027,0.6130232901156344,0.7905513854435404,1.2864721395257979,0.8713541634671064,1.1231491025035598,1.094177634159908,1.4894476784312172,1.153492334881546,1.0047474028421444,0.9741849157269699,1.268885966805224,1.2282863393613699,0.6978569756770889,0.748178224117429,0.44555040026438314,0.6625029147761134,0.6211755064142521,0.4079184317898976,0.5554536667046495,0.5929259910971805,1.4288246036525938,1.2833791514635162,1.8280682431863124,2.691879488651757,2.2703547893176217,0.22289927355512615,0.26188342151343635,0.4674767506417828,0.28504048998453324,0.42622667857944263,0.755347656045982,0.21696241096424834,0.30210940530950486,1.8691046156001605,0.07410739907084953,0.7642883757045569,0.757659091452533,0.14439183046770776,2.1189936081059604,1.0099760570915617
2021-03-01,1.252695015203903,0.7398354920155096,1.2831774611937816,1.0350353075964016,1.1067492529587977,1.2641076922954833,1.5975392696883193,1.4969299361504382,1.5755479687241638,1.0923794252817016,1.2953083501676612,0.6831885885478319,0.6820823028753107,0.21703836556090245,0.7216759400735147,0.3545634980839125,0.6192514120337762,1.0578478810513052,1.8775671813454775,0.9203064157472178,0.5806342845042409,0.7862411430728189,1.2242830847033905,0.8897517114681585,1.1186349728006313,1.1017918331334007,1.521234717679952,1.1431400332278185,1.0273768901864784,0.9690365095721575,1.2645249286468,1.2374851848469395,0.7357134934141261,0.7555691741995969,0.4000087586266514,0.6309691241630015,0.5774226401286501,0.31881068289901,0.5349710992315242,0.5651085158438341,1.4288399088080106,1.2845162798852137,1.871992283912661,2.7437246173516683,2.3067052856588495,0.17944414471651185,0.2273474300139688,0.44145864069481144,0.2512675160618986,0.40119916766702696,0.7207549506336531,0.17739934718112446,0.2080968723479385,1.9127226638269903,0.07217048605402562,0.7344836653798272,0.7343198565070324,0.09728719367414321,2.1669915411597063,0.9991665015107136
2021-04-01,1.2231590370215493,0.7235633077038903,1.2537109714561376,1.0071923711577824,1.1001184147190672,1.2584517749710238,1.6113465930886013,1.496234629504904,1.5704145232601125,1.1138713265757392,1.2934023672643051,0.6933846455340538,0.6876508186817133,0.17957102453763585,0.6406461969699871,0.369144528957956,0.6394744768603512,1.0355209287612634,1.737813323567187,0.957628270638195,0.6035794657814082,0.7727446095435725,1.2633132677709336,0.8894505316058472,1.1254734031135927,1.1388497192295683,1.532418241960329,1.1520741299786152,1.0253173339576553,0.9453117101790214,1.2592576715780814,1.2194114387281383,0.728138714612558,0.7782619370993418,0.4230064824501961,0.6553036575181802,0.6009960577366953,0.32082737367049097,0.5418608030412955,0.59757943855441,1.456696388120628,1.3266227288351629,1.9387807070910048,2.777936457234431,2.38667929593658,0.21023697008962844,0.2778692234528813,0.4875379452067127,0.309608022332698,0.4636118204414631,0.7517954623712799,0.21557766907368414,0.2439212059096076,1.945137433573095,0.09488627573087921,0.7527910371283091,0.75291336907791,0.1279774915484571,2.1439319404110693,1.0121328577034
2021-05-01,1.2178545824831961,0.7272500674936366,1.2676503248159632,0.9772282523594888,1.1095214549397596,1.2365468670003112,1.6015122817730867,1.4918406166327103,1.5612870190090842,1.124002922871844,1.3299385076284311,0.673664605505697,0.7026674220737101,0.15887005644980845,0.6394259953236966,0.3521435663995988,0.6535983102565883,1.057793775605442,1.7072479435578576,0.962037151595927,0.6121056395588267,0.7521639242381639,1.2420280040191325,0.8611975322766994,1.1116850750089633,1.1163241427531672,1.5338545343240853,1.1350184488804071,0.9884040074263697,0.9722650914357911,1.273526140473025,1.1950642089895673,0.7060016868157868,0.774854644238351,0.39833636902499264,0.6538517858032151,0.5940932595619035,0.3229359752982859,0.5481349742087478,0.5904484141840514,1.4463368924855633,1.3025858623635085,1.8989309131517143,2.742900830642529,2.3635350721440003,0.20834469023782448,0.28723259822014896,0.49990796365286305,0.3198325765219185,0.4687570287637318,0.7734915374490581,0.22705653863389413,0.2566276381489267,1.9425730132075185,0.14440896695502886,0.7443346508113365,0.7461111944555086,0.1375827387837756,2.147131136456266,1.0264814000495663
2021-06-01,1.215485086092139,0.7275958606949188,1.2560484515636425,0.9697224411454397,1.1041305516529487,1.2353331306880198,1.603819571223694,1.495348273533423,1.5599813435927021,1.1199063375590597,1.3240520161735574,0.6783360323597601,0.7012890202621722,0.15218026127458817,0.6357733910697279,0.3514328774080133,0.6566268629550499,1.0630710731517836,1.7314605962903964,0.9655059306026665,0.6194541672598992,0.7489452763096003,1.2326418580338017,0.8544259357799383,1.1101147244825855,1.1121300697111391,1.527167302134758,1.1306791070281494,0.9857628782786232,0.9688938591416586,1.2655187745200727,1.2022398569674668,0.6983982831103084,0.7784166126929328,0.39855010417923387,0.6544680954339803,0.5953393936453637,0.33130638916204747,0.5497674656857322,0.5917983719303503,1.4406560264130566,1.3030618896128272,1.8902581822415034,2.7300626702441275,2.3563777159485957,0.21451356789401618,0.2931244732616783,0.5074877047518456,0.3265969351564712,0.46557151547872855,0.7770252088028049,0.22783277588987144,0.2637996487825594,1.9360758882215172,0.1413953270880272,0.7419868073009372,0.7473644372742322,0.12983506107391452,2.1330149222231567,1.025351831408151
2021-07-01,1.2159433649599625,0.7280387207696322,1.2549040530939708,0.9631443096416532,1.110494754515821,1.22872727395093,1.5993764420898406,1.493219199600595,1.5522132369419692,1.1100654292671788,1.328912315361542,0.6789674578529483,0.7001543213367658,0.15582148461846773,0.6268442962977185,0.3559879347811531,0.6597173680118966,1.0694574651113145,1.7493975221583171,0.9701791151389285,0.6152056511331426,0.7654415677459467,1.2311582327320805,0.8342776371027691,1.1041808111666975,1.1100816940449283,1.527672564441116,1.1256474744596234,0.9732234156137545,0.9714407000567006,1.2688235286501848,1.2067089280177,0.7132310638299905,0.7768594013006951,0.4038887883828868,0.6551709653101887,0.6053451533128245,0.33415200731770145,0.5561508532935147,0.5929152106381954,1.450995548478196,1.3091450376874465,1.9021796016793582,2.734756455067107,2.369544204675237,0.21273615942592272,0.29594523636666414,0.5093966339597555,0.3285922676908417,0.4695318083772635,0.778027283754454,0.23261069536771983,0.27571837322355175,1.9486838537507138,0.15106737673327614,0.7393475750317289,0.7387945561708322,0.1159724640159109,2.1275586373887663,1.030303198594138
2021-08-01,1.2273962499689617,0.7231728105037694,1.2539600548362686,0.9944424620046523,1.1157237170433278,1.2080827076968947,1.576642369069693,1.482353903305912,1.5521479381517045,1.114287302362702,1.3287897019552095,0.6666933621487972,0.7008575384370429,0.12986401845521012,0.6367654145889553,0.33546598685703677,0.6506787939211726,1.0615791018948202,1.8048781779838095,0.9785121584944848,0.6235334563264726,0.7910800678900985,1.2293823224316944,0.8187190751626681,1.093351244485917,1.1022968182756845,1.5172521282070321,1.1240961304240127,0.9749929491202297,0.9704716404102758,1.3117697682452119,1.1942353741918923,0.7541545843671815,0.7792277453582691,0.4059131380297536,0.6492699673339515,0.6041114881241658,0.32862314517221214,0.5604912165787349,0.5853694370987814,1.4501514481542137,1.312440254898116,1.8917197378936095,2.7298486343385893,2.353643265341303,0.22225574448570967,0.29871677707583194,0.5079840339418515,0.32971743794403585,0.4802817429952574,0.7925828405868419,0.23420797273604993,0.27684765926445654,1.9453592696186113,0.16739325299275987,0.73773813445258,0.7316953248167853,0.12484775256995649,2.1567953056270133,1.0265189226363052
2021-09-01,1.2043165779871075,0.7231674359975998,1.2529168285213355,1.001356393415276,1.1123358103393226,1.2174804941706001,1.5903272602893055,1.498122989555302,1.5723299100511094,1.136290977076564,1.3253162939961656,0.6653713332735081,0.6931223433891779,0.12793804192733987,0.6362260135300977,0.32780725206607886,0.6569804351409573,1.0477618766578316,1.815728255218449,0.9757859926804155,0.6159381693670919,0.778201224100948,1.2234735592725172,0.8282293792364446,1.093777035679075,1.1011302055631564,1.5196435992634099,1.1363319700427552,0.9840526171592877,0.9816727114028343,1.3194145168346034,1.200711233347929,0.754557930006593,0.7766935645407704,0.4018056452099087,0.6556766443987847,0.6087027377820098,0.32264951870169933,0.5594212802370437,0.5841854442765977,1.4456689547264738,1.316541695847858,1.8889594222696746,2.738485582526771,2.3607299748377364,0.23152851507567557,0.2992830128112969,0.5307050244935808,0.3311607741568251,0.48289643029497564,0.7971089735130674,0.2386551720247756,0.28281169152569763,1.9508520615185803,0.1772002634315811,0.7518529992666987,0.7187987029380816,0.1418040486328299,2.1790919125500006,1.028347331294728
2021-10-01,1.2138115089384272,0.7518157912637508,1.2682758862973944,1.0039529661516942,1.0698731431124713,1.1631785989405385,1.5219291604204217,1.495548529892916,1.562557664250899,1.1722890248636366,1.2527008409433273,0.6860802988289797,0.7105209884041633,0.20208727392300846,0.6830973346060694,0.3316165364411857,0.6839593453673224,1.048433106952556,1.7383778065562057,0.9473189283412625,0.590912880753053,0.8359579321687574,1.1960944045650872,0.869288893849794,1.1148325957053573,1.1314496850751792,1.4597161985903548,1.0950905781711011,1.0371486242655554,1.0016761961439289,1.3400962024648129,1.2084095738380163,0.693285830284099,0.7634556532414348,0.4065487630893071,0.6812356893707987,0.6147758825505805,0.34950048981243653,0.5576214521881735,0.5848066707748704,1.3429352964685322,1.2356291297266275,1.704703021714781,2.58910341319022,2.17287871551446,0.2692837492963985,0.32880332432895254,0.5480864484730075,0.37604363454367,0.4722606452613137,0.8209599902158249,0.2937168884284306,0.3182527143722425,1.8945348085577867,0.222809030684527,0.7774420103568311,0.7302642778857927,0.18217086784769526,2.1771782575200977,1.0476100413255365
2021-11-01,1.2236177525094942,0.7726370456616194,1.1503333646091365,0.986666855548062,1.019726415057232,1.1760403113548765,1.5694265233175624,1.5740213939551353,1.5963892860536062,1.147132185445481,1.3561925000198694,0.7147573262179927,0.7947603952787534,0.23814750652730093,0.5711754974883917,0.4589540757082904,0.6913483384990495,0.8973006030157424,2.081213665597815,0.8959929721454813,0.6484311690164396,0.8197339204389478,1.1372095258887804,0.7351733208495498,1.07665539048839,1.182966239192638,1.4282108427952946,1.0518620923511008,0.9724978718495291,0.9776045082506593,1.2676755470654726,1.2185865850288278,0.590684852656272,0.6791683782627078,0.4604518573565106,0.7725632021244904,0.6728159357780359,0.4336297468947059,0.5757002695364556,0.5071846749449502,1.3901648411827223,1.2684968073241594,1.7301724563556382,2.6092790628370603,2.179426928092768,0.3194488610411549,0.37667129201252464,0.576997305975367,0.42967721717619034,0.5333406883691056,0.8665218936005286,0.3736993672504134,0.22790161353926947,2.0615905364725795,0.29672641230732805,0.8483869812472674,0.7639555183536458,0.1881185122272594,2.1513220205697703,1.0068581858066104
2021-12-01,1.2079547724006643,0.7763353206094757,1.1073459571240014,0.9774333989877728,1.0299428698374027,1.1865045122373794,1.5805742860901364,1.5932921396260356,1.6112516714925187,1.1556741626781388,1.3641050284503706,0.7209721833986097,0.8007841117604124,0.24675146618213445,0.5622904862995508,0.4929269542896532,0.6406517285233787,0.8873342226102976,2.082519041739728,0.8794228983991623,0.6468233616001444,0.8185239639630413,1.1269535234335986,0.7429104599051395,1.0913206040225418,1.1845666192696251,1.4435345633118877,1.0790646622949949,0.968216726669992,0.988409660254599,1.267720496501454,1.2494055443826184,0.6111749404956535,0.691894246880279,0.45596583759094034,0.7849795453435343,0.6726023612909915,0.448859487186663,0.5567824661304013,0.5067999142911472,1.3992760677399017,1.264273361274319,1.7355813797907271,2.6228601011855392,2.180448503513755,0.3177287973185017,0.3863402650768661,0.5801295433971727,0.43735828819911066,0.5328884054903722,0.8580493023704033,0.3908234553994071,0.23891624908759182,2.0403289288167525,0.30145823296855323,0.8506741420811046,0.773279312300315,0.18657954745246763,2.150785439793245,0.9955455571873095
2022-01-01,1.182302892350239,0.7341230577982528,0.8895850898545654,1.2047492883123814,1.0625386270489314,1.1648536273380188,1.5962718333535677,1.6192051377985797,1.6630430917105343,1.1741281581299132,1.3573351440672692,0.6817236625569497,0.7688749998858828,0.24888299334693756,0.6358471876557832,0.515280357058982,0.6776195665157603,0.8161922141513481,2.1672520936033868,0.9189591972508071,0.6775444489391009,0.879633739820266,1.2266030042691027,0.7601857903261109,1.107756311950736,1.2147894119863374,1.4896399811516454,1.2174672216950535,1.0164794273290312,1.0138971995175452,1.3271745384490576,1.36201464209908,0.5609117118128344,0.6925311963097809,0.4925260468335896,0.8497406408027423,0.6449001520471458,0.4399944840951876,0.4491235060786166,0.5152954917324317,1.422988909878594,1.3462683297824944,1.9005232717701555,2.7269911803064346,2.2751183453032917,0.3017781868549042,0.43278397948752695,0.5957246898096032,0.4781971727901585,0.5945106619910405,0.7915490004849649,0.39933751435503184,0.14312056548538965,2.220808607336456,0.2868174701677928,0.9333754159666339,0.8604081845772584,0.3041492846670715,2.240878804828138,1.0185934149548932
2022-02-01,1.2115971652219844,0.8168413193073479,1.0516525060741695,1.2836434376174226,1.0709455195572146,1.1864079106544518,1.4773479813319255,1.5749457711301993,1.617632691204431,1.2342390677559472,1.2314612513052925,0.66601963268621,0.7778376761348624,0.34468992824786904,0.7480761574762493,0.48215525873401677,0.7961556671982504,0.8247179383899332,2.415567348393979,0.9908836256890818,0.7128592696824217,0.9211385431943165,1.2971581258483695,0.7640068080213487,1.0772338944865592,1.1519224730852768,1.3876942670886878,1.016154217534718,0.9056972099554628,1.0455361419942706,1.2356521508527725,1.4109483158574445,0.6651475285941801,0.6307330012788706,0.4955106394853118,0.8257723481905443,0.6399507858169593,0.4552589625675778,0.5365622260979348,0.4947239359945761,1.2123179031837172,1.2306257874692164,1.693046562138612,2.365996179339347,1.9960226709075997,0.44076645819019233,0.4304232141517851,0.5330893197158868,0.4342764211169683,0.5620375274678819,0.7572175052982862,0.4611847624861223,0.2096716213159197,2.208575503838502,0.2996195966117312,0.9858027419543018,0.9117751942347746,0.3412511666127948,2.283139129713977,1.1534804223679178
2022-03-01,1.2354005042796183,0.8277993938955692,1.0561994811052775,1.2704290972972685,1.091713076523714,1.1891166354187788,1.476618096181403,1.5774177245625745,1.6599528082394195,1.2603179882701014,1.2107521063142999,0.6764610949765657,0.7925678430684828,0.3339641887796806,0.706759161284764,0.4896756922651083,0.8334727817846523,0.8166293375289595,2.448032280920036,1.055329083164433,0.7298917799379818,0.944783539797005,1.304748234849943,0.7833148815404959,1.0867001820613218,1.1272157980221378,1.2947609187836813,0.9845113164381958,0.9260609963230151,1.0433590089260916,1.4154519041270857,1.3702512013831434,0.6841461428098814,0.632173983050047,0.5025857681142021,0.8190310970297658,0.6599354319204496,0.4644417861876347,0.526921869367053,0.5164181674459887,1.1649313604538678,1.1623422159262213,1.63674951471143,2.321369150890289,1.9560474539910553,0.43408579221042504,0.44525436560390064,0.5609109645183687,0.42449442143512833,0.5402814978721542,0.7911832918554945,0.5052105048814863,0.21396216120599315,2.2002438464500993,0.31112704573368544,1.0082815256082398,0.9704093052136424,0.31050512782832834,2.1328932675662173,1.180585796993231
2022-04-01,1.2348392153677796,0.8257526753062366,1.065376357608518,1.2751451308302588,1.0871712985791042,1.173502344963826,1.4528782726213423,1.5602650273144794,1.6404157792410612,1.2568048600759727,1.1856860218095482,0.6889305454092628,0.7994280607099062,0.3572937304566209,0.7184191704998194,0.501582148596041,0.8485244153391179,0.8225757484023037,2.4650304488746757,1.0367146450909652,0.7283764368550691,0.9347886556972373,1.2767284795793188,0.8130360920499786,1.0872897546814813,1.1425693611651053,1.2815011892649553,0.9703954717689409,0.9464849688593793,1.0402967925810749,1.4191116342759824,1.346514949317993,0.6700770101365929,0.6291616404636022,0.4937486866542331,0.8127356952642721,0.6597864204335276,0.4801489376988604,0.5418559893732116,0.5103248602485004,1.172343870851769,1.1833797170481328,1.6392471291871753,2.323133845075941,1.9539069240208868,0.44659861215552643,0.46601422917412977,0.5820547493069795,0.4433665365063023,0.5614312639805807,0.8043075120225376,0.5233122099190975,0.21943174322983144,2.182909021737072,0.3258960334733261,1.0184377128514557,0.9764741288257834,0.34265168347963254,2.1281450915826046,1.161634286479997
2022-05-01,1.2522458728904056,0.8553204994548838,1.403221872091163,1.2859384339009226,1.1670666414169362,1.1656071004118869,1.4400933767659314,1.4881588553693539,1.5569922754910417,1.3114149556515937,1.1832032157430874,0.6179869476377898,0.7733212866178107,0.3700812090103717,0.7843837897641616,0.39366528015563673,0.8517271385419065,1.0057320489408939,2.6069905781627662,0.9313238807114912,0.6549967040288966,0.9253412440529456,1.1969353002849594,0.8060283955105396,0.9758945906618584,1.1892688849908915,1.1849697409826903,1.0788180239633816,0.9740220631748489,1.162118407562926,1.3537117431415004,1.3637098676119086,1.2502221357254033,0.5235042955735209,0.41089303566522484,0.6887198688992043,0.5695673879909461,0.4055548142519987,0.5982952046173037,0.4358482899621132,1.0464287059260367,1.1381650267868575,1.5698251360067497,2.1787161577426906,1.799787623824501,0.5965542766555103,0.44543814529030945,0.5254499871486726,0.4129701642634377,0.5371639139931218,0.7429446571793987,0.5299543264234372,0.2434338799891732,2.089443232217236,0.3552178517901181,0.9597499182112526,0.9314852424476328,0.4650914554265981,2.198420401158664,0.9677082579797914
2022-06-01,1.2018864268423881,0.8504397688429469,1.227026668657407,1.1569781506943544,1.1758485793107243,1.1554230518315414,1.4066428132862696,1.4653089485067459,1.499982534817868,1.2527092143628709,1.1801979349565204,0.5903663729970992,0.8363802164979215,0.35864998340003307,0.7988432994133985,0.41367148612471827,0.9061614925402983,0.9995574136296825,2.519409309573138,0.9215384906590809,0.6904957059851202,0.8749006569915986,1.1068207406193944,0.7252230440556933,0.9874684023370599,1.2136643313640547,1.1564736412638044,1.080690312155163,0.8877561903193201,1.15599060667471,1.369793288665436,1.4219681902298618,1.2737453677215267,0.5468776216682221,0.41281519187864385,0.7265924014701735,0.5990078805478332,0.4289252757614873,0.6127508176730695,0.42604472553011363,0.9911874434468073,1.1450273141493343,1.583148055385072,2.126699062117924,1.758792282652502,0.6329261081289069,0.4139654489018335,0.5496852993959165,0.43554654318814223,0.5109937463178624,0.7646656729224526,0.60734323308292,0.30646733984870894,2.1681289809288087,0.4358533921157687,1.0035340542495281,0.9703403038790809,0.5532849809788571,2.1240081245549534,0.9520041270241694
2022-07-01,1.1802021623649028,0.8313002710301124,1.3051420997929186,1.210387939860801,1.0655441461256299,1.2090727617928474,1.445787517602842,1.4101425268456627,1.5058400908714427,1.211541996077149,1.204153090453487,0.5343744894174258,0.7717222419367443,0.36106146736321804,0.7655926253006649,0.3755786899075203,0.8350953057054069,1.0237712092839206,2.4767913437055515,0.9235533329584036,0.6471509228426329,0.9281038571081647,1.1243534878634376,0.8113718213199643,0.9891554572631613,1.153727050299595,1.050537957767274,1.1452590574805124,0.9453303478613742,1.1544373647759398,1.404692371218799,1.432713148278923,1.2399803320362581,0.482853984075587,0.3947469803136501,0.6775472370355128,0.5644128611030683,0.4129231000553901,0.5203111995018244,0.37284974868648196,0.9913096033527484,1.2045922575161834,1.6867570623893349,2.1531497943973634,1.79497628855217,0.560198329513839,0.4164159266712745,0.5538705285697206,0.45056084745761193,0.5606098595222104,0.7675854966892193,0.5873743649001072,0.316306949883564,2.1853762084781727,0.47393818752239114,1.0148525602380918,0.8788985566657228,0.5891121448177883,2.2102116986359643,1.0315844724876717
2022-08-01,1.2103785438475705,0.8324514892647402,1.332833595059522,1.2015975043297145,1.0777123573556664,1.1485978594029613,1.4151712741498164,1.3952646462107385,1.4770659264059145,1.2059832916823137,1.2142082354094192,0.4894078093179761,0.7510868389852376,0.33250922396850746,0.6627410430475158,0.34013908317008074,0.7599031641655571,1.1364492426085142,2.4767957782348793,0.9310933044765812,0.6538593556319796,0.9536061478130017,1.112558262773811,0.834726558595251,1.0039453464796555,1.1198896252418384,0.9579664465297857,1.191149504508071,0.9787835996063121,1.1097774283407271,1.3123703883186377,1.436336934812804,1.373554692011746,0.3703546017269569,0.3330536139655311,0.6473125657756811,0.5666056279286545,0.4459361883952201,0.5628151416297855,0.3339687988736004,1.0192682976016316,1.217541542738863,1.643833853372959,2.0465554903787297,1.703041378929187,0.5804113277126686,0.40529831332858335,0.5673129965117585,0.43984772997402044,0.5436201019562749,0.8044980809916785,0.5902609040006845,0.34222751983103894,2.168385790990114,0.4727225447438609,0.9888462696323491,0.8503617942702695,0.351820644557023,2.1184075422896775,1.008930487893441
2022-09-01,1.2067176257913297,0.8575688586085507,1.4007598125078826,1.211139165138445,1.1369198518716388,1.1208118344372742,1.369111533844897,1.3573512848769538,1.4320939370439159,1.1661036049096096,1.185911005360571,0.5153686718451326,0.7482451095666075,0.38307444857517575,0.6825721799521335,0.36581431228985506,0.7751505395393266,1.1358323650692865,2.46996450771653,0.9518833697817422,0.6717678178954124,0.969562915730883,1.1138976052845277,0.8303074935996685,0.9842581320006978,1.0834492707837384,0.9537587992247938,1.1176876475037623,0.9228687140926892,1.1219031307237723,1.2674052769642175,1.377091914727432,1.328350681214626,0.4013871456018749,0.3348251930553926,0.6661143148647192,0.5820835819613082,0.4460509308231671,0.588774531132675,0.3386144522957276,0.9915405890519275,1.2048754169741178,1.5389578715777954,1.949237558322337,1.600261049740792,0.5838382943415479,0.4287998646930792,0.5676030983087976,0.4348884853233579,0.5740895764309586,0.8310143867297525,0.6305439068633505,0.3934394495773999,2.138466445707511,0.46321703857652424,1.001612429117987,0.8266726706664265,0.4090846554925486,2.0726147067421476,1.0188170366665639
2022-10-01,1.2258478341865673,0.8901206062202338,1.4852300599486985,1.215620213805905,1.102815223595969,1.0860231854755322,1.334303308451136,1.3438657588390455,1.3802360352617158,1.2298451835640174,1.1337405009604005,0.45710920065486216,0.7277417748865784,0.31014266018665104,0.6324072009191118,0.32873214598981043,0.7394382671335518,1.1374798760377736,2.3393515055197764,0.9007937760163579,0.6861574910226409,1.0892823965855079,1.0535513187954733,0.862492300861658,0.9976435434383517,1.1071974465509653,0.9381688492409417,1.156064004333475,0.9299865274390862,1.1351807387782962,1.3036389551058098,1.3928369501695874,1.1574471345614874,0.46946257870016217,0.38217438361313494,0.6920086963197396,0.5809449601988433,0.42103124390712343,0.6362698977508525,0.40222095694744997,0.9774747178744754,1.1750213037140516,1.4628947953180709,1.8199444325586986,1.5352978118388236,0.6026801404795665,0.5034881609231335,0.6194645168456161,0.5161450421002312,0.6569285936905316,0.9373134236319853,0.7216515348608361,0.4792509617235887,2.036468870775706,0.5380779772018652,0.9576540070745825,0.8238554829355832,0.3628109074012916,1.9729379441700226,1.0326428530925433
2022-11-01,1.2098632321195275,0.8417602422647503,1.4534743617849837,1.187472934931348,1.120960008243117,1.1398996866182394,1.3727699201207626,1.37264445966362,1.3280561004684004,1.2660741444231787,1.1626991495567274,0.4678879243447681,0.7215329423963608,0.346019390326969,0.6408961715911263,0.4045543501147738,0.7312822962882446,1.0298493379256977,2.087666601144919,0.8993349932219661,0.7638932610571725,1.116775647767693,1.0234125004006103,0.9686856469830217,1.0677402984545932,1.0635772240377974,0.9764260418629849,1.2258701445710996,0.9772492826938806,1.073255294525953,1.0311188955295192,1.410135068182001,1.2242824768516434,0.5503993796318741,0.4022474234554695,0.7033933918740061,0.6176016014690553,0.4568760815095154,0.6340234049386668,0.423773899831147,1.0749131676561898,1.257463353254706,1.5268787652211069,1.962292065316574,1.5974358814647487,0.5644465492882804,0.4855613326021499,0.5686148018758436,0.5037216018215798,0.6536873963358726,0.9442538114760874,0.6735289828845863,0.45968498535241664,2.0837250194071704,0.5603758988415675,0.9693848585471228,0.8397306930274664,0.35047240073006103,1.961301855031079,1.0374986858424282
2022-12-01,1.1671028662344372,0.8525969985340045,1.4972442748225672,1.2120632296570184,1.0961572436327984,1.150499998945377,1.3618029834804783,1.388265249235212,1.3418828883859562,1.2728100964784335,1.1544105948053436,0.4613470329562962,0.6854481195878723,0.34021577927333524,0.6450675921760887,0.4271040377809935,0.7471164681025575,0.9955668715061796,1.993825637714162,0.9325324140646267,0.7570054214846349,1.1543295635788977,1.0310219535185565,0.9777536349857803,1.0744165403141748,1.072897680563515,0.9731694649231819,1.2228926548183363,1.008361887501768,1.0762991975281604,1.0946736839801123,1.3357418480856151,1.2089311804525296,0.5731899706752834,0.4379166558018136,0.7203317565505979,0.6192307087721517,0.4716750322339509,0.6486212994330249,0.43875193074112767,1.06123737445435,1.2451235371117748,1.482087812668268,1.9160768301687763,1.587797387261881,0.5919001914547237,0.517877960552184,0.5755138888228476,0.5382646680336505,0.6748225006021588,0.9459919095714333,0.6955549887352339,0.5230317184457709,2.093817640211345,0.5509468462034005,0.9923307687852341,0.8829687591993575,0.3927928683023201,1.985561373306079,1.0574113140354169
2023-01-01,1.193980124353061,0.8569728318018371,1.5291847199643271,1.1739009562638323,1.1544306194897018,1.1206567525374769,1.3785790149720427,1.4016446946784762,1.3496082947171875,1.2392593726262948,1.1865259249639917,0.4432401966386599,0.6844465333873393,0.3401908484258292,0.633152935152846,0.40957006995980794,0.7095050034561863,1.0296622409867564,2.166091496687523,0.9190114172113102,0.749596928314458,1.0734465639283357,1.036675361991323,0.9440926224477175,1.0518002147940675,1.0608834003336882,0.925200514912961,1.1937217734901917,1.0013104034792881,1.1118978278695573,1.0348505054599193,1.3480932333399531,1.180510998647321,0.5687106695673512,0.41630033546581086,0.6906471885418715,0.6172822473402428,0.4975868378153472,0.7248463113948014,0.4164689600744732,1.0319756036008205,1.2138297419080062,1.4557881472388998,1.824383551041159,1.572382991439524,0.5777011970780583,0.4776372408096187,0.5211379848171833,0.5219006680147708,0.6263219539101418,0.9443811558049637,0.6858363355630106,0.5292891429049947,2.027786945801451,0.5701743995723305,0.9788234560499427,0.8618777439059377,0.37134274367782605,1.9439598748318359,1.0484480983624056
2023-02-01,1.2020445217379505,0.8459447664786968,1.600298458758259,1.1585030589369953,1.228653761369448,1.1090358124874709,1.3740229693730308,1.3885973772698397,1.3655841982044896,1.236459128210055,1.2087313714805688,0.39766308149913704,0.6349018315367104,0.2952580613113153,0.5698102713140002,0.3834893449261103,0.6246677811640404,1.092000556266574,2.2458865782618704,0.9030832569921573,0.7348706288051956,1.0800249221652405,1.0221075984790868,0.9328414792553505,1.011275371604898,1.0292700895344102,0.8965834592806786,1.253444168147054,0.9588791237010866,1.1297134535246514,1.1033873487309651,1.4116747118745734,1.229301090009212,0.5981390588059321,0.37718362738902433,0.6571855048583974,0.5789224394939787,0.48948537143201604,0.7486456160924544,0.38262695363690724,1.0171497476218037,1.1621965604434386,1.425377143568089,1.7991455238921588,1.5371231400306424,0.5147392643819315,0.4625172226408897,0.48588177883858763,0.5058970871017163,0.5973741380283281,0.9778246657893653,0.694461279360467,0.5637306167966277,2.0196126691776843,0.5894624054179427,0.9555970006956791,0.855404704131248,0.41310873309507196,1.9454198624961547,1.017768270384627
2023-03-01,1.1675563520718641,0.8506247556543105,1.718234719367552,1.1297092861525153,1.25570183917829,1.0726087896883953,1.357206952370487,1.350829455377479,1.332283666678351,1.232992854375925,1.1773387172628427,0.36365617373465076,0.6279328149688956,0.2559623588488013,0.6263967870408467,0.3268198092569812,0.606350702301647,1.1294638800730294,2.322876853422227,0.9380020438122232,0.7072558597390524,1.100947300651018,1.0143588921566824,0.9529126018889034,1.0392969777126857,0.9983932052129474,0.8512717160895652,1.2136921403727994,0.9911149888217341,1.164156942662733,1.0910307078067558,1.4009611334838874,1.3655625431603715,0.6135028886591231,0.3403216892596304,0.6379850140805311,0.5526339122576027,0.47332692579020463,0.7388895080264625,0.3484520900814905,0.9462227027439134,1.142650972079593,1.3936150981078417,1.7596951741031819,1.5542987304327642,0.5123628648809164,0.4638811732651833,0.4233704298599962,0.44346294910180206,0.5688229821295445,0.9706046462577759,0.7479857052602492,0.5888694672310948,2.0851685838593563,0.5738593525709037,0.944572282482639,0.8692166324236601,0.47622223523784407,1.9820090521347753,1.0347851571243611
2023-04-01,1.2912286024263888,0.9934320758592421,2.008545023330908,1.139176539862138,1.310913623470777,0.9083446543434068,1.1827028393028733,1.2313056862102094,1.1602170143109125,1.3858607857116887,0.896171808615814,0.4050065337602091,0.6941028648129739,0.4222080165712755,0.564757836830021,0.37945930980874915,0.6816163011687021,1.4200431868093077,2.3912644770818146,0.8969544664918963,0.6307428851333692,1.2119502289005744,0.8880289671029088,1.0117866207929556,0.9812106553201495,1.0174588367765647,0.5696184282840124,1.0329940399324689,0.9721842079408365,1.2133044029794513,1.1491041306200664,1.418971812716432,1.6824406998190058,0.4825158698893039,0.3702950857961804,0.5027265957856533,0.5259683423293109,0.6351136423144208,0.8894043148221267,0.3913569221175931,0.6976869188658962,1.0135130005316981,1.0150755700442438,1.1264922418403036,1.0556522234639891,0.5618208309846868,0.39644121772842206,0.3816778135047504,0.39403083202323375,0.4670162754254697,1.0830414240706203,0.8508314193281035,0.8306806423968346,1.3881021985792077,0.599094027558894,0.9736237183708554,0.8989142012165537,0.6085929885080166,1.7816323181354234,1.0758054048351378
2023-05-01,1.3211980076208851,0.9971832429940171,2.1900706639563596,1.1398479334237261,1.3522152355648147,0.9724500304698265,1.1962065606538486,1.2201941742307434,1.1705731198620692,1.4177633483829042,1.0127151523413978,0.3127218134597386,0.6174865739844247,0.3910257313331359,0.5708044326079842,0.4046981262779208,0.5892373156096832,1.32975340701815,2.2675507261541386,0.8329346908026172,0.5881238854075921,1.322750429820491,0.8039814933368115,1.157160436318363,1.0554118187411894,1.0135800060264384,0.559942483158991,1.367747375859675,1.0607746486690468,1.2183447646358898,1.0770858752292662,1.4734981003463736,1.7628750240369722,0.4893643108293554,0.353242367773612,0.5314465921664685,0.4930817265797782,0.6449637986781596,0.9523879025168773,0.3861941940982601,0.5961586719187819,0.8979058430368836,0.8249615978936361,1.0559966620538863,0.9106807100607863,0.6896478654461772,0.40539825882373826,0.39247908343335924,0.408440852149736,0.5367892187517411,1.1075610813198722,0.8571053275364289,0.8534699110046033,1.366928727198684,0.7594169445200419,1.0484754791024335,0.8805634101650637,0.37004016361917835,1.7471243306648352,1.0516561130051076
2023-06-01,1.3163851685881667,1.0047158596997952,2.143815504340308,1.1251387455701711,1.336719546792478,0.9811837253128353,1.2166601283787761,1.2217107726109853,1.155348725512956,1.4221534920343282,1.0652456309371117,0.3250398510263862,0.6171797958061576,0.40743852930519125,0.5411102672626936,0.4121955352872499,0.6018830382905236,1.3422488839923377,2.273679870116519,0.8055345247649781,0.6065533126028317,1.3089133574960918,0.740427224883786,1.1683206060830305,1.0659062019695287,1.0078032539573816,0.5795079893889684,1.4071628086540091,1.0735347962814843,1.2085542262233573,1.051787325386958,1.4699589665459247,1.7726267989792612,0.4878092724634577,0.3707346198904292,0.541107580103615,0.5095317588902617,0.6503221280166526,0.9628227428092723,0.38401610898301947,0.6335351295715395,0.9259886037181908,0.849108894166564,1.0560331603586577,0.9114807372749477,0.6672916069889065,0.41540497374150737,0.40288654340341934,0.4126502546564564,0.5421993106874032,1.1176241777142164,0.840342529869734,0.8519788682660074,1.4520295040850324,0.745097334593128,1.0376523394742794,0.8751205766793972,0.38852984558191445,1.7827467401502899,1.0330578237043104
2023-07-01,1.3163093500746932,0.9898019043674486,2.1272143000914667,1.1170377143531955,1.2741429276394598,0.9866088214333064,1.200998381099874,1.1871556514782542,1.138479781302361,1.4084380674810182,1.0714986116371723,0.3517314158177022,0.5902023131908671,0.4261578820659419,0.5092099592878757,0.41862968886679824,0.5763608159365972,1.3461045235076696,2.318802512972894,0.8313226479812571,0.6079302164316218,1.2998121631366941,0.7715184809213743,1.2180587057160406,1.077430243012107,1.014221803473884,0.5933975719618376,1.399458800791856,1.112562372544799,1.1609317861121338,1.0636262485973083,1.447238956077485,1.7823600480767894,0.4853397675645275,0.388033023685516,0.529366971151024,0.49970854983712093,0.6672447097129022,0.9590024634642172,0.39037502004533103,0.6334698097231026,0.9220145421048184,0.8393510524400597,1.0856104588420135,0.9094425519788942,0.6580734743110747,0.4119450612403509,0.3987754683579604,0.41359695856720136,0.5412805473291185,1.0787181079731591,0.8481551728270236,0.8566634039027516,1.4498970583639097,0.7369867874746776,1.0405340930675047,0.9037064969258314,0.41093638809500893,1.7921980469258876,1.0820183492409465
2023-08-01,1.2715494604053028,1.0061025741151894,2.1479911221248638,1.1506933342167356,1.2961677764434918,1.0173727581495924,1.2292377090250035,1.2395010146001608,1.1778004445638097,1.425598380953948,1.1454645502903975,0.3449008297054652,0.6044787511333423,0.4807834793369011,0.5674485407386699,0.38879349966225385,0.5003271426622568,1.3072409875169981,2.232804151818324,0.8352068670152344,0.5937232781230981,1.330002405786035,0.7498485398809139,1.2413598059981519,1.0676772031401585,1.0558089580401258,0.6248388507581968,1.5054245076959323,1.095065513218628,1.189501274142101,1.0556963472385772,1.4484316574745502,1.779207569701348,0.48116403409586306,0.35749845406258174,0.5181357566431004,0.4926920791394582,0.6468502930869259,0.9560316027791309,0.3689986803599055,0.6854507849991293,0.9876726195234985,0.9592801059462188,1.1644570800696554,1.013724965624667,0.585639086250076,0.40202713981950117,0.3903116060683934,0.3791524827246311,0.5307475635125244,1.04208427928324,0.8527358620994632,0.8248124338667971,1.5561634635927954,0.7225485648327077,0.9951793158570359,0.8376663481611886,0.3569030129046078,1.8080041748807303,1.0567641510842174
2023-09-01,1.2136493455022785,0.9943788721608247,2.087047683594652,1.1471326448656654,1.1309892273288646,1.0501589884814648,1.2795061163197095,1.2909325586214615,1.1993470250105034,1.4674843908220094,1.2271967216767652,0.33740301482984897,0.6313134151924148,0.47903660894558625,0.5864700736175842,0.36676818185776316,0.5242540706831308,1.2778994104600763,1.9846321677686785,0.8247446588019696,0.5743710578656449,1.3076535008099452,0.7212965986068715,1.2313258123254491,1.0501520248897918,1.042556615498368,0.6150121230297572,1.5477480580476022,1.0512099235537855,1.1741230188667555,1.0201824858296356,1.423607928359397,1.7804127411463992,0.46170835533447846,0.33810228684819527,0.5212064060126431,0.5191548006207605,0.6231489383193178,0.9607075833594281,0.36888054127287184,0.7549765519457594,1.0396389474155698,1.000337579014197,1.1956275053560006,1.093843469282941,0.6325210845486855,0.465892170888017,0.4568794228224316,0.47282611256677387,0.5977877182777691,1.1001934063082555,0.9134831657673529,0.8561923894273673,1.5811733724795864,0.7218337688845233,1.0267801538192698,0.8611100784145587,0.39766188480705705,1.800863761772721,1.0761854927942647
2023-10-01,1.2025664291810894,0.9709399091581896,2.152151247482366,1.228425321468639,1.1300326107153311,1.0241832108039373,1.2543099866909888,1.2735190740041995,1.1727058121846174,1.4739666044055615,1.2045832309896811,0.34059211235192505,0.5887556838351398,0.4969856124435206,0.525694181862388,0.3849449351744608,0.5436585603688141,1.2661567716401083,1.9040996609324408,0.8541299618231297,0.6237060218824588,1.3925898199211924,0.782700207121851,1.26231570113476,1.0459394555082502,1.0921637135835913,0.6901283365716858,1.5457029722423987,1.1226889416346797,1.131561519648262,0.9402911309507352,1.3940943817729485,1.8162147019893973,0.42285107618718043,0.3726920135778917,0.5560614052272602,0.534874128795378,0.6309085469843438,0.9432138614146273,0.37098599085502737,0.640521325739918,0.9225665100209477,0.9108278302615604,1.0875361787339803,0.9722790871604868,0.7169356157174911,0.5149680566889904,0.5009887104541242,0.5104010171707145,0.6129978148417963,1.1456093699129961,0.9477167490287679,0.871262982840032,1.5708620501935413,0.769407225043335,1.015729115329098,0.8875894994875482,0.4017710822146824,1.8265835449558985,1.123510364714686
2023-11-01,1.1859399188502566,0.9415299017198323,2.1492344632536398,1.2147729015413247,1.110566897487911,1.0426905331852971,1.2640691210564472,1.2740476576697475,1.212386344012288,1.5099578794515578,1.1854263432411258,0.32929846629818127,0.5661516633276963,0.4494291726901605,0.5322304871101546,0.3562453291070555,0.5568540768291963,1.2445254779621449,1.9369378239164465,0.8611330154084964,0.6166609324779685,1.3605237753786739,0.7931154963155178,1.3320079590659146,1.0503857701715171,1.0562029018779058,0.6392499107232636,1.6061834158857766,1.1389953286205308,1.1776968190687214,0.9421673222075871,1.3878237834179776,1.7801975825716299,0.40025260777211996,0.3611904740991203,0.5463175848560868,0.5359979983380876,0.6232785881324818,0.9528188671016374,0.36323896063409106,0.6539099824617524,0.9528919568453889,0.8699051015497012,1.0894427590658784,0.9589599406479059,0.7298187587444125,0.5258095644967328,0.5084868291769585,0.5393821634676095,0.6388260602271603,1.1726505966990501,0.9130445098526014,0.8595197345399828,1.5545699957770696,0.8062430982594988,0.9862054137717106,0.8665652487175277,0.3942496004042185,1.8879234747971625,1.1403220947013528
2023-12-01,1.2228160568658022,1.0126076655952958,2.267676068053503,1.1950752173728052,1.2791471605840092,0.9821867960073728,1.250792488546135,1.2113326719994435,1.0939110583936618,1.5734405621319858,1.0722434589808063,0.3203941929105101,0.513223223085604,0.4122390875056847,0.34107886390500763,0.298680435809587,0.4379895439900898,1.3172368163068224,1.7587691422753953,0.9296813248627895,0.6772004467656386,1.342769999881841,0.870727167247554,1.3578048297359238,0.9216769356440623,1.0134927504952258,0.37574615179928045,1.4311043664550138,1.0222458875271931,1.1869292153958817,0.9888095061592663,1.3316682767506112,1.9216125102314265,0.4023281456157445,0.37897644012670517,0.5198291629626081,0.49813950452364564,0.5022101002755677,0.9481528910340449,0.33043424082755346,0.4935845102982664,0.7397038655972892,0.5340516680207149,0.7308926726544029,0.6445290894981013,0.7485710399569083,0.5678704661530581,0.5285520695785344,0.6588298016385632,0.6203290313015706,1.3122311149041248,1.0770074277661958,1.0284644266528986,1.4139264760892751,0.9212077815320124,0.9306553040553757,0.8415261326560397,0.532201996446173,1.7287146244776423,1.2241067169280657
2024-01-01,1.1918742889513665,0.9933063486427851,2.2795653787210064,1.229627037655014,1.313511409373656,0.9868134087297887,1.2623545234308888,1.214555802009754,1.1172266160376503,1.583579450996674,1.0762581466085814,0.3022255307062154,0.4811999788826854,0.3626490278698469,0.36154989494779294,0.3133011929961851,0.4285583509131208,1.3171796040643247,1.7046496062596443,0.9730548042851168,0.6946091367378038,1.318093429603213,0.8972138291546383,1.3950895284090177,0.9305684575186522,1.0316660905450497,0.3859874448213736,1.4230579258132077,1.0412556896978689,1.1984095085607938,1.014416182516677,1.264351609341582,1.8959786566530124,0.40465553241969143,0.35978717407140104,0.5044787168261968,0.49361284440396586,0.5189093225864732,0.9904861179850707,0.3332956465089071,0.45543862186177736,0.7556892496296195,0.5287659752229258,0.7120087104596766,0.6162336726483846,0.7475707686006946,0.5867746481137501,0.514939058450108,0.6694207607987697,0.585384523413632,1.3577940361686498,1.0908600714676053,1.0134867857652488,1.4432623732507153,0.9659028759994915,0.9148485953668095,0.8477384304970845,0.5392067248237057,1.7369152235442786,1.261437949491424
2024-02-01,1.1837105936759782,1.0030705822294617,2.2963484148906472,1.2356858117282425,1.3232441123155558,0.9895785112618052,1.2606077383134977,1.2165829603822655,1.1035207004275551,1.5747193914504294,1.0735334271221322,0.3091224194431212,0.4678461091554862,0.39800399834091266,0.3581474056025511,0.3153182671505991,0.4186039238574184,1.318781733632896,1.6898762681680704,0.977216836360312,0.6855786618904618,1.3045642091215472,0.8956573876738197,1.3944747476267936,0.9132588324290389,1.0222369224346184,0.3832113880168966,1.4220247320660169,1.0487767855713543,1.202599608808971,1.0161355311000992,1.2668015911571584,1.9134528984656813,0.4107926135350519,0.3546713187006843,0.484369284745655,0.47952095902804714,0.5208984633109783,0.9890105659655857,0.3257261481452067,0.4644805153492777,0.750896253148454,0.515782046487073,0.7017053784072123,0.6061860479654578,0.7525579540467582,0.5884450705107345,0.5058166038547662,0.6601230420446447,0.5775215066587269,1.3570334344504262,1.0833820065304907,1.0220373671712741,1.4532875769882039,0.9550208939656017,0.8998495700281077,0.8373952868140631,0.5199353803719288,1.7309649250428576,1.247908458378813
2024-03-01,1.171025889973334,1.0012327158918883,2.351268782418187,1.2446430392004464,1.3511042505739743,0.9762213009424601,1.2166891155638822,1.1698289549103649,1.0556073886414372,1.5723463462457832,1.061817948036862,0.3164891077090414,0.4425725047525436,0.4547928697145156,0.371101153723155,0.34049228618385374,0.42278047406713065,1.3632776318036797,1.7307632161065243,1.002430456846179,0.673433992079273,1.295301518343352,0.9440255777466489,1.3856029870612478,0.8845193496838621,1.0142124248724442,0.3532736280830352,1.4396675188623587,0.9613782389506158,1.157152885977948,1.0987846358354223,1.295074559025593,1.9113587956840945,0.3928234083263474,0.361194011449373,0.47563308838603685,0.4725898574322065,0.5538959737657844,1.0111900846039634,0.34031730307906505,0.4212657261086966,0.7178041789676342,0.4526840750502617,0.6383799230693994,0.5499222210868195,0.7348693168478105,0.5779302798033794,0.4890155021188016,0.7025716865133687,0.59404554905086,1.3648916630807673,1.0845281233332877,1.061097439479973,1.419555645376106,0.9341365600715051,0.9288226299459522,0.7939904705352286,0.4891255722446002,1.6381911822413873,1.268528068508584
2024-04-01,1.1663036206391482,1.008327734573933,2.4108315778237532,1.2654509008512997,1.3633922796886413,0.9880664138704577,1.2095051093986249,1.1873277721474294,1.0791832937583135,1.561363644975879,1.0536312209873477,0.30169277790110144,0.4088202573034374,0.4998835953363941,0.3814592074457409,0.3327577236392162,0.40768035405015696,1.3770343294808485,1.7161511455201115,0.955368729553762,0.642196584023141,1.285719229510085,0.9044929313230214,1.3920167129126875,0.8731116797904339,0.9916400726832147,0.3497435288170035,1.460047986212457,0.9696228172271294,1.1776162251956186,1.0608405240707857,1.3298278490612265,1.9371214592569037,0.37576583679251285,0.3377249528387404,0.45891725097276426,0.45969559904426605,0.549232978569025,0.9958387553626216,0.3357736079819328,0.4367543752883879,0.7139546851683106,0.47732704230296097,0.6802216121691477,0.5401058699425239,0.7607484837683933,0.551279743726154,0.47447723607746195,0.6674101206183284,0.5666374914421692,1.3472228079351618,1.055887195558037,1.0370949023994671,1.4397233328913805,0.927892578429193,0.8977406568804248,0.7738294608582592,0.484975780429454,1.7062788666931676,1.2598792186711023
2024-05-01,1.143095550235451,1.0283463494821816,2.4273517704695857,1.3097940550619462,1.3848549181632457,1.0146576375229792,1.1978713073701033,1.1531464209116427,1.0742841280587365,1.5667370993611929,0.983567997405292,0.35091134035202065,0.38954464917637766,0.5501449894528465,0.4376584415829735,0.3718811574816522,0.4086117005368267,1.3388267171277157,1.661368659559196,0.9938877059294393,0.6396731559416647,1.2869684103589991,0.9515304399438198,1.4597454768637317,0.8902478760031489,1.0111682802223392,0.30134872910659166,1.4152282680008939,0.9989211214946918,1.0860356487897567,1.0824967171393352,1.3620117520694626,1.998565626202537,0.37570792678184317,0.35017617814934254,0.44133343849034856,0.45240021892965654,0.5465839117967135,0.9969729799795872,0.32010497781205494,0.439896318894694,0.7276377347183566,0.5296019908152059,0.7723688480008497,0.5379663158680864,0.7243365995546533,0.5261995809118231,0.43871818094566983,0.6484187614106538,0.5512171100538995,1.41649620259955,1.0882864037642856,1.0854685435553917,1.464959433871607,0.9136266138172104,0.9245047894423544,0.7654016800583865,0.38851653990243673,1.621352430554732,1.28642188781796
2024-06-01,1.1704780401690882,1.031236701815587,2.4647973677598465,1.2809976276553487,1.2974117902991469,1.0192362689804244,1.2098611899436178,1.1581882936262409,1.0891581562907127,1.548086232088659,0.965597304538065,0.3514225881811179,0.3900632810361789,0.543672788664941,0.4238166518848138,0.3439368123871943,0.4535104423705992,1.3164148601150152,1.619498387199065,0.9746441198085143,0.6017361658452232,1.2802312719407105,0.9201720940217161,1.4341691979757982,0.8958852013987979,0.9826304353997513,0.3192136369590688,1.3876891837578365,0.9598092705631034,1.0869597338027759,1.0945026368718378,1.3132200295213974,2.0267065622451588,0.4097879021758416,0.3467366753490266,0.4386245882975093,0.43315907178289315,0.5776711373725381,1.0199548243571335,0.31947126438379947,0.4175617474118472,0.7097778601648536,0.4750289881406643,0.7369417768393427,0.4965364342567234,0.7887316684869509,0.5380389669278458,0.46506191725316254,0.6558249570084287,0.5373422630407323,1.4254412609108822,1.1333061690447268,1.0955529046411472,1.4664091760643578,0.9193801988468395,0.8963806063457694,0.8057294023466426,0.40058217307480726,1.613280627418015,1.2672724229837544
2024-07-01,1.175177211617469,1.033527288121968,2.4520789348373135,1.3163925559417442,1.3112125949992173,1.019317189033668,1.2061237953675317,1.1484397042354226,1.080998736933179,1.5462997697772254,0.9625834989774708,0.35354235617154384,0.3974716145241691,0.5441023981504354,0.4358678276663249,0.3284651073251437,0.44750817925847985,1.324909194623413,1.628939199264665,0.978227032748846,0.595329350723683,1.2043938286618228,0.9149076173233781,1.433952748902982,0.912123356755342,0.9741107930280145,0.30459370620032644,1.3739068295749348,0.957123403164227,1.0899054776948094,1.100681925405266,1.299926423197155,2.023333492607141,0.4220781561462585,0.3446655536974158,0.44108501968837077,0.4185974754383346,0.5820539344523258,1.01908349743026,0.3312592763390215,0.3996234042915538,0.6954840366316948,0.4558604389622175,0.7363465017645129,0.490282351734794,0.7545447119054828,0.5300805463110553,0.4610664868185812,0.6486786412175443,0.5175111744473038,1.421290722554095,1.1207146626419413,1.0792446376346505,1.4575718706453116,0.9197167775340338,0.8971149894642072,0.7988217032150855,0.41688862403186683,1.601178470014755,1.2616880837502453
2024-08-01,1.1720263894146101,1.023200702601689,2.4677870467398373,1.3204909084824716,1.318422095930912,1.0331723750854263,1.226018297300313,1.165310894005319,1.0806615152181405,1.5615352691366198,0.964094645421929,0.35165189457751306,0.40332459196362913,0.5291881358262347,0.43886364856210053,0.32543560917556197,0.43690693111238865,1.3341019440959854,1.6445822298544144,0.9805054157237076,0.5914834518800971,1.1891648626245992,0.928704309371419,1.4542912604416691,0.898830321668216,0.9858486313988506,0.3151550383783921,1.3950026654777163,0.9550360430347724,1.0699772466348623,1.095991437071434,1.2974482509075624,2.0296227385075056,0.42974119502156327,0.33387814482487765,0.4355002316302989,0.41161211876213966,0.5843596824444639,1.0056752338389336,0.33978494912672014,0.42479887447643067,0.7076187428996257,0.4748979761006692,0.7635982375604818,0.5226623777757351,0.7501501642268044,0.526349075744127,0.45870258173270917,0.6519533515917939,0.5144595691784656,1.4209177806677575,1.1239914856867088,1.0818956472257297,1.4719860084396035,0.9170055796921467,0.8913069552579771,0.79975558240922,0.4307707827360756,1.5968913150549267,1.2657781768659282
2024-09-01,1.1715167422025679,1.0126973367535588,2.4486693695367356,1.3226734216718505,1.2971162808997811,1.033031553290413,1.2116041330797578,1.1467594936920973,1.0647036764834001,1.5508883206586308,0.9658208379409989,0.35939549315071573,0.4067019820141154,0.5482421412343594,0.4407449163917641,0.33637143083170323,0.4125557971765096,1.320287741660506,1.619752011696236,0.9847996940620263,0.6120162161230178,1.212072067705543,0.9203857327008287,1.4584294057357337,0.9052594955891273,0.9967277144897001,0.33042687728988085,1.400694031092567,0.9532573879379537,1.0486555263448905,1.1001294906581705,1.2875533396242276,2.031172003475207,0.43859568051906594,0.3449938045508336,0.4534471865753633,0.41395919300081496,0.5971330930962332,1.0093180685595333,0.3569366796236467,0.43893341840392525,0.7086883811663268,0.4817143445495928,0.7575515293327347,0.5423494832842793,0.7434438789805919,0.5357920524121599,0.45950634768832754,0.6537745265043751,0.5093518208289329,1.415227979679866,1.1216690324615382,1.0871364230944862,1.4740886563318685,0.9359568402569187,0.8976756940855003,0.8294725390277363,0.46377354038992835,1.6075719400646613,1.267974121692684
2024-10-01,1.1628297449162979,1.002674778870257,2.456035625513051,1.334648376132494,1.3678953545517938,1.0718449076429284,1.2639161262723466,1.125713376200872,1.0566283980541153,1.5357363308079162,1.0054740773096307,0.3289395313151071,0.3715305564542044,0.46291594607491837,0.371385149977413,0.3238789513203976,0.38968058110113213,1.3367323868312306,1.7353490277132908,1.0306717356289272,0.6477082730082988,1.1946470331940993,0.9538368798915774,1.4477434061020773,0.8846883727336363,0.9631131003715836,0.3453611081365627,1.4243357606823488,0.9158614152798092,1.0347040494705262,1.0701947835209724,1.3100628285507958,2.1488391381141003,0.45069700241851474,0.3413077255784879,0.41630422729064226,0.39856558422954197,0.5762318352381424,1.0225368626864508,0.3397500360080593,0.49636528111644757,0.7639103324253297,0.6061262516596693,0.8100099719503128,0.6542367756475238,0.7344582479404187,0.5137050993678624,0.4412557725919378,0.6175272968402863,0.5271075503034214,1.4197745798927173,1.1077077329666385,1.0923480978770868,1.499545863710897,0.9159619725609152,0.8756444655327077,0.8307069784249157,0.4375472045714126,1.6000452298318417,1.2611950137610888
2024-11-01,1.1878689840576393,0.9472104511637207,2.437659156346049,1.3537403535847528,1.3445533835620016,1.0909353982115177,1.2198539126192378,1.1107425065738536,1.0500115811139694,1.5117776580404558,0.9638007419049087,0.340872577997252,0.28167626873839563,0.454887486654734,0.35572903047029275,0.2430174331772419,0.39086393910298833,1.3772931628891998,1.5545069264652223,0.9921114619007111,0.6743416449371331,1.1514201669304056,0.905061656991047,1.4894636718518615,0.9024726460511306,0.8696476632058208,0.34627590979197,1.51108012489891,0.9472813669819453,1.0052249877570203,1.163654783635593,1.352420521983498,2.145072806066328,0.5213765791164717,0.3534256832075754,0.39964626181125473,0.36607350735338107,0.5626557682003224,1.0205323574632963,0.3728219232519203,0.4710707599100713,0.7192641137765289,0.5710949039542574,0.798549642682808,0.5954783317743311,0.718627618015121,0.5104722001592563,0.46634952957244424,0.626956573074758,0.4914849338507654,1.3894114615781912,1.119002276017989,1.0977233160732704,1.4766156557905308,0.8915558089756519,0.8682310719607271,0.7472530738920512,0.4787869220406101,1.5875428839684527,1.242470950860503
2024-12-01,1.1952211342721244,0.9410294339462262,2.4125719670826933,1.2782953716071248,1.3697188070921782,1.1125133446408646,1.246359319867631,1.1491032345954588,1.0769248652371992,1.4869002862459169,1.0071115272224767,0.3063560535171728,0.3050194387619618,0.3913964602967508,0.2821149689110801,0.19827629398427962,0.3847755691627923,1.4077072287966717,1.7037828619123472,1.0255683969958826,0.6593542068172156,1.1516096183186957,0.912261866184402,1.4734868817591784,0.9327635235732096,0.8716950870211584,0.31621602515086195,1.4672830122512102,0.9975928463928423,0.9627857394696965,1.1306010271427853,1.4092155418582446,2.1630231993243494,0.5082879889041503,0.3908560377157301,0.36124597752652965,0.3441045232435457,0.5918101400665475,1.0579172342309817,0.37550201561502117,0.4366872458782098,0.7368105253618352,0.5308392693034867,0.8010536553193462,0.6129131125542016,0.7001899650319449,0.4918456967579523,0.4298030334292675,0.6039282768411217,0.47853233926201666,1.3841644981733734,1.074396286269764,1.1042635674572465,1.4862246847775133,0.8945280213884623,0.8439659313821011,0.7619444113398626,0.4283016663010182,1.5330958892481579,1.2725703498917373
