Date,AAPL,MSFT,NVDA,AVGO,CRM,JPM,BAC,GS,MS,BLK,WFC,JNJ,UNH,LLY,ABBV,MRK,PFE,AMZN,TSLA,HD,MCD,NKE,LOW,CAT,HON,UNP,RTX,GE,DE,GOOGL,META,DIS,NFLX,T,PG,KO,PEP,WMT,COST,CL,XOM,CVX,COP,SLB,EOG,NEE,DUK,SO,AEP,EXC,PLD,AMT,EQIX,SPG,PSA,LIN,APD,NEM,FCX,SHW
2013-02-01,,,,,,,,,,,,,,,,,,,,,,,,,,,,,,,,,,,,,,,,,,,,,,,,,,,,,,,,,,,,
2013-03-01,,,,,,,,,,,,,,,,,,,,,,,,,,,,,,,,,,,,,,,,,,,,,,,,,,,,,,,,,,,,
2013-04-01,,,,,,,,,,,,,,,,,,,,,,,,,,,,,,,,,,,,,,,,,,,,,,,,,,,,,,,,,,,,
2013-05-01,,,,,,,,,,,,,,,,,,,,,,,,,,,,,,,,,,,,,,,,,,,,,,,,,,,,,,,,,,,,
2013-06-01,,,,,,,,,,,,,,,,,,,,,,,,,,,,,,,,,,,,,,,,,,,,,,,,,,,,,,,,,,,,
2013-07-01,,,,,,,,,,,,,,,,,,,,,,,,,,,,,,,,,,,,,,,,,,,,,,,,,,,,,,,,,,,,
2013-08-01,,,,,,,,,,,,,,,,,,,,,,,,,,,,,,,,,,,,,,,,,,,,,,,,,,,,,,,,,,,,
2013-09-01,,,,,,,,,,,,,,,,,,,,,,,,,,,,,,,,,,,,,,,,,,,,,,,,,,,,,,,,,,,,
2013-10-01,,,,,,,,,,,,,,,,,,,,,,,,,,,,,,,,,,,,,,,,,,,,,,,,,,,,,,,,,,,,
2013-11-01,,,,,,,,,,,,,,,,,,,,,,,,,,,,,,,,,,,,,,,,,,,,,,,,,,,,,,,,,,,,
2013-12-01,,,,,,,,,,,,,,,,,,,,,,,,,,,,,,,,,,,,,,,,,,,,,,,,,,,,,,,,,,,,
2014-01-01,,,,,,,,,,,,,,,,,,,,,,,,,,,,,,,,,,,,,,,,,,,,,,,,,,,,,,,,,,,,
2014-02-01,0.23135480747702308,0.3749778761114886,0.3246127879591785,0.4406724767787018,0.24463905267390995,0.25160367906156855,0.3433499692513582,0.1940322086181805,0.3466545591364385,0.3417408324745417,0.32964256638229017,0.2588359648525802,0.35793234592986223,-0.023227108641870164,0.4553386093663683,0.17785870762394573,0.150128479735387,0.4606675613992466,1.952368594798049,0.23995684079499413,0.04654978793948694,0.4425511635027586,0.30264889457431643,-0.06561120424128486,0.3532500781353405,0.2930834922126926,0.30776147770940576,0.2731071373003777,-0.02192466215879163,0.45444795479355937,0.5632223603997155,0.3972329610906553,1.117269529093634,0.07479912923273013,0.11040216760514165,0.13216526685632268,0.15511887926526113,0.1354188104680769,0.165543217146928,0.23150923441549542,0.14519465516520946,0.11504615190644629,0.2617007612407509,0.14935202176386708,0.32471226734542613,0.20695495778128836,0.030604399997879783,-0.036806333607902086,0.0572225073085888,-0.11610405352782893,-0.0679129030481237,0.04444708995167024,-0.19498117676259163,-0.038198164624801745,-0.014034368041182299,0.19206649116375663,0.27892461824931636,-0.48466858649535527,0.1233010627017257,0.1339922321521696
2014-03-01,0.12643814796204889,0.373292055732831,0.25751233344294566,0.5638595133904394,0.383173843264099,0.13115075988216995,0.4539547044754595,0.08817459254982718,0.28171188636882705,0.2538502260276936,0.30920788753627315,0.18073333506203526,0.3512934778222465,0.01461697173926746,0.32914133515576793,0.2706514091464962,0.1279292063797557,0.31196321259825277,2.7858760378775482,0.13401166511461882,0.00880190238406886,0.3267154479648742,0.21001936526023135,0.030837850607012163,0.31579067813931694,0.28612038710379584,0.2678602807636796,0.0989145490487835,-0.007702312059809091,0.44605824587313214,1.0359752460784866,0.32592773190798074,1.0732325874134565,-0.030168412879430395,0.021059353029417638,-0.00648663353015444,0.08387645982291958,0.07000040418280395,0.10987270193376952,0.0790805220821873,0.04291648025600181,-0.027043388728122397,0.15656250331216226,0.1234471283983547,0.29472362831814225,0.2960218687826921,0.046634826968113385,-0.06058218255323777,0.06823043284925179,-0.051950313178537266,0.008442315281488089,0.042462880677656134,-0.14502969667140997,-0.013240116506866073,0.05906681814586889,0.12123466533311045,0.2239893206544108,-0.4799933431191109,0.04691763990507103,0.13636937118409498
2014-04-01,0.17254784886338315,0.3406852604337036,0.42791949845298527,0.6727926914959328,0.3500236507614305,0.20446390444180707,0.3258706201613588,0.11939835135129107,0.3707709616516188,0.18984066979535452,0.2725608516348308,0.14089462646808792,0.349745007717567,0.06429030367704236,0.259032895726947,0.31898747115337556,0.12976749490567885,0.3133898250957916,3.538417645904043,0.1860255236071866,-0.02631705421065611,0.31206965843751355,0.31652511464510735,0.1392326130370598,0.2627165740776305,0.27565391187758137,0.25404462687616003,0.1094300788713174,0.013528300248742298,0.5011030691968961,1.3689586349393235,0.411772320878909,1.2351741169763732,-0.07433645672938294,0.043598366230720886,-0.038350391479945234,0.028272889027789683,0.013872816846323355,0.09887238800409048,0.07917038299677182,0.07487355277476371,-0.016858105359409348,0.12988375383520157,0.23412851956932612,0.44608922379484395,0.18536227992277854,-0.007268479446862042,-0.06285795896149504,0.0468217729752487,-0.11608145932701075,0.04229028473891838,0.05936421305544304,-0.1424151384406629,0.02175106374546254,0.12487023604336045,0.1868715404604402,0.386718423341736,-0.4624264575143129,0.02554997334010123,0.1824612975723432
2014-05-01,0.2023852026351305,0.2579710711841725,0.30508639539619065,0.9636594594506327,0.343295426599888,0.24423764569863393,0.36406889398385345,0.11375194781533882,0.3765338991359579,0.17545577244071575,0.3337959571188456,0.17039789412541761,0.3612705616994507,0.08777274172078653,0.13335058244472875,0.22676557143203158,0.13129871322695008,0.278930499391596,1.8127049039784668,0.08334215233184761,-0.012986850807926609,0.15312117208652443,0.269814246275512,0.19922693574886208,0.2771804596615961,0.2835662900100966,0.2885388226800485,0.1803809966086145,0.02455121490673262,0.32111687058033533,0.9091128502945904,0.2704037984320833,0.508494218078041,-0.00811000030357556,0.073070587966934,-0.07572425509096359,0.028618464346690464,-0.006931188369871166,0.030297318058999156,0.10085595095414113,0.1119963796634762,-0.004484439418153685,0.1985317584155628,0.3059725783761795,0.5846143863878053,0.18390296912533977,-0.026002892281851153,-0.05435776342327403,0.010760129794093576,-0.09577315650772311,-0.020926208734270646,-0.02148930437702512,-0.15719135434729736,-0.06201713029854938,0.03047586534653912,0.15784914831846186,0.35193299303470926,-0.2815397593031327,0.13506528443599874,0.07862032554851228
2014-06-01,0.29613806374474905,0.17738570401572606,0.28171365546742955,0.6673646083517164,0.17443363739409112,0.02625813021589396,0.07862963729565364,-0.016293229447327695,0.17877340255688323,0.08103888941004511,0.24931183879749885,0.2214423932790035,0.19303049371979375,0.1387896350398159,0.23011001945271436,0.28260119677005724,0.17836922795548915,0.08613086936866421,0.760123623597543,0.023230639857404256,0.08078576655689207,0.1752313603422757,0.08557498787836093,0.24539096436878038,0.20131112003217821,0.24745047806804266,0.25615028152070307,0.1721635281949323,0.08570799811604202,0.19963631490521183,1.181132863478585,0.25398828811847896,0.31369659742367295,0.06539396960563071,0.09087965253647123,0.04029876905316021,0.0875515489001617,0.08204139568193902,0.05494318817897481,0.17178769316616638,0.14568284669961562,0.043064290166707764,0.2459561731619495,0.3854330525980372,0.4866925229278136,0.34454821401992763,0.15192443070659523,0.08779201051025365,0.21168210283195776,0.1495853625367125,0.0232646435029098,0.0762759115906273,-0.09391079361545074,0.06082845226366085,0.17952310271234784,0.15958576077312814,0.2413399996872474,-0.27651083517503006,0.14504741994114,0.062358005128757776
2014-07-01,0.5750179713775354,0.19706648950743433,0.3519081935411694,0.8631045860739581,0.3341742094546687,0.060727030324554176,0.1479053914753119,0.05315402919491352,0.25318930091602576,0.19463157567529477,0.24597598787263975,0.19103523002357847,0.21001380769043632,0.24054553098495246,0.3360297917153008,0.27401544703325764,0.07521898213457212,0.08218942375151217,0.6084411293624119,0.04843630564700829,0.047123977975677356,0.19484671724043445,0.15062416134581702,0.26441546894808887,0.18522137690060814,0.30121525782608227,0.25268654443893235,0.17436168868923474,0.1395272164239849,0.26616494839842963,1.2573192185014928,0.32423899665001055,0.7791787206854723,0.06454819789920307,0.0728404969617773,0.040238519688388985,0.1041595607300605,0.040033084878632996,0.0461907478426169,0.2086294491224414,0.11823042623953506,0.05011506683513001,0.34160870657276243,0.44638370009626693,0.5713405005328462,0.2097140395768664,0.0773156771671284,0.021786320060001252,0.21749429387795183,0.21456954501223868,0.1192409363450162,0.2328166700235752,0.05507819586829732,0.13590995389834526,0.1467967180598313,0.16606575072476248,0.30686865380943207,-0.23161110969956844,0.29754513960039386,0.16026250744421655
2014-08-01,0.43694291386895023,0.3362650400553071,0.2887837539648681,0.9247721579898127,0.2899695893933649,0.04264512418341204,0.03331197363623506,0.02288758026053972,0.1839131886037082,0.13759408922929195,0.23293589034125417,0.13876399316008192,0.11768412622899582,0.203776044327183,0.26609602215208783,0.21835740340411292,0.04214294370304672,0.03920359152222863,0.5042352033829989,0.03224979944752304,0.05826335565245455,0.2232008790139024,0.07963545458154808,0.33488032562886505,0.13746929417539633,0.26778509540900464,0.10925735289754246,0.08907384516559835,0.10054265802055684,0.2839613073699514,0.7214627917215886,0.32023923259319464,0.6336824259982936,0.06516017230368476,0.001081393547145204,0.06990050162938322,0.08613522127814832,-0.021153901225864358,-0.017453868400088002,0.15390657984953116,0.08729814062323982,0.05796065490650437,0.35310195893323515,0.4394873393267724,0.5709015019167223,0.20705680415934347,0.0806039282791835,0.053421965107522285,0.24033665511978408,0.2251458851523538,0.0819121731986252,0.27516465026880144,0.14747548504869568,0.1279873280676993,0.08994421622292958,0.11797144269698978,0.18628192016439704,-0.16051055790554525,0.29904484409279,0.19295206980582535
2014-09-01,0.3760116071644637,0.3191517498243772,0.1891244010160964,0.7731198508246322,0.07705497949091766,0.14762187633568313,0.06135790244300554,0.14150408050430618,0.2504988736632119,0.1851186206297959,0.26582374366412354,0.18152956739465864,0.13067299666996757,0.22208461162139725,0.24009615398400808,0.22651664024487506,0.03552168193276661,0.07559258544060299,0.1344730468017108,0.10206662329485416,0.03113609514029614,0.2184960011650201,0.04359796599040133,0.23081961296680586,0.17289714950995605,0.2969792599345118,0.06210630750925916,0.10751400750723028,0.0325951258316548,0.33558427643087163,0.6620581338263083,0.40815685393741163,0.3623058713496803,0.09946124845845827,0.007964422901350021,0.0483361978684258,0.13188528978201663,0.026734151446276666,0.05366417259281042,0.10302023739495714,0.15233205889506896,0.09588276075786673,0.26013286164488547,0.32975182351317267,0.3619503699339348,0.19055695231680958,0.14038345787273498,0.08457596842352211,0.2531380594120938,0.03225796872995268,0.18340214600041094,0.3664272045968957,0.20986851100059312,0.25990635161240316,0.14878306406441522,0.10901108563226258,0.30417645547854355,-0.22186495114499638,0.22887044508237842,0.2012955760284343
2014-10-01,0.4945369230656782,0.38203872972500386,0.24210076749619414,0.8625238121893306,0.10810673053747988,0.1640813684416147,0.1445028300424971,0.133842658256762,0.27083936676484544,0.22590055503169815,0.2631872407703728,0.21073186628733254,0.208798196474014,0.28647143152362275,0.2562414641698496,0.2885919084991746,0.050039770313836884,0.0495260799478241,0.1885492995209559,0.23983754530846912,-0.005379877087518525,0.08024266367216226,0.10333253762466543,0.32253236305244526,0.160201068623967,0.36278515328804883,0.010190480869680218,0.10812737503748959,0.048744742277477604,0.2983158067748555,0.43059110960237823,0.39099092785480916,0.4084756981292774,0.09889884749995792,0.12241529657290418,0.120083364651558,0.19036499823813502,0.03314604609978056,0.05471665720567076,0.10280770012408769,0.1654175547407073,0.07923631163312472,0.19460357848246113,0.23218703168534716,0.27339496033505273,0.23997519960461644,0.13656784763821062,0.12410618071242197,0.2639540934939393,0.12776314630429075,0.11433907354479977,0.3394738001209747,0.16609445319644456,0.2423890846118908,0.11625842731898994,0.11183917816778366,0.2629499263103039,-0.038563850476378114,0.110043409775199,0.1990031029186039
2014-11-01,0.35182729468601726,0.3357813138183079,0.2111700108509036,0.8609517032352005,0.04954415599854922,0.1828863894776125,0.19535406476386874,0.14620250752066766,0.2034612379774412,0.10764174254009307,0.24199335068301897,0.17425341560939644,0.2583448296139914,0.33624188588976467,0.2143594325885363,0.3311214355156902,-0.008953034961013295,-0.1348266610063087,0.3121290933080345,0.1788035574757516,0.01141681082164725,0.17157709855984904,0.06447018188356468,0.19539259274366572,0.09221244125090489,0.44660028334701973,0.008160925760515747,-0.004567297318644026,0.010542073604087765,0.12826316022156847,0.5096867860691334,0.29778264461120973,0.2746443034410522,0.03713263045367299,0.060840354488997495,0.08958621452915771,0.12680516215210513,0.015515941573398528,0.06516095185832338,0.021615170328814104,0.0649150570877568,0.013354528429756929,0.06634527555725467,0.08029771371798589,0.08399531740583455,0.12758224977928334,0.08372371794102174,0.11227243362241457,0.15170170833041596,0.2068126803930701,-0.04227891768033043,0.1851584671362887,0.3044787378716549,0.1618956777529914,0.007582603327249471,0.04626689637973391,0.19896971325641122,-0.17532195000354867,-0.10421783338695789,0.1701684781710835
2014-12-01,0.3615052361071458,0.25946479661213706,0.24746551552498186,0.8808309394982206,0.1898999408263995,0.068085990699283,0.07324842244080254,0.13021272950157026,0.11882836737922542,0.1426262234704314,0.23303844055156242,0.16185268537183917,0.27428095327454605,0.355554611177368,0.3168393798284179,0.1912842754279631,-0.02866893323720132,-0.24095049204899488,0.6936696769208317,0.214187033959772,-0.008860685168995963,0.16904907400716862,0.19945813693799153,0.1977381984128619,0.10440754019541965,0.45138422070980955,-0.020177155739984354,-0.008373689174688392,0.030898979056768416,0.058782319308872344,0.5311080120717651,0.29528331387696705,-0.02497311352899656,0.03570266846028769,0.05217816739194281,0.06089552432728085,0.16637199982478812,-0.039053384847975714,0.0663592929141843,0.02482455569448594,0.0503243939495186,-0.0017370001414915848,0.0009512718663775566,0.11237435187040723,0.12642321820202485,0.20354501325993057,0.21612043607009102,0.1730443287294665,0.27358964151751164,0.3729610905718759,0.11937048260954386,0.2630206108233626,0.286708950091354,0.30218919310590886,0.2324550342978975,0.014192819711073001,0.24846988562033268,-0.27681764470061987,-0.18662949852853683,0.25906122069017967
2015-01-01,0.47115740628915215,0.2972548879072865,0.2942000228030941,0.7394686316511443,0.05001039279385178,0.04679158617718926,0.08296777712320269,0.06603144017125384,0.12726900962755905,0.14430540999297037,0.21868158173050412,0.19807313382139258,0.3076126033999049,0.35737875928478324,0.32636237719188577,0.23537725545461008,0.03811125163095941,-0.17346377564084137,0.46800048849877585,0.2125261794165807,0.018312936368923616,0.2538823331295914,0.28157776320737526,0.1180259876729628,0.09731518252798899,0.39806889316978844,-0.02331319101870699,-0.031136957100088125,-0.034211682181408465,-0.031175932440773324,0.3779581579944582,0.2142982477854869,-0.15240486380634055,0.07116418512943334,0.13619821172980529,0.09535583139956527,0.23552546535683483,0.12610155633891695,0.19371279969071376,0.08117804524477701,-0.09671998778344637,-0.12332897511486518,-0.04879752633981371,-0.058856573910067156,0.008163946286100066,0.2282906153353912,0.20076008000585532,0.1990705997729234,0.25125650230688135,0.3191898039443084,0.16671633773061423,0.32233599911678934,0.31385447662210564,0.28372865528965785,0.2725557189355752,0.003720019637593941,0.2960540236463576,-0.23311834329013437,-0.28700400676220084,0.33326109077042076
2015-02-01,0.5436654148474063,0.2536473002931554,0.2671711339280485,0.8010750604919841,-0.04779969714867538,0.15119201814861394,0.05773432298057957,0.1914259829292242,0.3178043502006982,0.20180152639281324,0.2359316108239602,0.2062189336390443,0.39149022798008315,0.3093601826188259,0.3468053862614251,0.08774229510121367,0.05501543798805386,-0.1561387275361471,0.11927423639418788,0.3662112312554089,0.02468131133497753,0.30964978149707356,0.47827779388267366,-0.020490719992420692,0.11430201903413417,0.38134663818017667,0.02275414788770047,0.027075026701602667,0.04357937141681978,-0.11080516381196504,0.21868792242713098,0.2857967616622845,-0.24471466909435158,0.07323905372742812,0.21834080763090413,0.13761085722050037,0.1948118954004323,0.15840806511601424,0.2666339755465501,0.14719061823833268,0.02450006893005674,0.026390858314226717,0.08453534322251088,-0.04076268398476757,0.08546364029241071,0.17551457206085108,0.2227243581456153,0.23690178632295966,0.2742774759168316,0.2892639447726941,0.12473080059418273,0.22171789798735708,0.25754987172680965,0.2799233474547296,0.18821790395828963,0.05166015838429705,0.37523766681161863,-0.1661309659789717,-0.2760594103102654,0.4337145078914164
2015-03-01,0.5578693441150071,0.06555154737147406,0.04723212024572443,0.6478619276167128,-0.12117658142844767,-0.04168611346133744,-0.10315938113473111,0.03728037444288379,0.08803113339213975,0.13319809610703404,0.14187652313414056,0.1091631413313694,0.37425710828628733,0.2426794182185259,0.1884927244177168,0.08168169425158545,0.003481543103183826,-0.05278973630196304,-0.2149331709840937,0.28192401719591276,0.000451609856445101,0.17445061920072602,0.3461319732659993,-0.18421143747008306,0.0535183321853161,0.3134157759615226,-0.005043854777311729,-0.03396211783135228,0.011467919684207128,-0.1246689529754349,0.08744512018598694,0.1356566082027233,-0.12482600675800926,0.078615308373851,0.08705905014293536,0.09798377815270798,0.1970644502641683,0.1523491799345793,0.22999715493681983,0.08544659073275707,-0.07324880872178119,-0.09542832748438212,-0.03809982987817628,-0.12354754277484525,-0.07793473817269991,0.21485314712064563,0.26964627162590094,0.22883237098605136,0.2814176055430502,0.19581512791644595,0.1193317936452647,0.19398294996972743,0.17184122848358374,0.3367026983258905,0.21113031853838726,-0.060101329567890716,0.2207534284596273,-0.000793118067845322,-0.521521810251476,0.3560956261444481
2015-04-01,0.6586460761440476,0.07234757721502616,0.21872535128996828,0.9204169201670107,0.16294348461535235,0.011926927654079655,-0.10064965189922082,0.15114727325489907,0.13949028635954108,0.1944720833132545,0.11852638674182536,0.05947213034517751,0.3844561195438625,0.21510032689755,0.18894251675528717,0.054076156235560946,0.08814170002172106,0.09395902869456485,-0.06571972353308608,0.45523278287038327,0.028633182257002954,0.30717201808094097,0.5054198448737062,-0.16852274637477382,0.1210014720222965,0.28954995695728014,0.051031173488846004,0.021827302156675943,0.017644754531397577,0.0023115448255452975,0.2962244853584386,0.30063981291524655,0.2279345411223923,0.05249319429894195,0.07924798418820611,0.13972683714981926,0.21087466515266873,0.11254950662794605,0.31925707984383944,0.10753404353089113,-0.08129319169328797,-0.09519724621700709,-0.06719757322671138,-0.1489141945687349,-0.10048933865356524,0.09079256592621654,0.12019849801672522,0.06396479084182904,0.14751697767559402,0.012784969157737303,0.06675765146500034,0.21470329584880576,0.24475283351392263,0.24899821863984517,0.1927058535460584,-0.009334616287746456,0.3312441129372983,0.03702702751278619,-0.4025435828856335,0.44433605818164557
2015-05-01,0.4727512734531738,0.013654130553414356,0.1246977353322658,0.9299892017198597,0.24357770764774234,0.08860184811867833,0.0024133075040555507,0.1728706952514214,0.14515358698406544,0.2222351959351394,0.12013920829184443,0.015775766024431315,0.5738269267838902,0.26082152158564664,0.13487231645114894,-0.003854476422134989,0.14278360843159787,0.19046285819670206,-0.13285077282148217,0.42569583120912613,-0.010997667384306742,0.37045430300398374,0.6132926567934718,-0.2424476924015886,0.14142099968229105,0.14362400500434358,0.0025640150019805574,-0.052220118719151,-0.04737491266435334,0.031382216553870856,0.3589187875489168,0.3228382803720953,0.1716677706748304,-0.02470754283674126,0.013793938694934171,0.0032198451656990645,0.12922678654483644,0.039681267692017075,0.3577771830649652,0.045688065370189435,-0.15199022293904163,-0.14703030808430273,-0.14687105407597556,-0.18446546051773993,-0.08015488619519728,0.05909698400765029,0.05781093813352256,-0.0020279650766308333,0.06616688141577254,-0.029123973049694385,0.08431290636322286,0.12943571201948179,0.2717140873337216,0.2253027805514487,0.13631857836341843,-0.06804869646517264,0.29736014021000035,-0.21324594144401066,-0.500820518861094,0.42470176986439134
2015-06-01,0.3840918268296585,0.17963919091654157,0.15818624468504172,0.6041079643256502,0.3257772963329575,0.1369398266960311,0.040112072122622244,0.22452277927160913,0.19478116900376796,0.20747762130831715,0.10927410525755255,-0.00013603063215927857,0.40143332508445084,0.23147601131270856,0.18693843957724243,0.05223783102889601,0.1780174006002906,0.3040408866921669,0.02402405836221666,0.3352498527953873,-0.02055551320452531,0.28217013318619966,0.44669059334199,-0.1595006954619793,0.1007520344759314,0.07276989837110714,-0.00957171322949335,0.03461140784826511,0.013233306078033413,-0.043308218033907386,0.2302773648479266,0.29614937941992125,0.19855715447594013,0.021910632948775488,-0.003175682581595729,0.008793772368640873,0.10003460842733469,0.030126855658139995,0.27610783895994184,-0.0072771008092494816,-0.11222021853544062,-0.07875000284300737,-0.1357555012369488,-0.10371663265993769,-0.08156287454414901,0.05345735065151769,0.12117647993528613,0.04630324411532816,0.08718767441822961,-0.0642413708758659,-0.014607455579328965,0.05528385150026183,0.3259877036009673,0.10956441639255798,0.11040420646540694,-0.06574714447375318,0.21015880277136567,0.027806162844414173,-0.3983816349962641,0.3597004306076552
2015-07-01,0.39389668210986706,0.10750334232804981,0.17798563698676562,0.9453764650585152,0.2056985969320928,0.14732064422082036,0.06068623200183687,0.2227706454908358,0.17319947022450277,0.15899454347548247,0.08145650013559003,-0.02729424607720321,0.4694893899430057,0.2870121906089418,0.18644617558728682,0.07566179985172283,0.19354464616378553,0.2778257966093838,-0.012265641148380912,0.3770742840121548,-0.028033905934921055,0.3034564256158525,0.4469247701517476,-0.21570560612718215,0.13283082567872206,0.016481122683082328,0.02146994733475016,0.062262373317859776,0.05520183168561865,-0.07027962910550578,0.16557271498009363,0.2893902189065729,0.26857304262423964,0.04155065713764583,0.018796232362936705,-0.015592482218427572,0.1025454779766588,-0.004869334148886795,0.28109865865598693,-0.005804659346731134,-0.14163640186334003,-0.203722474746604,-0.25048920009085973,-0.23664339476044616,-0.2545844478995499,0.008826744575335388,0.03843627926416371,-0.014912936734643334,0.021041791781620578,-0.06872761843083386,-0.01970576927944212,0.036224931143953976,0.31450030629604364,0.10197044161853941,0.15007645031172934,-0.06289059635924721,0.15735720067391035,-0.04442809972396222,-0.5310457625482876,0.3892507162758092
2015-08-01,0.3097256104864019,0.013814117627342526,0.13626885247663334,0.7965162388167846,0.2372519133677331,0.18032198580914338,0.10152370044072923,0.2034919732657572,0.1908128053481557,0.14178015673365874,0.13043474035540537,-0.0024574452278498526,0.4970643870331246,0.3937662445870871,0.29473357638946984,0.01537413920791919,0.20105083054788553,0.34182939123936884,0.13645833577178523,0.3673708660890098,0.03729312298090459,0.39354669602425574,0.3873641874836655,-0.15648294848886324,0.12750291731998464,-0.025646736582484397,0.07126338122793818,0.07298211018053369,0.1564744775517708,-0.0711556485775312,0.16901260566782939,0.33052663013309425,0.3913494540077098,0.06379433394110201,0.033686152611533515,0.01037046146341214,0.07364151869434132,-0.02484833132124975,0.18730539769226962,0.04974074888525015,-0.13996223327753798,-0.24031968687528016,-0.24005982568527806,-0.21264804456811948,-0.21257320440491556,0.06650389256416966,0.00506885927411771,0.003605902916702375,0.041817650328699996,0.037231798055554766,-0.08431473630895903,-0.009427094347049358,0.22634904388939203,0.04689229089448488,0.0837316762369742,-0.059179191441307455,0.04335035927354869,-0.17480009994580759,-0.5647960721102255,0.3319270293277259
2015-09-01,0.18340332808071547,0.018532518709019508,0.019487265029641154,0.4492967150829472,0.19839067300743518,0.15066496620077063,0.10013333839937033,0.1413822558667892,0.1225668701527558,0.03251138024304723,0.15059015162607814,-0.01006253836800497,0.40186611945040984,0.35626711949781065,0.2690233792149399,0.0008953313824426878,0.24781379057122588,0.5048638086326387,-0.051573145281232025,0.2619095329065162,0.09808043715745862,0.45688993687592827,0.3081364238212263,-0.281908180853646,0.12032386152389907,-0.06704287553327049,-0.061467740411081606,0.029493965950311063,0.14778171006126706,0.10629149384903758,0.23975996191628712,0.33630620595546534,0.4844461504554236,0.04101340804947662,-0.06205692046451061,0.004923216441795608,0.06387121805397755,-0.03536714118634798,0.23373278746797999,0.06323104532718982,-0.18649311475448072,-0.3071228890533093,-0.3867119123463365,-0.24832138947733495,-0.3152296394844215,0.09009097520801967,0.028846798490229197,0.030834671071236608,0.07551506506854899,-0.012561290966231708,0.0035900527035026553,-0.028014226793141916,0.31829457704815955,0.11731135155910333,0.18511288700877326,-0.12034489618183108,0.08147293215693918,-0.4723185822771019,-0.7615766918517008,0.27379026650405747
2015-10-01,0.11062366652150679,-0.07772975172233976,0.19921566563746662,0.3787810160791736,0.16330385543526682,0.06717748624586295,-0.05378741594067249,0.017641343981675384,-0.01521076906588048,-0.07618164936256366,0.04067234247049467,-0.10401194308219963,0.34111992915036904,0.28503058945751514,0.0849657744965644,-0.07700916161460092,0.10059402722052058,0.5141300914731299,-0.010006559528442205,0.28007399805383515,0.022905238994480603,0.24967999548209208,0.2998732591155546,-0.2202990423942427,0.07593395287297233,-0.21470176542018582,-0.13216881159193428,-0.00843939437839858,0.006454068374249333,0.07873402697130483,0.11657510467841425,0.13610294598171246,0.5840430727849488,0.00407191271822227,-0.13771944847474205,-0.0600243693812067,0.018834106073017942,-0.1541288250785796,0.1487901380154084,-0.022888113548204858,-0.18857396913968294,-0.3186556170062994,-0.35473644633137735,-0.24543436817737452,-0.22317212335892145,0.05975759583857698,-0.03893390276713582,0.01728717021253723,0.05044682488393826,-0.08156713054443876,0.021110985515594205,-0.0069627104466334355,0.3095159568354793,0.09739076441920247,0.22968626521245672,-0.17128322054899625,0.08355007204257014,-0.3743607286865446,-0.7566775935954014,0.16121623905507643
2015-11-01,0.020245852525843322,-0.06790561496574077,0.24339018345151042,0.3751252196462005,0.05247272685150284,0.009737180425982261,-0.10734176338962942,-0.09342054389658416,-0.11306698978626917,-0.11876440356259399,-0.014832574528940823,-0.11305746425424645,0.22137864396534268,0.2845012061508556,-0.14439141844498593,-0.14344711295062396,0.06750802856195981,0.5976024613501811,-0.008621937898029453,0.19062177209066022,0.08137130582931706,0.3148163611697774,0.20170649320256873,-0.357652264700693,-0.0012982032473340954,-0.2397845258841459,-0.16272644671923553,-0.008255109359774027,-0.1369907717649167,0.10203932699289142,0.18474445405419226,0.11072778923958881,0.6404993391260358,-0.003480325606962209,-0.15716177649343288,-0.030235540902174285,-0.005689048867054236,-0.14469629118550786,0.11878292827389059,-0.03703079002949439,-0.2126325398536204,-0.331629547442325,-0.3312243119567787,-0.3061907669500401,-0.24912350708053566,-0.0063314693044908,-0.09927065497836707,-0.0011560714510138181,-0.0018974574119843268,-0.1640218906067924,-0.05696749546309299,-0.0935038688526052,0.3582819240867807,0.04304476569318094,0.15935376339470642,-0.1871565219383302,-0.05101297708586483,-0.26058669133551493,-0.7447333858605331,-0.04162429944027446
2015-12-01,0.005086255898768988,0.07421619254117018,0.3245994580581215,0.25837442585594284,0.25454066722763713,0.06115080537898332,-0.03144047724020027,-0.0162105349946986,-0.08131728499294544,-0.020785149907212586,0.011157813367122182,-0.047080868623612715,0.2002632776272366,0.21908142102571748,-0.14732837816431654,-0.08721801560466169,0.10308951276295342,0.7394770960016632,-0.19899829382697298,0.25391408444339714,0.18406339977893538,0.31512604033323144,0.15290641217732803,-0.2864215548174457,0.053575590457398015,-0.2338468799678176,-0.103911257570801,0.10754521001797746,-0.09604228513971813,0.3048588577872864,0.28826500758306617,0.21462935583892073,0.9657707008343916,-0.007942089101604766,-0.14368665494838462,-0.03509255549858081,0.040226312209054704,-0.3420086937614696,0.14618157515490093,-0.03776052214678827,-0.06693456093812,-0.15509124445265254,-0.19722732179710312,-0.0945273666186458,-0.03911153693685854,0.0034945799089884932,-0.09124123017873276,-0.025575705217201983,0.008154293187139894,-0.2065280590082168,0.026231935503366444,-0.025141963864040218,0.3091232760870086,0.129216181502378,0.24106385681616294,-0.12738273340045358,-0.027690524966757835,-0.10044966029118052,-0.6792034641217235,0.0627233951357673
2016-01-01,0.07015136026425473,0.13415617719138706,0.5348208981688496,0.23914732220086976,0.2983061175470252,0.06612776905156093,-0.04129834600351445,-0.03356589572301816,-0.12627516107881676,0.01567927907197486,0.015912879408172875,-0.017498619179232233,0.11986239068229376,0.20211631925261342,-0.11006191876481741,-0.05708562586286536,0.05916569862968046,1.0206337967796886,-0.020606904570579454,0.2836984857736564,0.23346137458566485,0.3716926250876871,0.11612721862660846,-0.20688497056458188,0.04582649552829343,-0.298495709045272,-0.16665379235885303,0.2026387343445628,-0.09710905375666556,0.3968141913278276,0.3112405421463529,0.1903197035957347,1.2523860244073863,0.0711014947802624,-0.1595780010779263,0.025487854092486995,0.08089502829942319,-0.31067132639580597,0.16987163036760333,-0.03650442108879581,-0.10433584290954856,-0.18302093289214527,-0.2109044994549213,-0.10063602529184623,-0.1175209250300494,-0.04813387626872068,-0.17418214347947003,-0.07011713647815876,-0.06195645143940953,-0.24894389921955484,0.00897114068673277,0.00824514202430704,0.3625478365505923,0.025696403783500132,0.31676677534918496,-0.122085080338309,-0.045074903948799094,-0.17253061280955062,-0.7614746111796082,0.02324607977995763
2016-02-01,-0.10369135797830153,0.35406959168803587,0.6719202261282426,0.33655934517466024,0.3435177810178658,0.22818172065667652,0.10570386576258461,0.04046224814263444,-0.06315288338012515,-0.008149850951446935,0.06713596579122694,0.049402160998500255,0.10845056784316642,0.19095233654691546,-0.01366941770415453,-0.11960796898657189,0.04836353974624297,0.8127942836045521,0.11888018539044798,0.2685925421432196,0.30300508174391183,0.3459106253048956,0.1250738080448297,-0.14427766433156597,0.071473897660975,-0.3328640610499082,-0.15950251953033856,0.31165485382105174,-0.10759158972736171,0.4061608138636148,0.35362496171916047,0.12390666520367133,0.6566318142489251,0.11689039378697341,-0.034886160730570714,0.0683768605888484,0.08017780456065271,-0.2788584790736748,0.16333877859586088,0.0016603462572111205,-0.08713824565686701,-0.10484296228938705,-0.25803430531255356,-0.15914139376180259,-0.2368812017410361,-0.029715807596015886,-0.15658549589783777,-0.043852378082375854,-0.04773004834472805,-0.20567665198780005,-0.04048339971344184,-0.0011335763323537806,0.45411418035107287,-0.007892713708973598,0.24528073187224297,-0.15035596196404488,-0.10673788906920068,-0.3718936579097819,-0.7117537078914117,-0.06589966846428308
2016-03-01,-0.2434637029712864,0.24268597530508096,0.2947669766258234,0.012713351326961941,-0.043726683068512906,-0.02272191794875711,-0.12122471068948848,-0.15452165486703184,-0.2983915013036036,-0.15519075334877275,-0.06736410760737854,0.04244431155421058,0.021044206669301957,0.1451735397618421,-0.09770095846106108,-0.1229281097873901,-0.0961438259431816,0.45558187566652864,-0.13440304782269463,0.10602502932230884,0.2774777658742731,0.27308178385392146,-0.03152810756135538,-0.25251510205170347,0.01672650600868386,-0.4033004468195761,-0.2796275472926101,0.13639289690236622,-0.1447389824552786,0.31572491302198036,0.39286626656657053,-0.09458807237433109,0.20588983729258703,0.09546582249645419,-0.024159060827182444,0.0161258351803919,0.025644730205230726,-0.20577143580241553,0.05710763720315826,-0.035805583386001594,-0.09977023880643376,-0.17307323043139755,-0.41046669557418136,-0.1474200829028257,-0.24175906349786713,0.10052841457564488,-0.008739267631747483,0.11246598622165904,0.09018187086617857,-0.101306908965624,-0.05967002987117587,-0.04449848000022483,0.45283084730955725,-0.008094393906787012,0.3069902367488828,-0.2113952245927131,-0.1820521336409393,-0.3362474401444475,-0.8602784441791815,-0.12401414484713302
2016-04-01,-0.22693628605108362,0.22793234911686477,0.454051825472771,0.019807206167158364,-0.010752211745796436,-0.059407566482666985,-0.20679775639968578,-0.21483996487953516,-0.32510396971095723,-0.14850698113522676,-0.13044200063458677,0.06267670557829597,0.014614507266373256,-0.004200797034746184,-0.06216677658779335,-0.11475087842035869,-0.140035458568455,0.397413891790233,-0.06131312686422763,0.10251479092738536,0.21514591444546505,0.22118294651806392,-0.08881317357206175,-0.15042595812365278,-0.021001954163296754,-0.27652894737184375,-0.18193140481514158,0.1820621358697092,-0.08021189487123503,0.2549767562294938,0.2742132296147599,-0.10437042324166157,0.41084452610002,0.21135712962113962,0.0058564360377015845,0.09279117407549142,0.046380688261279834,-0.18962521903566898,-0.014980999838041242,-0.0369515267985594,-0.04164186999116759,-0.19752406890639307,-0.4770391314888376,-0.15158083176817116,-0.32460088227154993,0.0971777570413832,-0.0090768407553381,0.12075292847368768,0.12067749914571313,-0.044499083675419104,-0.10174700433848916,-0.015583399369782147,0.36836121983607417,-0.023647904343920945,0.2863620302843468,-0.14834016888963097,-0.11779441986851946,0.03445589079581435,-0.7574973640006282,-0.07450580076508195
2016-05-01,-0.13517115669960467,0.13420152076054137,0.5534444807413388,0.26644109527153836,-0.01093173264609959,-0.05284714754484865,-0.17680470606191956,-0.20808330916935447,-0.3457297868650048,-0.07438840611461206,-0.10884602755102069,0.11576596275105455,0.16061797171672376,0.013792271406487311,-0.10865218016747957,-0.10731020779048317,-0.1100257095610141,0.3309310843538664,-0.06153478838662396,0.2510624260719325,0.3214328561660986,0.23731516271785447,0.10089116313917779,-0.11855014022429,0.11980752589834309,-0.2507115061011407,-0.12063347995877449,0.19017550262452843,-0.15035337558324624,0.3469411576677828,0.4178064032019342,-0.10173604475679643,0.19298150436170292,0.2104205627051532,0.06284594790538223,0.16252397390042006,0.09350736394674253,-0.12306687677397377,0.09912855281236377,0.06603308614385806,-0.01966865252580241,-0.12895775289462574,-0.4313309589574449,-0.21974327985707232,-0.3006845596933625,0.19419591808096737,0.07225748650995945,0.21232050201935326,0.19893182308287582,0.07594460880546894,0.10186367564415844,0.08305709189564969,0.34789756354483514,0.1605567309662772,0.4750458817589065,-0.06290083949077752,0.004313595613810506,-0.11336078187381937,-0.7376661904188322,-0.0011677777507501652
2016-06-01,-0.29389411777099483,0.05785377177606876,0.5539863211436589,-0.03214212346237422,0.016090647230812438,-0.035313765011357634,-0.14280845599675962,-0.21119800501455643,-0.31316410996616384,-0.030894030050436116,-0.09352158391499599,0.1442838872911183,0.10598278382551118,-0.02848870792640612,-0.08455909996204647,-0.08769949526777454,-0.04511643017458289,0.44582355300834053,-0.11014369778261535,0.21290617214398888,0.3385450676671069,0.15586675076783685,0.08387892904149452,-0.09614819701310329,0.10639030506483715,-0.13733358968489817,-0.11025694612717629,0.14259987069059,-0.0997114810732519,0.25402816400779726,0.4526772839828139,-0.08054969676382928,-0.06567907933260742,0.18060410317490727,0.040610527540971164,0.12001871531375219,0.09147355898758125,-0.09254107564768621,0.03165970854241751,0.07196830674582877,0.061886792054934414,0.006691113789622394,-0.2880790908277805,-0.11634995688986693,-0.11474495948070029,0.17026643833689636,0.07244967268847224,0.19000522130024056,0.15725389460248507,0.05851805486934425,0.16085427978437772,0.12530918355204945,0.2940934017566581,0.12409696284473504,0.2713349529732225,-0.03910213064822121,8.047263224164602e-05,0.09999653359693284,-0.589957970584322,-0.026942550747991345
2016-07-01,-0.22299780454016682,0.18517244031268154,1.177861127591533,0.14714151009879495,0.16815231778931583,-0.025992944563046017,-0.15557507105848334,-0.24557542971362434,-0.31213329464756545,0.04764818173242702,-0.09087553345071253,0.17380838715773028,0.10622101463295452,-0.0925102364305751,-0.055759150860120954,0.0030756716889985825,0.03987287442610521,0.5605466614736614,-0.22928487441877166,0.19989252793424028,0.29128015395176177,0.016175632510499582,0.197530993535175,-0.14506964035456626,0.12091893327450665,-0.12312085456287047,-0.0987746297225377,0.15309871863800817,-0.14946544202156276,0.3375991810173111,0.359296713719907,-0.14593117540807277,0.0045775193320627405,0.17697075117271233,0.0630164198712917,0.1652951677200758,0.10843189675839815,-0.0013032975918915168,0.09876731858570431,0.09289982391104235,0.08616213233735603,0.05355687542537724,-0.33363314463580207,-0.11618250064276048,-0.11497903928416131,0.23911320084337606,0.13217229109130813,0.209588486618272,0.24318754699532308,0.10491927830351222,0.29814944285455813,0.13430799064313992,0.48307595513047996,0.1491650595955143,0.3839081970245297,-0.07820259934774354,0.051196043440591144,0.2009037373447662,-0.667998008480142,0.031597539558674725
2016-08-01,-0.22624987229109628,0.0905523551434595,1.2146766435416358,0.2253883135390573,0.05248943110568227,-0.08420607757272547,-0.2845587067106836,-0.28300910014841174,-0.34882394648202353,0.006745306245009575,-0.1705277833101554,0.2342382524995108,0.167666856304868,-0.05404272493432405,-0.10786834074837148,-0.015109564535583875,-0.007855879064829208,0.27562515078975647,-0.2622231609023288,0.1023055308201164,0.21331311636027128,-0.04576577041419927,0.14301763520468613,-0.033804197712187456,0.11773610465814133,-0.10653814890283175,0.02813598693181918,0.21117705886543225,-0.14584331587755262,0.0478723818425173,0.1966814656709539,-0.19821034870879117,-0.25692850758472374,0.322468160016927,0.13210180477921019,0.12322798280962743,0.11588361079381526,0.022079046152367665,0.07933002456193905,0.09261923639444314,0.21087615602436727,0.20831322875822833,-0.16717089254893525,-0.04608338365321296,0.03785845070906224,0.26093873455972716,0.189291622987521,0.2404501776938468,0.26935748780697044,0.15596607878089364,0.2176162488679121,0.18676302929655275,0.4562176565076106,0.17258188612980607,0.24914396147355622,-0.017464679904938274,0.0003582864481890269,1.0586648364731488,-0.3814221174464141,0.03342045803686955
2016-09-01,-0.09333435366886556,0.29328812170940366,1.3631534378189265,0.27165898438290026,0.14707481293294933,0.0028590320200383434,-0.14192658493633425,-0.1653926591693956,-0.18915724348485008,0.20871929974723358,-0.08459880949919762,0.3609458259941267,0.24948394123931505,0.020855482067379638,0.06703317794356867,0.11144680670237594,0.17014251492581112,0.41305199157482453,-0.1301364972749669,0.19565069794072065,0.2572321299866789,-0.007459566695930175,0.18538502285685343,0.07136137101592843,0.18488890356607302,0.09237975142161958,0.18560033791328512,0.27108262756518053,-0.03508989025315934,0.1887517920605446,0.3618027485265636,-0.06625004335232576,-0.26342400438664815,0.3627898862831451,0.23541840946649173,0.13873775392803078,0.1984895931808539,0.14269092616555712,0.19095109265418464,0.19968324417410566,0.20955973600457356,0.29550693165207575,-0.21372376952873506,0.04206422449210501,-0.0001403794266863212,0.3290431681866075,0.2432350158370591,0.2756510201039384,0.30881154417297796,0.23722189797986482,0.4528443831374196,0.2540792739608262,0.44754031122051074,0.28140082067716565,0.19726462026961333,0.10956307817523503,0.08016783084682566,1.3156520013972366,-0.21775062409415036,0.14912726102757223
2016-10-01,-0.060558671021076815,0.2809475516067945,1.3098669172628625,0.39089253618625475,0.11208333338087662,0.12060283662695714,-0.001850291287720851,-0.0354931515552227,-0.005651842916324035,0.2421516564200985,-0.0008258527904990709,0.2942237604818203,0.1823219617189693,-0.06519558439338236,0.20706090655384313,0.2994071604776214,0.12172480977551259,0.43499617241000643,-0.21683496236805233,0.16925405482110056,0.18251740105476366,-0.059857068897388066,0.10908079673205617,0.26996643057857317,0.2413224792813835,0.0808748750010968,0.199071936587492,0.255091988110254,0.1625237607553307,0.20420716337905476,0.3783227684544457,-0.07700035340030975,-0.12001613588293414,0.3299255498740692,0.24742377468013155,0.11112563385827112,0.15743345103851247,0.10904651585165337,0.11535215882556682,0.19224807010220468,0.18776546698520624,0.28915159566126003,-0.18463034513711274,0.1463965299562231,0.16678673253446075,0.2519924330803911,0.1253417574631852,0.1746564579178107,0.15216481467220166,0.15250700673584872,0.38319856282166986,0.2881283131125376,0.40353467078866334,0.17632844811495763,0.06622478136202581,0.20592569396092797,0.23462616477682352,1.118647644162904,-0.33612196019877694,0.25662507880079155
2016-11-01,-0.0703537822083391,0.10109845381829019,1.253118398106869,0.3763469270832527,-0.10789950999122266,0.05035391422063129,-0.09782929960038633,-0.14460674514075877,-0.04902584071412752,0.03983366619818862,-0.173796949123169,0.1951489518353997,0.1929471645638663,-0.00400197277820169,0.08918870933868717,0.1635760942207689,0.02486184952551862,0.29618310190207664,-0.07857485134936215,0.04989597742003049,0.05151718476319922,-0.19793842014596497,-0.023029763623624966,0.23511530010513826,0.1468302962216923,0.09792614403653088,0.045461725609983406,0.037050542163839406,0.10643269301672542,0.0712111428271176,0.24480067921328708,-0.18044689874188935,-0.1512143967441164,0.28494736850962576,0.20937885878909568,0.018479213665989924,0.09117749160636657,0.28765033783954985,-0.03597080390998131,0.13834141882609075,0.0838710258013815,0.16704461121043135,-0.22090451151941315,0.01428694080200521,0.0906044217419133,0.21304097953111656,0.14964602678919414,0.17599957423179147,0.15956271785053522,0.21354852996995644,0.26235671079898104,0.1145656070337644,0.27381153853052864,0.04219676888533752,-0.02479087752317044,0.09161386871543109,0.09150986334196798,0.8240041972435554,-0.41423678689390886,0.040835420114184284
2016-12-01,-0.056813900501813785,0.10912170245535391,1.103514705855153,0.28811635825185533,-0.08428033415721936,0.045325336048095854,-0.08489297826767728,-0.0714206526181066,-0.04737606998935395,-0.053964148324699424,-0.1569500295740821,0.17086859099411766,0.2654004856447183,-0.09225417675331038,-0.030437279751491353,0.13598351060411829,-0.011497821656728302,0.15109388452636163,-0.19361946002259522,-0.07924987182072818,0.00875320178218053,-0.2414500750010914,-0.13644378131113644,0.1515107707427057,0.07590062479767012,0.05291653484707726,0.0777785363803043,-0.007651699547398527,0.12954209010123696,0.0435413193398555,0.24354123602253508,-0.17999977689746316,-0.07041948927624708,0.13128683587984047,0.18246435472448752,0.022192622727380318,0.09733001264816021,0.21607364438046806,-0.08466266231559927,0.09974919477864641,0.0473042998829456,0.18190524294590138,-0.24134400243798582,0.02880958232969033,0.04508141872038962,0.3041651990110863,0.21407570929770015,0.19712950284495023,0.18434058141686394,0.26970251582291094,0.23915015537086437,0.1910298270640327,0.21609201631506547,0.009757199569905284,-0.09945900031620969,0.047660246293476316,0.062296452548888714,0.8184320278818371,-0.05818046446820324,-0.11633592547650284
2017-01-01,0.03411718276464426,0.08576060559903498,1.54130236289128,0.16527814711229194,-0.109073379501604,0.21773797401641204,0.18243081913705672,0.17939305317448517,0.25142068658016004,0.09690166959085222,-0.0325341925803857,0.09853029737432295,0.3512037741035243,-0.2051174674108568,0.042649924689749596,0.18705149680496458,0.008905472224773892,0.07464123969672021,-0.259055206031247,-0.013014384770866583,0.02398509857127662,-0.1976982932771928,-0.0763114970931782,0.4117425250611162,0.11452040971060784,0.2818847004018765,0.1269783739400887,0.007485738081270732,0.3286247354039302,-0.020514513325565975,0.11361069914260646,-0.05219479060794341,-0.060126860466075405,0.17902888007244666,0.06762606513028468,-0.043372811667080846,0.02459194331548198,0.17504643646455875,-0.07375034834780292,-0.007138575832098093,0.13925647701970756,0.25995835054966254,-0.008035083845496338,0.21750410830089262,0.4097717443778459,0.10357946744717661,0.047861940926600344,0.0188781687384576,0.022905060323572757,0.17777751452977664,0.20407043806049918,0.054950748326559884,0.12911439013671178,-0.0727499546380792,-0.14506296566839272,0.19151910294979158,0.21516752665820493,0.6145578543161154,0.529788677557353,0.02620776378387335
2017-02-01,0.1801690685525319,0.1344295034703673,2.307712093038302,0.3110241666244342,-0.014624894807467759,0.45927852926216794,0.4969318417596973,0.44476569737024874,0.6102813755899441,0.21562113620127565,0.10178142079757335,0.12533780785587445,0.39488160189937416,-0.06833483304087506,0.161796225871355,0.18005398654277704,0.09182186774865952,0.24987819149439572,0.07469416854841349,0.07670142159553617,0.00583107787449344,-0.1811492905141261,-0.010155135302144291,0.5014644700737187,0.14371270518769963,0.43764712706540565,0.2694757939489607,0.10140134066999718,0.34242591119393495,0.022313013883067168,0.011036199880888775,0.08884873626463641,0.27218729671585185,0.23460359508979667,0.05843588530774557,-0.008435482651828696,0.07667876080078528,0.0600636315584564,0.05919524919299235,-0.017279986698511718,0.18881360690162396,0.3952186839673466,0.24628148722980603,0.17437394082874036,0.3856146572998853,0.0828282822294919,0.05669088844768222,0.03496747992078597,0.05049533399384498,0.21641387122113098,0.3480270691451963,0.11411475619422329,0.15832419064909464,-0.03315885649317862,-0.11587669554539537,0.18063745757511573,0.2349399587774632,0.532486364736944,1.115190525186482,0.0456749002694643
2017-03-01,0.24354552492220094,0.28120474985998567,2.1662593882854138,0.47422196389837046,0.1328972995603901,0.5040215185712056,0.7454570071255164,0.49824842623484256,0.6882228647305604,0.2107282924529248,0.20827304258986867,0.09796231586908033,0.3667432767569634,0.07592277205460496,0.1276285466820506,0.2615192122646268,0.09620005936233023,0.45499445339437883,0.24686421798654812,0.11913689792594662,0.07144899123590376,-0.13966737947777041,0.07632766259690249,0.41173420034688335,0.18935531507033176,0.35407572380435526,0.15777618112818592,0.039932445991580634,0.347112313667681,0.12463991202795621,0.19473308747106466,0.16605174835784586,0.41115050159685484,0.1734455528932839,0.11141181260626332,-0.010637604066796924,0.08417675138177261,0.030790201044539334,0.09220464015847618,-0.00817960705619658,0.0706339466914121,0.3665852037291977,0.4157364733977833,0.1870068884035343,0.5297117262829862,0.10979648433620715,0.08392490046235834,0.05610213679112119,0.05527608586315558,0.15692627585042107,0.2878306605601333,0.12273124984668704,0.2729125779043433,-0.018532220004947253,-0.1279392845919869,0.17966238022640635,0.15554623128280531,0.2967753779463924,0.7316546211189237,0.11127715837183838
2017-04-01,0.23920326672428516,0.16403695113509986,1.5941071939691072,0.36214273727407953,0.072501273368903,0.5374345667494811,0.7607453692667947,0.5346679135507506,0.7953608711430145,0.15247555352249753,0.19570786477967017,0.14133972657677818,0.29196227308816547,0.1456601997314939,0.10278304368719904,0.2715062305980107,0.16532853503614708,0.392630515425888,0.04854230001156701,0.09782498398646955,0.03477535573167856,-0.07122284239934473,-0.01295516150844922,0.28088151228672453,0.1300764435863928,0.35017820642448894,0.13902433184630314,-0.046790594718402856,0.4357628651114698,0.09071619810322495,0.16587890363231406,0.11668440376080924,0.3073610531019473,0.11597665463665452,0.13515512941238628,-0.06921986130816982,0.09983753297888942,0.05975384499708247,0.11899521847013261,0.04216365958377488,-0.013069720133558893,0.20415205512865597,0.16813407574792105,0.09981275516891475,0.31151179380612404,0.11178214785069684,0.04093060200448306,0.002956994195940421,0.0190479675216495,0.03832468670900058,0.18083475852646536,0.1216121863196129,0.1454726630343819,-0.10423605588736284,-0.16283336416265748,0.058289368758282833,0.0715973222392956,0.18773257862471326,0.03963710487912131,0.0703279306813891
2017-05-01,0.5348238179198432,0.3417596254372752,1.788994120707586,0.49526950507525314,0.05952598697798783,0.3985617535738821,0.5597018622397307,0.36037043488241083,0.5577895802093953,0.08400559752022341,0.12012874747076019,0.13067809288048426,0.24941045861955136,0.1178408618679696,0.08889243833230931,0.1734521418213546,0.07432903815056524,0.32030807563467545,0.10920455250332783,0.10243528299401183,0.05137753511478227,-0.05757101966838474,0.08212049031229718,0.2096236535351228,0.11754706083748734,0.21991842128755823,0.09653079859020841,-0.006492276212283987,0.30248753229623615,0.18296258884587813,0.1849722305933108,0.10650773300777772,0.5563786336885979,0.11959792703178773,0.15088125223136273,-0.032403806132854096,0.1014969300210169,0.09493104030758848,0.1303069481232817,0.041186645919147225,-0.04895682213667785,0.0849342778378046,0.049787962099359095,-0.009612351930223917,0.1677641594492345,0.10484562048608881,0.07109204611293518,0.02677818950322064,0.07911842675523229,0.05003151771751724,0.15659067395211235,0.1576580282635407,0.21777361776999982,-0.1300325588198159,-0.0926901398064891,0.02334595782008564,0.01246127450872292,-0.10412976489261327,-0.20452863576973956,0.06908330643229887
2017-06-01,0.44342848134752644,0.31373963269908844,1.0944154644235256,0.43240360805556666,0.005361612940589566,0.332356179297405,0.523946307746574,0.3638864917551461,0.5508115576874286,0.07145403411774032,0.06720465895205963,0.11478043820137551,0.31452009218330934,0.09754773634315428,0.05874560685644137,0.1304301251370954,0.005782734294082825,0.26098362483634596,0.3450050105348561,0.19248605658580997,0.17377130317255673,0.005486574147669732,0.05720559491065269,0.4118302199780193,0.17683862772056158,0.3349243794557444,0.20544965647210423,-0.017108000338007856,0.37223541043434505,0.2169706542167127,0.23858478539325523,0.17475107245273724,0.4171327263613347,0.04080126081332969,0.09667386090637708,-0.0033879129721566814,0.14297713760359776,0.0872729636718017,0.1860802902073535,0.02650380880254688,-0.059712699933893054,0.09081287428352325,0.10421627564796476,-0.032135368247726226,0.120478020444307,0.12460004481845299,0.08507483290447926,0.040995793285482085,0.0697890518957398,0.03433317282314241,0.1686837529729257,0.18295942630852213,0.1629738424606899,-0.14991167985533127,-0.15496708519086244,0.16147034984412523,0.08215558495673192,-0.004261753980741134,-0.010166257862680994,0.135481774671939
2017-07-01,0.5919209960147904,0.3787973103236768,1.750880761321095,0.5383378878272569,0.10384675710388858,0.3288674118824573,0.6398101867963,0.3770984282403047,0.5808014864294471,0.21120878986863656,0.0786870589312183,0.07067660018389699,0.24835876336607265,0.008229360890628312,0.08829459017793595,0.15243001318394533,-0.05481503664234644,0.366122553954632,0.5327871329562235,0.2074790545346341,0.28045642961434525,-0.03906734907324727,-0.005344548171010377,0.4041192125512778,0.16214003846633762,0.2615480546793074,0.1972812630009695,-0.1093552490889661,0.5228526774187914,0.3830041010938554,0.2990177201976887,0.10998303052441782,0.7106315373991106,-0.06441626946397183,0.06775449819490031,0.03204909158580316,0.12672852793736045,0.09359169906200648,0.14350315131342262,0.05097952078154133,-0.12554588967174374,0.0092128178278863,0.025976561481646065,-0.1105446966677186,0.06881731203464203,0.09144122301314339,0.02125167436738562,-0.03180540980597957,0.03873643772113189,0.014095746916511942,0.15653562443618774,0.1548272314327901,0.14191167590304365,-0.28103712314991103,-0.13757623755557347,0.20016599567377624,0.11392947205420056,-0.15356865175601941,-0.11792646708289922,0.11255049775333292
2017-08-01,0.38523377745610854,0.24161659864578167,1.308836572453174,0.4325482928086264,0.03506926556370704,0.4291750269574168,0.6266796238223287,0.3589105844286744,0.5301892689262158,0.1642809276076307,0.15719003565686918,0.07663171973021266,0.29517575284405795,-0.0023832795198622803,0.11512364036883649,0.10528365607142831,-0.0625760799212296,0.2554873182004094,0.4741220624665603,0.1243168342988834,0.3197466145034873,0.05537114965224288,-0.057443916834113984,0.31550871030523586,0.17052714467611785,0.17678837171723916,0.1558738270763773,-0.11855314582606724,0.5917311793364834,0.16330854240819614,0.19770529870162834,0.11396847923345232,0.5649158596129813,-0.08573784659152872,0.045006074416172215,0.049993692395003064,0.08292596414277265,0.06021072133736016,-0.008091102606826661,0.0031142426874279927,-0.0658344384227818,0.05152325310815753,0.0863828637486026,-0.16845235915522083,0.09409425983424446,0.10702688096337498,0.008945520732095646,-0.07191429577806374,0.02537868135164323,-0.007528140107867731,0.0946426857516991,0.13768757266659581,0.1615665268293287,-0.2720825786423696,-0.11207934794987828,0.15287179143194085,0.04655551748477049,-0.28313350897582656,-0.19995141757805912,0.15434258192172212
2017-09-01,0.4045648409954399,0.29010014997858846,1.4066870122107584,0.40036065393296716,0.11707338406485635,0.3522936166347743,0.4598346322647313,0.2956558691651969,0.4406254697682106,0.16208565739069747,0.06502758998434621,0.13479479335010214,0.4169737006605527,0.07049983717603392,0.10076588630415984,0.03905788538327437,-0.01734268393836369,0.26376216889425175,0.45868748429786477,0.13031393291594684,0.36828680357444377,0.02121972648071835,0.009367977423542007,0.3929972335748875,0.19123423075170165,0.0822090340710151,0.13480381453465817,-0.16075361076451,0.5298104424564192,0.1851709503506025,0.31164844162709415,0.16167101608176782,0.7553750477066608,-0.01353343611793345,0.05878084029274966,0.08651623318751578,0.11583232775171615,0.14315763045065988,0.014678407421815365,-0.027272320351977908,-0.05441390812841851,0.12036641852935914,0.10784655650818342,-0.11748651403487809,0.061698097924064665,0.2254362718626275,0.1067087828474027,-0.030815587926700916,0.12024735628727723,0.1598636209073352,0.17297139333835387,0.20232763844169743,0.23255703463253186,-0.2475453635091357,-0.05498588573219809,0.08837418316815349,0.0058694089097106605,-0.050119984567803644,0.24447289219502166,0.1728355628301268
2017-10-01,0.4425200974545642,0.3149496931347928,1.2535835809503442,0.46345749810923764,0.31455902026706384,0.36476450312402364,0.4847266951692786,0.34799568637296163,0.40461600051196234,0.16714501988582864,0.15639373212345653,0.13582134483665986,0.4275488054288219,0.013952714856898751,0.2120049265169075,0.045076991241398856,0.02418927220413014,0.1563718815021622,0.6618132582021827,0.17499378194283954,0.40301928121085395,-0.0025115064842980983,0.028295685051840547,0.338623926478697,0.20495844886123527,0.07794408900854943,0.19396884531587144,-0.15102174485072495,0.36212217531836477,0.17634252672077366,0.3104094653770373,0.09282749045852423,0.6681744911219116,-0.029914786496004875,0.05475322876959399,0.10831587951699495,0.07953383267190084,0.09749899813021967,0.06532612610026245,-0.026823021365043553,-0.10829552085009886,0.06837128619415411,0.013950176079667642,-0.18178666640207697,-0.1331103508800946,0.23921345380595538,0.11803586084152773,-0.03388649600159199,0.16513347394635058,0.15960345892424543,0.2113869023467696,0.30205965513707267,0.30378825741509186,-0.23052054235231956,-0.052653211841398706,0.11092234523648736,0.06516741000569182,-0.046510200316938644,0.193663158665087,0.20665176421365006
2017-11-01,0.35269267283016137,0.2669736124991373,1.28979509244293,0.4213507795053284,0.22184387231318414,0.37824700601229866,0.5004314000841066,0.30110621728139786,0.4193876564596193,0.3301280324264302,0.20737018554637454,0.14349547032770005,0.3859989781451143,0.169579808180357,0.6105097029803084,0.10724586835447614,0.16317892781994026,0.20373060604398208,0.6427534393560896,0.3568491660739552,0.4168506208144256,0.029203240084558324,0.205836869874924,0.5117000706898052,0.31396589891978843,0.32141280601518907,0.15751737055114456,-0.15552260085245162,0.41288686314215606,0.19026848419014275,0.27524176079339036,0.06600497952024198,0.3991968708092073,0.1244725813648293,0.0758597728354411,0.08422899010211804,0.06162257482903466,0.13902307664751645,0.1545157313973866,0.028794633442789763,0.010921925054761417,0.1525748402431808,0.15297671854431827,-0.10599254388022616,0.04974300176080848,0.1615518523399142,0.08567058529982852,-0.010118187417678559,0.10905592799830854,0.13724677656706152,0.2354411095649398,0.15372373246258242,0.25696005216805107,-0.10580093083140607,0.022069350754521322,0.20905938493741671,0.15514277614996463,-0.009584715760576512,0.10039553808068913,0.45201093055338815
2017-12-01,0.5186264818688953,0.3988586964626901,1.0836839148748298,0.5452659073903312,0.39310835032041114,0.25696843175764505,0.29698264045764833,0.10150389850656327,0.2121246288898817,0.29167214323990676,0.07801271697846568,0.27598662040962507,0.33754563502408286,0.2373589526777624,0.49313304639562094,-0.08882850910652418,0.1269579255477551,0.44534181103760484,0.6677886709878862,0.29876802750061016,0.4241298415654795,0.09211290445163245,0.1358124116645778,0.4337706326662665,0.28716246472486406,0.15834718789306357,0.1339916944524746,-0.3374316458232909,0.33119786038920784,0.31718223287071745,0.4926292723742096,-0.008731329966937817,0.6161725792838944,-0.10441945249267148,0.06602267777262494,0.17412512792646173,0.12738405868893765,0.2580675635555807,0.11497139751132335,0.08594492022259126,-0.018138297090157462,0.06932134498995657,0.05546799842804817,-0.23114213398438088,-0.039180058079756996,0.38480498333242275,0.24203643513046935,0.1619594108555762,0.2940621189162276,0.27102641598553023,0.2971284393251312,0.40878099715743654,0.3778312742724461,-0.10709172416322055,0.02030613309174467,0.23652920366341545,0.12011055778105106,0.10221078391938421,-0.168039421639541,0.4597485298288704
2018-01-01,0.46741396868526475,0.364310871838752,0.760819293668842,0.5685670568969075,0.4951857083940556,0.2223009340327302,0.2710430160035684,0.030845096379927828,0.23028466195159902,0.3376671207827886,0.03383187774643526,0.22454139346246071,0.4260638797114493,0.16344361425290588,0.563851607549841,-0.04910236486490838,0.1415436847840985,0.5373380725595203,0.3827545977167859,0.3492675025805838,0.4266033599645076,0.17722113799169992,0.17970199366343453,0.5439455485237541,0.3578517402825523,0.225441317806921,0.12333495286747986,-0.41762042460499815,0.4507347057715978,0.2938264683222278,0.5122212322470792,0.0092455545837693,0.45922897018287534,-0.10574118591780368,0.09678186496256114,0.12862125465297747,0.1315245155566631,0.42011647824382914,0.18578502497644456,0.11870385250900406,-0.05853803778445987,0.03197956329983476,0.021947927739514927,-0.24418318294898012,-0.0002777381102233578,0.3408115578658504,0.18077171807675474,0.0739604554623785,0.25654174964358,0.2003419023596933,0.28307398541796824,0.36650723031401444,0.30385642747417885,-0.0690618221674335,-0.015802763695262567,0.3358226268523372,0.15729104964437446,0.07454505479897278,-0.02352953419116177,0.4703996543597522
2018-02-01,0.3855123761547259,0.3401069894368913,0.6601034779622115,0.28262774550473724,0.28001211905114864,0.2750466692703768,0.3044555319670319,0.11133872692266666,0.2435723843914006,0.38639566945311987,0.09130118142302068,0.25700877937754796,0.3643994358173357,0.1166679382552458,0.5995014149153839,-0.08622523313759933,0.17819210743622937,0.3969848521639048,0.1968679767095476,0.39119600415151745,0.4263999702841881,0.1672125092934973,0.2732791491786086,0.6624149967134967,0.31422813519624126,0.2688140923717537,0.18472884543472512,-0.4130022092169463,0.4499672147186482,0.2714191086143072,0.3391678674666627,-0.030655482720466032,0.32346251743198984,-0.037901472882499454,0.07547103453711257,0.13753179392102477,0.1815305302644834,0.4835479535141962,0.17233052211376387,0.1796996152033039,0.02942468258258879,0.15824932572646122,0.13104023416381372,-0.19391567657472986,0.04793617914487913,0.28834511157044385,0.11023677925124353,0.013786321145181857,0.17898282475627214,0.1293056883394561,0.3425091056212759,0.3756615710070925,0.18888483829427716,-0.03505233940286201,-0.005575897821037956,0.3200908238710223,0.1916921112399319,0.023947109296972524,0.036703302502003154,0.34700536183121766
2018-03-01,0.22249461352155264,0.4964038580318808,1.219600200860869,0.18027844159354145,0.37978786250173213,0.2804717944434836,0.2977225612387111,0.08218080543397743,0.24144428480308555,0.4654996947279637,0.14837851969746962,0.15520686056584698,0.43312906721795175,0.003535511538210523,0.7980171943499492,-0.08677238864536096,0.12301368667654633,0.655427872196096,0.3620981477847871,0.3995973154689947,0.3629085327873094,0.18090192386285442,0.3941379948342303,0.6849417089813024,0.3009825438720075,0.24730871684840627,0.2456313770708911,-0.4556941864947448,0.5104430364435653,0.37717726933327755,0.3625582368349798,-0.007449698464892851,0.7587517949521716,-0.07994720078872919,-0.036450785532117336,0.16824872881664166,0.11643358317889718,0.5127179408790188,0.13788348076889556,0.02888455005826307,0.10798769571532052,0.14793415062359783,0.23969032575020233,-0.07921010077705581,0.16669822205805263,0.23594172447589257,-0.015426899099805769,-0.07667153860400411,0.05283669404563884,0.07855118614805345,0.3063824356101461,0.29599918314330487,0.22267117329832953,-0.08639192939607276,-0.11128289959699744,0.3806361779702452,0.22314791047405058,0.1724561295142859,0.3614674015664181,0.34918870488543563
2018-04-01,0.23414569612313874,0.42680038865027203,1.0380631459347405,0.13054355584777366,0.38852189891784095,0.32657541388869826,0.3633546731078183,0.14706772460810114,0.31958135855672154,0.4477045239669377,0.04573903729993534,0.056555757012521024,0.37883441781737726,-0.07323791720753148,0.7749747378261471,-0.13670028807648205,0.08678141506686354,0.6453357258823582,0.1904387414054478,0.24697825979395027,0.22415457285006846,0.19027756162880327,0.07414639511911503,0.6751894337222419,0.2191605240849921,0.23284767334957457,0.2122378411387149,-0.5334191022512162,0.4676807494969275,0.27846862132227534,0.24040866899079694,-0.08608919772318557,0.8195275242071087,-0.08732320141539418,-0.10858980005117846,0.04385050551376879,0.0004352405632430667,0.23692853259144186,0.1760387665331804,-0.044295766912025636,-0.06579233855286493,0.05711124021627767,0.08403825605628823,-0.16564450864552016,0.01593530371801677,0.20121636601326331,-0.06006621539435997,-0.11159560774965971,-0.008877281830797168,0.04776072398638287,0.19505547868547768,0.15443010700484616,-0.025968714210810817,-0.08879739452974855,-0.08212827382912014,0.2776152579315432,0.21235736016372964,0.14733051387432794,0.30102308183028326,0.2876211039809282
2018-05-01,0.16544171991106937,0.3429349136374238,1.038247866321023,0.06604307053246417,0.33176700146209903,0.27372815472683976,0.28040229050988574,0.1304566229354498,0.2547143906188183,0.4144251804617958,-0.029112777056157224,0.058348688656578274,0.21981355489252818,-0.03843751429929598,0.39988232310143323,-0.12216295105927932,0.08118297814677011,0.50887345558458,-0.20764635132550524,0.14223815366078174,0.13436797917709797,0.18288614494713862,0.019277724857480916,0.4530669689312219,0.11595069459885665,0.21112633302175476,0.07297363339212759,-0.5381579558681342,0.374234720015437,0.10312740462085856,0.045629738474135983,-0.1273538770808602,0.7917114219830919,-0.05930869349273571,-0.07365097457696623,0.02294862458444169,-0.023862420924277705,0.16496423120501236,0.10113763584551005,0.008509170254322296,-0.06622274376872839,0.09426888770358399,0.2344588791965141,-0.10532363455538718,0.11294741914170126,0.24558539147408598,-0.028499866418751574,-0.06791823132634811,0.03444944539360084,0.1560796258780619,0.17333949520355052,0.16186357403527274,-8.367737669545683e-06,-0.033622966244999164,-0.019781321356427295,0.1616509921439513,0.14764844136831234,0.1423497900204005,0.2870548844480749,0.17074047571483875
2018-06-01,0.08131603943504295,0.34872277587333533,0.4932424000820945,-0.026064140754173182,0.33109440577777827,0.32846114776131685,0.33655190533900625,0.13339160090100166,0.24102237396972126,0.2880263607243636,0.014722174108455333,0.00632640121765804,0.3429759312671048,0.03847953927937531,0.41201524838911974,-0.08620192661805737,0.15900356184201758,0.5177396480833898,-0.1952308226085796,0.21026724989916756,0.12690719798714434,0.2777354480567016,0.028008938692952956,0.3698318759805921,0.10182762984115556,0.22215410607636654,0.004351732548051768,-0.48918688614165395,0.08927820970727085,0.016632340724853867,0.11369046384730952,-0.06414757382142633,0.7704776265778683,-0.12977191621883688,-0.17200283849785492,-0.02435085352706956,-0.1204472885095983,0.11556438697064286,0.13259193735484898,-0.14122908276044543,-0.013739126872685192,0.2334423434130557,0.45892700368971506,-0.012923672027861377,0.26986024336831504,0.18222932669311298,-0.031951478407470035,-0.05321043818941262,-0.0013228118156615176,0.12258697685231579,0.19296893631715784,0.03999536028423023,-0.04552331861929004,0.051234386413088195,-0.030384877562573687,0.16601980268989047,0.15016515419287213,0.14146629103651143,0.22932684138316728,0.10498369507920735
2018-07-01,0.28459374826905615,0.4339546613407186,0.6600978136038691,0.09544920459790962,0.4705612910261503,0.18676138328598113,0.1977195143941035,0.01908259205186935,0.13657357753948496,0.2785910736180017,-0.030881592789283707,-0.0843221865794972,0.29795934615960706,0.04610569669297404,0.3358361211795029,-0.06119046420446572,0.09562176390742949,0.6220576512928511,-0.263915171605154,0.21554097578486786,0.059930930962023066,0.20992065257093606,0.1980385610619395,0.41947137753862007,0.1179904421359741,0.31231098030049953,0.0300093957505303,-0.4817735167854552,0.1869190775847578,0.16459541533356314,0.23885315118811912,-0.0573282107225741,1.1691982792431208,-0.10484140171565093,-0.1457659771333042,-0.015589085527027424,-0.12206111038111267,0.0717170583004123,0.23523496562979518,-0.13934847084859459,0.01710506449916327,0.20340707260630508,0.5169441626845244,0.038762321433606584,0.2651843234622735,0.19857146931145664,-0.05531460351784556,-0.03643415364269664,-0.006836662021250106,0.16629867610452287,0.12170820182627451,0.051655431579521904,-0.08071144713547751,0.017276951880625724,0.05060049443396464,0.19192701696721803,0.15193535678775238,0.1941454927879136,0.3045306112537527,0.0760536577367672
2018-08-01,0.237557011282866,0.36417402978844016,0.3941201502774647,-0.006904004287691223,0.47879637461875846,0.15015863037340593,0.1738153682184278,-0.016646680803269254,0.02047279668396751,0.17289608383883714,0.029760030321850817,-0.06750954014682575,0.2701135837730215,0.052262733908728265,0.29539441637003794,-0.04677283510975183,0.13146407806239835,0.6569333191546713,-0.017457504102615262,0.30965016609132046,0.018265530742242575,0.33026121991120627,0.20710461980116524,0.18924365514175867,0.07157308157151787,0.3869331719542146,0.06898327991992304,-0.4758740046580102,0.06240922969599372,0.17526584953623114,0.12647622924219704,-0.04069611034113896,1.009281324177051,-0.13917506538826052,-0.1265329400934624,-0.025362556566598915,-0.05076622100789052,0.05940816861192255,0.31573704074017983,-0.09225234795797899,0.054903559959037285,0.18055106566915402,0.5244486439509362,-0.02633045468099593,0.2710798929231766,0.15907939173410468,-0.038413495326309555,0.005656204223723815,0.005810070056172734,0.14025650588151017,0.09650475835703909,0.05804887516608148,-0.0484501600697026,0.1142816441691501,0.12777191592889903,0.22141564240866307,0.11044747430260826,0.014917621819171778,0.11312985425082034,0.2038796264121545
2018-09-01,0.15848809490052407,0.42381322455928583,0.382462533714544,-0.10246516668489125,0.41561184366307335,0.26876699379587987,0.293189707827471,0.06331430581508157,0.11418222413667367,0.20945899442440297,0.12507532453439096,0.017363917412694052,0.26870143837829374,0.22710938032328642,0.19044053551906326,0.03880670226242233,0.2124526982888304,0.7436585606757371,-0.2287248546207784,0.32340899788364075,-0.00042384653209770473,0.4487005363004206,0.30719390827084103,0.21263499822274312,0.1635216389051679,0.43285925463268127,0.14578126089089305,-0.44710107298797963,0.22939162920981881,0.26019252037408847,-0.022755144695741025,0.12064490547439188,0.780584653763644,-0.12264984217898445,-0.11643492091716623,0.04962886624323848,0.008873241372236551,0.13024908981577488,0.3912359861234993,-0.05984999618457154,0.09101134868401362,0.19638291647612283,0.6320518702390179,0.0703542059093678,0.4806239471615761,0.13664951576575746,-0.032480068273201934,0.04701040093710751,-0.00956929559864117,0.15178325184732655,0.05986216555817414,0.010096094876950845,-0.06390627210624478,0.1652088920482888,0.09364788386835676,0.28436158123033706,0.15112730745552394,-0.03927128607175834,0.05155866507623341,0.29041710365624485
2018-10-01,0.45049922787199304,0.502975496042291,0.4900291749126613,-0.07809323467749463,0.6025853761623365,0.21148617159520566,0.21734021656420022,0.0030405699920057483,0.02358879949030923,0.07486109137944896,0.05913480686953587,0.046073521958590824,0.36392516234136796,0.23826762233694398,0.07240939129988755,0.07797526935065369,0.1875156564888858,1.0000624168692025,-0.18505814038237778,0.23021781931909957,0.04442526760148269,0.5684607461575792,0.3272629798130089,0.11129469988862839,0.12584688953631762,0.30617050151999115,0.13944430690171328,-0.4677412779239314,0.13047809047645997,0.24110585975569165,0.0013468047207336742,0.1444511845532992,0.8638278348942969,-0.14374019064386867,-0.07307306293242843,0.014299573227909645,0.013605655088035462,0.20263681257782018,0.40926876116065314,-0.07771673730907314,-0.007519489782459976,0.02019293371030617,0.46665675927793315,-0.08680936259011118,0.19912854003229552,0.17758515323520663,-0.008039199744029557,-0.0896389186742681,0.038959852904005166,0.18006467256894187,0.08305591236511156,0.10431765160657469,-0.027972595866834316,0.16577849410605117,0.02468587400495914,0.14186188067135674,0.12164482121067755,-0.18207847020756895,-0.06649307153957851,0.2619935418317616
2018-11-01,0.32138273256932437,0.38317632607222274,0.30282601625407324,-0.05220655468992674,0.5284975546437292,0.13395832750930925,0.07447664870993465,-0.07302383256926093,-0.05996779609753866,0.005361296254608572,-0.0628568250014312,0.009252095372843439,0.2577546967953268,0.3212039393462054,0.04050142017499003,0.30048888532752827,0.29173226976470445,0.7466987655938118,-0.2706015841622831,0.25803236284091713,0.018579532653802078,0.5297386719267807,0.39917682086506345,0.12001191330198435,0.16244699821130415,0.41713104389760014,0.1768747707166789,-0.444938901445715,0.11248534925706366,0.14805280153142797,-0.11156634858780046,0.20295487499395337,0.7559776172531556,0.06017208794772344,-0.018574026247552777,0.020661024236266146,0.02277750498796327,0.06653888731218682,0.4519515122040756,-0.03802193644630014,0.04366260208455364,0.07716764914512475,0.5110321868883929,-0.04503580920970873,0.250483730119089,0.10537280992653342,-0.059685143280394315,-0.13412382673924783,-0.020778012770180543,0.11537228187128501,0.0669642392915426,0.019788751796902204,-0.06548985876496238,0.1807192751680926,-0.007076232494858781,0.10961792633358813,0.07017971526705802,-0.1756522412680397,-0.07119286926926849,0.15002902406738738
2018-12-01,0.25971567961595277,0.2735162482357225,-0.04291798742801778,-0.18128695804152606,0.27875128669107685,0.04880503212154941,-0.02178443930778018,-0.08757708148028354,-0.11104632034253892,-0.176188531793654,-0.056516165874297974,0.02304685777303206,0.14574242641020718,0.29312092703604087,-0.2228594729596286,0.35296732915915774,0.22070184980165064,0.2724155511823385,-0.024861992454187742,-0.02693798430533012,0.04428494889506651,0.22845309337176234,0.08623262313880953,-0.17297266809969547,-0.026294839293102723,0.16187140726314087,0.023298524405550358,-0.44773668641052045,-0.10600758661602772,0.028420375639406803,-0.16939904936759975,0.10459367345106108,0.44523561585539406,-0.11890104221931319,-0.004954609350755312,0.07088476983298575,-0.01799992724899324,0.02611080496769036,0.24434713575278044,-0.178209781199544,-0.023333578234801977,-0.04597867669378963,0.35696957384916694,-0.1866424074241384,-0.01454711174838752,0.11605378608634287,-0.03892678059133925,-0.08854981886067093,-0.028268203314288587,0.07965523613344017,-0.004133371124117824,0.09464058758646887,-0.19209579132769472,0.1774139226341196,-0.006663042975883604,0.08542095826789486,-0.03503587569769551,-0.17113571861410448,-0.23324210444611648,-0.028039547327408987
2019-01-01,0.015451995440902921,0.2938846104759285,-0.2601012529593216,-0.057637981535619276,0.35663218200615643,0.05269899608256767,-0.03933721679559654,-0.26323408621101985,-0.1441766861209104,-0.16424289579019868,-0.10826774267199601,0.06287806453544098,0.2696328103685104,0.40352111508059507,-0.06383087044144331,0.42876789169022556,0.2970477657003032,0.35215109068125905,0.004360993020541715,-0.05703523542769995,0.10314763133405402,0.18858171385240263,-0.02422780202704833,-0.1669856807517882,-0.001715334973215854,0.14707865844986778,-0.04885584855956815,-0.5929717809457424,-0.028293579955864567,0.029273287282685523,-0.22981041954412817,0.08346994328684598,0.3374045517288238,-0.14267391350307568,0.045426006501200655,0.1140438785464779,0.02558515248773552,-0.016416984528595746,0.24365795066468277,-0.154046436298809,-0.03843289568283248,-0.043153688886147346,0.19760642740438272,-0.3377567659080728,-0.08084486373308353,0.18055339544165405,0.08035899024468751,0.008739334004814303,0.07706056067952471,0.20011804291947155,0.06732598747445762,0.16422023719317025,-0.16113217838432392,0.1117400084977127,0.05081411912456102,0.037359692524148835,-0.001460923331895625,-0.1460667866837303,-0.3976232008220616,0.015857005102173583
2019-02-01,-0.09736449714691342,0.0731888012580415,-0.5231193812913695,0.03662790332684218,0.1735095395585562,-0.15094610916587337,-0.23729452339183177,-0.38850207698996186,-0.2937086785864178,-0.30190789513868754,-0.3034549138634125,-0.05769719242816718,0.04457057077560567,0.42739117557153494,-0.20323291457978776,0.29708329160883395,0.20554595628421857,-0.019001643367658305,-0.15663541983597928,-0.14665866789399695,0.049971948027672575,0.07926832938922468,-0.1470985227881526,-0.24601657365320473,-0.13583563711701652,0.03549296724970041,-0.2319964677828763,-0.5586007803705857,-0.12202589568017075,-0.13262127223566822,-0.3226999031010733,0.008347491694582487,-0.07009468146259179,-0.18980909515373412,0.08377706235262683,0.0160927073778252,-0.07854977022044807,-0.133644218743162,0.040929592960671224,-0.19607248130706922,-0.2101247799299908,-0.12032163262172446,0.0535374899505765,-0.5304436002254269,-0.2822378727584812,0.11965665826511973,0.14286099874814817,0.01088894312051325,0.11970490148948576,0.20311923982344293,-0.09333662603232706,0.07610882529743357,-0.23397838862220377,0.06553997104685139,0.05497197443145563,-0.029292742313059117,-0.036992005832994446,-0.15380619333000345,-0.5000790855999502,-0.07397247393533413
2019-03-01,-0.10433994781438005,0.11767319451835223,-0.47973670670760205,0.10998486606969382,0.26964457605785963,-0.10462117295768059,-0.12557671652550517,-0.27090657443881583,-0.24419389869400376,-0.24116757930874255,-0.1624088825183313,0.03549915267439441,0.18373917920351968,0.5650917789774077,-0.33900439945023597,0.3959319203384748,0.1957411011309873,0.06883100772143713,-0.19878208415949927,0.00766686780598147,0.15094300417309947,0.2076917001799734,0.04671063766364636,-0.17202588123659623,-0.009048902861859554,0.21074214397651447,-0.13182810989106808,-0.3378751867622031,-0.0003455938444389961,0.0006522318815276318,-0.1186043029835353,0.08990306879542298,0.07059881174566018,-0.1359050983509792,0.2448717256496249,0.14276521102652673,0.04271909820988684,0.0780023706553108,0.1183031951948963,-0.06524368791289947,-0.013075046130407553,0.04416032420505611,0.23871839715108156,-0.35643882042461505,-0.07486711486058428,0.20090700295553532,0.21209585572015155,0.1675471013523977,0.24267663322012023,0.32357867984165467,0.14226017750437436,0.2502586556197621,0.0004090706642330133,0.22804202710840826,0.12390432109020111,0.1013700086095688,0.04345438883062891,-0.11141236620390116,-0.4116192788875257,0.028857880754881382
2019-04-01,-0.013984499893973545,0.22351844464333026,-0.4177874111475688,0.192508661605306,0.36307163165734124,-0.04301764417352494,-0.04189595756533826,-0.24540302370800304,-0.2151739491571053,-0.17980091123287967,-0.03987474576213279,0.0703568142886637,0.11601568113200456,0.6274321645677852,-0.1725556450478073,0.5120466595208655,0.24822676523371312,0.0654885641757843,0.11796956271858106,0.03971418047552966,0.1858558035527178,0.2744497164743045,0.1692294271482382,-0.09780082737465601,0.10445259915536065,0.22939119794745721,-0.01570416933798846,-0.26974780483903615,0.0362810410506591,0.0678748389405015,-0.04160148279941245,0.13300245436118163,0.11264555544673072,-0.07030355530318333,0.2690105348564453,0.06934026612099387,0.0755494832354644,0.12606248475913495,0.15143351159685103,-0.07746696189322355,0.06665901768148963,0.057793876710041436,0.1358913247441924,-0.3546531329017997,-0.15412806858519446,0.16708943465178305,0.1904711020249279,0.13706211836879856,0.20825722505277322,0.2687537583031161,0.11535682974701222,0.22235479665924407,0.002322193488523361,0.19998636927119384,0.08571854785772004,0.21339009054086233,0.15767116225844724,-0.13072720379991165,-0.3092531724949078,0.08040242831832178
2019-05-01,0.09816194815199775,0.26092497902550527,-0.3084970283838917,0.31361671326644736,0.26822947208409964,-0.06195288210105154,-0.08869394420682875,-0.21743989347765158,-0.1744726539871937,-0.18291465619523406,-0.062490224756209134,0.11638312041236443,0.032773219242928864,0.6053497687162197,-0.17497493416347698,0.4236326202647611,0.1857836659184784,0.06900606633656459,-0.11890677346624279,0.0337069023835499,0.15304643105262938,0.2129019644814032,0.2981634191789413,-0.09122054394536594,0.14321427957574806,0.2394930797646142,0.06409709753109061,-0.3272366090688036,0.16535066460475933,0.1350535151826524,-0.07881995034562239,0.11590404275761346,0.048787373920717636,0.02540725561034818,0.4728530908573805,0.10051843100843394,0.23407178040307364,0.10911368261370158,0.21646934206790402,0.05904933322881023,0.05842904311782693,0.006502675969891181,0.02063577723094756,-0.38908858946596403,-0.23231689130851352,0.204902187684872,0.16752065241238911,0.1583990841414069,0.23190948936615663,0.2958531860926046,0.10352201006947115,0.4520792035467547,0.06918130082528196,0.20488717825296554,0.09886546730485346,0.16145010238687596,0.18618583320623783,-0.09799621480051746,-0.1934523511659405,0.15109592398388183
2019-06-01,0.03166698744125607,0.31664692176357523,-0.3745988979802972,0.2798836937249829,0.24025420050182777,0.07844587835922945,0.03600059095345198,-0.11515206251041121,-0.04056826373806777,-0.0947922602387059,-0.09541388953682317,0.19427907198951733,-0.04475920344805451,0.3740334248088093,-0.21464900101577877,0.33985783336571607,0.15432280406062682,0.10904357681685162,-0.23485603911921338,0.09281456075870165,0.2556961155373163,0.20827675784642707,0.1692082049654695,-0.11480648079398459,0.21753532219811045,0.22913948440398557,0.12869617806916644,-0.31499681253561285,0.10256031317818781,0.07358254513267437,-0.04578097292090866,0.36192546278778703,-0.025844905130008478,0.005142182581934218,0.47641252444164217,0.1662572078451401,0.29714638583315933,0.261226581654193,0.22668086668006526,0.15452806749264147,0.007362932542964495,-0.01290781263200691,-0.06293765489694514,-0.4026545086381792,-0.22427047677721812,0.19805462566024112,0.22883203847160405,0.2252616259322744,0.2962641726084203,0.2635669495411723,0.19207861947336347,0.4109951490268966,0.13955872647702394,0.11980509034719922,0.07373663064679747,0.16743226939236378,0.28917070135468537,-0.2144505948667177,-0.30567364890515736,0.1772781166275217
2019-07-01,-0.10410054841611216,0.24248701977859244,-0.5265330186499059,0.017510820612027578,0.07386503127954502,0.015596810913851344,-0.08500274583453993,-0.2059482720797624,-0.15028820367982543,-0.17918420361909781,-0.2013976914800487,0.08264277393722397,-0.024974170454888478,0.34721452604129,-0.17723048328565805,0.3225996238892137,0.15743929886062435,-0.02295554177566561,-0.5187028890600354,-0.03287396504023077,0.28712449116200833,-0.04770176604539578,-0.05705609306708914,-0.14722085207913427,0.1754955560229079,0.15867153710772097,-0.015580659339547998,-0.34373970616778093,-0.015337454933650352,-0.03777625939065743,-0.1391314182965787,0.2468018329218733,-0.187478728291538,0.020556916302829187,0.3491684190568436,0.14524095207044585,0.18778829347085435,0.19235024491334274,0.13348506805639593,0.08125063084152329,-0.14384545429310736,-0.08872741137358575,-0.1577151165666918,-0.5147419722451609,-0.380342646499755,0.21217542703155834,0.11176670160915414,0.1789101816386991,0.2690683820438422,0.14746018192196386,0.12138507815977162,0.45195303763027406,0.11886882517036113,-0.02862620000341276,0.07804519891386263,0.1554180581834741,0.32269886669403913,-0.11726286317040135,-0.4787989729309865,0.007136857496044202
2019-08-01,-0.01785696182073493,0.2546655487544458,-0.4528884733739308,0.2501216358975977,0.07026364095900384,-0.025588799703171516,-0.088992043729752,-0.17251832900274455,-0.14283187212881765,-0.09102294293347779,-0.16956776509050098,0.06157617676546834,-0.04950801651057046,0.1280799755133213,-0.21762409578283604,0.2831302181908897,0.11034195077204467,-0.004257396413607006,-0.33511501722461146,0.042437835567156856,0.33848207727103574,0.07039720323878518,-0.0208031863937006,-0.09026168863893147,0.13575544184674526,0.11782828029683134,-0.05767484940055145,-0.28130740625840356,0.10523160073645155,-0.13095848303361135,0.05869487203111867,0.2188468316990928,0.018679635126654714,0.11882428451440541,0.38558530088451315,0.10850863455121051,0.15330834292648343,0.2494023795423701,0.19336793714792555,0.07668672428234657,-0.05189187577758636,0.0025145009289415654,-0.15526737066917384,-0.45669642684115974,-0.3244203836336427,0.2474938476891424,0.1218898842629359,0.17441058104995077,0.272548201755068,0.15522049243310931,0.2076293427184075,0.37563054672533625,0.14176366347010827,-0.06391411314571493,0.11428414259087405,0.20810813411960294,0.3803678758581761,0.04075561776919434,-0.3566855574374366,0.01924585475045859
2019-09-01,-0.10577493692183637,0.20701767402925997,-0.505627367174958,0.28727047268570827,-0.01593378938051615,0.008132522738448111,-0.034341326356942536,-0.11339657314865004,-0.10231951686646856,-0.040925814247013914,-0.16776542091752078,-0.02565181064642086,-0.07980735867168198,0.03960368789873048,-0.32017153594695813,0.22872491191144784,-0.04803882762807843,-0.12699828348641107,-0.2915084123260163,0.06069786201721872,0.31935740081062036,0.028199842434897926,-0.10163750329427046,-0.09547957148081154,0.1259834580023853,0.18153858882087115,-0.003267228935680655,-0.24481468832150954,0.11756693587210854,-0.032169591904035455,0.04649167916434238,0.2550006417925823,-0.18247494298075506,0.11493951676511793,0.43839944936942854,0.20834033760921833,0.16277837339975076,0.16468332455641388,0.16899969170246476,0.0805182944143914,-0.06490140134314282,0.059380517513084374,-0.19942045120096963,-0.40621587337943,-0.3218148025222116,0.24263760194050632,0.10756557341021988,0.33302453930183984,0.25925277103690303,0.05405795359002785,0.19535617921202597,0.4205634631009527,0.14503465000433846,-0.08449075767328207,0.17336217422100053,0.21914835655887277,0.3813635374818636,0.18991136941826348,-0.27316786225021517,0.09788703785654396
2019-10-01,-0.11975123113626818,0.19492444030908485,-0.5100468615943806,0.1207562757852132,-0.04490339164731272,-0.024655985703570193,-0.09562046348807662,-0.13319349563250182,-0.11761104443821113,-0.12397631859222435,-0.11168133747720754,-0.06958341905139453,-0.1291316579801619,0.055009791672101516,-0.30876613117414065,0.23750899772545653,-0.18760721018804394,-0.16634452113591947,-0.24105619350519114,0.08938333562003886,0.31540004128772314,-0.02218360850636758,-0.057096200849864776,-0.25031089199035494,0.022483380716026957,-0.02416581173967791,-0.08801244248409845,-0.33224623942048437,-0.0016818069258798252,-0.03484027912772558,0.07026265129684606,0.16132815402509193,-0.2726996992948192,0.11999368489651374,0.4691746609748444,0.2189240461413624,0.24355638075750874,0.22297163581237567,0.23514249079436977,0.113458180033434,-0.19731557988129456,-0.028164196275581865,-0.3300636590457686,-0.5127492127627907,-0.4596881664218958,0.3230497250048181,0.18632467161139754,0.369247499150545,0.3103786583807313,0.0967877433992177,0.22807694354784336,0.5810811060332621,0.2652050372069603,-0.14236624558767041,0.3462588792011754,0.1792147400109274,0.3608638434872844,0.3310265547899085,-0.39892227254146617,0.12554559209822824
2019-11-01,-0.024221729035193706,0.2977452749790721,-0.28537657927035853,0.204549784764255,0.06401971572688447,0.07967708389516348,0.022856647737802493,-0.1182034245869954,-0.07460416445455942,0.05971389953044737,-0.04294649297671749,-0.06747663096436096,-0.1817348927267547,0.03932070550831068,-0.020374511755218316,0.153818415564285,-0.15173767215363676,0.05215320413171276,-0.3490295422306139,0.3258109912960916,0.2336105661402481,0.23332647595571676,0.13664068282045827,0.02988318270860746,0.16837306158685794,0.10033935285131679,0.08920890167870521,-0.1967643786057005,0.20338873843148653,0.10145293954036227,0.11497915716868023,0.12149431595306726,-0.15991787894586407,0.3181382097507177,0.42843026399358664,0.15430666767472268,0.23041542955656125,0.19684619395350844,0.24321593408435116,0.25024714664737857,-0.10473666509116708,0.08795618130726157,-0.18838811179927162,-0.3869019643632631,-0.3314639239943391,0.37235003122667454,0.19976266224875827,0.41838747490754846,0.31112373002370575,0.12580898563437914,0.3076991071743238,0.41126915494243743,0.5197373026225571,-0.1255207856304663,0.20913223713720197,0.18007683925683704,0.4406651757405129,0.2288410113567123,-0.2391148395052728,0.37708126434270994
2019-12-01,0.35351003368018974,0.2893035546515359,0.09681418342633874,0.213346586568943,0.0777135127169486,0.11430904000982656,0.06634389225077952,0.08966174598778309,0.017677136240707103,0.0636285080286021,-0.039393754446630624,-0.09223537185698638,-0.11942833772720396,-0.02849634043230065,-0.14480315330281746,0.11163262884505332,-0.15596040643534403,0.01940847776131749,-0.20495713232297175,0.31563058654344145,0.05826610409238553,0.17331319639320175,0.1582912920522248,0.0012540932237044,0.17691612539350787,0.06979894735645198,0.16660269028685692,0.27069862517054744,0.09973449456362893,0.11557011903971803,0.29601665096033636,0.11167538560529766,-0.04936161285059082,0.29190078460594227,0.3333000976937013,0.10578392770364542,0.1459571180691528,0.21472269027285762,0.2668577328616937,0.08649368988826356,-0.14219520929081952,0.001789345407196885,-0.17236024196693978,-0.3163269172036345,-0.3660240270618914,0.3341127062237734,0.10299730137382967,0.37041108693088787,0.2484827986433802,0.0008271178091525666,0.29770828238849845,0.32584211375850614,0.46797210525401844,-0.1637291348607185,0.06341817430884844,0.2577195264532848,0.3360129775992169,0.23519414549334905,-0.24102861432531508,0.3323985763111523
2020-01-01,0.6494876762491262,0.48321451709883667,0.47661527419590355,0.22254094230176968,0.16932496272506325,0.35955920214226667,0.3217704568375295,0.29590282179036964,0.23824928149880398,0.24425979765579298,0.19849686307727787,0.07719459066670087,0.10097377036882826,0.020370689130989827,-0.027009213026501944,0.16200804464980045,-0.10831620359798033,0.1714586670673579,-0.12249287301850853,0.288798043382287,0.10555389550476035,0.23640452146151625,0.24857012325580774,0.13237822283450518,0.3501899876294392,0.2638663333193141,0.3831183463034902,0.4120477362765671,0.10198084734523949,0.2288114139423889,0.4645446248793945,0.3533138924489885,0.11087745438383312,0.4045432485095479,0.3528858051875361,0.14723783266969437,0.2589602006767402,0.29461163665857804,0.4633379692125601,0.15612850679802137,0.009639490502026726,0.09751688448614293,-0.040756984535716745,-0.030192750243710487,-0.21621785092898227,0.3604541305295357,0.04518030735375089,0.44524870534403904,0.24546934287088762,-0.002846320812107228,0.5672470536899039,0.35386056624136697,0.6008259305392816,-0.07835716029942996,0.05894474939668415,0.33204686049016985,0.48081147284308945,0.11613159965187903,0.025665551399658426,0.4639723986479334
2020-02-01,0.7176087245197476,0.5070680692743172,0.4888881257683615,0.1483512286067501,0.05761981794407123,0.3568312568378105,0.2130495767801739,0.15593478233405933,0.20093016621688453,0.18901391152726976,0.12806271214370057,0.11410466583059553,0.06834765473687532,0.10307049568325133,0.13940607651910453,0.23499889131651153,-0.058341108139161046,0.05891593766336567,0.1810158727817266,0.19734666021272873,0.12264387403483057,0.2180009013374713,0.2249872510539941,0.10356554714002364,0.24141690581057973,0.14411549980893867,0.27176771296108004,0.07915633070245431,0.032412852943418224,0.17405270082676472,0.20179824398750235,0.2587836812055797,-0.07744675469941364,0.39464455355280337,0.3202183388243096,0.17768033708997066,0.23277382475471087,0.2496442437983546,0.36312372776050483,0.08332016619601079,-0.024334603764916696,0.08269708325413538,-0.04135113246189093,-0.11747258080466372,-0.18992593145025305,0.3751636365678688,0.07357147807520947,0.36118520928802433,0.22743594700140757,-0.024223438028732835,0.3025943716198911,0.3255550109036025,0.4892844310453215,-0.14832987528369135,0.011539442622820362,0.31040559678644764,0.42449392060017543,0.2686938391934861,0.04482552664478523,0.37321142508923844
2020-03-01,0.739218064602273,0.515807820857979,0.3974143020390064,0.09122183278263152,0.09712848580304567,0.26580544922743,0.11086175637395268,0.20257725781130853,0.22804107410561048,0.17682874246335611,-0.05313784018557066,0.10754699996252226,0.11284380607523214,0.11181000888464965,0.03928577648802256,0.07176516327974203,-0.13192201179299035,0.20388899316054676,0.6354207173654374,0.24623669617054889,0.17903288768768144,0.10543515927886471,0.08645690061450972,-0.060804249819435996,0.13498043857972308,0.07843638562076105,0.2006027830790642,0.1286462905521344,-0.05474895580693895,0.2524526848377828,0.22108286862164483,0.19598577072329393,-0.0677674816792746,0.2698252371914922,0.27987060969694144,0.3196549009917533,0.25603543364296355,0.17065762561492193,0.38952964464649376,0.13018804089778335,-0.19834129801855538,-0.08322185583674624,-0.12973171829565688,-0.26338924987054724,-0.26434037372901453,0.44664228192379585,0.1228024681702482,0.4648249055318163,0.3141844732143575,0.00043441716195657953,0.3466512769969763,0.3174998100695463,0.40327087747651413,-0.2398712796505722,0.07649348323849492,0.1824481066901178,0.32504679884612453,0.31898562238511863,-0.21403770542669165,0.2744336407890302
2020-04-01,0.3886683993748006,0.3648068269072635,0.37332896241003755,-0.11018504939857166,0.057694718373840326,0.1429042809076475,0.0013100317359389102,0.01987786780155054,0.04773963126697045,0.06239302632458399,-0.15778773313135108,-0.03346235049246016,0.018042667818483515,-0.03276760434876902,0.09324873496971176,-0.06717766274836545,-0.20065708182282593,0.040757221598529014,0.9376094109468724,0.14777870676916627,0.02480650923640404,0.04163533327808122,-0.042126331740922396,-0.09422216277030837,0.023017308874851095,-0.048478844656872355,0.0013652432104978018,0.016414740938473393,-0.04251617507625782,0.11898638456286958,0.126630118843025,0.018972315201438272,-0.0009343028436100687,0.1993047839355051,0.104781007013665,0.1653349608093182,0.09221147855177736,0.11544280248212901,0.15361692645546454,-0.0019992731282736376,-0.3704704127804376,-0.23978656419956323,-0.29965829132060107,-0.42024036977846346,-0.3741449241816138,0.3135043845542138,0.037712141632060714,0.17869122400938675,0.06780506039280976,-0.13210884052662797,0.18428153447285878,0.15909260063878805,0.2691833294203605,-0.3113199273560284,-0.024925142235626585,0.09286432353949792,0.15388001089651349,0.2474274853755094,-0.29575528322747335,0.18264064940515112
2020-05-01,0.2243235739597218,0.2085844851415728,0.3302239862659815,-0.2818388339027289,-0.15686424003834942,-0.25027706345721124,-0.3594706007399895,-0.29020204413283,-0.3356487415180077,-0.11140954242832646,-0.4471869739767784,-0.06112299686395539,0.053780369484344615,0.1866914769061523,-0.020778893964746303,-0.014927679588841225,-0.18294359647468106,-0.001946064437590267,0.7448392265513379,-0.09029520871837005,-0.1664599438276234,-0.07710248749601811,-0.2710284573072116,-0.17952879444776348,-0.23590429134814184,-0.2071194887465887,-0.3820921152988431,-0.3166948653858487,-0.19428631634585658,-0.05743302215405144,-0.15955225697413178,-0.32386553159003717,-0.021213139092964184,-0.014909019255891498,0.04860016959562374,-0.10452604558949252,-0.05280894558863902,0.1105051450678991,0.15622877916080125,-0.07564326520110876,-0.5497270141078545,-0.40826864932984974,-0.5886105228260243,-0.8120786763288985,-0.7308025830737579,0.24848161654840362,-0.0937237091491816,0.030793166036860997,-0.06202528413750841,-0.2743735752943208,0.05335290412538529,0.1219584648022991,0.37956784299882984,-0.850170405129349,-0.0974726486422337,-0.043581865976959455,-0.03442652774238075,0.4665630688977387,-0.5489650637829734,-0.00724752174510801
2020-06-01,0.6225893588008915,0.44152138665827545,1.06653224287784,0.08263331957780151,0.033306150641936094,-0.13165210001505934,-0.15812304472675143,-0.05463155541185516,-0.08743539045537585,0.19833990641817567,-0.38707379897145633,0.15028784304428489,0.1827970167968569,0.32815797714510486,0.07635341478272317,0.0169948639456996,-0.07158248155848812,0.3459402863235166,2.274747491702926,0.14494367783038942,-0.0647134491763649,0.1159714746329168,0.07532109888825222,-0.036967821538444134,-0.14369235632331734,-0.05153111442572589,-0.2349422005463746,-0.375398451034582,0.01971685192804551,0.17602939470433654,0.10779534404911773,-0.21886849430479316,0.1780807668347395,0.019827905076202468,0.15224934193170614,-0.06545142468638587,0.04554011071443109,0.20687198800505224,0.25735790773197387,0.01617479244884268,-0.3806799831849679,-0.22587699967392505,-0.4205302300479853,-0.7106415781528461,-0.591113641464329,0.17561446161596783,0.010715451997539427,0.07332978852607686,-0.032443683140250035,-0.22408399457410377,0.22098589044301709,0.14043465012671552,0.39484537269284714,-0.8074105591679013,-0.20799519666609634,0.018179029790457157,0.10179937954763663,0.7195231413062548,-0.25348503573279113,0.24727721534976754
2020-07-01,0.5540904181871518,0.36004157277873805,1.0677960070551928,0.0209582154468142,0.10980198225312998,-0.1541142448740842,-0.22281286708902304,-0.09690067103452382,-0.045730092390484645,0.1235648422298512,-0.48237872290431216,0.06878539960328767,0.22072673298074297,0.36807035281438405,0.29025030520405615,-0.021188694851917322,-0.12078298651690722,0.2479353432258915,1.9376790458305182,0.17783739871029924,-0.11693502687598623,0.15241968739353928,0.22069648098958772,-0.11206078061293911,-0.17429825023274614,-0.012423574358242706,-0.2647772138633536,-0.45489930589151584,-0.08498263366310677,0.27715525480556447,0.1190556565994838,-0.20018824738256547,0.10307986795537638,-0.03214466002538985,0.07263970916201012,-0.08233925420033217,0.015150300014161067,0.12907026525902543,0.16532516502444605,0.022033485725525548,-0.4446611998098271,-0.2977410828166166,-0.4412133817299273,-0.7214240387637253,-0.609165567585993,0.24486119928535177,-0.01803817888149417,0.03397468363096534,-0.0365024081301456,-0.20227077778508984,0.15500767509486768,0.2643989292796509,0.3816903432270551,-0.8350612905879974,-0.13844636372636987,0.003502254975360941,0.06469588310703789,0.4688021477785902,-0.3496839161448525,0.25941536168268065
2020-08-01,0.6504560579218399,0.48112045629116906,1.1499209809167303,0.08455252082666886,0.16560893790715658,-0.21191170694521477,-0.2792978191493902,-0.14839849234641955,0.021579578475691585,0.15113651074294587,-0.5006377342380968,0.0894499623113123,0.15196912303101073,0.4964889233269574,0.49582388105448083,-0.0597495024265291,-0.15643008535202974,0.4202587078574562,2.4254780506943114,0.1482398011393129,-0.13256769241025723,0.12162649217194432,0.2584721012016553,-0.032828816436797026,-0.16514961690083618,-0.0693241320416973,-0.30989504874886886,-0.4315771106655495,-0.059189576711196956,0.1301399769154168,0.1217302611457205,-0.258360912900797,0.368138812866188,-0.06702247587116328,0.029954462376039936,-0.15692657380978092,0.039692278195686104,0.09547713088362175,0.09898653066425767,0.03408112501104732,-0.4259717923884824,-0.29915062290669825,-0.4192022154435411,-0.728061007630948,-0.5769822549608269,0.15459622370717363,-0.058413580302672186,-0.06842612939551707,-0.09142734358361793,-0.18647099901579434,0.16265689988228993,0.21894457620388175,0.4025727616047483,-0.8099318032710086,-0.20749185394955472,0.10446798995457818,0.049623600490504405,0.6267089836661863,-0.15012263600252107,0.10348038099006551
2020-09-01,0.9423067463762655,0.47488759810652237,1.4072774655671876,0.1285522693624448,0.1993591097989833,-0.1503743825954853,-0.14785300332936302,-0.0762294892289237,0.10400618693500885,0.3604381127003755,-0.508437461759273,0.14495615463754685,0.26579918435127947,0.31650287870124805,0.44250610037310834,-0.05633508028501444,0.07612003082716545,0.6996394671946997,3.712354545282767,0.14781601777633502,-0.11747631694168925,0.13698510469641811,0.24777227111508782,0.11943905726688686,-0.09593401806876156,0.06625009223600764,-0.35103357069074925,-0.34230969120397203,0.12957243024282117,0.21237358069205503,0.3048010444249558,-0.19503402131848102,0.6200035993328401,-0.13474499009210472,0.09766363494418284,-0.14079963860827183,0.020491271728477978,0.14069654655824082,0.10303100245784247,0.04757330324204734,-0.4125044716181687,-0.31114372456477124,-0.4176319307779528,-0.6585550848201368,-0.5451373459629432,0.2699964186911963,-0.06562961097692599,-0.05416203403431663,-0.04791393962585522,-0.1753670694813363,0.26506491574604074,0.14139215631443847,0.41461017797517186,-0.811392607849684,-0.2334694959443775,0.2853975304933778,0.24845198147202097,0.6716846959145737,0.15180727078110112,0.19817820733430858
2020-10-01,1.1593141596794423,0.59678010956423,1.8512613099560937,0.26165095425875795,0.6868451104976052,-0.16871595206146006,-0.16766325984578911,-0.06547409378657065,0.15314932039156437,0.3341273577963906,-0.5514955357027151,0.1852931730148828,0.41028956305925024,0.305697050599147,0.29060924494858886,0.028649289993525562,0.04624814637710983,0.8902968141195824,5.876335488207977,0.20778477896284397,-0.024584719310879466,0.16598176711021018,0.4065883974766269,0.13677198050381345,-0.03429420950615758,0.17030987873761627,-0.33844312016455,-0.36471439859232324,0.2232457595968811,0.2898254665721143,0.5588256252951684,-0.04896981337193984,0.929217450977845,-0.16708035080618922,0.12514424532036283,-0.09015445700953661,0.03533108436773458,0.17090874788919197,0.20273606689840173,0.09078158398292047,-0.466118625485342,-0.32318820204323506,-0.45219235373527844,-0.6603133290177022,-0.556610085374404,0.183573152805671,-0.15255709342226165,-0.15573729149510374,-0.16953747731341617,-0.23542198017865124,0.19888298800866622,0.13211212124348792,0.3667598856681775,-0.8030938386764921,-0.1196508202795239,0.27153838887366066,0.2962428895773668,0.7113204953213976,0.3163206868443589,0.18662825025272878
2020-11-01,0.7463064962803616,0.4448080499894296,1.52137970764863,0.2381579199741788,0.4717088673776946,-0.24679952859616971,-0.27775869217851845,-0.10399895548344273,-0.011853689149135649,0.21097198581669652,-0.5716873593997434,0.13453980851624925,0.21741305618671314,0.2846608255718852,0.12011004420445959,-0.03416609103556967,-0.04698879909979492,0.6781070234624771,3.6105971746181327,0.15658680159673533,0.10479271418377412,0.3679540270029802,0.3957574600792806,0.09481833511750914,-0.05388341578076383,0.1777633821520206,-0.4023044010318826,-0.4382586410420949,0.24352522237553886,0.1190785765093989,0.2882401608205456,-0.10412380067222848,0.6974247896540893,-0.21754590398256568,0.12931998322652216,-0.09949294427932165,0.016959704272424325,0.19905057122432201,0.19122264542371625,0.14016849116585894,-0.5151596400040255,-0.40479150109413053,-0.515163440351524,-0.7203006781923049,-0.6346182426141681,0.15642761326472399,-0.044162248886628896,-0.1259826460701705,-0.13910614076181638,-0.204153300269605,0.14351069384273285,0.10852724637788924,0.34270873858046613,-0.8062271252644454,0.010852943829556594,0.18306520749736754,0.3677214946270806,0.5338596584742135,0.2856930693120141,0.18613666990202082
2020-12-01,0.528634423301747,0.31812217382058616,1.1661474099898217,0.11301666278522648,0.3034526460386342,-0.2773652922735337,-0.32725156676912126,-0.18858661617413108,-0.08828700693275982,0.20857664046888713,-0.6306727999038044,0.0006309251785570069,0.08540701208133616,0.09037473006341723,-0.022068579900941132,-0.1269968420960753,-0.08278634805058582,0.5954766925241917,2.9631706288139874,0.1895010533619501,0.0839360141813903,0.2531678280817,0.2599174163514044,0.08934413658924334,-0.08234141800061967,-0.00751390402758767,-0.4545150154691746,-0.4107649681750598,0.31851317719999384,0.18653639779683195,0.23159736278022103,-0.24171682491149116,0.4789328133349844,-0.25124807164615526,0.12910751597357395,-0.09924110955052112,-0.0057204105267271155,0.17093475982360617,0.18667067136694437,0.17159647353373964,-0.5436981524187897,-0.43065853724592784,-0.6163453582066035,-0.7548329559171877,-0.6614140963186603,0.24218313188464413,0.06450349113774023,-0.06535998055688708,-0.024872701418576226,-0.09522700460927269,0.08774277798170882,0.07725636449696016,0.2905228383269438,-0.8125700510429616,0.11091438846062096,0.054662583017851984,0.1525262862605472,0.5786346534153877,0.2301094069747649,0.1496171144082934
2021-01-01,0.5178773263804071,0.3325282025927321,1.1341850024180928,0.26796613110443457,0.3793698789786819,-0.1835352956704709,-0.2526943675368045,-0.06808794772793358,0.11023366657767375,0.37218907663790235,-0.5397009943596911,-0.010940704502795273,0.1352349098581369,0.0816942549587214,0.18187368431721174,-0.1066692284676477,0.008994406443260772,0.6215080877207348,3.421024857056489,0.24840689870152555,0.08210860751590876,0.29014622891339603,0.22070793411756928,0.1812213335174273,0.11647901048728926,0.09719681605806918,-0.3128970042381871,-0.21673935240894604,0.4672169174386924,0.25055613031824575,0.2722482097199639,-0.04570654742731295,0.483304733831146,-0.22129638714530686,0.12399071392024519,-0.07527113292041276,0.06613752716996912,0.2865059136724153,0.323436808282646,0.2554852548668676,-0.49077070326635475,-0.32734959641480776,-0.5260885039781917,-0.70476530053805,-0.6156971082933476,0.20014953913489997,0.025091483162919426,-0.062001080409844755,-0.11785224786184822,-0.10002589013944763,0.12709134731493843,0.012437232216100158,0.1899819858101537,-0.7575265722728471,0.07673917289220489,0.17701725357368803,0.17536713102219093,0.31215073693759443,0.39919403125794606,0.2419512776215189
2021-02-01,0.6009291206077847,0.28848751275188445,1.0683698766611234,0.4127715679776476,0.11489608462337841,-0.07426952177167201,-0.14209618069175378,0.022815588188677127,0.19803492976839232,0.3435565150357467,-0.41207542749438375,0.05759624364170968,0.27469032205308874,0.17580692041735757,0.3284807659754547,-0.03756516126032583,0.03139476301197841,0.5379867891968442,2.734530249511216,0.13740644709558292,-0.00495238947617227,0.4257199041610886,0.2955569500492983,0.40146161459601304,0.1945535976888868,0.13299813968282725,-0.31195616341387566,-0.25283752116077796,0.6469843283287511,0.17041253893250063,0.27555300178742104,0.1934584044850136,0.5288709179944162,-0.19019220700332207,0.12870680981489158,-0.062045446203896626,0.04823824527400289,0.25272637511533946,0.22441157654762467,0.17233256095752236,-0.3651278714586744,-0.2508245528299593,-0.4735595265056878,-0.6277504574159694,-0.5262071427319311,0.1454713690263627,-0.04209121115786496,-0.11642571290685944,-0.20535538038481016,-0.105469545834189,0.07209805318116302,-0.029911421127435833,0.20937955544104314,-0.7180622851974214,0.04560183157656672,0.2630841301701541,0.12278594463303527,0.28449527606866076,0.8591188025446306,0.2826564149667443
2021-03-01,0.8178798120584201,0.41250945172660236,0.8169142312601239,0.6511792954020512,0.21184640027393775,0.07071197849947453,-0.016555798454265136,0.27194205450951126,0.3664001328364439,0.5083153100650413,-0.32401101096200113,0.21952125816117052,0.30192586291242707,0.5818556649509425,0.18658377302247775,0.025182462196859268,0.11491122039911761,0.6177562240011141,3.0653305305289074,0.22187795742793437,0.06688832523925425,0.45540588618130884,0.46651323643353915,0.47976738747880354,0.17016527175627938,0.21338093698264093,-0.2553807304884316,-0.14528823546152192,0.7922693701140391,0.3075441245338939,0.26491838889135755,0.31771116672519284,0.41050030451753106,-0.1529666826985877,0.138769345587465,-0.10551780322226123,0.04556706297740565,0.3051135627252337,0.2807807986958393,0.1594983189082828,-0.15164175550701164,-0.1233165654376861,-0.3372437091772241,-0.5161838909153478,-0.4380505540609426,0.2750114686137535,0.048823932232903156,0.0006855212096918972,-0.08668286002345615,-0.022966375849070686,0.23584353488212106,0.009712602234449363,0.2898364036736163,-0.6629212869127901,0.11553626330567712,0.25506957888592496,0.20170053426800671,0.2993141301270368,1.1462890982863319,0.30281383184770516
2021-04-01,0.7893071129863449,0.45011788003883835,0.9619614569687498,0.9998662612018903,0.39763039393277944,0.6392494929577244,0.6135833237429213,0.987983994218895,1.16981089553208,0.5740475006552821,0.22434061188281684,0.20687381866702825,0.32594860069441567,0.4161896492759891,0.42789225477456005,-0.04053957717150025,0.07488323037346323,0.5076733971853851,3.5041910854064255,0.37649330200334363,0.2513777863343447,0.5863767218942397,0.7909156550991467,0.8604578725099294,0.48979870622414956,0.4353718733170733,0.17900524509825977,0.4481100328715295,1.43548600837926,0.6781421190271328,0.47217060126261345,0.8332621687532962,0.40312522028287723,0.04160687463431012,0.13615314710851467,0.12289821037622661,0.09078505592508712,0.14172538693377712,0.18129713893199395,0.144239144655939,0.4238632188875713,0.34110318974914344,0.5077322912099025,0.872250647015899,0.6090103224657131,0.20590233294524407,0.0750782314278311,0.06932143658468659,-0.061173677079341626,0.06496694556775551,0.2444866420688654,-0.000742915247325171,0.026299709447658914,0.9442142267876983,0.2083987214275178,0.38659761775341206,0.2718886278432877,0.1633982441434405,3.325182096929919,0.44722676398001626
2021-05-01,0.5772679423564846,0.3073724899595356,0.73016374603293,0.7117436656092806,0.22351567865868538,0.5961752676286436,0.5814471797197938,0.7371738183201901,0.9091281075423308,0.4947813539537862,0.3067963590224887,0.10902244834526265,0.2684965944804909,0.1647925282414704,0.33302949921973224,-0.02134047110142312,-0.0017770533392408305,0.21813450879694618,2.180545110785339,0.37283230814808443,0.21116491939163162,0.4893447557365298,0.7575608847598163,0.9875805695183106,0.5120101338855332,0.36849861025094444,0.1672422330680019,0.790407469028217,1.469760467407201,0.49144018154056135,0.3855319638225332,0.6073599613026763,0.22129052770135216,0.07911201829210324,0.16045602993695618,0.15305216639550134,0.07819166041181425,0.11254446256296746,0.18581949648658203,0.1332996806255775,0.23590552290414712,0.1484730169413817,0.1802312007411575,0.5009431807421403,0.403753762104309,0.2989984976976694,0.1624282834002524,0.12586820993056436,0.024194350939840792,0.18940676569858228,0.19387118994610453,0.010187483741622483,0.0010116513088838097,0.6371460848153505,0.35207767113454014,0.4785731452192383,0.23476624017441194,0.005837566684874007,2.309396886624648,0.3584569507709361
2021-06-01,0.5692128855388137,0.3649129544906373,0.6188924924414405,0.5864958574643091,0.23169912452205965,0.5711857523158601,0.6579398409919053,0.7349345624376811,0.803903196604856,0.5479241276586746,0.6459950055984502,0.1076009448814188,0.30682335560903606,0.15192140616742011,0.2098700433771632,-0.06239240096653098,0.06750882917954248,0.3745920716597768,2.164316244770851,0.302304688982582,0.28253112030929994,0.32364760629008726,0.480491326849114,0.8783496930599057,0.5115325175648648,0.2994734368077383,0.25976028392514117,0.8541622814851066,1.3426662044892148,0.5889991296189321,0.39032086153396994,0.49865919926475666,0.20230801419339595,0.08025420412732087,0.15469149499045143,0.17009019872676112,0.11347366330789721,0.12706915044034495,0.22530275467571115,0.1206978844656259,0.2949002122614117,0.13316651946421176,0.13657762010714736,0.3654200269937018,0.32047039764070084,0.20964396691950804,0.19782757208305224,0.18914720111295225,0.04500310135173158,0.19413956802133558,0.28212273970234625,-0.010164817895465528,0.026346558836543466,1.0468246846663747,0.4136914111408734,0.38320239884900786,0.1903672439766928,0.06902763872770112,2.6598102179558687,0.36524559751394037
2021-07-01,0.3026233027958196,0.21998864951615404,0.6360418209481677,0.519658471925923,0.19015594688123794,0.742696995155492,0.759532431996786,0.8266334911130886,0.8245128575832432,0.6070471588833966,0.7289113388658972,0.2107116464902241,0.39518460446289994,0.16610079377874243,0.17493749904353528,-0.0022523579692200757,0.2515426666548064,0.1357665947616007,1.1990415636976932,0.2726556017743764,0.2748280376286223,0.36538875529067916,0.42295985084117027,0.8928939666312552,0.5660311782211027,0.31360258933743324,0.3916650176235541,0.9083966406241075,1.2084084976233411,0.6087142256295319,0.393638892535066,0.5147523027976753,0.089112765193055,0.056015787101712844,0.13905323258280555,0.25301642310567574,0.13617811312267114,0.18027643740630706,0.2699504207272825,0.15422094230154682,0.3168281951873133,0.15576936201699954,0.22692704612506942,0.5728118891103458,0.4516906371524043,0.21631399205146074,0.26533147375321375,0.25351051054663576,0.07624247665245654,0.25327559147863177,0.27128088920427484,-0.0037950478903324703,0.03772611349360333,0.863654860620304,0.5029796328170322,0.38741966887664736,0.23660098971636345,0.17940557592954254,2.316989752851958,0.44869638600323003
2021-08-01,0.23862805093714146,0.31267698117754583,0.7780012480109011,0.5131345827468308,0.17438243075227566,0.6044328680817455,0.623941080436879,0.8660909611869074,0.8176013159624331,0.5097618033663618,0.7743279431629368,0.14453467894604533,0.3156250234184079,0.4625877532358671,0.21010091724022262,0.02304912150132754,0.09879031490771562,0.06379524558645167,0.8594728776471026,0.19599433787807374,0.2035821120851169,0.5445290194908956,0.2911885737172568,0.6195030894455293,0.4452289898141222,0.2600351277380142,0.4683337728222403,1.065764744726018,0.9251722677367196,0.5892045615596124,0.32507972451603884,0.42249902144240314,0.06629855307090504,0.05537058721524679,0.04350621083983719,0.15142011243089715,0.08608335535705613,0.09211177443012053,0.23905430075027145,0.06448537668355891,0.5312341011205637,0.25719548669798487,0.5228440779919761,0.6177172831319939,0.6344428750856941,0.04811099594129553,0.18833428164102917,0.13839896354903902,-0.01792463193842142,0.16929624300405477,0.14310107809125072,0.036180747384058076,0.016948084496448912,1.0847542319495398,0.5193063481090987,0.1600913676844764,0.007669598045684234,-0.10134592966662359,1.5667528464145222,0.25064268789713373
2021-09-01,0.10247245450637665,0.2587855456010397,0.4077423732454948,0.42157605676661203,-0.1294056789164698,0.4966643138551934,0.46384988643810243,0.7819470471736178,0.7700731860492243,0.4555271088614725,0.8078273817479131,0.1370603529791139,0.3167613568202885,0.5690279988639619,0.22292830034818678,-0.038558702883452756,0.2068083860179737,-0.053559149164611464,0.20914329887211824,0.15459340978747704,0.15416322626092516,0.4689394501483817,0.16123612641273444,0.4278932813455403,0.39400034718051247,0.13476343752577336,0.39390733102336273,0.9046510895876858,0.6831897473110633,0.6002760083961376,0.18570297325415153,0.2717171066785655,-0.03271429184450325,-0.0022815299352690888,0.03648578575876149,0.16541294815308127,0.13686236704630717,0.031210858559329147,0.25603348977411433,0.007535619343138844,0.46789176239829966,0.22167074847582913,0.3647545727982746,0.38981302683766716,0.44880267584579747,0.12385874387498341,0.33399516290333,0.2571414466954083,0.13232661651366096,0.2913741438407855,0.27110728782638893,0.14342315015196783,0.03362490946028385,0.8293076198809883,0.4970922917851237,0.2126397208160371,0.005042973558556874,-0.07663134635383695,1.215332439654647,0.28797149805509714
2021-10-01,0.2831903779481182,0.4277918778287386,0.5836852608983916,0.38870869258014507,0.03509691040967544,0.6495705114799868,0.7004704463926763,0.9828549846661134,1.0953136690246015,0.666207493008838,0.8402266621780541,0.17050379898305024,0.3329661916647195,0.6576251421117476,0.40846127644357466,-0.018773634535719785,0.3456407959814167,0.08583887274490176,0.5191472032700939,0.17819507983198624,0.09242619018716103,0.29277553197893713,0.2230112111072966,0.3980775009979578,0.38282247377910084,0.09437952156004537,0.4313145445797082,0.972158735606439,0.6685667993365598,0.9178800889299423,0.4204861837477347,0.39419575577623567,0.12372250824150899,0.04571228664683469,0.039202546171038355,0.15434130802953594,0.14479481606510536,0.058208802410478544,0.3042868641086236,0.020651075555854215,0.5987391247732115,0.34686319461916626,0.5895562297888692,0.6895500093562825,0.7774179719439729,0.2093648587946002,0.19780339141496395,0.23158365945304604,0.1019249947430163,0.3812077808580536,0.35174069464129487,0.21750391834384453,0.10056724080094859,1.0587550811292936,0.4793041363791295,0.30273056909244356,-0.08944733051092457,-0.09761373517145722,1.1141991083792777,0.29160186260261645
2021-11-01,0.2735110172233386,0.38562551014403357,0.581788754389535,0.3988573540495681,0.14859744060089408,0.6574996039735757,0.7451135395962023,0.9328747387848764,0.9554575083940431,0.3775442711803618,1.0660479791313455,0.19441305878360504,0.2706885880611616,0.6918799995587708,0.2863410775038673,0.06228806219666705,0.29700454753785177,0.0648853216292582,0.7775163520094115,0.22888668148961622,0.14956669007474588,0.1846289213737251,0.27805717958865817,0.20462144089609424,0.26341659979477816,0.10559699189296912,0.5492176059866687,0.6380739579659449,0.43491192227809994,0.6086738491801136,0.2564685824098216,0.3282957570075371,0.2651611458025316,0.08837992098099345,0.03428712986623306,0.09339858973025428,0.13641297523942475,0.006257423014211394,0.277194164557228,-0.03244185029226443,0.8380354271318471,0.4808438031617339,1.2101811227376675,0.8539451531973812,1.1910312251125554,0.07579080832565133,0.08254228399838848,0.10738902155124652,-0.08478970463169266,0.23766165839084263,0.2665908204780274,0.15413251696670072,0.07416310768642909,1.0491023339099899,0.3043203524823208,0.30848119809135066,-0.07006057167244695,-0.1519798302186559,0.701557420006667,0.2031236316369145
2021-12-01,0.23554510487008784,0.525610405002489,0.7945002230331044,0.3506812245559905,0.1955585779183786,0.44036793320507384,0.6721256773183883,0.7565925056140381,0.6401415024403203,0.3405035638157603,0.8241228738877382,0.1431424767789926,0.35215917714131173,0.6729031572691955,0.11915337111878466,0.1631452503381532,0.16779755415905795,0.048268309456982905,0.7542356836103907,0.3354488818940531,0.14688220313482092,0.2128059771437445,0.4759611454482928,0.1551921183597449,0.0730246204823044,0.170502042903516,0.2525621497563846,0.26750140837766234,0.2817450240747763,0.6384053648069439,0.13806669594305654,0.10678873884084683,0.3782606458875932,-0.06516129879559862,0.03855005771235187,0.10171121615511947,0.13610571069018995,-0.018370405149826352,0.27324205313613814,-0.10322090830236685,0.7357134532320797,0.35320776897782347,0.8108251508316371,0.5115269809199057,0.8885155442353974,0.1592654619580922,0.12380401903921512,0.0698412747806838,0.012566199304760328,0.317585302354501,0.4435633630648186,0.22114233924059357,0.19196516224825277,0.7945075435161439,0.4882973000353472,0.23586440863054015,0.06686332998136746,-0.08836920597844744,0.5034607966742091,0.24832859724705636
2022-01-01,0.2224854269885408,0.4611353910774467,1.2948749952502672,0.29361188361911794,0.2606859066886018,0.2576480106019936,0.4457118632574484,0.42242872897283057,0.3775152081907327,0.2435129092021664,0.5406846059118089,0.0020439603947401963,0.2513342992635643,0.41228681471366513,0.11159084383166973,-0.04150510631806159,0.4511364400541831,0.05997368448944096,0.4798158656087044,0.5004984577061833,0.15085387518067472,0.16951111284705078,0.5031847992401961,0.04977706341255339,-0.05480811107699013,0.11461981303241364,0.13045230749409842,0.07833007462629293,0.25853883273768075,0.5704829527495945,0.15722203939868984,-0.22139689199204426,0.16494828359068148,-0.13614819586124982,0.05440486949841916,-0.04342151691018048,0.09282666924020533,-0.020891314986478893,0.4501295092500657,-0.11033528562440797,0.45798974431809847,0.3572799184315749,0.6941377896431287,0.27165555303386446,0.6784365846541662,0.12061521383728668,0.0694386232848423,0.012069442674617736,-0.02129680827815239,0.2599928357374024,0.5059822748457368,0.1682404528594299,0.12590138579640575,0.8110672265959944,0.4261087534938164,0.19905031557986264,0.04812686474210892,-0.08938470315366942,0.3382807848453635,0.3250129895417504
2022-02-01,0.3190786068327698,0.42890370176444015,1.0630162123053202,0.47680690414352767,0.1014376093730005,0.23834603020797385,0.46958398458314,0.3821701366927761,0.45701354965398,0.2886856064308372,0.5687294423962372,0.06328615931631965,0.47304555731791775,0.2982316588677538,0.3505973867598733,0.03382500625913876,0.6419259073254044,0.02249009414995995,0.21849462951958043,0.5158556420879401,0.30428761061917386,0.21903053951024698,0.5270564667292064,0.11505760434311418,0.06897600439127616,0.2556899715345611,0.2963674588987186,0.08352096401457154,0.1631209737642536,0.5386115201998891,0.2697477001952251,-0.1026173327505262,0.10826542221459579,-0.06741853009842669,0.2901387823284136,0.24144416217783604,0.28060636279034523,0.029700393979170903,0.5894286276345135,0.1060014459026517,0.39274377274499717,0.41321223085798,0.7412096352659774,0.3018109863909604,0.6771144035158747,0.15316574802660043,0.1336287449303868,0.1892140363405581,0.1110351211996774,0.4057953387610158,0.6069158946919275,0.27133296261194895,0.13538942289026523,0.7170043584809136,0.6267395677512551,0.3953479024167965,0.12915583915689943,0.019454341345017,0.447698880197573,0.498963526624433
2022-03-01,0.41810624270674523,0.31459329640152256,0.5984038924611585,0.2457977042885502,0.04699653881796584,0.015888001421898057,0.32187479705615973,0.10390857410595755,0.33176649068237385,0.1684928252031308,0.4679030485662903,0.10287511890661882,0.3941340768435988,0.16192395312612895,0.28605348302142986,0.1768908814522221,0.5454880332452612,-0.05445102583426986,0.2772300928034688,0.40180288860463986,0.27210592511665377,0.06750375119245011,0.4549916020315181,-0.07226675930356874,0.012568020846251526,0.17488041712171465,0.26142529975046025,-0.06545758207318131,0.07180924098494845,0.3019693141174802,0.18269973318472177,-0.26093802282957224,-0.28150640805520155,-0.03109969301340232,0.3059215013730685,0.25688414643380764,0.3635802703494966,0.08323757246483932,0.4977806118585064,0.10205309522069883,0.42019798413655507,0.3552105258085858,0.6669119245859434,0.34142693987663075,0.6870023359012032,0.04809033222739667,0.252773818965216,0.2525541877184885,0.22404381312861643,0.5229357408626456,0.5630291618617511,0.1435593746438384,0.10645548571428298,0.334409339900984,0.5230595849163246,0.28945136414274675,0.09619631437747889,0.11783775405644503,0.04134734497131731,0.20991989697586488
2022-04-01,0.3258040672436011,0.24119463410133712,0.6360832306983251,0.265953367333446,-0.036691405680147615,-0.05748650584186721,0.14121056033172663,0.03729378834246422,0.16627505091939043,-0.02925700049137725,0.34790680992652856,0.009210577342011694,0.2609855195462438,0.297725105070868,0.39150086837909437,0.04167559626171191,0.2780948550204114,-0.02992192533139615,0.1969749327736683,0.021025096626331008,0.0992456547887055,-0.0069508820035416585,0.15495110390298095,-0.19218460848525276,-0.12820326521534953,0.10180324596330714,0.3234835372490559,-0.09684783937912267,-0.04217385558663478,0.27425586445235806,-0.3689944547345616,-0.214069552249613,-0.31642261224397894,-0.14644125687661314,0.16789018769283404,0.19454428374186472,0.17770212562062015,0.002021944468982406,0.445345546957018,-0.014516368972192217,0.4045898392564504,0.39516511840111024,0.7328014317225566,0.3767908363717569,0.5680941132522725,0.015759077835768798,0.05786411051648077,0.05659038743813882,0.08352219372201719,0.3932824152510537,0.35787022118856515,-0.06825475878225495,0.030122421353734552,0.23476677361805232,0.4316924953957406,0.03971703001303584,-0.17698676417156955,0.09369925547201241,0.32552430736265725,0.02131962699934098
2022-05-01,0.3056753083975925,0.2018219760111699,0.6284159341514985,0.3653735195887704,-0.10339887892453203,-0.10388600572260864,0.009641097136669607,-0.06065069624204522,0.057934837402244144,-0.08462936954880007,0.07128839099254258,0.10137308322137573,0.2566167454346968,0.512809220238819,0.4762985701125735,0.14259631217630253,0.31804804904620454,-0.07720688214790672,0.36993718953827437,-0.09259692302302103,0.06146847844896541,-0.019535307204002095,0.01985681470179257,-0.037374341600417194,-0.12523609393189916,0.2137836272475706,0.1943122379918445,-0.13556439304222057,0.10204734063558862,0.15863278941757075,-0.3956391248469915,-0.28210194927990906,-0.34143632348887054,-0.1789590685222493,0.1618814081877733,0.1529233303136408,0.17203248076004285,0.0632699922918456,0.5150455204964959,-0.05120953413423135,0.45651866084529114,0.6078026187487537,0.8997248777613229,0.45938260199104497,0.6015051935190616,0.07500497145266927,0.1329284638626751,0.11685776109368784,0.14388802302721904,0.5062910079962881,0.35898390337075936,-0.03469935443301564,0.015661245283168368,0.10488925755516343,0.3762733128983857,0.10174151740538062,-0.15652711242690676,0.23800108447110602,0.23469032931190803,-0.12413168033703115
2022-06-01,0.23854438426323177,0.08619670869203322,-0.07326038518982225,0.16038477744323787,-0.2953263902267257,-0.2747854039458948,-0.16847027286563176,-0.18148332333434025,-0.11717861398517171,-0.3100356516198923,-0.07486487528125563,0.07888165856544194,0.21741894108163495,0.41711266098715183,0.2953914856372377,0.21909387099710398,0.24487524102719993,-0.274433307638273,0.23389972944168003,-0.07012275921338829,0.07956927973554029,-0.11711419153953828,0.0014312891113783532,-0.14319067139120434,-0.15921526775974326,0.015251044239682265,0.07468163561085928,-0.35641763819570926,0.02676154738592018,-0.07186586999132216,-0.4642528115386827,-0.4059438353560956,-0.782668567524153,-0.09510133467491455,0.1989380032749506,0.18093884365348,0.17913026583881275,0.07980462880908767,0.3687746803120924,-0.07586904343557543,0.47387651758903826,0.5351109586958185,0.674126174108368,0.199575217160896,0.4476182331922893,-0.06102442192841784,0.12285957449276674,0.17083554892792585,0.17267848710716605,0.4732776882471337,0.3409058721956062,-0.08194149947047613,-0.03249871620529554,-0.06240649255683961,0.30993229643357223,0.028309112066312148,-0.2354149810883014,-0.0205005555577491,-0.12821328351603034,-0.07162910121364297
2022-07-01,0.06488221178388365,-0.018472455778475005,-0.2277442965570149,0.20162867979865218,-0.37712763216205125,-0.14884360407712338,-0.10905922208058694,-0.14610908356730823,-0.05846404460939114,-0.2609134243062593,-0.0017080676526763927,0.09609362750964223,0.22349426443447862,0.32666854745034746,0.31720157843342367,0.17996531847523944,0.31432548574962604,-0.34152589623149876,-0.018777194367251338,-0.06281792704480249,0.10037254491587677,-0.25365914610093543,-0.002495561946288971,-0.01717540150764718,-0.1171335356246308,-0.033419083284733864,0.1139019211479455,-0.29413046369583506,-0.005073039059615314,-0.10633705514822556,-0.5103110066024449,-0.4026015269468215,-0.7853122677477441,0.050993275454225495,0.10643154313259173,0.18377765437605942,0.14983244851671085,-0.10458810420944387,0.13980183129386292,-0.02077120164510049,0.5099052838471521,0.6665165275075973,0.7750450214517395,0.3668993951818098,0.6258001183914215,-0.002043837441432772,0.15300330013142993,0.26299784851322405,0.2165813097040774,0.5604310587560732,0.019290321468647287,-0.07301888715562233,-0.1525211551827611,-0.10319277730003806,0.0892526626427117,0.11281379860477925,-0.16274974065993442,0.0677339953292384,-0.019662941083343877,-0.059647657224104034
2022-08-01,-0.08180939725151026,-0.11659161350437852,-0.37286131936109157,-0.03624410335615258,-0.352511125651361,-0.2676279869855368,-0.21438593428407315,-0.2129118405249979,-0.21168614827735877,-0.3275176265862242,-0.16363523338762986,0.044454775456734597,0.2243315322093966,0.2992149672567259,0.32557530605001106,0.17249914997313676,0.20262420761003508,-0.40320145933710994,-0.14459337377644965,-0.18315964386517103,0.026084917628135695,-0.4137412401060335,-0.10794930131428682,-0.15936393156142425,-0.25538075732694,-0.05168381090065677,0.11091674839572785,-0.41800025195212176,-0.20391931278491615,-0.22152782422513506,-0.6094765101990618,-0.4970669685964795,-0.8074555059940056,0.06185591485497777,0.021572626240549786,0.1083910954944074,0.07277156867460421,-0.16086616735287773,0.08197113856419636,0.019058703078735917,0.48896300736971443,0.40742140185859776,0.5104477287020315,0.14398195772382172,0.4760345171527598,-0.0372440769979423,0.04227373029785797,0.1383415776227921,0.10604897367764843,0.3700469359505907,-0.12692021456348557,-0.1195071791480522,-0.20384634629979115,-0.24942202649248169,-0.016131664225798703,-0.0819497527370967,-0.19580124948532063,-0.06812417385776548,-0.32123240570841816,-0.2744965009487892
2022-09-01,0.03532677971764908,-0.09057171776083506,-0.3491785843921926,0.04051750522069608,-0.34257619268542727,-0.2911929813325952,-0.21174713648033516,-0.20041264723595154,-0.20362099464114658,-0.31687032529041004,-0.06395595936151777,0.021211620530769748,0.28273972235651246,0.24735952515294968,0.18154995750900293,0.1671212490833225,0.06961422748513146,-0.2901838760633967,0.02537569805409623,-0.0966668935930387,0.12265019610196326,-0.33238754466976383,-0.08146276893640092,-0.09506992631149958,-0.17280647938314442,0.01766164812818083,0.10507002018819733,-0.34190790115551783,-0.13117558663089002,-0.22593228935298915,-0.6374727058979789,-0.45442835794830483,-0.7799306801600299,-0.05605335247231091,-0.02093863216906655,0.15299929363211073,0.13640759300769556,-0.12496890628261537,0.14481678822160737,0.01563896187927649,0.7696818113286523,0.6655295072236502,0.6482329813007299,0.21773895087611606,0.5997100696227742,-0.02685835973343631,0.07299062415891089,0.18994538414915918,0.11760857023435967,0.3427381287419662,-0.06368775311296349,-0.09285001761185285,-0.17208505500939564,-0.1943099304652367,-0.0021071875820420916,-0.055377731870610236,-0.09542640076831177,-0.2583709460352067,-0.23663600065997115,-0.25018808524683134
2022-10-01,0.07521598260081697,-0.09506843238843543,-0.4252017630630843,-0.00785791574928052,-0.46259032942464384,-0.31096332029416074,-0.22923975963418108,-0.12815580614920896,-0.12572399026201853,-0.22909026540362876,-0.08544710955207302,0.004948084455340673,0.3100434884540004,0.27246193698362786,0.25777015191124386,0.13157246981912474,0.030618247892677752,-0.2958372489654566,-0.09919578057875289,-0.14051542040653553,0.052543351893022505,-0.29591118420989604,-0.05905901781567635,-0.06500650331071767,-0.11121173935102235,0.11201365819251441,0.04237656016663016,-0.3308238332826282,0.04959206531784166,-0.2200075238754,-0.5823248000102155,-0.38169745032180236,-0.7955189749138325,-0.09440024896220234,-0.003165156112790224,0.19212963926153503,0.16418918344339994,-0.06855997789133772,0.12065578690091927,0.047291153205469394,0.5995855037646312,0.5145098358842211,0.5343428745183014,0.18312840894804716,0.49245846891455236,0.045308780414511585,0.11051612390770482,0.2539341587040449,0.24845531725848957,0.27370506040697085,-0.0552659685583603,-0.06063592338928381,-0.17769091260994985,-0.2188066279987494,0.14924782373901246,-0.050983927437947774,-0.030747057028059355,-0.2780615956076047,-0.19018983796385225,-0.21858243913766484
2022-11-01,-0.11252162014487754,-0.3099072152384088,-0.6285805399362392,-0.20306976928124587,-0.5513957214601615,-0.39189084104095273,-0.3872990696353309,-0.29511597782611565,-0.2337772287763633,-0.4445063076203053,-0.23028064291252326,0.015541236094408273,0.09058918582820685,0.2451418943342123,0.18310449066714796,-0.02249375084052785,-0.019929000962368937,-0.3927497257655155,-0.36406430257907274,-0.26774242912989943,-0.052929789354479784,-0.5357459342749351,-0.2033961808621073,-0.22300487945219216,-0.2409180427739691,-0.20505929506142284,-0.07807648320684346,-0.45517796020314893,-0.06733904934872614,-0.3796536138095834,-0.6416633507368423,-0.4879984274684499,-0.8085089629193628,-0.1594652993619532,-0.1114862032814814,-0.0022308216131732284,0.021379585746598817,-0.14427904740817887,-0.07478525506230427,-0.07257732989230059,0.34661573022760694,0.23437730596914785,0.3139427280411813,0.02443478151036005,0.2001312488020588,-0.10884754455612855,-0.07483190833121445,0.10172264380452334,0.0301034725457503,-0.013510468302814993,-0.34522520069969054,-0.2665273409965008,-0.33163338909348106,-0.3977803275589221,-0.09742518663664057,-0.16944978934837862,-0.2345896257939517,-0.26934071555976713,-0.35089029259710014,-0.39020893858540673
2022-12-01,-0.1080824359633914,-0.31004638842260335,-0.6700361528117689,-0.18397888426467912,-0.4697012394081136,-0.23158570138943357,-0.21887932846893188,-0.1083951616742429,-0.1403604634057809,-0.3228904768619163,-0.06305111046350309,0.12866262078771018,0.24179107915370834,0.4241083196786424,0.2640214656653148,0.36343751313783246,-0.13690070286396894,-0.47295960696602535,-0.4758594419589075,-0.2705895234220185,0.10946883451462197,-0.4897850716795473,-0.2120059342542302,0.042468491474419556,-0.011836836832504471,-0.17574301267059744,0.1666145054483712,-0.2563814043246402,0.08422030294547356,-0.3599414389541714,-0.7770035259651948,-0.3209151356853216,-0.7491190005077055,0.0662368204643593,-0.07014980019270955,0.15419253702735958,0.1498703159524699,-0.004399904506072305,-0.10389913316889621,-0.017075812982304428,0.8018700620829247,0.5407663547552399,0.6992261065902201,0.5971780651618801,0.5421650166618837,-0.13384518605167017,-0.024201484982381172,0.08150035517483212,0.09587410964026422,0.024707805821031048,-0.3115762001147072,-0.23806928667625982,-0.31376162851693146,-0.2998734232735948,-0.02717031286955429,-0.08155211768530346,-0.13683817213598493,-0.2670006258284304,-0.24345088127404257,-0.36146180127863825
2023-01-01,-0.19810352170870493,-0.25892476689913746,-0.547791166528545,-0.201222108394139,-0.4098102904349784,-0.1505323182933952,-0.18097117649699768,-0.01070264443179303,-0.05761002163715523,-0.26201419731083,-0.03172356384884989,0.050323528386780225,0.09138987510854735,0.3134403335831337,0.2046060519945858,0.44560403844422924,-0.15963671112443523,-0.4778518407234269,-0.5190982335562349,-0.23212220596077715,0.011707676878745854,-0.39454622849432175,-0.18465723371706844,0.069699697577281,0.024943515207706435,-0.15170175029209199,0.13696887192244822,-0.17770768662025727,0.2107297882643595,-0.3312760835297208,-0.7336903197213973,-0.41739901424309644,-0.7198803834646597,0.06517970980738563,-0.08190689143854468,0.08464620343587437,0.08389011261062995,0.03435137469999949,-0.08411618408313126,-0.08167943937269673,0.7481306856930738,0.4862286112842893,0.6174926492807302,0.5105428987800515,0.5783517861554974,-0.12473614029391167,-0.04031454906658605,-0.00835902131507793,0.08955909682571406,-0.0019569297890197346,-0.3418622193222992,-0.2623837861820799,-0.21250392767917414,-0.2681594984520628,-0.17587487604637342,-0.04901883269951157,-0.008482963316755021,-0.27140637587354666,-0.16568240562111702,-0.338004390424649
2023-02-01,-0.29011460587068605,-0.24346684711205802,-0.5274706182796776,-0.07809689882966542,-0.47524954764484595,-0.12007297698328567,-0.31840013171548065,-0.053772179962415456,-0.17871623710621465,-0.1866464289838501,-0.2555354444235147,0.04168247372988465,0.12012444868881311,0.4727138902498291,0.19474013317789973,0.3603111729099904,-0.02268673037964619,-0.49579239691464627,-0.7035048393895169,-0.1454232256595297,0.01564593274123438,-0.27041083194735605,-0.16628141676759323,0.11207721901170631,0.02515130984061953,-0.17245312404235213,0.11634789715829852,-0.1996133250403117,0.07330796602480483,-0.3792749418077044,-0.7079136981132981,-0.4421185068084196,-0.5882162173495444,-0.01924484973558116,-0.04887681533683219,0.06055091311668015,0.049257962552459844,-0.010450190627618205,-0.1357714530863341,-0.03296684918451043,0.43537956412177126,0.31803410439415214,0.2830201994319541,0.23674111360433825,0.14705410935000085,0.05655128888993288,-0.002989116148304438,0.042130584555727824,0.06178393167927698,0.04715982511663208,-0.32554556365454557,-0.17367320544690612,-0.11360615788871453,-0.2249217915339673,-0.19592124149486434,0.001710658866905801,0.06028251718423716,-0.27265367756416503,-0.10153400203012186,-0.204483109075573
2023-03-01,-0.16841776920524654,-0.1861277619713454,-0.38775034703549294,-0.031299164705978044,-0.2791805173703039,-0.043344762259772684,-0.23463425483144773,0.04636906978426114,0.05385919454013366,-0.026687164714292888,-0.15438287801877437,0.00674270836146218,0.048808844847932686,0.35770556950103427,0.0007468729771700211,0.4128089545480522,-0.06730061512097829,-0.4079274862868387,-0.5709327073511394,0.03161877174657257,0.09418320313718143,-0.13657537750462723,-0.06607810188102736,0.25370495469457177,0.07748039622096403,-0.1836211123071636,-0.02251967692600143,-0.043264888966095816,0.11080624319994836,-0.3075258867757217,-0.41414238174928264,-0.34295419083692125,-0.47111913298804886,0.13312441356667226,-0.0868954038493408,0.0016726724596183296,0.05972263679593448,0.04296201380317721,-0.063874844289461,-0.024669883664280134,0.4612533146598734,0.16952839938153685,0.2475169148832348,0.3141173230387959,0.14150669030504903,-0.06516130362331352,0.038795412393993534,0.060843573874098444,0.04776156997944314,-0.0073592411298996074,-0.16833558753306244,-0.023109102413803262,0.01370257017776999,-0.08165921110705998,-0.11538614782687329,0.11224691785084628,0.3456154093509609,-0.2407741090055553,-0.15604899123237836,-0.13317919641206832
2023-04-01,-0.1965496431925663,-0.20735550407028625,-0.3546579630131501,-0.07994013422881929,-0.30403034729182543,0.027070320658099112,-0.20503232158746365,0.03972248438861725,0.09434087298788696,-0.1435630492846639,-0.07066181703236418,-0.12807735088381067,-0.06586316627295097,0.07100664168609772,-0.038065442986340514,0.307150894557483,-0.2147671302241697,-0.4916715500719423,-0.5856412721446829,-0.0070026912734965086,0.06306523937381825,-0.1845471577615796,0.018294428804156215,0.01923610587470126,-0.043465637239266774,-0.2534761509816378,-0.009759010468374019,0.05081540449580757,-0.03666660369049046,-0.38980005259177286,-0.35379101211059094,-0.3473980385647808,-0.49460703418802465,0.06780463165093864,-0.09450162028601838,-0.024570514231423757,0.05203217409120375,-0.0607854269637218,-0.1987162630253989,-0.02042300475651171,0.3006019030010758,-0.049791589624100685,-0.015032671292234734,0.16087390907142818,-0.06503893743357969,-0.18068782958488816,-0.14684427485113283,-0.12223389962938169,-0.11389695269824385,-0.15298589756493652,-0.28031465598816907,-0.22040513520461635,-0.096888286933132,-0.08767836838024823,-0.20634471645270613,0.0771866813881843,0.12900396413027315,-0.4822805221903911,-0.26755682208018605,-0.14796199623010364
2023-05-01,-0.003411106396388086,0.01638968316371181,0.23935675937241596,0.12628227300783346,0.028234709690203807,0.07147232286205751,-0.2440927792011729,0.03889502645313603,0.07842871862666434,0.031973866466851186,-0.18774075451523864,-0.1277386843876821,-0.07261591017470626,0.15687344355583122,0.10449977843408731,0.20458849753826414,-0.1656369692686639,-0.2384974181914652,-0.4689512664324691,-0.021151318700813992,0.12211845573693658,-0.09146989759117585,0.01184815930099048,0.031066997348784486,-0.034890767693508185,-0.1379840679918063,0.038611980491995546,0.479720226094851,0.046032022619682644,-0.13184827213981976,-0.1407640936575223,-0.1738472119182446,0.6737400580085253,0.029993942359086034,-0.07006006765724537,-0.03144019682206678,0.06957188638957446,-0.05538854552082262,-0.10525375401912918,-0.011778952317734959,0.267432934701197,0.011605606420442616,-0.008436115738585492,0.1382396741968306,-0.039980384659523915,0.08234715966325967,-0.10630314133685592,-0.03836023791685517,-0.06963769671268871,-0.0985473202509689,-0.27071144895614063,-0.16110118100336956,-0.02909996473704901,-0.07797520984351192,-0.16122820869847132,0.12086346122437908,0.20501921587708472,-0.37171763209954456,-0.08087772978614693,-0.20905699090043162
2023-06-01,0.08761013995518652,0.10383145813388839,0.23005496234563028,0.05955451536930867,0.12622011586657256,0.022514366976579714,-0.2526232939647922,0.027476853364510223,0.027538316333614254,-0.02436591713548486,-0.1772067076671865,-0.07532652467625567,-0.008606815397940393,0.2343622022363261,0.03360063758846943,0.26483138440126175,-0.2629793676471013,-0.19595180164378656,-0.5274042554316247,-0.00403532929795869,0.1708449020386842,-0.011661359478786326,0.05968269939106241,-0.043589816870483244,0.007595511922559028,-0.10490758982782866,0.056961731291653495,0.4608461467649141,0.011428498013209554,-0.09940221642314251,0.0019457413600802997,-0.1453611361117737,0.5404051053095151,-0.17060761602287866,0.05787614258584872,0.028274735054341305,0.15292261689289255,0.17444833449857122,0.04130525706390609,0.018589745641057975,0.21919115494538444,-0.05775708985337935,-0.1106116387111129,-0.01712502889966594,-0.13473964886797218,0.011586990841314204,-0.10325957911278105,-0.015005683948422055,-0.08179133387353477,-0.12979510631321434,-0.04355514780839553,-0.21294880675262207,0.026398530658180208,-0.025164532300562148,-0.0639719194109497,0.12348670982149468,0.18265253015598448,-0.3399596458559494,-0.12117799969086995,-0.14351960952544018
2023-07-01,0.23845262444816173,0.24521195445631006,1.0356804594017976,0.6157582796904428,0.22382686633779558,0.20518897123099356,-0.13812597118934944,0.0624844352094176,0.0714149103109003,0.054756673808233236,-0.03024435056304342,-0.12115028400615269,-0.05011065721883212,0.2870332665279631,-0.08631629664819751,0.21960498339794143,-0.27716396840736224,0.04071076386453387,-0.34794188803295245,0.04044586894609559,0.15256454164812494,-0.05195530556845518,0.15971216181410175,0.11252766365003475,0.07577766129323926,-0.09780209055264544,-0.04409612146312847,0.8885225682894005,0.12134146276189983,0.06833725052697837,0.3450374168700383,-0.14135613004893377,1.0698451984203645,-0.2435679055463621,-0.0059678351295663346,-0.03918795120996088,0.10737272286857502,0.20569920065245162,0.029966351285006576,-0.06225909557080356,0.16092348882524998,0.01892802378777736,0.09908601074738144,0.1207761472177431,-0.008548053620650697,-0.058267643977030326,-0.16176739758732805,-0.01817476044212707,-0.13260825138689458,-0.12415207877947976,0.03406348470523857,-0.2864438755322549,0.10034172067717195,0.11186648309453662,-0.04811948312693126,0.22302695449744903,0.1024571905340046,-0.3608744597847816,0.11891742245475356,-0.002280283394177962
2023-08-01,0.15262326545400162,0.18746843272362423,0.9160960466528303,0.5652219634212172,0.042114660827365924,0.2582814181865909,-0.18283463377012277,-0.04432072568234735,0.013804284847028114,0.005450787510599797,-0.06152828496470153,-0.04087998440312801,-0.11438646521974738,0.38062042758975423,-0.04586923789195596,0.28904068705974106,-0.2680115415037393,-0.09488932744476553,-0.3636214156385824,0.040141907602914584,0.12608039015834227,-0.11322977206621809,0.18425075064180096,0.18853356240198416,0.05920949358191785,-0.09437145976824701,0.05255969596919274,0.7710297209727093,0.13911923098425305,-0.023395463624215407,0.473413437019401,-0.21973351079918058,0.833040669521931,-0.13844269622704053,0.09426649395293074,-0.05573439234030786,0.06549579787262871,0.19347884001119064,-0.03293715704579192,-0.011894811234505642,0.09195014480708097,-0.044432383453700375,0.057170815176391,0.23138004856375138,0.034019677518263514,-0.11931087912322114,-0.16981256802977207,-0.07183867766899266,-0.13681812090213652,-0.11549053074636517,-0.09630597422936404,-0.29558832749672115,0.08615253550124069,0.05720195408180606,-0.0661781291901059,0.24847582464042994,0.1752659107747827,-0.07412183881232737,0.1992620576284918,0.0704348061334572
2023-09-01,0.20721765985607754,0.2609109648108281,1.5855641294578993,0.7521224163802442,0.32581534742109763,0.3696166723451375,-0.0816671090120189,0.051933149882214646,0.06284744338309922,0.08446502192068084,0.015743527605429408,0.05341725533509978,-0.022182710062155664,0.47020107548076107,0.1162084446557774,0.2532037961098761,-0.1981554112917122,-0.010236916758185277,-0.29711604551913506,0.16454538362887305,0.162206547091021,-0.03637922545828132,0.2052410669115634,0.36453757754897853,0.005035745648334755,0.03218581035114987,-0.024225091395739917,0.8522458044958892,0.1383273199562418,0.16126042446796718,0.5896070071169102,-0.26353053340472155,0.8376864012684839,-0.17386934313046043,0.1272707834053901,0.017649060536104155,0.10280913515096946,0.20908728473866844,0.04213338387486343,-0.02129118880664116,0.10726209650433804,0.02974561747932203,0.07358426478441871,0.40792972766190316,0.08355761694111741,-0.1358684306691893,-0.10987722647429343,-0.04685628846913248,-0.14540254690658094,-0.036490671584338275,-0.01249700886625682,-0.25552829081408013,0.20360475522560817,0.23306688142627086,-0.1354057126394912,0.373975610747153,0.18483125401742706,0.024251264178658083,0.41327619578167485,0.16206012104180534
2023-10-01,0.3219255381414501,0.3875105702495276,2.486557639219722,1.0370506889197846,0.42115756590139464,0.3920704557887347,-0.08465225176540991,0.09594769654643209,0.07697705607583227,0.26983078970769525,-0.02289958407824244,-0.0031046069027357293,-0.055105720550516435,0.640058693949852,0.11085776981123252,0.2690388721946313,-0.17735593452594534,0.15400965367789565,-0.2951238428576697,0.19730585429584324,0.21525791743230482,0.17551705405436135,0.23210512509065495,0.6459666030125828,0.10608453270986451,0.13450803782400866,0.04463049409823028,1.2396876116268745,0.19505823214630968,0.35883730568021854,0.8018319651322836,-0.16384937139992828,0.7260382658341991,-0.011580738430706172,0.2289557224921317,0.08777049056112252,0.10454260295633677,0.2514729412495831,0.13454924559944237,0.06243682859110744,0.24834677096229552,0.10937287472012502,0.15805215212196289,0.5149022609371157,0.15319791056443566,-0.15111251764795308,-0.03095070083145235,0.00771867172797891,-0.08379468352627639,0.08726350166767083,0.23408082414243614,-0.14820589278532104,0.349806204478057,0.2816325117722127,-0.03412942210381553,0.4298534211561389,0.24748146927581094,-0.07769710064398538,0.36912506484236607,0.3019175488543193
2023-11-01,0.08786647391476565,0.34309560711922527,1.7534013537106876,0.7103607824187887,0.15446744584074623,0.16305845935011898,-0.2556729832989817,-0.060825225387985404,-0.006907664070745612,0.0001669399271111427,-0.14071204306268104,-0.09038242039824884,-0.0907551433282755,0.43040014236933954,0.03650839386231075,0.023446341986540498,-0.2752139680342941,0.17437488105125798,-0.19320568164017082,0.025871807817474002,-0.020761932932488514,-0.007914805061289054,0.06497448199164912,0.25105762653767605,-0.08936814187766118,0.038179095929150364,-0.24552279098367258,0.7578401617022423,-0.0683253994727302,0.32062265243326316,1.9293133516371226,-0.27838634521860695,0.2240081138016774,-0.1440661392651268,0.08918516120944409,-0.054012680148339265,-0.049148392047424494,0.13010233159813867,0.10242093612414993,-0.021042095536269012,0.07263053944018827,-0.04862544856431106,-0.04286587845718892,0.08879787878674583,-0.06289062556671976,-0.267065108635005,-0.02763991391498377,0.010455480147233631,-0.12699390331204008,0.002134438214332679,0.014852807856818417,-0.2030125564007429,0.26258760276109494,0.00598170368054185,-0.13397445265898555,0.24712958798799423,0.10662136124617771,-0.1544157795113995,0.11162119801700032,0.11689373699579941
2023-12-01,0.12470464132035808,0.31107520068113015,1.1007116621742896,0.5030418819747509,0.16012977630220093,0.010991218444249995,-0.3179194500777234,-0.2106864499592761,-0.2492310639794978,-0.1359902684182871,-0.1974409334857976,-0.15409387987112821,-0.019196714555157923,0.4391590719322698,-0.11397482355950395,-0.052154817072996074,-0.3805126080510205,0.3057272007812455,-0.2543420668216575,-0.11481534729623255,-0.025958375014573987,-0.08691258832554882,-0.10923534985468264,-0.07294933583564822,-0.15843216442659813,-0.036147013717814924,-0.18554814866286484,0.571576081445375,-0.18346111673851628,0.17260140767453858,1.3760159604210447,-0.20621822265841827,0.27168298715130645,-0.18282888083922932,0.0095767199368757,-0.09320795520008196,-0.10355563647300892,0.08042884046204346,0.0031055084151141443,-0.020886723523784068,-0.04465719356775644,-0.19803694383530357,-0.0259596499729724,0.05263558161769866,-0.10666320744289459,-0.31510134370225695,-0.08473463211248755,0.016949348738700243,-0.20024044134324093,-0.03495521385534284,-0.14033053248725325,-0.19757376307900187,0.058574859457490636,-0.047492667403677524,-0.1782737985019145,0.14243814676731392,-0.08598746088412623,-0.2230667752104224,-0.1876194976867499,-0.05566484465894894
2024-01-01,0.42833686368878454,0.5521919279864591,1.7984087934076554,0.6229756338461838,0.7556300886119383,0.17022925604018013,-0.09766867842600446,-0.007778667921173543,-0.07075888265821584,0.051599387678967545,0.043749317880325655,-0.11776028425051532,0.04631113050455493,0.5502101087788349,-0.0999869251275941,-0.0612366974703239,-0.40058289437448014,0.6581308097923186,0.6207158937704838,-0.010331748663833573,0.07561563352641887,-0.08190579190761549,-0.0016636625157766538,0.014425929160602369,-0.08452978893809648,0.0960495660732481,-0.20676880602390058,0.7975862824562323,-0.16199933538270128,0.44504373631844896,1.524395929531274,0.016056756919579307,0.504197373222038,-0.06432240733415995,0.022818488509167567,-0.06901348996753787,-0.05133148667994325,0.10826033664460488,0.28836453691403974,0.01499218789742418,-0.07187858177701967,-0.19915070390308176,-0.011465669090069519,-0.052620283973828896,-0.03569687582185921,-0.3070909241398313,-0.08741641262040112,0.005936938500801459,-0.15041772507124918,-0.09341104872618389,0.017549995579392297,-0.01987562016561084,0.23509954978682046,0.09246034839766715,-0.05381853447002216,0.2727991416597406,-0.11989041894827834,-0.16385188692943975,-0.05986021467526592,0.14589234075773638
2024-02-01,0.31195596604573606,0.49455570673732385,1.2927524284066343,0.8287697150043789,0.48179134713391414,0.21876277032880753,-0.0703831903048674,0.05444349176325125,-0.049213889411608425,0.053287717831213,0.026063982590080137,-0.02287084607459955,0.05523640996503776,0.6313307601720981,0.07236259863008132,0.023261985964588616,-0.3263833682474717,0.42986366017719546,0.2502295599973041,0.06778612931025774,0.12028731152366134,-0.1689590627564983,0.06379964239374813,0.12354038472250117,0.01094595977873225,0.20028132887645556,-0.166577469378406,0.5572533962043955,-0.07389353369910756,0.36596465758871455,1.244253393666002,-0.19042857762926346,0.3064177622433901,-0.13958588769146751,0.04021898985815531,-0.01784609703718598,0.013864610300962754,0.10193154402822846,0.2841788082442478,0.0874800856368696,-0.1324893976550564,-0.133561635800994,-0.0392070561593989,-0.11225729789359118,-0.08245365035144214,-0.18280482999580605,-0.025897542621787784,0.06064605002061385,-0.11385831586355954,-0.1273342668244083,0.021651871460235617,-0.044760172121213304,0.09640094147045009,0.12045534047987538,0.01139151791596471,0.24104832354680794,-0.14706809395374842,-0.22842921844292796,-0.08333177155029758,0.28106943625460556
2024-03-01,0.2290590032741997,0.5676512325202274,1.379993151974563,0.9086888012534295,0.6222373058706123,0.21101438996863076,-0.02817180545594422,0.09276159612054746,-0.11208491310853508,0.11831162722230593,0.04812279157260324,0.05844174800664392,0.08041534217365531,0.9990208584726172,0.0813770079819347,0.14804091071713654,-0.31587552869380364,0.6050791038740628,-0.2347634979207296,0.19369841050981207,0.1205975471143177,-0.1638281557204665,0.023450378908847158,0.1973833445011519,0.06496402439969295,0.18097302678131033,-0.08386522463530444,0.5368793828015639,-0.07729187959444628,0.5104826985345654,1.1217123667956277,-0.05721968716920767,0.6541662947664193,-0.036289007737268286,0.14514112620138175,0.02206579435114797,-0.008432962560295354,0.17216055224608495,0.45803983787206937,0.15909539329471212,-0.05735877959240032,-0.0700191781378744,0.1080212316857867,-0.10564662583617257,0.028297624953812717,-0.1706964902308158,0.04930569164845289,0.13153530356486098,-0.08804229446824796,-0.11568364389653196,0.023854340884613467,-0.012065399699633939,0.2140034716034398,0.16381247598240178,-0.03539050297600477,0.16707832116850097,-0.096971196166307,-0.21704800216407216,-0.07137269135857793,0.3389564888147105
2024-04-01,0.08157016117041227,0.4204113809108574,1.525335181721739,0.9454308833447478,0.4793844097665525,0.4338628369225226,0.20535238921228904,0.1933363898322018,-0.023462730550175337,0.20663352167156446,0.4770638276999708,0.05535597876639864,0.04883063818669897,1.095349655768881,0.12635816490341423,0.205345860032893,-0.32275048730766087,0.6613498667657132,-0.1842692187235908,0.2899191617041419,0.05205890226348675,-0.17074244842202146,0.18820883954432643,0.393840010337279,0.04266730697288357,0.2558759769016592,-0.10202254842045444,0.6035502044926908,-0.13347966148465784,0.30787424476887715,1.1863415772071506,0.07846231886086885,0.6488415164849912,-0.07941855227232253,0.08126709383463626,-0.00993064322915349,-0.0730816958297762,0.2007777809668565,0.5155647835884463,0.16838135323386272,-0.046944594062254486,-0.0636273089294811,0.15679129783482004,-0.039812875858422525,0.027890306973424428,-0.2839792845972231,-0.02785565413543767,-0.013346267577734161,-0.05009228647543329,-0.12917699834132068,0.0639490798618878,-0.026618272353906125,0.23979442319968292,0.35876984590687644,-0.043232448469045726,0.2621105763058831,-0.18045375970808186,-0.36857978423356874,-0.11175427726275866,0.4295748975528768
2024-05-01,-0.0024972852748416097,0.3604887750506087,1.8633355257153754,1.0157185341916848,0.4526134174092955,0.4537269407731652,0.2884387551076333,0.21847488102718793,0.039231869323830715,0.2267756417873399,0.45935680264350887,-0.01170275499122786,0.006874009955885274,0.8960203548356716,0.22978377737759703,0.14803380343306372,-0.25746641129777936,0.6606607328932543,-0.08342171073941218,0.26779253542458514,-0.034036624959196016,-0.27981522763046707,0.20905934846885987,0.5947160760439969,0.035827550892946425,0.25858184437305587,-0.03980279973888712,0.7223093880968803,0.05879451284344084,0.3736650721696686,0.9262059555935742,0.15099844247667282,0.7410402749616274,0.04588317627128791,0.0505776458481928,-0.030948895490159112,-0.06281324936418198,0.19912568406395903,0.4759321796981886,0.14628452639557277,-0.012094504637923609,-0.04986706052097545,0.25397858107093385,0.08096229631715901,0.08659465358271001,-0.16754468838905923,0.008564394310160983,0.0050438445940628185,-0.04403482357741895,-0.0998667297225887,0.02789113869040727,-0.03309115124662898,0.1435910931786759,0.39583102899797673,-0.008636910980558854,0.2518832490902023,-0.17751600147066315,-0.2642789233377574,0.17107137684543816,0.4187699139709202
2024-06-01,-0.05064565199172255,0.17673422637362846,1.0880368274011554,0.5830207735574302,0.15312286211546033,0.40520439012811127,0.32641813274002973,0.32194398690688564,0.09747956815453662,0.13546761561283271,0.49095505902198266,-0.04897774753089246,-0.001919890303648808,0.760253459313118,0.18817188997183232,0.18436275902230403,-0.3009510377827058,0.4199890175501291,-0.21479827103778992,0.1690943215261269,-0.029496601057963256,-0.1289245092247654,0.1056889750032608,0.5357905178190074,0.01330143545407525,0.23308163927054149,0.08655650544702786,0.9216192677748212,0.10997441662089558,0.3016109087625909,0.543556336028939,0.2276988106601887,0.33021401351889357,0.1169907240274004,0.15703259264128389,0.063221605548615,-0.012823239289554533,0.22034909942376601,0.43265017518477267,0.24978916328301803,0.177965094834861,0.09445107307148803,0.2830849410458016,0.0786130003138168,0.24823405572912294,-0.0901736624523316,0.1410029922504299,0.08706950352345166,0.06851201807712526,-0.023639817807943664,-0.21067119875771367,-0.08221888185208381,-0.05438505236295943,0.3658698478372424,-0.07192508222766203,0.24535383144912415,-0.11238253327329994,-0.0117784017519873,0.3723423151837897,0.2620339120065087
2024-07-01,-0.02495830614702088,0.20579849374686843,1.325652019367078,0.5098487974559669,0.053586386261351704,0.394446637337867,0.38499507222376583,0.4064616912229171,0.1394148001590576,0.10622271751173296,0.3977665344338899,-0.10084926474816491,0.036003508834963505,0.6930897801947866,0.2177957721424486,0.10154739089640996,-0.20253640058949363,0.3280554311679249,-0.3897668363114182,0.06606801383660854,-0.12120860775076847,-0.1435719796830799,-0.03342185281394883,0.32279245934470135,-0.02128972074359259,0.13355493351690573,0.07916247678603705,0.82066277401929,-0.08312016720595028,0.41406234722446444,0.545048177252395,0.1287460042098134,0.383612614811613,0.20309452365498615,0.10454608836073476,0.07297864435206702,-0.0447780556074151,0.25556496208840085,0.5170543224266204,0.2279309294559444,0.10481408577454632,0.045527791646736926,0.1322296599806032,-0.08368583154493514,0.11122305215942685,0.054489167104687874,0.18305331854502538,0.16184473745516526,0.0956223806090033,-0.05798357136570864,-0.13450351501779612,-0.0030681406916043263,-0.0404989778059327,0.34114280771964456,-0.05020031192755858,0.1444360190197984,-0.10126074361554827,-0.03897358897086045,0.2589351907407975,0.10691453158666486
2024-08-01,0.05197982353148234,0.31498769511174585,1.3675119386988244,0.7255790474663817,0.08253641988336224,0.2857249988991446,0.23293445127185097,0.2764265492759186,0.05812318179588738,0.05012468419828875,0.2920829360717323,-0.10751505453368837,0.007959490254801471,0.9230728000711079,0.17066019893053475,0.1705787370772467,-0.1960437692054242,0.4133687503828767,-0.33955912022594237,0.0287735622020846,-0.12427695844700959,-0.3445308048260872,-0.07165116059332222,0.21082774091387835,0.11135178378339194,-0.016048615617605066,0.1308330725182827,0.68529593287901,-0.13892121919310518,0.3514889647864141,0.5066134179703188,0.08214775060586388,0.4585803235523551,0.3911454511321417,0.07525710223642545,0.04789349548173072,-0.1068123132154799,0.2750367722533338,0.5283653601232638,0.29384184246283795,0.09350479296826397,-0.0210403396100044,-0.013103538449120933,-0.2002032735542023,-0.020771936758774978,-0.06301540163901798,0.10911846009640525,0.10224728371392744,0.06858421351662258,-0.148494063954288,-0.14121526704968357,0.0007160209738206191,-0.0736058060594057,0.23148929447940336,0.02195018897404455,0.12113490228441681,-0.15220147807501794,-0.046373249560188734,0.041694594466540336,0.04724279120481922
2024-09-01,0.15949646168049703,0.25899008354214414,1.1232521929140442,0.6874985754737157,0.10727956670724836,0.45215726280146695,0.41222004992006456,0.5554166452479545,0.19761070305535156,0.23548852785123753,0.4529936188228847,-0.0034224223057265357,0.2100006274391064,0.4148874950135619,0.269688701466396,0.049377729051027996,-0.1186455460537924,0.32452915399499105,-0.2060436704542712,0.10971552888386538,-0.042886400948532466,-0.2881266629146393,0.04032497416190495,0.18257552354599738,0.10029215798451041,0.12616458001894748,0.33777041734643487,0.795550048116511,-0.09937178780637901,0.24010671911111792,0.5308304826378643,0.08485006567770026,0.3710051389792437,0.3524796101564429,0.05446997661432662,0.14517404316917615,-0.006966711158114092,0.27075569595438953,0.5081424436866564,0.3644528160830933,0.08667236845877224,0.020066083913032884,-0.05142751459316075,-0.18513591830692433,0.009858474569997444,0.1179127949732961,0.27213742048617906,0.26714813525368797,0.28824516197435024,-0.04656555884596136,-0.03044029707270446,0.19240915232447198,0.00266368616087842,0.3907294413218605,0.08298216926214419,0.17259279867698463,-0.10400606218576924,0.21391614038115692,0.08919015875461778,0.2381541499302311
2024-10-01,0.3154516759179995,0.3011654489608382,1.4785077911187514,0.9112434632164477,0.18816828455767642,0.5538168471968656,0.48353965688650913,0.5660464306294193,0.2657859599631873,0.38159234609075665,0.4353773884149923,0.07840186214454747,0.17306815961913968,0.7153418077315261,0.3354984446240399,0.16384737136674032,-0.09309678173003166,0.37616719663354736,-0.24669727979789446,0.2108520794689852,0.10339560338852216,-0.16004512914853253,0.1799524995990287,0.25763012710670696,0.13038673177755444,0.261546165289517,0.6933728165059596,0.9110441081246143,0.02026293131986301,0.22853311314756564,0.6498778797149283,0.08548652750069219,0.7662701386687993,0.3960001165901206,0.1968680107427887,0.32781705141508133,0.03763914643533939,0.4394070034383786,0.5865342666363937,0.5179795347925569,0.015654772643594494,-0.11181293819015214,-0.039947092001521134,-0.25271960961312423,0.04809818908335628,0.3788806328996499,0.31870865532044546,0.35783387739446826,0.3585250050765798,0.028322202593664025,0.0941597745537972,0.343223113851145,0.13496142866498362,0.5898005155597166,0.30744230179869225,0.28460875339182024,-0.006805355469791219,0.40741139073260135,0.14251276315079742,0.3867436158507749
2024-11-01,0.34320886691447794,0.2578600301262046,1.6948391180617053,0.9852149011647469,0.29463263579663845,0.5180537144346802,0.5022377786226582,0.6320261314956452,0.4851619030501624,0.5246744690241374,0.4356709394484928,0.11595939470429206,0.09189624993121526,0.5327792265964839,0.42059137090457877,0.10993763241628529,-0.0145241483657913,0.3722681226743636,0.15910388113682727,0.4175667307481261,0.16802141702190942,-0.172757498898239,0.4033080886315499,0.6955822808831671,0.1391749930572228,0.19682198816488627,0.48905469073056484,1.0931901546314653,0.13326766591913963,0.3170352720547245,0.7979082109746918,0.1455085224617767,0.6440041201354583,0.49860825098685835,0.17526616973898657,0.29462117837278856,0.059758087586580855,0.4758881222225084,0.6122108489978131,0.4022214690769983,0.1370824261338841,0.04668372459391312,-0.10463124688427083,-0.25686277062470797,0.003089980552154703,0.4299783376051407,0.3369705434368082,0.3735227676706734,0.3959200771744056,0.07105056462455983,0.20194208136402625,0.28974314015146807,0.20544851821527788,0.5533598122346783,0.5152269838156813,0.24440266624613716,0.05541857665836769,0.3755296275147457,0.41984788416360996,0.5401574544232095
2024-12-01,0.17647341018488216,0.06454449960212272,1.5814514106510447,0.789112881207015,0.12313707277995944,0.4211252760512163,0.38785186914867764,0.5255368663413642,0.4631286365417875,0.3145975378562904,0.4674856979714701,0.0566215307007345,0.024630501866864885,0.3451022191104174,0.4392137592961687,0.00380704572024837,-0.033712563349635905,0.2557509253115655,-0.061741680135610655,0.25590584289486795,0.050257208899228134,-0.32914851054257377,0.2933273544908135,0.46981527846745497,0.06250836361437218,0.039833082377770834,0.48532231346943955,0.7057803775351206,0.10528304092577856,0.27584730627438936,0.6484421104315514,0.016028953122525502,0.5330054024887751,0.405437030661997,0.08768979701806967,0.14101087260876177,0.012172836253311337,0.5738252207011723,0.48504838225319125,0.19417806331375198,0.16762636321533853,0.07344772428338997,-0.04272779408513505,-0.23461646203317288,0.014756461350632799,0.33295327482864834,0.28840064680789457,0.3163300356477752,0.27650572419968067,0.04916452963194917,-0.04861756710241083,0.009599943138599576,0.11007655880712552,0.3952326963976338,0.2729098029400736,0.10498935413400146,0.14923711328276212,0.08299295499643167,0.15352821504195013,0.24842988963069912
