Date,AAPL,ABBV,AEP,AMT,AMZN,APD,AVGO,BAC,BLK,CAT,CL,COP,COST,CRM,CVX,DE,DIS,DUK,EOG,EQIX,EXC,FCX,GE,GOOGL,GS,HD,HON,JNJ,JPM,KO,LIN,LLY,LOW,MCD,META,MRK,MS,MSFT,NEE,NEM,NFLX,NKE,NVDA,PEP,PFE,PG,PLD,PSA,RTX,SHW,SLB,SO,SPG,T,TSLA,UNH,UNP,WFC,WMT,XOM
2010-01-01,25.15934768674213,,23.02837150476922,23.38475385253295,24.934688841296033,23.064723903850926,22.478456879532693,25.13792291939092,23.80440908796032,23.500736464074986,23.800084972245948,23.94856067355951,23.614966386912904,23.27455236872636,25.031235713591162,23.0162936002265,24.499872045606594,23.664432644348604,23.544776380600396,22.666324833151485,23.57899634368053,24.258476609619365,24.785802554774232,25.06863855262307,24.21363337814833,23.657042448172596,23.454998521633108,25.261444679940283,24.95414261007115,24.9839584318984,23.96360522245251,23.744330054646955,22.918715046983486,24.066292831067596,,24.677045666632,24.109483001656717,25.771509715036338,23.478092929795185,24.194541185267955,22.04358173471588,23.450089651873387,22.867276824898294,24.626146911013603,24.652190856951304,25.209467196592954,23.325029620948094,22.756378552616017,24.384675707757378,22.193404851108475,24.88261333349596,23.592850969416922,23.11243447266205,24.440421412087456,,23.86738020448203,23.256843235188047,24.76278014996349,25.340531228029658,25.695520447044753
2010-02-01,25.22269494965555,,22.998194441557338,23.389688177292527,24.877169177596375,22.962517789088842,22.521807157193198,25.230954698643078,23.82743291259624,23.5956156146537,23.84137092419569,23.94856067355951,23.674781575197258,23.341497436079667,25.03372821850049,23.153571994987722,24.555487534124442,23.653483623231754,23.58565849023782,22.647866043105136,23.52680339880209,24.37981100571724,24.784557819266414,25.0626956713739,24.263664819186634,23.764898612071608,23.49358222686941,25.263669457442376,25.030276490832133,24.95535018262235,23.961212316388206,23.719595000684144,23.01349510110741,24.088783689033562,,24.642403102510333,24.162271781939324,25.788749181103256,23.42783500794627,24.334120408998906,22.1028344452655,23.508728534584765,22.918570351903504,24.672842383838468,24.590862361494395,25.244341612939383,23.339096762725273,22.7936884514078,24.401866162324254,22.19387863698429,24.844715447047644,23.599035773987218,23.19618875609621,24.438241257458834,,23.893107190350467,23.364399390958933,24.723686045974034,25.352438016613114,25.704327991461987
2010-03-01,25.36112582094767,,23.026976966219102,23.388515294284268,25.01406269514602,23.037905882886566,22.646483991943054,25.299948072490487,23.822668412494895,23.692438498683327,23.868959223837802,24.022707327984513,23.656967202549712,23.432853196773845,25.090923446695047,23.19057521848524,24.666561540504585,23.666245621311916,23.57378675313783,22.67779350438586,23.55043447707137,24.485517748516767,24.915870530825064,25.13644564089251,24.353305263956823,23.801094521357395,23.62117101570898,25.30561640254009,25.094412626541388,24.99768834886692,24.0606996942205,23.786913731643473,23.035602267708363,24.141215286459275,,24.655066589227246,24.200904823187837,25.814808570718654,23.47997646640875,24.36705431934553,22.212968705503773,23.59240600999432,22.990029653946827,24.730231905959076,24.57720626305054,25.244183333397093,23.45166205087719,22.906334984205234,24.47805376839936,22.265149959720752,24.885861548943513,23.641857587143356,23.273969384740706,24.478918038360316,,23.85732969290325,23.452835577093882,24.854923890850728,25.380341723484317,25.7408373590861
2010-04-01,25.466405299505457,,23.03048146958934,23.345353725639242,25.023811031609668,23.082078049275584,22.644049475927133,25.299434737399007,23.658848907530043,23.772517416814125,23.85526044335254,24.168306176244705,23.646360173433617,23.5724106458424,25.16229637427449,23.201245888659436,24.720372646371047,23.694042161607296,23.761401512548368,22.711232462030512,23.54539990411645,24.384722488343954,24.95149240777787,25.060605416128666,24.191919696758386,23.893790305703153,23.66862399440834,25.291716998792502,25.04470600805293,24.977253297546316,24.07579761332336,23.75179267382199,23.14786942610617,24.19759913924478,,24.601640942110432,24.232162892147326,25.856599979775048,23.55412836340434,24.465337457246022,22.5065320756294,23.628668837978164,22.887856411803384,24.723000157905766,24.551813226473325,25.226483476739443,23.48430193440545,22.965867703547392,24.496093626662997,22.407965393381645,25.00402965729434,23.683210379172692,23.333204874062574,24.48739601367741,,23.782350349431983,23.484524521897843,24.916908617909765,25.350074138017376,25.752562855676715
2010-05-01,25.450148936243252,,22.95982107716315,23.338469183332993,24.935087387224524,22.97610903811197,22.650851897564632,25.174757103360776,23.567162778399684,23.664837275982187,23.787392363229788,24.03610148205526,23.632211824222036,23.583216518855966,25.064736149455516,23.16481639690808,24.622942845756313,23.643940485497247,23.695711625618316,22.621481120593597,23.42382467895985,24.31118051341963,24.80867657446046,24.981321832907692,24.185424922005787,23.854126652161582,23.56436358608132,25.193759229039905,24.972763196449534,24.938144874103198,23.99929027655934,23.68742616003772,23.059852589920716,24.14346106487826,,24.5623513595774,24.12523338338119,25.687937167443156,23.51254588334143,24.42420339023924,22.623303454182295,23.581050377988333,22.70922024931428,24.686621309578356,24.458475433925308,25.216787099949396,23.412510616249886,22.921345518587447,24.38962083453207,22.38934803044377,24.763478444557947,23.640876394190872,23.287347787746683,24.438832834040536,,23.741498422508773,23.426992857331506,24.773622331150786,25.290940076988186,25.63842553621624
2010-06-01,25.429102489176415,,22.98306923458051,23.431915109965463,24.796830772407443,22.912593353598467,22.670512329318747,25.083694855221072,23.40955126411994,23.65341644919014,23.79593548014757,23.991463746384337,23.575134510809384,23.574977477623563,24.98916989861752,23.12952688800637,24.56377600434017,23.66071208236092,23.632012210513672,22.49674519714294,23.41974595575775,24.141709712641976,24.68306493433797,24.89383673660356,24.093561501362167,23.666593804956385,23.479547502120198,25.21580339597986,24.894760724229297,24.912926530308418,23.97832440669536,23.722833992144594,22.867541775801403,24.13676083893608,,24.5996410247412,23.969913559805295,25.577994035291646,23.48883416716527,24.561490635873,22.60055468309797,23.511988231438714,22.456926781588265,24.655288317935337,24.4031497426555,25.19845002325345,23.323006816149547,22.86839864121796,24.358103123389046,22.291837130581456,24.75245217360231,23.65845791009577,23.242344563187576,24.434295952244533,22.509442200740533,23.718180414197853,23.404569594483387,24.661185161578793,25.246229808347298,25.587490146050932
2010-07-01,25.451588182207225,,23.090965416812807,23.47027181368178,24.87285239102761,23.033077529339955,22.70321002671422,25.061109972239162,23.509362944998774,23.802823489664213,23.7987255880569,24.10913350762497,23.60884761068423,23.717340050372105,25.105215836918315,23.31484532888937,24.63098937045233,23.72720207112179,23.62312870728783,22.6376518449559,23.516563037772144,24.332227713968045,24.800838821384595,24.979714215965114,24.23239221013531,23.689141551680507,23.573155392471342,25.199243140891895,24.990294712100702,25.016261886323093,24.11734293442027,23.78363400864817,22.883091341207745,24.193708378233094,,24.595976893725574,24.12079725297034,25.692826796213417,23.56918925084604,24.46390625578145,22.542773406017165,23.6020140658158,22.351675056088546,24.72591346037873,24.45374188910503,25.21793201851863,23.374384362975356,22.987106475459157,24.449188371777073,22.29125890893313,24.827618428151208,23.718233785094604,23.342091570560683,24.504142735707717,22.33122415217626,23.792065623212437,23.47617739668716,24.7411070828257,25.30911600735598,25.632208486215077
2010-08-01,25.395013377726592,,23.07499625686356,23.483591109019347,24.930053238031185,23.05285820633109,22.626341004507125,24.941723335370163,23.405475943792133,23.74138919059374,23.737834845351948,24.067441776874716,23.605137591588427,23.822114159592,25.07686906066689,23.2623511469219,24.59625869132309,23.731869562284352,23.509141659493213,22.612748137850673,23.489668819985038,24.34325507380265,24.6935466820155,24.90516663315698,24.13577525317323,23.664641339849997,23.48031599716305,25.180651319118105,24.889275070505093,25.030137449131896,24.1082019755571,23.725516951061273,22.866166488090304,24.24035866137363,,24.6160869729024,24.033582818137546,25.597787986875446,23.596164258136533,24.556448107238133,22.744888105758804,23.551321124581772,22.36679408705809,24.71460341008217,24.51263922336479,25.201063804793638,23.338254816223056,22.98608636530091,24.36271443842529,22.308890030703402,24.71545571057511,23.76851852257349,23.35578400209467,24.568348345002637,22.307885197212702,23.83292656845285,23.452735898175927,24.577718039089717,25.288390683803883,25.622611560995647
2010-09-01,25.549634015344253,,23.10949161820429,23.573337258366525,25.159728361093517,23.165057623578388,22.73709603585201,24.99181214591728,23.59432773920048,23.929932162098233,23.777920063165187,24.15852920345729,23.741039100178043,23.839436864202927,25.17609774890793,23.3602872714421,24.61332176195815,23.776199656719406,23.577006057938352,22.727982293509374,23.546915917952333,24.51395686732329,24.80887105082376,25.06077665304171,24.19264612316097,23.803039309791544,23.605215377231563,25.273125078754617,24.934969816057933,25.076299661346546,24.156200192418307,23.8224804025301,22.960669238145787,24.267472083360584,,24.66194733585677,24.033177713995638,25.645650098271215,23.617625603132797,24.580456291878775,23.001006214663796,23.686600768351287,22.59143733749852,24.74921103809439,24.599932160748885,25.206078932061235,23.44500130840283,22.97603837399392,24.457060821761875,22.37951376438817,24.86355407653037,23.783397759968175,23.38750317205883,24.62480755023275,22.354521892370794,23.93446518993095,23.571944617536776,24.644036686374825,25.35944635128445,25.674083425615738
2010-10-01,25.608583899406927,,23.14234405294736,23.58014227312161,25.210438928325804,23.196539015142832,22.829130005858673,24.857992222748102,23.598665078269057,23.928915066817765,23.781297157623925,24.19208872321899,23.714006134218497,23.87691874002443,25.195041265604495,23.46031452512673,24.700912049436297,23.8040409875778,23.606156036027794,22.53325378947959,23.50470303825783,24.618392016199177,24.801986727014565,25.215381014322894,24.30102437361729,23.77810992895592,23.674875654629993,25.301448197066208,24.923607375838785,25.13058430495069,24.17327397540804,23.785392602195063,22.91711451582939,24.310294248274957,,24.65869333512713,24.040846660389608,25.73092484240663,23.629505463846634,24.551358852479602,23.069003744069366,23.706442644811315,22.620131146407576,24.73941085664432,24.614387665502022,25.26437611020558,23.507956965205498,23.00611593715575,24.50556373564322,22.35020899787369,24.9896521766231,23.800173746606298,23.422259565994413,24.62200673299492,22.42223980828639,23.964567536923486,23.641360786468567,24.680773980059918,25.371518360974196,25.747393253703624
2010-11-01,25.641815305628736,,23.091950045422998,23.55978470534977,25.270169574393602,23.21114291074716,22.885455050476303,24.81334256042413,23.550809520687608,24.007970774571483,23.78076899804262,24.21413922479757,23.791509302021087,24.05878067785151,25.17511067536517,23.432589861073993,24.71137444463329,23.767123800602764,23.534371574205192,22.45115120856278,23.46853512336207,24.688159839844573,24.79005539741625,25.11612132289606,24.269565993106873,23.755527155064893,23.728596528905573,25.266485521817145,24.918765859270707,25.160307381327133,24.181017318072335,23.740656611609282,22.984011198277155,24.317086398316487,,24.60668981637956,24.02629281907192,25.676607284147757,23.54579219129281,24.51743510698852,23.239813624373305,23.762433980924843,22.7443636662399,24.729097554573688,24.547933440819847,25.23191349850499,23.55345043351853,22.97935527764592,24.51222895645262,22.366520310547557,25.090941447526852,23.80815620676257,23.447760288112274,24.6151990598366,22.903229035701163,23.977520774555536,23.668697541396885,24.723956473815285,25.370040493055445,25.792531665318293
2010-12-01,25.677829162081576,,23.11484428503747,23.580723352754898,25.29605729314919,23.264550802308694,22.96987737046654,25.010769395423335,23.70713162362865,24.10970776643129,23.829465710359127,24.33794244364457,23.85733173651805,24.005527357630665,25.303155150596456,23.538552637913064,24.7383958452027,23.79521274641805,23.561651942446854,22.497237503312917,23.537308412923224,24.85811773906793,24.934503514047712,25.18270354936935,24.34592891373682,23.912134132645445,23.80197114885399,25.27991673301048,25.044714899602194,25.207528983864695,24.217497770217374,23.7946299552021,23.08371718859074,24.305019216030264,,24.65123008169736,24.132838323611313,25.782495934483926,23.582141851884536,24.560681230942286,23.0812008901083,23.75415664225865,22.86792692799652,24.73987023915964,24.62982645811316,25.283918749842297,23.63625611901888,23.02804716334518,24.56279152647779,22.492902873982548,25.17034419340085,23.82158575274968,23.465676842947484,24.670836496005077,22.620534916207205,23.966230688502826,23.700799784875276,24.855963711403273,25.367078334788676,25.848720561145928
2011-01-01,25.728483413954486,,23.106471425429014,23.565503309026006,25.236779028241475,23.228402447867982,22.983036668369625,25.040499679838344,23.751581254988846,24.144850431066015,23.783638811713608,24.386103026348188,23.852194627831075,23.983622458100562,25.34269210624514,23.633068077756576,24.784889569220052,23.799135687533784,23.713408725334723,22.581681322845693,23.557986527486054,24.767892461012504,25.03870885057435,25.193404198777827,24.3185597119655,23.9597556988311,23.854195247681684,25.245708344217373,25.102423730401803,25.16211566394991,24.19649185504048,23.786894899659536,23.072490074526577,24.26393161020904,,24.578860855853186,24.21024795128577,25.776025492369303,23.610024137499412,24.453796387444772,23.27877275325647,23.722675147325454,23.30827399171484,24.731588969020862,24.669574229323384,25.26508898919413,23.701635278970862,23.10794152299398,24.595040310669305,22.50453668003269,25.234021245720097,23.805501112863904,23.485185242998963,24.605435428626468,22.520708751683284,24.097741894149568,23.721837712043804,24.90107491401697,25.411507547435967,25.947109796890413
2011-02-01,25.768602943583492,,23.109270047984598,23.62466927524155,25.258066961207714,23.281413571849072,23.15185771524849,25.080476523501417,23.78128453773625,24.208777051392154,23.812910597202993,24.47200587734562,23.892437549254222,24.007570642021935,25.43153654161261,23.624783047333977,24.90292992880031,23.805268711439446,23.769163687533865,22.55903369472423,23.54018595806537,24.745449685690506,25.076706294408314,25.214892035469187,24.319536603055735,23.978614118956752,23.887555373866398,25.273265500572478,25.141773123370093,25.178996946892013,24.262413526113658,23.780836866329395,23.13075083948598,24.290850208137588,,24.560606500796677,24.22145186296811,25.73366963938331,23.646933192277572,24.45742184339102,23.2435463811711,23.799093008797986,23.25416026135887,24.717652836857468,24.724045579519643,25.271206479398682,23.782617681005128,23.1375054009862,24.622220170848227,22.473248100052345,25.28260295074757,23.81844213248747,23.56646337950612,24.65537999730707,22.51195683805044,24.1343358172679,23.730046013685598,24.896127450211402,25.33576552347941,26.00548580922116
2011-03-01,25.755207084933595,,23.104066671742213,23.5842027576345,25.296779281801605,23.261432660249632,23.062999426594807,25.010933499654715,23.766568531507165,24.287406432079262,23.841039132276897,24.50608524825427,23.87533078666597,24.01742602548865,25.474443255616023,23.696884419489955,24.8879578833889,23.82772921642437,23.822898113850403,22.611541739274806,23.539863033945586,24.79338522310222,25.04112679344698,25.17049062334763,24.289520073419688,23.967611556123767,23.923985760446516,25.245973638271455,25.129055753082923,25.21615800892181,24.28450637052706,23.812185392690882,23.14063628704224,24.304396195766707,,24.57402559695631,24.138597555592167,25.693759265454734,23.64060317232052,24.44485870220572,23.383768739930826,23.63689762988116,23.04916522425249,24.733142117680607,24.788627937295104,25.247940679193185,23.779629197573215,23.125496040037284,24.640436068082476,22.500116904855663,25.283659082027995,23.83061040672489,23.54749958605783,24.731022386142385,22.6617325307945,24.19404804393495,23.764307009346865,24.880427699664,25.33711124339936,25.994238043696974
2011-04-01,25.759844938406218,,23.141491042262945,23.59361382596363,25.380245211624345,23.325405583998634,23.138720491197788,24.929606759572362,23.74796065079915,24.32321869139737,23.88453273181521,24.49386457946958,23.973587475215325,24.05431750504381,25.49242190922985,23.70691868744849,24.888189700666064,23.854904334986365,23.775730896559683,22.711332017781093,23.562163431566542,24.78379837583504,25.060879831922254,25.095007767249072,24.240480779066285,23.976840573559652,23.94912426293125,25.349610870636425,25.118808521124695,25.240124139193675,24.33597237530191,23.86317968497895,23.133803055311525,24.33315444548635,,24.670961478107323,24.094827752537988,25.714418847552658,23.676782131672084,24.519014292869173,23.3620440171383,23.72424970204993,23.129291229733802,24.808006911079595,24.820607471320887,25.30012644868155,23.791512963490835,23.18886687263552,24.697042918302987,22.479668549614654,25.245295884717443,23.854720245337642,23.614100700347258,24.747545879799265,22.65631246857821,24.282327464334013,23.81525959528009,24.797105590729903,25.398860832729934,26.038984425880496
2011-05-01,25.753254098529364,,23.187562599730356,23.652449110902463,25.3847293593277,23.320894211330515,23.148534537846455,24.885487857556058,23.79589043339723,24.240434009538095,23.928701366124162,24.419278242371725,23.993053380265984,24.148314938047722,25.45014860207888,23.582343372249856,24.853488083463798,23.86025213497534,23.741997895081955,22.718656838517727,23.55454624857235,24.725064512116518,25.020465799307125,25.066900961852998,24.169977919455466,23.95314355586747,23.92130298957401,25.37321981356003,25.070417306800763,25.230442451555746,24.330507240743334,23.902130347023515,23.05408243276827,24.3735730663576,,24.69297057197717,24.0176130014189,25.678680000816666,23.700883664792894,24.48358729953265,23.513803340088966,23.749794767798644,23.1312894027235,24.839865094339967,24.843239364500295,25.340230497108948,23.80759242401695,23.197608851919174,24.676630929868335,22.544935769366326,25.199353863730355,23.89324225826621,23.644369713938165,24.7803042309415,22.744349652903068,24.276624319274855,23.829652323273617,24.771355998387186,25.40321649032178,25.986361904944154
2011-06-01,25.71766832293282,,23.186483716332628,23.59399643589878,25.423619487689386,23.326034080368554,23.2659556842787,24.81588675510631,23.72665783641069,24.246652906470764,23.92732919856587,24.45493416841069,23.980828509675234,24.12653750431205,25.43792263904207,23.539258314368983,24.78925373305507,23.87716638264691,23.69903235511873,22.71490184095174,23.590478361995693,24.75890675166378,24.97994067630327,25.023162039789643,24.116732500459232,23.951488301186686,23.927636751240968,25.370346176855808,25.015758965617668,25.237601174717298,24.35431444919862,23.889868409121537,23.019094380834865,24.414526612333585,,24.65243192667245,23.96884393302574,25.72403399979294,23.692392504809032,24.436537244730648,23.483397430643006,23.8132225178045,22.902390414505863,24.83011574727558,24.812439430761536,25.2876792398823,23.783900575569586,23.16033323661008,24.690507228228448,22.502960027980233,25.210194976248307,23.900699179390514,23.635611724260762,24.775540089793115,22.710265264891497,24.32895844033014,23.828848770478533,24.76444353730062,25.37141593003493,25.9666597746661
2011-07-01,25.868916973671805,,23.164480884050707,23.5978108941009,25.508117463809583,23.257802648870374,23.146421774387708,24.695642335879437,23.661429651859617,24.171879890015685,23.89205008723589,24.41144296111974,23.943329341402947,24.097457142429118,25.449331713387274,23.495386256485947,24.778437152752833,23.864876733614697,23.674339659616717,22.748483199640567,23.618785341639022,24.760040115025014,24.936446428462432,25.198935541636885,24.13075900418805,23.922711390777224,23.81232530413697,25.34399500867574,25.003718272348184,25.255457961845106,24.314361101762174,23.910176947231232,22.94197869113148,24.439821049741905,,24.629786202738938,23.935256847254337,25.77648045845411,23.66270759775695,24.470332562139802,23.495881549200227,23.81889075625203,22.760399460160926,24.742271841932038,24.74465922908616,25.254412381261815,23.778024108851394,23.21695189860169,24.62430261411264,22.419703095288217,25.255119547721094,23.879677630059078,23.67177303080851,24.704635583312417,22.676754270774747,24.293726306867995,23.81028662739607,24.76015788533996,25.36329098947246,25.946928706646588
2011-08-01,25.85434207267362,,23.211383119572844,23.62281470035553,25.474807699355843,23.177336601201496,23.130838501855912,24.522954997307853,23.58149471756751,24.093958409396507,23.962734071166683,24.364278639824335,23.94702854047026,23.98059787688107,25.39825089672241,23.524385587434278,24.65279060539442,23.881405905999973,23.579167081398275,22.643303706812528,23.596993167670494,24.647622168176675,24.842866050575687,25.08922006648131,23.981191661910675,23.87732236491538,23.707383460939162,25.359463485269167,24.935715949359494,25.290706285123033,24.263392684674585,23.889335285745634,22.868581252872634,24.48426194290982,,24.599142959616213,23.69724352272053,25.74684872346302,23.688966075293283,24.58905464730323,23.372051043221255,23.779292655868627,22.722074952478234,24.74834307767415,24.73053425705501,25.297567471343964,23.509155661302156,23.250649926788775,24.514829112492478,22.40099853644939,25.10945315441844,23.936514794629733,23.6464791146518,24.695779807772844,22.546917842688043,24.25028111087668,23.70425345864453,24.6920340622496,25.37235602521895,25.871865428655695
2011-09-01,25.84517901254232,,23.208240894984133,23.621700243474717,25.47944306084406,23.10779433011986,23.120516736598233,24.23528039630177,23.482613041217615,23.884999314056106,23.94829232834884,24.29194321362621,23.99489405397039,23.861376935182477,25.340908918001578,23.299910279866808,24.531183411012,23.95104390886742,23.313806333221766,22.586308167535403,23.59819838684778,24.2112227900521,24.77369782744036,25.040119294410268,23.77785547693111,23.86930799642084,23.629551613209383,25.335740563960226,24.71496604624837,25.248818972266445,24.211185294062535,23.889143119561965,22.838530750960555,24.46193809332804,,24.5869844462513,23.438472401871543,25.68669529557338,23.650222590127523,24.594310591064282,22.642197313009934,23.766048964197143,22.660087726095046,24.716298064253554,24.670669346910714,25.289684078229904,23.39325283555094,23.14522680947418,24.467654966915177,22.38696446314906,24.84428286275694,23.96064125044607,23.587365616965084,24.697182883037367,22.532669918681655,24.220376950359036,23.58862431807816,24.61756496295847,25.355012586124268,25.85949050034251
2011-10-01,25.904884098829342,,23.240843504934,23.64557618903883,25.466784104376966,23.235547150371072,23.153589237522155,24.34504304017755,23.546598201787063,24.13127520851241,23.96717020253032,24.3872243708967,24.008438410053436,24.014351981215967,25.467164587540445,23.46749595317381,24.676580607021577,23.97232668366145,23.54444196556537,22.664035910542452,23.639123174772276,24.49049530734111,24.87663994739825,25.180461736619602,23.92510756161715,23.95469533775418,23.806315491229192,25.346671818359894,24.858243881368463,25.26680296139808,24.300274687340593,23.894269372779142,22.921829490769095,24.517634235944296,,24.652514813601066,23.70521186745087,25.75426737543257,23.693336462993393,24.658785432003523,22.320116866738825,23.888987262330396,22.82818614926433,24.73311885670121,24.75626563385451,25.302423286347356,23.608599563471497,23.300652656117176,24.570482339923128,22.493925076469473,25.05132561356638,23.98004116587203,23.74252883499397,24.724505809725084,22.71847039467529,24.263583971237058,23.786798030074117,24.689152261394167,25.44382032145268,25.931974281530753
2011-11-01,25.847484225107028,,23.25097559969488,23.713964069148457,25.362105096182653,23.207409131015478,23.03254386559372,24.11749761305812,23.633060499416803,24.172361467938703,23.985947075839075,24.420693397142287,24.032765337535785,23.89696301573348,25.44570834678689,23.510686475461846,24.70401036759977,23.993165473020767,23.694852138222245,22.70495365934401,23.637319559850173,24.481042660318785,24.827580524803626,25.191787244467275,23.791615637392663,24.045934273505505,23.839167288038194,25.35178301876453,24.751559802693627,25.250719922798947,24.303515643140702,23.91266716558511,23.06153669089336,24.545984113816864,,24.68810563436395,23.532003285264917,25.71403958064493,23.67616958077284,24.68899977317708,22.079552975041988,23.88722081490667,22.882750833795622,24.74966101224731,24.79746128965197,25.319566258056287,23.541189418651626,23.322497110740645,24.552627151009762,22.54253664924101,25.076326766214905,23.99634216550915,23.71008630495488,24.733498429038885,22.827094410156793,24.27970654791688,23.824638825731014,24.687220821357606,25.4815351199901,25.961624342456094
2011-12-01,25.90542732202725,,23.30312421847059,23.730937789792126,25.25696987358859,23.22445719878884,22.99647305268458,24.14128699427098,23.668464425807805,24.095073213603985,23.995626952497172,24.442193825357787,24.012135347415104,23.74239004963382,25.48780779270176,23.486419441004948,24.749007858206504,24.05901657424309,23.64312293202828,22.718656838517727,23.62761768817433,24.407440062022523,24.945991600694775,25.266519411956196,23.737165524491104,24.123173897084644,23.84968606969847,25.37422153343537,24.822595485334862,25.297905323219815,24.3504367298236,24.01920462006132,23.117028143461482,24.60260721333,,24.741215370308645,23.554731503739966,25.736287820583534,23.779878626417926,24.551145177605836,22.150723368211366,23.88919473845836,22.762565952101866,24.79384443903761,24.882793818925997,25.352171231842348,23.56849076012299,23.341719859040925,24.511790444089172,22.574502223726675,24.98212241604885,24.060128034527008,23.753471721064415,24.77605794835307,22.690503838226398,24.318122622999237,23.855135571502828,24.755745129762225,25.496030818783446,26.01987673884685
2012-01-01,26.025084918375672,,23.259838058845308,23.793543340245808,25.373224086992323,23.26409954137542,23.162798859947195,24.38999998245149,23.697364474902546,24.28106702091541,23.97738620942273,24.376107641433958,23.999452853984337,23.88318841264759,25.456495850485503,23.599409497060805,24.802314043541692,24.02715079103294,23.71772333657965,22.886742018246412,23.541213672624743,24.635410086751836,24.999347446384498,25.159092476039557,23.946344990757538,24.177567065166286,23.915374065812095,25.379240883941367,24.93753435084436,25.262410813061773,24.34885675172125,23.974425031858736,23.17258730545681,24.589767374990814,,24.768154041029614,23.76389828157804,25.865137957491445,23.762815233828672,24.580635580067298,22.70158003823997,23.969044617226487,22.82615748667538,24.783542691315088,24.871641344562644,25.295586010512565,23.682502332529435,23.38124412452299,24.5812853089357,22.662996505895613,25.077818818456944,24.04423295267885,23.80741039274781,24.748227245631316,22.708203373585853,24.343174004579357,23.931176211205187,24.81389083718182,25.52868081964143,26.007770199966483
2012-02-01,26.197617624077658,,23.20928940062702,23.778792054000082,25.294333578554784,23.28889480379631,23.265474604868277,24.50137320805366,23.786662237618383,24.331117605317452,24.01060934555201,24.491461001955457,24.044490835664387,24.0866882895785,25.513051313592936,23.56131652089826,24.878751461526146,24.008679681767216,23.789486026675814,23.042510882362656,23.523204704360218,24.559305574208576,25.01735618364263,25.222767573658125,23.97873840601753,24.246754922832938,23.941393670720437,25.366568184843207,24.995410466940644,25.29633174131794,24.374880362070723,23.96176303671126,23.234042171289314,24.592086720593844,,24.765537203118072,23.760733907729225,25.93730899862704,23.75711795897133,24.546722892789067,22.619517592633077,24.00614004647015,22.851559774491058,24.741082596376764,24.85894404888037,25.37367511892687,23.742180365590823,23.34613966928041,24.649366878984615,22.719020877498043,25.109762781897604,24.01370054761828,23.804609082111412,24.806914758731427,22.84735181533778,24.416854069341003,23.895013017487024,24.88267795953842,25.490815561952886,26.040197592896416
2012-03-01,26.29771939516403,,23.24660899483914,23.78579811928982,25.41388968317694,23.306033857265295,23.300997110204484,24.685554093008907,23.815879983320468,24.261411470568287,24.05879622637249,24.493408577591406,24.100948093670507,24.162984228904634,25.503027435705132,23.536533406166722,24.920496869596764,24.024668439079026,23.764947097668028,23.158691579025422,23.540047208002495,24.447029246577102,25.078321353692864,25.25927858151939,24.05886628826933,24.302756683687,23.972222416241177,25.38879338767577,25.15391975722955,25.354038681703738,24.42532921021685,24.00021656151435,23.334528219947575,24.587129495542975,,24.771544491606218,23.818371397011912,25.960120744751485,23.793128152706643,24.399029479373567,22.65770307835866,24.010946829310253,22.86792692799652,24.802011126101803,24.938743572355566,25.36759327373498,23.809944520386797,23.376263106141145,24.64390366570458,22.77506101745542,25.009090609767583,24.040785944111143,23.884168535713535,24.827620533737182,22.955880252021643,24.47249689707644,23.874909191188213,24.973965670016998,25.526069981459948,26.048311636680417
2012-04-01,26.271406404318736,,23.253325962987475,23.825616874506984,25.549406709550116,23.241869432487412,23.182093378286783,24.52001894565805,23.756258167109298,24.22557228897984,24.07058938397709,24.434056831390887,24.07166864667556,24.170849142979623,25.496946343278566,23.560017393703063,24.905075061902764,24.044462288584207,23.75326786195055,23.20066852981056,23.53860722558002,24.453840497077422,25.053603816866975,25.200855174133185,23.981840897000673,24.337888249045868,23.96581344385463,25.375669768370884,25.08644841352052,25.392070470707235,24.439559440926345,24.02764925186999,23.337392051346683,24.580481402637346,,24.80426922985345,23.6903529569261,25.95265341378438,23.84528078049554,24.332104508756846,22.296197921931025,24.045428971358724,22.698508428801727,24.796722040417276,24.94972045996225,25.313013570234844,23.810918428697796,23.42088932605007,24.628105233184034,22.8765677973823,25.067550924994137,24.063016368351448,23.950044601345624,24.880017992875803,22.838936062999135,24.426931938992883,23.9200239838205,24.955594555542685,25.494604480866737,26.043804396254373
2012-05-01,26.260646780741986,,23.244792687855895,23.81820291253448,25.46397000066425,23.163423904539716,23.141247445905996,24.42162107756425,23.64144590776188,24.07030912319164,24.070434850339485,24.388252540033218,24.05116053911666,24.05446159875993,25.41636332755445,23.451224688723073,24.96363715028377,24.069803474488133,23.6543144673019,23.194007872895014,23.485166311481244,24.28395744442552,25.02825991327952,25.16038448901656,23.79682355219528,24.289425660401456,23.879790912262298,25.333790763391363,24.833280821906705,25.371017127044695,24.35425941390617,24.01696192252285,23.178203119270236,24.493591318296446,24.889881658076952,24.761044222213677,23.43598963156654,25.860118940796784,23.86054836683862,24.321767703592364,22.062517792629894,24.011888076653207,22.653672284451208,24.82436634014426,24.903699728176058,25.29999558446578,23.699199342227864,23.350105116224857,24.531336939148538,22.95150711408874,24.908690762178345,24.062362848400635,23.896719844292384,24.93621534250772,22.72288713906897,24.420140661312256,23.910731871002753,24.913737375682047,25.605517646533617,25.95026508894214
2012-06-01,26.271441208385752,,23.292528098599025,23.89287231340638,25.533979941796822,23.184579789322157,23.222451492637415,24.529958322028886,23.635691389035127,24.038891372746367,24.12776296232857,24.469837925654836,24.14946914733053,24.05186114632002,25.495908403406894,23.54176098935809,25.022884049918137,24.129368290460366,23.55719986874928,23.268077076712153,23.512105985875767,24.345389515954373,25.115969114793096,25.159023522652912,23.803262201385195,24.366677063543744,23.88952990937367,25.422449092885653,24.9082288716558,25.4162769311326,24.37742661370599,24.07552067748352,23.24058717355298,24.492281629176766,24.939315081059128,24.866271746648188,23.524060915065494,25.91350631340005,23.9215419473522,24.349991596589653,22.139111105824586,23.806245359747177,22.759675718094876,24.872737044250908,24.963939216244125,25.28315829717049,23.737541765195875,23.428884959641103,24.556637952078066,22.975493843427053,24.938695690636028,24.081554765898286,23.956925075067353,24.978896387835256,22.781795218936928,24.467931369253026,23.984706899889584,24.962667096143484,25.669844524238872,26.04171213987494
2012-07-01,26.316244468248993,,23.34951938135797,23.92979049824832,25.555425618016155,23.189181770787425,23.25434200281023,24.42160482021136,23.647411799828316,24.03061351993589,24.15859859590484,24.443730503536106,24.161813202275845,23.945905884529907,25.533852868756284,23.496453786447642,25.0359933770592,24.108923440964766,23.641238794951466,23.282377905491508,23.551203390739353,24.333579286774704,25.122928048388747,25.24629776032183,23.854503214737406,24.35127318249413,23.928344197668462,25.44672281137901,24.91575694065919,25.45591714144523,24.335942968705606,24.101287137961425,23.126357925284072,24.501613910210576,24.57988010776457,24.933488095912992,23.458196171753144,25.876205557718542,23.95146363550454,24.269965428442696,21.952839329021575,23.867767058749692,22.739207516619906,24.9016114342901,25.00816394213636,25.335479936989973,23.718873026530648,23.467800808381956,24.542101071634786,22.990491996547487,25.032028926976945,24.120733803832223,23.987483058974576,25.04034544787935,22.649769324198438,24.336182920315586,24.011990539965243,24.97367126535925,25.73521549377555,26.056559413688156
2012-08-01,26.401687872409557,,23.36711892885427,23.903021240536976,25.61761729236549,23.215561852108483,23.245358615985207,24.50645674061449,23.682669007170084,24.05019456887719,24.154657748273063,24.497685933396202,24.179232209585205,24.100699622133483,25.557123925098914,23.47394209003404,25.04268652911727,24.06365336518328,23.742943198263106,23.386081239201776,23.481059349164823,24.41304650294835,25.120998438175615,25.32542510954324,23.901167778264778,24.435229851680027,23.935210976181196,25.42052295075259,24.95523598378053,25.378758287280046,24.352573062930226,24.121076526433395,23.24821627768441,24.503067304616025,24.39580693916581,24.907804491627843,23.555628296053385,25.92099669533149,23.899501970178793,24.400681567438713,22.002090011594376,23.90982700453567,22.774757120909808,24.89747773572625,25.000648249578443,25.384356362414106,23.774225466516086,23.444778576078477,24.61225771177475,23.05344756093745,25.04762404369767,24.060381993970445,23.976266750842658,25.02242777605345,22.689102084498668,24.397118415899907,24.002402105605313,24.98015692279373,25.71032189195084,26.06172739171683
2012-09-01,26.40876481569894,,23.400203298882737,23.916985817907207,25.641693727662364,23.21701399178014,23.197757458870942,24.606420756740476,23.702056270497362,24.05848124046721,24.163181194876387,24.504529671379615,24.20523578200454,24.151135000322736,25.60357730319176,23.567423485756354,25.097933905070818,24.075088355408855,23.77698323202172,23.427702557705484,23.469934350007303,24.50480003415975,25.21318711155337,25.421930017704295,23.97814690422172,24.50219711978205,23.963608530757256,25.451280125718444,25.04134967826796,25.39282990339997,24.337098786615307,24.186551073791748,23.30817937575468,24.535846817032986,24.57757447913339,24.954324634441914,23.66537900955807,25.89260101205424,23.952203730270917,24.500858834750826,21.909521727191084,23.887995510991257,22.724326088106476,24.874292645378752,25.050496303788204,25.41614194041541,23.79908195691642,23.399886526850292,24.599429641305306,23.096148972749287,25.050637430961814,24.0872932716928,23.938567857421454,25.05094758591068,22.715401378044618,24.41735425218015,23.984450926984497,25.00124241380084,25.732109164411575,26.114646960395884
2012-10-01,26.294923616136106,,23.411518246517435,23.97343282082488,25.55366666234408,23.160183269867616,23.14809200381812,24.66167959658582,23.763926839030876,24.044082145772677,24.141877493410973,24.516178985094445,24.18781272183298,24.10619487599099,25.547831032062238,23.608452746800534,25.03558613203329,24.08888363210143,23.815843263069393,23.29581294527981,23.475539892720207,24.48695636821471,25.145365455463732,25.318408677557564,24.05197164627787,24.51878850306652,23.988239675308247,25.478620095926452,25.070562499505307,25.37963315524959,24.36457129736701,24.211958892922105,23.376555050970122,24.480386087931734,24.551854110645852,24.97548405103039,23.70289813693021,25.850742515970296,23.948357038249803,24.48174772506183,22.284904093586103,23.850092767201424,22.616797634604215,24.859886772139244,25.051301019059682,25.41441051509348,23.78550017732583,23.403519095758693,24.597767898500024,23.052709703967743,25.011156185287934,24.103434688617035,23.941199279971695,24.964851715124066,22.67533309663244,24.431988359294884,24.020280387697028,24.97661482103711,25.748505323911587,26.111580569646605
2012-11-01,26.277914927233294,,23.370405602824068,23.968640134941644,25.632727919760683,23.22763526137028,23.208877019627128,24.718002700897983,23.801995117709815,24.055159943666165,24.180669022381426,24.511921074469782,24.242088196961706,24.183229623021496,25.505681857452515,23.592050461852754,25.04651982303517,24.06000342719816,23.8270610639582,23.324038843939928,23.3066545773511,24.4981068307553,25.14868348560251,25.344623763861765,24.01366279823399,24.57716828514417,23.989707873693018,25.463109755488198,25.063421283564168,25.399340337919387,24.373942614515425,24.22035484047539,23.489943947301647,24.483147197659548,24.83431174754557,24.94590356143591,23.6760536935377,25.781098965476406,23.92890005398355,24.33414121231168,22.31559956977516,23.914712985397394,22.61596251745774,24.87379864208808,25.057313941602192,25.43107376147657,23.77524057238815,23.41791404044746,24.622410543082722,23.120102452474246,25.04077268845083,24.03060704522411,23.940673450012508,24.96677523133117,22.859549188402273,24.402816425025637,24.018246052911078,24.956224163734902,25.707694502697304,26.077781155425207
2012-12-01,26.18734477492966,,23.382017623955598,23.999391189946078,25.62803531467508,23.24057269845324,23.105413786030855,24.881383270678448,23.857531967434586,24.1051564888775,24.143488678333867,24.53019351760723,24.193733763189382,24.247284404077664,25.537183488637904,23.61985763877338,25.04913401467927,24.072103391587213,23.853655549260065,23.42843007276245,23.307852806648754,24.36651452820372,25.14203580387543,25.35744260476365,24.097577821141407,24.530910858386385,24.03094083212853,25.47720609395801,25.131407494574358,25.361139230244515,24.394620611497555,24.236244442736133,23.47402383864548,24.50543918767377,24.783770182951788,24.86702611236697,23.80125154700611,25.79265733542076,23.944747547262857,24.3202412640398,22.440603805348342,23.971734758177732,22.64633222102143,24.848119113646383,25.068652246240795,25.402898395311684,23.847685034794505,23.448168815866573,24.65282358784853,23.131158041281743,25.011738689361636,24.023985300339344,23.986374486054142,24.954393138881994,22.86102629893006,24.400055066991964,24.047569467349547,24.99748524302424,25.653635014624246,26.065818290200397
2013-01-01,26.031755200316418,24.3595651222297,23.441373036181073,23.987945770647055,25.684715254205024,23.287932295894237,23.23271484481618,24.857097533268934,23.99123279863163,24.20437232880162,24.170199828526755,24.530365618343883,24.297997903451876,24.27097540367375,25.59999226839097,23.709902243149806,25.143318728108685,24.146681492778093,23.88775572948671,23.472219783464844,23.3634412631339,24.39675472145425,25.21076359402194,25.42350595870344,24.245256613307205,24.609696586618043,24.10340466434213,25.530266452228854,25.199110827031287,25.38808335273026,24.408208041554815,24.321141597978084,23.54650183035999,24.582643650482378,24.935449015139895,24.9314621246501,23.979467847731676,25.81998569835501,23.985251570295837,24.250040829521403,23.019821640543057,24.022431731375598,22.64633222102143,24.918427084082314,25.152735366861574,25.504629216198797,23.94499304339984,23.515967728848675,24.71842064117589,23.183835185953544,25.130643214590393,24.05661682262932,23.999508819039285,24.98592841587374,22.963104413169713,24.42175838526766,24.09221478847862,25.016323719244554,25.68406527315519,26.104572474977687
2013-02-01,26.000332837738608,24.37764828621347,23.473956617134974,24.006807850105286,25.680071751780975,23.275386609234502,23.188415848894586,24.84911534568824,24.005811928511083,24.14123539821641,24.239586057782752,24.529503268522618,24.287685276184007,24.253924890518064,25.617211710839324,23.641372670106062,25.15641029483509,24.15407320722564,23.89494405432935,23.454044675734917,23.349024469384418,24.306352954087743,25.252088059985006,25.481985404562174,24.25802491095492,24.633032645288324,24.130296451852207,25.55946283025411,25.244932080779176,25.427056507277495,24.43219943565939,24.33904764404434,23.549787887389517,24.589025273153737,24.807160706201675,24.919365579557134,23.96625166447486,25.83265560923728,23.982750141934446,24.185875254914116,23.149290244229267,24.0299887685582,22.678436965040923,24.957726756256726,25.16473117657714,25.52618375884206,23.920638760868986,23.49813915612423,24.751884214090985,23.180437117770992,25.128077680540798,24.08516319190471,23.99123380717454,25.034592854032464,22.888975773592424,24.389361235118088,24.134295806854897,25.030589122445893,25.695860860006793,26.099893251364893
2013-03-01,26.00899463961888,24.47708656170594,23.52306211619064,23.998006396378806,25.68843716800712,23.284380394386776,23.23689981499644,24.93122101079562,24.07482421024509,24.080996497181257,24.2705615055811,24.57725737915182,24.336839314306008,24.30916086700014,25.639121422931552,23.620084142110606,25.196095768815297,24.212245349156653,23.913543595353545,23.4762963303626,23.47249835396135,24.342653370702525,25.25592147626046,25.473197288480993,24.243835225094486,24.651545996988634,24.208362908727302,25.636221409832768,25.214633394870084,25.47051932467948,24.418752650126116,24.386424900124265,23.543740068220753,24.635818876395486,24.743918089292503,24.953189395578967,23.94284043880593,25.869620976001254,24.06966386421742,24.22481930622104,23.155650297534063,24.11410110275908,22.697892481641315,25.007990355015643,25.217740283714324,25.537669027265256,23.94699634606022,23.50545304186229,24.789158358665283,23.227765571940346,25.093159005146397,24.126722295568094,23.996401979861705,25.056081296373428,22.973183911806114,24.457343264049587,24.177416334768274,25.08360588746521,25.75150305090281,26.1124957572741
2013-04-01,26.009265312184418,24.598622408458738,23.579043355887123,24.085938092521243,25.639686418306734,23.290650187374137,23.125392847988312,24.941837207785063,24.118577081462984,24.054194763458348,24.282185829634102,24.583064218876604,24.358467580162667,24.225271045484764,25.66561519295818,23.663858378685976,25.297151436249557,24.247569781433203,23.8580787785382,23.466026442815647,23.55672631649462,24.258549187382513,25.21936136026155,25.51073670353944,24.2364688533959,24.706924878473302,24.184048285599296,25.68060353606394,25.246770378526733,25.523408311384422,24.448524639790953,24.361283030678802,23.556839641160284,24.660098322432887,24.82606355987619,25.024205489361744,23.950544412064794,26.015397864741654,24.1241509480543,23.978817053742343,23.288025244905953,24.189007490290205,22.76859861364407,25.049585724087553,25.2249904527091,25.533899100061014,24.002218022087444,23.59375720339148,24.76598701664415,23.308604851562755,25.086997717737642,24.154259560812196,24.112445580393963,25.07685063765551,23.327295442633815,24.507665644123197,24.21564836821121,25.110017814915903,25.795828339142627,26.099988427874994
2013-05-01,26.02484006522875,24.53207211468452,23.463542526258674,24.013242793813692,25.69855504286365,23.372848980532815,23.291363099591813,25.045897302375053,24.16513117947401,24.073855619698787,24.25620180385595,24.597679737502514,24.369473603756216,24.25451586624201,25.671661777726786,23.639028803541287,25.300963367490798,24.131065824279908,23.923021123509834,23.411014750388464,23.377014193897644,24.28805272176792,25.264535396570206,25.56576922184157,24.340472696382232,24.77681700217494,24.2488076306112,25.66820751444253,25.36082976922698,25.46654200599514,24.448787024191553,24.320370988661033,23.652753251583697,24.60402165038075,24.694639065329998,25.017802008979025,24.109286620575595,26.068351267776276,24.04278624413811,24.035220668696343,23.33406350237046,24.158029615632746,22.818183666245016,25.028756530961633,25.159602825583136,25.541088481557825,23.962091263650446,23.5103754558524,24.804769254144897,23.337775159603865,25.068009077575546,24.060192772414826,24.044903640096134,25.024434266895277,23.921012126702806,24.55173270896262,24.259677292263415,25.175493532041987,25.758067872026242,26.11648298189894
2013-06-01,25.905541452653456,24.499937663841145,23.450224160743453,23.95137277004415,25.729605793420617,23.34230583000638,23.282043476410827,24.985547230568432,24.081694969707822,24.03451311829249,24.246647267254172,24.594206564979075,24.38079857974541,24.151331697593697,25.64310603794023,23.569387759049,25.302072446289323,24.15021604326312,23.942808512709924,23.31842446965693,23.370936387064777,24.170632035008445,25.258944454512918,25.576216893932354,24.274472027239494,24.761572952729143,24.26510639620459,25.695457289046637,25.327300779894085,25.46953800405897,24.456020649689783,24.250075444141267,23.62359795401875,24.63667767130531,24.716171483386802,25.01243413301399,24.05085532534202,26.064970728161587,24.12617776376523,23.900188123938747,23.26470737834488,24.193607697608343,22.79308327830878,25.041306161413754,25.196146971518395,25.54408038443317,23.89593057329482,23.520404273818855,24.78949243153318,23.274991968768603,25.049071204697217,24.076072573524662,23.998794827219015,25.036083463161777,24.014684290000847,24.59623337194106,24.261859392895527,25.200937102533263,25.759360212464333,26.122049704893037
2013-07-01,26.037643847759526,24.595380027886137,23.48468416060473,23.921930815003257,25.810941328431053,23.520654673138964,23.268992849908695,25.113195686476594,24.18128054762668,24.039592285658287,24.29069691404662,24.663794561945657,24.44090743659938,24.287511475322717,25.704952640490337,23.597745523782066,25.32554774626379,24.200768374813325,24.042540860136302,23.288922741286417,23.361500809024513,24.238879287033196,25.316531382051195,25.58456485862943,24.35558768220691,24.786453724402108,24.30996377709335,25.780700941647535,25.381498028931805,25.475678165454415,24.503761812133142,24.328174159117715,23.709753190568847,24.627341153613116,25.107605136274593,25.057936271870208,24.158627624535146,25.98357600708765,24.187235537740026,23.912170299018577,23.411556315051882,24.181600738716003,22.821174938224154,25.069459365454986,25.238780795620258,25.586174323660995,23.919912154556563,23.566260032962262,24.916912635539003,23.261136598655092,25.179948717616448,24.092033205814147,24.01225479169918,25.032404619693256,24.238423812327138,24.707287516592178,24.289412591889324,25.253561802718213,25.804635020679047,26.158990116234506
2013-08-01,26.111505965638074,24.539347369211534,23.40500066843531,23.903395678588634,25.741383919476913,23.458959656816884,23.31767921854632,25.079766352022336,24.101426957892684,24.04206642255605,24.260789920587573,24.696333751720857,24.392487106263044,24.403489592710244,25.660612605127028,23.604583595591116,25.264642765801067,24.121663951500963,24.120297308294226,23.257143708589602,23.35822681103052,24.316633912594714,25.264741313252056,25.53745736775348,24.280273874448792,24.72729127954896,24.268001051435522,25.701842745714075,25.290812604865142,25.427112421791357,24.480441436036948,24.295446988852547,23.74126273335959,24.58867502958665,25.222727648582893,25.039498900469912,24.10567250075139,26.03140853296295,24.11233670289821,23.969495096028947,23.561080194783404,24.18001034673089,22.842415630635514,25.022779651438437,25.21138374372443,25.563164811449372,23.8350791135119,23.524252087104383,24.863707851750863,23.250922134113665,25.175141732026944,24.017513575221198,23.91777503129808,25.007487987661644,24.46839545471111,24.69193345774466,24.257051478855338,25.19632260620536,25.73888055652764,26.08610409715107
2013-09-01,26.09636298005092,24.58790313974771,23.42852802228951,23.968033490798696,25.848152809161146,23.501417525716448,23.429820339678965,25.056842951848786,24.14672787764682,24.05243149778573,24.286929790694288,24.743614524136948,24.424156948820396,24.458531289997058,25.67768552262749,23.57731418048561,25.32306967010499,24.15056725728299,24.1952874952171,23.312615506507754,23.339983656308156,24.40705864784754,25.296638340540447,25.57113822480976,24.322729998695277,24.74538380120043,24.315698564810972,25.712583543838313,25.313509265614034,25.419223834517695,24.50409496438523,24.28351772720888,23.77958456630532,24.6161373438762,25.418719800963327,25.046242733698474,24.15083324800894,26.03483092120777,24.118017043058117,23.8467423389858,23.646443602818355,24.328571619751806,22.900905948388214,25.019890418360124,25.22964931565656,25.53319130969977,23.900433236910143,23.574578975953393,24.943023532977694,23.308948642908263,25.266696693104816,24.018256840915324,23.942908619415267,25.00719263773081,24.60310207493475,24.69011920137403,24.273863339070218,25.208984507968193,25.758273897613652,26.08005867284773
2013-10-01,26.18837800729916,24.667791175021833,23.505958928505255,24.039784809399453,26.00033672072869,23.530543431627258,23.488806690157126,25.069788160125814,24.252491017388895,24.051951578386355,24.374545056084877,24.797113664314285,24.44843169960429,24.48608109911795,25.664929402650227,23.58887162000407,25.38470625826483,24.222072750100473,24.247761518932204,23.18253941211657,23.30216552302108,24.512540106217266,25.394317035400345,25.733751802257732,24.3393409926253,24.777173129063133,24.359175907542976,25.778642334678004,25.310603195222452,25.47011849351735,24.545966336192212,24.27333293737623,23.824155520816937,24.619354330187605,25.418321481067228,25.000832653362735,24.214791977376144,26.09686855505093,24.17369834241188,23.824293332894715,23.688463948085943,24.37062677611204,22.87683916967065,25.083128545612464,25.29564413671892,25.599225183327384,23.968034646488306,23.62173715463532,24.928355049864095,23.340395233961544,25.325588277847235,24.011678419582346,23.984661092335877,25.07519940950804,24.413295479621723,24.645967205172166,24.24817312180716,25.241602749390825,25.79530249616556,26.120824987253833
2013-11-01,26.250265028959095,24.67675789705018,23.51064497806755,24.019672184642655,26.07848640674938,23.528890712170963,23.47327833153916,25.194151080125614,24.258919566293613,24.073696536402696,24.396468754475354,24.799798370002403,24.509495123762395,24.461992744079573,25.685392270916864,23.61777563868235,25.412739559025812,24.19708686027252,24.170717831044257,23.17912258753037,23.243356964202288,24.464146331803168,25.414014833886498,25.761511985824736,24.388350307269334,24.812242323554205,24.37949154448785,25.80053699360457,25.422488749988926,25.485665253771728,24.558318711398506,24.281329150788732,23.780634640818988,24.628122307345073,25.352467625357242,25.10078922556208,24.302195227375357,26.17087572996675,24.171808617108553,23.730925736580332,23.81450961955038,24.41427496941754,22.90347333844073,25.08751901667169,25.328969951674072,25.64908778741993,23.916148176712138,23.532398088419924,24.970828579707803,23.31360316699577,25.26737511113912,24.016984612843938,23.95377823552705,25.065149271106108,24.184886074631585,24.733174170445416,24.316090495019647,25.272281671309294,25.84932169763466,26.162993817047617
2013-12-01,26.26494935646893,24.762925783900855,23.5146163795899,24.045690584699695,26.091535445365075,23.555636762105795,23.6406593054249,25.178222111138858,24.308716803511523,24.144531891565197,24.387309376875173,24.769821058909688,24.459573710300894,24.51980152522304,25.713726786700374,23.698584873020565,25.49254220695855,24.19434968833936,24.187783431778065,23.27827237800406,23.272102343801507,24.54841523895362,25.464125972295687,25.817592533083353,24.439702750078947,24.83273222571487,24.416380685115033,25.774523767071365,25.444270018465335,25.520132308446822,24.587740429012324,24.306578316459575,23.823308109768714,24.632907094074792,25.503056580947156,25.10519453671029,24.30411060313463,26.15936760332917,24.191606739917916,23.655670856091163,23.82096761959552,24.407936733504847,22.935441443168052,25.06935864292443,25.301399503646795,25.61515336005978,23.88997172784474,23.518018510133125,25.002509045722103,23.318881420240803,25.286307865510146,24.028729435952346,23.977118947873148,25.063728249036753,24.351994615528845,24.744123869284927,24.357074542792354,25.310212124105057,25.820265206140874,26.249126129239606
2014-01-01,26.15099969168752,24.692728736564774,23.557950958996393,24.06261719667432,25.985558933494936,23.50067587967091,23.678078621440804,25.251918142080203,24.256836570842605,24.178099738437695,24.32433399802184,24.685700348574507,24.40199017697459,24.61215884020252,25.601322881746267,23.643600399416247,25.45393230905749,24.217412111301595,24.172171368230345,23.321019860769432,23.32922012851466,24.396162083660894,25.362971470684574,25.86996615045719,24.362682760127356,24.76863202872441,24.414847408130832,25.73986560787859,25.389442510518165,25.431865752677624,24.55088801393513,24.36392190383472,23.755251694678904,24.60298855607657,25.63839312718882,25.170926904087274,24.24330631133055,26.170796036823145,24.262715039695887,23.59999424117358,23.926944484347853,24.334586900344096,22.915264315242034,25.04455887737881,25.293861635716,25.554513533707325,23.94553997080087,23.573010313807735,25.004440054582165,23.317572706694687,25.26126198704043,24.031887073444636,23.994578271605835,25.009976586976926,24.539256329312654,24.706996186165703,24.39354429706847,25.308889975112542,25.773766052595775,26.15555380628835
2014-02-01,26.20094994908325,24.734173951521917,23.586031557722066,24.069885260936864,25.995020833746747,23.643814757362023,23.799596570608774,25.23869701323163,24.27127549335401,24.216678287188987,24.355394873118637,24.70928482144608,24.44074518309346,24.642104132709726,25.633930559051723,23.643251351612548,25.560930255999534,24.22108673961112,24.30985483840507,23.346397042848036,23.376695792707192,24.411311744111728,25.376410311416485,25.89890887431505,24.37677962187914,24.833861441241094,24.449428518295786,25.780294258006737,25.42199281755065,25.441863588773632,24.59519290102521,24.462575887127983,23.83669156542336,24.613341270056527,25.728356849272448,25.244077757349828,24.28775260347013,26.183140740907504,24.256823588213564,23.674036428152196,24.011911968055102,24.40673222685659,23.072866436180462,25.040943345464648,25.348587121373235,25.588326418216038,24.006346701881434,23.64291260037015,25.03041104429785,23.407381487411524,25.321422827610895,24.070923172955876,24.03539039828683,24.98494468029908,24.838979113965785,24.77375417822668,24.42817607642229,25.33243060481173,25.774033614507523,26.199184400901427
2014-03-01,26.226674255714677,24.743753331882363,23.605634678751137,24.074782436239637,25.921312217679795,23.624842228167914,23.84258146284089,25.27842923768233,24.30240920581891,24.241126899446847,24.38734770933495,24.776201421265302,24.39861921506727,24.55364872613834,25.673343275069954,23.698377260301047,25.551730969791997,24.23687198349536,24.3448696524652,23.319073893091915,23.485834178583392,24.425012419344537,25.40146507176709,25.812044841168472,24.364406434680703,24.797868404195885,24.43628991700679,25.851683849233737,25.488212942622894,25.453833197413616,24.59978457479181,24.458944074035674,23.81384623899538,24.651643500338626,25.6004438184003,25.240209587304566,24.2996943636476,26.258228537871236,24.31001275384731,23.68174486614361,23.776139259268398,24.35142105158767,23.051467823957694,25.082888504021874,25.357202410306183,25.61269034746762,23.997568706170426,23.639890054041654,25.034108557398003,23.393303989539618,25.373117247636216,24.107779897009305,24.059935553107362,25.078744654370315,24.678195871976207,24.8330459035932,24.47284738258886,25.408233177242074,25.796928983355837,26.22078181995047
2014-04-01,26.32143536468289,24.756895978698093,23.665957680534184,24.094736156814818,25.820555687347856,23.618513980517623,23.832619516819737,25.151458040863922,24.26490102623494,24.30003906677253,24.424122176532066,24.830964117530613,24.433809398619506,24.45350990554767,25.727441711848595,23.731757262227596,25.542572262140087,24.281763311610458,24.344002600042156,23.33501429140026,23.528704255586767,24.463570189575208,25.439362639122766,25.770063745754264,24.339502803532966,24.808394569718484,24.437798053512484,25.88235994442795,25.407098901466497,25.515356952194395,24.601546957726743,24.463013247650498,23.750751885609834,24.68524555999005,25.592778475742925,25.279028516681027,24.291964566773075,26.243730236236857,24.353300012563597,23.745543282907136,23.687098600800997,24.33902396813676,23.082256229952026,25.118159879959336,25.330702833203546,25.63659604834378,24.000765352030882,23.689087261900585,25.04678056515223,23.406958107055914,25.413816053251818,24.14989342819015,24.1145157354168,25.09654925898992,24.675505750088057,24.74807598728684,24.48749997948002,25.40622077285394,25.845379384345676,26.26806963534119
2014-05-01,26.391630858186044,24.808101324045037,23.657372139688473,24.169314977938296,25.847864871785628,23.63914710530495,23.939600527962263,25.151458040863922,24.277774393039927,24.275372343830558,24.4457081474221,24.903995042876993,24.436743982124472,24.47230608596895,25.70545219275929,23.70823469014869,25.599765635229403,24.234904745032562,24.421854369250156,23.391631223326986,23.57881213306655,24.463691421173806,25.43563705602105,25.83654830247018,24.33944053908385,24.817409365594937,24.440485199715372,25.884037025441597,25.40603095902859,25.518294242659504,24.614409139468503,24.475790973676183,23.779770966568854,24.685738819949282,25.649992643851327,25.267002976994398,24.292974460947185,26.257008188753247,24.32804582962017,23.66419044633491,23.947497526943565,24.391885810406784,23.110547598864347,25.146171933322794,25.276510703965958,25.623002300638067,24.022192777495732,23.671092873012366,25.028788185112735,23.43054639727989,25.43804020698363,24.104131847372248,24.13591922016439,25.107395633620335,24.67492832808395,24.807445573506662,24.532876175715124,25.428926326520276,25.807798163075528,26.249541639879823
2014-06-01,26.42448687196529,24.846202686907574,23.71123996044419,24.173212679887097,25.886248492028326,23.70876756899166,23.959217483366604,25.16653551832703,24.324860848074138,24.33646284422634,24.442486833114142,24.982745634955535,24.432361459993043,24.570841227993512,25.775233040427032,23.70141059483295,25.620148904009532,24.288663505199786,24.521280278742907,23.447119776088144,23.578002146785966,24.533173857143804,25.41641658624374,25.85906899381001,24.389485415228474,24.8264671636072,24.443245635852147,25.921652312204806,25.442257298570496,25.553124019629745,24.618935920039107,24.521935347880202,23.798915280814473,24.686941049379506,25.7111189856681,25.266830141546286,24.33950931186469,26.282431381364013,24.386772665451897,23.769813349255614,24.000560342606747,24.403324310540988,23.0906343785009,25.157541465695353,25.287070698477255,25.59539393372399,24.012023573603184,23.6651000650271,25.027121860441646,23.444474743560246,25.56352501120595,24.151547611715458,24.142311146863218,25.104289786664836,24.81938555169648,24.83372041802296,24.534030186979777,25.470534444831713,25.79157743979132,26.25779863409051
2014-07-01,26.452813402121688,24.770785434124427,23.64105534511905,24.224920363520614,25.84927167658173,23.74032320855985,23.92527816985932,25.159340623636947,24.283446938341903,24.260789633947823,24.369799304820067,24.944341479108306,24.45281760354068,24.502622806422096,25.765147601327232,23.64608754371806,25.621780877921587,24.26050392903844,24.45568030686262,23.467986712490752,23.417802186494733,24.55270771455216,25.380681327807526,25.85027338268769,24.42140078700136,24.83093842590709,24.43112302086249,25.877387391303305,25.44312459435447,25.485382474659954,24.58778807364023,24.503919571737054,23.795993439349107,24.623632874774398,25.787760771640716,25.254966032878816,24.339818538114184,26.316844428507927,24.299228958949367,23.749863106867988,23.959132893607887,24.3978941348999,23.032904795866934,25.151017184194107,25.253494567642164,25.57910209116569,24.013038646537616,23.674807746325218,24.933672249902166,23.441182666583494,25.482852435299264,24.10439776350755,24.15373253055917,25.110773306706395,24.747012875852228,24.829809437903013,24.52395142401937,25.4384420991463,25.77152971585514,26.240365239561125
2014-08-01,26.522503228199167,24.832992189520482,23.673416972289292,24.26855691787244,25.929218516976384,23.74982710068249,24.093495616733815,25.212958921194268,24.364718169724533,24.346440643203163,24.395741451233423,24.937160728917842,24.48551731758118,24.588081397368473,25.76677118868495,23.634030219794717,25.667305120456835,24.285963493358878,24.46077342585841,23.485270523895682,23.490392619927523,24.537692528171252,25.413150242903054,25.85511027949649,24.456860587470075,24.976304739826247,24.467478242892064,25.913108760255955,25.48048887719864,25.545392949025633,24.614051555314166,24.544047059933025,23.893748437042788,24.61470974010276,25.817192443919495,25.31266305155202,24.401978788497605,26.36810295138399,24.346653799085406,23.833758618549968,24.081280287967612,24.416136730818423,23.13855072372238,25.19964529696054,25.286035400015543,25.65927178467614,24.016218400427693,23.695397384055696,24.96023022923974,23.497190510192603,25.49431885144801,24.141615737626907,24.16461290150719,25.109966171768118,24.935806882400644,24.89696635279455,24.5923540764212,25.448995380221973,25.797289010676206,26.24560695332877
2014-09-01,26.510244190688784,24.87687778424736,23.655161505649442,24.216836521889046,25.8790174985846,23.72681824707334,24.151587729187106,25.27091099996461,24.363812129674475,24.249873670497166,24.403283090763477,24.877551562628607,24.519936523177044,24.56132627773947,25.693748624525913,23.608740179139986,25.657803015735634,24.307650608419152,24.356706345960557,23.45843127923948,23.52001661305035,24.42979342328988,25.39919679360663,25.86544538014938,24.484553069439677,24.957301552723166,24.449808146193995,25.947048177069384,25.49369031651665,25.567673642524852,24.59447724329003,24.572156425770643,23.90152593054364,24.634867481683905,25.872061270519477,25.298758237457648,24.4095281706814,26.394593567523575,24.306646845759314,23.67225941941316,24.02428931462609,24.54629719075156,23.090182198093114,25.206111199177254,25.292141673286356,25.666823263034704,23.933771305745086,23.640606822590346,24.943582510667913,23.50383147112918,25.42268332055514,24.12458006156112,24.13887064104587,25.1179430883406,24.83024040562475,24.891993461881928,24.62658599958633,25.464288176043762,25.816621440123395,26.196619742654157
2014-10-01,26.579733272081814,24.970990802595743,23.766175524110015,24.26109949409605,25.8249192639157,23.766383205338567,24.146575859420253,25.280420061108195,24.402028789255702,24.273622796724958,24.428416820637153,24.81874657786005,24.582192916829772,24.667746587675854,25.699014622842743,23.658370665618754,25.683856355268993,24.401780811630687,24.315787595611617,23.44143911724276,23.59078734713619,24.293852584775387,25.414995338718676,25.82991384899262,24.518928666159155,25.02343988480022,24.481516019015945,25.958150717584076,25.497666281290055,25.556479427179372,24.575795065686023,24.59472157116635,23.979298536065656,24.62341150461066,25.819462012885857,25.283162814143626,24.420460404241904,26.407239946236768,24.3719970502514,23.467310108251876,23.88564710841071,24.587693123791347,23.14758134837379,25.245770125981092,25.3049105939012,25.70811325517956,24.041912510718753,23.75450941598874,24.956752971882327,23.550970121723438,25.392434194885052,24.184813437960983,24.225005305873385,25.106527693076334,24.826193929123612,24.99296890076427,24.698035541383703,25.487536215507628,25.814002591349468,26.224510375522744
2014-11-01,26.67613703510283,25.06501432660248,23.752541639757567,24.33530260370287,25.928037991610257,23.83226193939052,24.226217166515514,25.273402198919804,24.45336904657665,24.273191846151345,24.47374233558997,24.740557114530343,24.645737494120688,24.60119531718028,25.602094721519393,23.6709172772215,25.696146360775153,24.38644768474937,24.226075134356247,23.56377666027804,23.579242690578948,24.244316695734902,25.441000447687497,25.7962655385432,24.510577556385467,25.042534308004143,24.511745655006166,25.96250184359671,25.499076321369593,25.62454854022261,24.594587321299294,24.62135015944082,24.093357902225378,24.655742832958982,25.85496256339813,25.324743573585785,24.42993408464304,26.425391529244088,24.41276292939191,23.447933341795046,23.760565449082367,24.653461295189896,23.218210436924114,25.28582234574794,25.344195411494884,25.75132318704682,24.056925051886772,23.772199980124334,24.985131362609142,23.615492205321274,25.25451977907752,24.21900548992722,24.233838304292703,25.139297188523614,24.837793730144526,25.03036201584631,24.70077980497063,25.51338107780436,25.95181863087088,26.158585471436087
2014-12-01,26.60585803898789,25.0091473230078,23.815071789042292,24.274850958196872,25.840801130202,23.835039253021616,24.30037872556221,25.32208061808757,24.449127013007963,24.178706486589853,24.46797788721065,24.784818074698208,24.645724368674774,24.59179766915241,25.641275864671016,23.69205031742628,25.714143640617024,24.428223898615908,24.28593903255559,23.561837926796333,23.612380372993062,24.10507615199142,25.393851368208896,25.762142978595634,24.542126349940133,25.09705681236552,24.52566946288405,25.93440676518954,25.538514062459758,25.57145381270814,24.60373634891802,24.641288759699023,24.16833820729755,24.631892333203186,25.859072465049294,25.263115032138884,24.527876748034796,26.402820773155472,24.437848905368547,23.474745014960938,23.746092697409566,24.621325783001772,23.17756999468109,25.22888706896348,25.35281864512462,25.758594764732266,24.074508501359738,23.757272560139228,25.034320770855476,23.689428881954772,25.248218067724466,24.253813511188948,24.248281613704176,25.087378705967986,24.743019210998675,25.054998430137623,24.724851959663617,25.5261945430291,25.932674010908176,26.186655301416238
2015-01-01,26.665469377810265,24.92817464100676,23.84891332769808,24.259251939536533,25.973893385921794,23.849766139676362,24.326491560682012,25.15875914873071,24.40565758806175,24.043691224932658,24.443545660973086,24.692659603035196,24.6544343595145,24.54237502161959,25.551326048015117,23.66094162167646,25.691879354966044,24.470414301783627,24.25236402058431,23.517330159084665,23.583931892738093,23.77602471638439,25.34706394861059,25.77504319523419,24.425020085747892,25.096567998468867,24.503814798663544,25.891119518472003,25.398064584199492,25.54626922185536,24.537062092172537,24.683993337226198,24.153106674315666,24.61835438537512,25.831655739841462,25.33028566981221,24.390213206456444,26.263273694029827,24.46522513841532,23.76174499440098,24.003280261366644,24.58278992060017,23.134251118993138,25.22714997834239,25.356024201450865,25.68101000390002,24.130222673703248,23.847805259463804,25.03240618746489,23.720237350131594,25.216883079856274,24.286070836768538,24.335265714590747,25.067230777542683,24.65465392210803,25.10854529775245,24.708603981704577,25.47184376262463,25.927710039618166,26.130711281080973
2015-02-01,26.757546396043526,24.9381361970243,23.761974070056567,24.281589544121662,26.04369262848847,23.919587012344827,24.541985551849898,25.201401576293026,24.492546772463193,24.08784109329042,24.49649725514056,24.727301689970236,24.681819855408577,24.74861841650563,25.591004656064808,23.722511826133896,25.826619417894044,24.366633649965948,24.262060907967708,23.550527447324125,23.523307480344386,24.04179223141959,25.43131591084088,25.82064364690757,24.521062943095345,25.190902984262443,24.553890321358526,25.914510577693093,25.52393423496012,25.596712227024017,24.595914431199592,24.658248472314263,24.245887573287277,24.685903735556156,25.871175308932187,25.300995747024167,24.450014323491576,26.345218490098812,24.41086281435574,23.807596120564224,24.075548285091756,24.63423502597536,23.273106751963567,25.281116433665964,25.44973255052318,25.6980135562009,24.07488747830534,23.829616594587012,25.092671934152865,23.77031351829388,25.23813903778939,24.183816276692493,24.29258775641769,25.134541300175528,24.653376114551797,25.175697770284476,24.73429263751873,25.525647524817977,25.915276901113014,26.14344203928097
2015-03-01,26.729611060246715,24.905203251302403,23.74712773655175,24.229945563911023,26.02226305300722,23.88796670746987,24.53695813222123,25.174476500377462,24.477409313654842,24.052607341315902,24.47537740275281,24.69197400325891,24.74723670442353,24.71087266401338,25.584717941904515,23.689865897272085,25.834371790061958,24.353331330852836,24.283780718160685,23.58847263798924,23.523022981015885,23.909515251872815,25.394001371456017,25.806448796695378,24.51456168278065,25.180918359961144,24.573641737700736,25.90267806317482,25.51244523515284,25.531095474793318,24.538305200286068,24.70009821242498,24.2499287450393,24.679683807113282,25.911505938262597,25.282722262437197,24.447216172595137,26.27678000315099,24.42383446032557,23.614660208501263,23.944765385128143,24.669648521440013,23.224367771894336,25.24658075715843,25.47211776733346,25.65982133893386,24.094593247327204,23.829210931695464,25.058645081167388,23.77018730881225,25.2353669974183,24.161293186966926,24.327161440399713,25.077689365210407,24.57902606333654,25.215889725170065,24.634127121552698,25.525073164317497,25.895057157290978,26.11013805636089
2015-04-01,26.735380750525202,25.004635848587178,23.758089678396207,24.233973702445272,26.147584326625555,23.839998469718427,24.457023907617476,25.21208473923071,24.478053179650253,24.134733691765074,24.44521885224796,24.778985292422327,24.689844886722952,24.797010235861663,25.641018345816505,23.728469703053566,25.87023526763964,24.363567754953408,24.359981602775296,23.690183630028038,23.53514782694056,24.11487605140525,25.48154993257468,25.795700857877033,24.55853418878278,25.125921238709434,24.540602369634854,25.888663784561285,25.555734027336353,25.53960519963992,24.55366874279555,24.68930404420759,24.172682574611088,24.6705078599408,25.868639614567385,25.326329019828684,24.491607397662737,26.45598158697743,24.393389921801322,23.814770440950813,24.23409004543854,24.65468605444504,23.283275830918328,25.248016428998227,25.44708732066745,25.62971712356048,24.02283773990305,23.78882130617987,25.028766279629625,23.747075122473447,25.361002324104906,24.161744248133765,24.252085636517442,25.136852972509566,24.75925287120463,25.159217666992472,24.614736597066024,25.53785915963517,25.848631905528933,26.137637952023475
2015-05-01,26.775553683893232,25.042307287973895,23.74783853455301,24.21974053310977,26.165093355877325,23.862949817616077,24.693560963779497,25.247241009485844,24.483096019546068,24.12486851122863,24.44347518127589,24.714525558054415,24.68935618315212,24.796048742119943,25.565676636410213,23.762783167817073,25.88529794065038,24.33956135081293,24.252290118894503,23.73652786402718,23.52954713616909,23.948524367038274,25.488541715825935,25.789394178583176,24.607076937890522,25.166586116286073,24.57258639346074,25.898095060311288,25.60142094178178,25.5494187377768,24.561267302965412,24.782625892908744,24.191991827719313,24.664065567378575,25.87395737031217,25.34841364118299,24.519238257057747,26.418700035405127,24.407263705423677,23.842689477429893,24.348669433790192,24.682916398318707,23.28011819153133,25.261694341212362,25.470967140266517,25.623541926541854,24.007547129875515,23.818342528481743,25.05838904308313,23.783039242523007,25.319567965379417,24.14787936079626,24.251589809020107,25.15290697779632,24.863152445406016,25.23533074606544,24.563358704299954,25.553346564409452,25.79898955030498,26.11248767216213
2015-06-01,26.741784086552908,25.05127731503501,23.6965737532785,24.22511440894124,26.176352337271723,23.792890386596255,24.585698893801847,25.27826992285387,24.427445787471395,24.118990826181523,24.422597034546197,24.68950092345973,24.635101624510202,24.752215297891993,25.510094624944575,23.798124677953172,25.918885318230817,24.280174564169773,24.239353088065513,23.68893468555375,23.46489901624525,23.89468295566582,25.46253732895066,25.77966464207616,24.622722164991252,25.163980140360295,24.55581629258858,25.87823348393285,25.631077426683277,25.506264781611687,24.533956288395743,24.84606378060015,24.148026947476833,24.663713461673268,25.9537765088156,25.281167343204928,24.53456512165149,26.365606243015748,24.371887516531572,23.689028384257377,24.400015592544467,24.746226520368218,23.18901923182491,25.22912617688476,25.443468135375028,25.62162684990225,23.942587496346594,23.76980299988869,25.009131290543827,23.738620933275975,25.267793321427042,24.118642058095062,24.21245911963761,25.18088462900023,24.930453380702165,25.250111363111987,24.512253026616726,25.56509058013762,25.759266788002456,26.096970611123485
2015-07-01,26.708303083802154,25.092390870526685,23.76232732586814,24.249167826416585,26.38751444623105,23.839280937276335,24.5281303311841,25.330558380138662,24.405238315803857,24.043213126353574,24.461723699434,24.490728017309035,24.70818352609172,24.803580389214897,25.423639409001556,23.778642343810297,25.968951338761887,24.329894567110475,24.113412957303055,23.782489494164285,23.485998704397545,23.434300285776004,25.45315969026324,25.97646625289619,24.604744551476603,25.221007255361343,24.585574089098248,25.90605932472225,25.642377088857646,25.56056040621355,24.493498977566762,24.858206634487725,24.183092742408988,24.71286887880134,26.045508400181387,25.323782143488167,24.535853263919726,26.421757430956784,24.442477046624738,23.382134602971234,24.59724708244998,24.810753518428925,23.181031135016468,25.268210522777697,25.516212193609764,25.601747226476622,24.042071896494207,23.88586687765972,24.908497062557473,23.748534887269876,25.233432077932157,24.184000851151133,24.291336012664566,25.158680162233814,24.92255676456581,25.24940788923015,24.535264071673545,25.59366127673317,25.773961772609056,26.047825970109297
2015-08-01,26.635297858848435,24.98487257500244,23.721188510192015,24.217985391648508,26.343161868046746,23.81814793838435,24.534741026951878,25.240491654857006,24.299157353189504,24.024157213119075,24.387656740449003,24.4801478515485,24.671382133765913,24.7483301643523,25.33518830137088,23.633334715130264,25.81105442244181,24.284272593296926,24.12979130945978,23.749169849117887,23.443669508627348,23.344731840621066,25.40287441084446,25.961634209611937,24.521021664685836,25.21612458718183,24.528981463006843,25.841873541076726,25.582064595426505,25.516772262554372,24.41715143881506,24.83231502207257,24.184504607633677,24.66318749548024,25.995563566254088,25.233124965251044,24.419740818657512,26.35123400720896,24.375756156006876,23.376293439098518,24.603526034228565,24.78017461211524,23.30042773224393,25.232069564717488,25.403615210132187,25.528021910651756,23.975643358470325,23.8666264908453,24.817772053582733,23.66621248642617,25.16536248685235,24.154045756058395,24.24822346588702,25.130888394683378,24.85619051452146,25.20131751233545,24.405808536831028,25.511961260273992,25.66779830945563,25.996406292908965
2015-09-01,26.617756553328192,24.847694928022992,23.776840173051784,24.17124328422534,26.341210184369547,23.72861189188919,24.52709100443422,25.192863393180335,24.289517753763022,23.867561701410494,24.397952195743354,24.455638903131952,24.705892281572314,24.7493387393324,25.32131217600506,23.533367325762452,25.814190433523073,24.30971150794535,24.056832015669563,23.76878495428743,23.418308666906803,23.251205487526935,25.418861960901616,25.946939405696103,24.442509424155197,25.207760917325295,24.486632015432438,25.842768436519595,25.532002127318478,25.53691388882447,24.379672746834686,24.85445927654208,24.180883623230415,24.708232310064695,26.00080521084582,25.146670534753312,24.330219534440086,26.37466722132284,24.37466914195007,23.31592495905506,24.495583147909443,24.875850833926343,23.39677732176514,25.246704332002277,25.385938547596666,25.545833001663834,23.99905162620171,23.916819002885116,24.795266999633327,23.530437309755143,25.057030105122216,24.19505818305579,24.280569450577694,25.112037173430345,24.85353699552403,25.203993377977845,24.443035432774455,25.480633715857827,25.676301453569433,25.99382008611054
2015-10-01,26.69786887465099,24.93796292133358,23.773140136585564,24.326455542655452,26.54229105862753,23.820686709888843,24.51506839956853,25.270277527727607,24.457750118578765,23.977973620163855,24.442486166831774,24.56214506286736,24.79548232878547,24.862003535686952,25.46292414384973,23.593956780974356,25.921173737508656,24.303156842323805,24.221717408718554,23.850503184316217,23.356505058374157,23.445665028269616,25.564667490396168,26.09113834239206,24.518613366969024,25.281030035505008,24.57346710713957,25.921829681182057,25.584401792443906,25.599633964449225,24.473383602780313,24.828801027356786,24.249702383681974,24.83859989410425,26.126785945473724,25.25662739322764,24.375829604255625,26.548062032996047,24.42572669023418,23.50892571005257,24.543976645362022,24.94186891122872,23.537332797151713,25.33478398887593,25.459864365178472,25.605721557540118,24.103614010770002,24.006235640648782,24.89588533085234,23.710864467941487,25.182116727107,24.203966860713976,24.37274754880049,25.140182275491167,24.670877218752313,25.22345171684513,24.453611522887222,25.533542686037027,25.55163147577007,26.100739580377677
2015-11-01,26.687776148550142,24.923359446919022,23.761778403688176,24.29818088019314,26.602586736295606,23.80553412817017,24.57281760484501,25.308282705151242,24.490588881253185,23.984418008786378,24.438019441594772,24.588614146920218,24.81613745432336,24.887163942917166,25.46775431240858,23.613885004128466,25.91879729908619,24.249851294384168,24.1950959792719,23.88929481017174,23.33441449108848,23.08567489851864,25.59932936352267,26.12508285559181,24.531963765723855,25.360599912721618,24.579933352850258,25.923906452294133,25.628714841071414,25.605989344211817,24.488659303011367,24.834546683661788,24.290389020216043,24.85547242422169,26.14880309763378,25.22597549280059,24.420041952568887,26.580030595683574,24.398073254508674,23.453458550212815,24.673196752194748,24.951363558787676,23.6489481276684,25.314719126146326,25.42832543185751,25.594300781995994,24.104081640887465,24.05139561313189,24.871611915552517,23.744906729560064,25.16911003703534,24.191472330280025,24.294192724661286,25.163803850077276,24.777705804662737,25.179451517528133,24.39127150608041,25.55111862437356,25.579200605142468,26.087600768027162
2015-12-01,26.575257234338903,24.941930567572278,23.811297988835804,24.273425542127207,26.61913073711308,23.754736873974107,24.679595140716216,25.27325302344655,24.42467839249759,23.917684133599227,24.45222964135841,24.44223396223356,24.81921485938273,24.870843703772064,25.46488850813674,23.57152767139723,25.841980813746474,24.314249040586233,24.030805700607882,23.908998106785543,23.36193684012465,22.896483798395625,25.63894833615992,26.144760781610934,24.48248683208908,25.348349955317452,24.58206717105186,25.945763981299574,25.61891889516731,25.62157472965848,24.391929315968063,24.867567066426943,24.283051174746216,24.897551611104294,26.15282434265353,25.22238448223788,24.344677326630606,26.607326292054072,24.44532863599838,23.430380528277396,24.597859262244448,24.894756486795618,23.691085338348778,25.31232040193013,25.42129912048444,25.653572264985637,24.108050645074346,24.082724965530833,24.878262748454116,23.685911451640415,25.0747625149244,24.252886016696575,24.345580653531414,25.185543742629847,24.819177323437508,25.222262433803273,24.32682704202532,25.54444803977323,25.620158539980327,26.049783670991456
2016-01-01,26.49703386388571,24.865846948406926,23.856592711281834,24.251379685882885,26.478125275084338,23.73435730181894,24.60057696603649,25.101909182562288,24.350436565247485,23.829762555544438,24.465796901130055,24.264314984329786,24.75278354541985,24.72940929120885,25.4253209164709,23.58890858682588,25.75611991732974,24.367571209543502,24.034049515137415,23.941283360508823,23.42474081239864,22.51003908789378,25.578324370811206,26.12311457256537,24.373129257049886,25.3024479956674,24.57848845424107,25.962369737640525,25.514786247958284,25.620643191401467,24.3747132070443,24.804372908780433,24.223724452642177,24.944187032680112,26.222479366880762,25.189433226062377,24.138367153490037,26.600272159909636,24.517902043692356,23.53558540242549,24.37838098200277,24.88930666366956,23.573036598074143,25.313076425645985,25.364250211394687,25.681879980743858,24.03382525224277,24.113189043615943,24.786993209337645,23.670656837243513,25.11025407082425,24.297402496733632,24.302708216382804,25.232380946902996,24.591816697285644,25.205265938293103,24.244223254844837,25.46543174567782,25.707814475941856,26.048499896068236
2016-02-01,26.49033361995314,24.870998970048817,23.8693046347257,24.228434556269473,26.4175900542067,23.778812279500595,24.602519055739588,24.98022873304792,24.3430910765318,23.926293500994127,24.44351363880931,24.12005230526173,24.74554488979039,24.72484424164096,25.389651418040334,23.62924719623015,25.752984150006615,24.353933105467547,23.94414074511015,23.91888142262458,23.48765028477907,23.01607072148936,25.579697774806096,26.063404163794758,24.295749703012568,25.28932134611023,24.560399369783926,25.969715296197116,25.466190265093374,25.62552431288426,24.39245469998953,24.710325867603647,24.168376780623827,24.889478014860078,26.174188215787947,25.180313945964905,24.097602084598318,26.520773922770235,24.527789607847886,23.7933916904476,24.395331411183076,24.882510511221543,23.641323803794755,25.29806031328364,25.33698772841427,25.673271625622835,24.007903327533604,24.097007269706808,24.883971229952213,23.727041265836032,25.102614908785643,24.28216069742709,24.32105933486597,25.275305801594463,24.59562736674033,25.238906674393114,24.33523130011761,25.397263583969753,25.707513113215985,26.077616194617598
2016-03-01,26.61549169963052,24.915935972320206,23.950859304335868,24.333068375930328,26.48937349055467,23.862616695129713,24.74509757858662,25.05707175707851,24.43083623538932,24.04902085919254,24.517066834065787,24.302071176359785,24.797350269366294,24.810785036788744,25.53620643970792,23.5886483817718,25.791894633578718,24.447089317623107,24.058451119489163,24.004116148747237,23.627355705205574,23.320002349222168,25.67471148036757,26.125148398351424,24.348706873494542,25.361649324282748,24.666438228641596,26.00495917322412,25.51675523919603,25.698389362264354,24.50968076581004,24.717405423304317,24.28324327285562,24.966967514252687,26.23918263028314,25.23269176803272,24.110074456976594,26.60996419415265,24.583078504636706,23.822014438824283,24.48555818274635,24.880560270310927,23.772615251344362,25.344598797863515,25.34597968397774,25.698119129676424,24.146556687010996,24.197373024672608,24.9267833016984,23.781339472631466,25.137816926887293,24.36435002825076,24.42048596163985,25.333651763709213,24.775575475844764,25.317980004043285,24.350833810142685,25.435201471711284,25.739407829528854,26.128675230790634
2016-04-01,26.46476017120115,24.981655731696566,23.9062021591958,24.357291010382564,26.594718866573942,23.88125672820955,24.69010204909003,25.13497730070973,24.48310672075373,24.064319843147086,24.520880774081796,24.473281181896088,24.735507443155697,24.837117894766696,25.604863512749272,23.684610840212628,25.83089885820436,24.423257772924735,24.188013407638607,24.00869335158748,23.605649668006123,23.623040081208824,25.641449819663336,26.05029609654977,24.39312541349761,25.370574989230608,24.686057157763003,26.040190965617334,25.58179995894949,25.67128186908513,24.54286853008363,24.765129858473276,24.286801485444595,24.973392080915307,26.269226260867093,25.277229966895188,24.18885515139945,26.50787760507381,24.576635556057973,24.097288714884026,24.358476024703,24.84110574231868,23.769804408693158,25.356391382421595,25.44453516338421,25.67115184218143,24.183983343387485,24.084712288299276,24.96855537202304,23.790570808959373,25.22340335539384,24.332333131932845,24.3885894750101,25.324675974362272,24.822297273266997,25.343436022710105,24.442996673601606,25.468151782469924,25.722846356923828,26.184623483132892
2016-05-01,26.528004481951356,25.02236778414578,23.92538707938236,24.370704976340267,26.68621915650675,23.858727855404737,24.747496586514117,25.150650710682655,24.50399143240425,24.00463531135386,24.51912117263876,24.385870161564977,24.74277163612936,24.936378231125868,25.59324780440136,23.66273509892685,25.790988157138585,24.416251654796156,24.174815190817213,24.10018442466304,23.582003568795802,23.389124171418782,25.6243945788642,26.106560194602004,24.364506880875535,25.35726694217247,24.682198953968012,26.045618747649197,25.62140430748403,25.66680756831778,24.475977568547975,24.758487999732502,24.34308324731912,24.937741384684355,26.279632869701807,25.302793660031707,24.205705557373122,26.568749809824435,24.598007914494893,24.021265239644347,24.488878537114086,24.775911354543098,24.043599875826466,25.338853207090242,25.503594606026496,25.690727473947348,24.229612495267478,24.12042209065242,24.931566944353335,23.80364140953432,25.171809112572962,24.319071923284334,24.37088653370423,25.349490000350904,24.746699305741206,25.358435578067844,24.40752446618505,25.48284892016933,25.779672190664055,26.19161248358049
2016-06-01,26.490477974424866,25.006026729026118,24.01357505748726,24.442114702591844,26.67624969260947,23.85451239829537,24.75421139924448,25.0422049658026,24.443608718900624,24.049140723416457,24.557981237802213,24.387248432322423,24.79687057103174,24.883644056714928,25.640982997094692,23.64742781039813,25.7767775594953,24.518931080818465,24.199819206625847,24.173935184403202,23.650277376150996,23.394524856049955,25.664912334495334,26.044131804077686,24.297802743077806,25.32832666003648,24.709032562720818,26.126359081027534,25.572261986306597,25.683043008911604,24.498745745185406,24.813534331502993,24.33103079378664,24.923549464580738,26.240758798800943,25.326506504367227,24.153585153713202,26.5405814085825,24.687454764259684,24.209431716097985,24.374453391070766,24.77554880546846,24.052381218874142,25.384923752139017,25.527100172991048,25.73454636006766,24.260887497366102,24.12780442136805,24.95758216491432,23.81533978037952,25.214036503143248,24.4116120423017,24.47174822458821,25.448161730783635,24.696402865864062,25.413238550242966,24.44988162721943,25.421301865718004,25.818124259821687,26.25164556347757
2016-07-01,26.576713445855404,25.073478452413575,24.00223970464981,24.46588620132107,26.73485181550112,23.911474993640375,24.79883178247752,25.133544121008104,24.516866308467097,24.136855302786504,24.574644880716185,24.321363495317208,24.859680293417213,24.913297049236707,25.618310985749492,23.61294348680076,25.75747555255144,24.51659701292247,24.17898536501694,24.13485600175857,23.67526573556851,23.545850298134454,25.661600500282802,26.161749235475646,24.364387666294103,25.407712690773685,24.709118152020036,26.158244470219348,25.60128618923106,25.65245833058831,24.54181205126471,24.864770310187126,24.369561640840846,24.908266335896712,26.32190488001333,25.352698207255994,24.254200007426977,26.642849332379424,24.67114123248773,24.32769352455607,24.37193604023266,24.78388598967398,24.246824473520636,25.420135247056766,25.573710752506262,25.745353292573455,24.374813930876314,24.06783110073079,25.006116635709702,23.835765203601834,25.232082148019522,24.40918490330358,24.517437573540604,25.45001123720968,24.79718819953217,25.431847550765674,24.514241020805848,25.434733437887612,25.817438850544303,26.199195124253055
2016-08-01,26.594687396084286,25.049529607348955,23.93154489901375,24.445025579126764,26.748399457302543,23.952130775103573,24.884226366409386,25.241386403412264,24.53461933709152,24.136607459783015,24.578679532292597,24.33294812637434,24.828522081394418,24.883769806449145,25.599596573811514,23.69730232792543,25.749062915649052,24.44479614467709,24.260796000116706,24.123473569885963,23.583168967896782,23.315155527281863,25.66480623345213,26.159864446008736,24.429296045626455,25.37745615158968,24.712380078032123,26.110069040827675,25.662754052057632,25.64786322074627,24.58792640775447,24.800754778749212,24.301802912347878,24.89120706202425,26.339341130249753,25.420736081089046,24.37073302039731,26.656517138853864,24.612142871370153,24.187386317654067,24.43767246198008,24.821720061065516,24.318452664263912,25.400011152877713,25.51538737190218,25.773055335265944,24.349161671213132,24.00308042157202,24.994718816205975,23.780835655173554,25.213024714067814,24.36777869567351,24.465133384356022,25.40749942705626,24.695130108670263,25.380627331095813,24.540544049747997,25.492054067624586,25.796248377178554,26.17863632612837
2016-09-01,26.663538110921955,25.03333022025111,23.93424159659632,24.444584708731732,26.833294848080044,23.917613154561682,24.861871973827,25.215199817597874,24.512573365252866,24.216546787930067,24.575985225720014,24.390228046213952,24.770284839774856,24.77633674741441,25.63307658951728,23.706719369519828,25.731979382040826,24.459697530833388,24.349623318828975,24.105212855336628,23.571055911571317,23.3690688937967,25.611556477734737,26.177695233039508,24.38366194710856,25.341164724636357,24.71648329849204,26.10652722608968,25.64918079100209,25.62197289940486,24.577962016519137,24.838878906184508,24.243306255077492,24.896351537420298,26.356244738750956,25.414665632726894,24.37073302039731,26.665163821592294,24.630500612657517,24.214473983870477,24.448897034918897,24.731169257390135,24.430987470562922,25.42580524489444,25.496578216293276,25.80061861899045,24.357225678852537,23.999501710997194,24.954339525200577,23.758557912206037,25.20845718353828,24.377840417182203,24.43277522969231,25.400872944152457,24.656763736958197,25.409247411451805,24.567062911942962,25.362688979485554,25.8125444465688,26.188733435588386
2016-10-01,26.66786301713988,24.910500535233595,23.94400536141901,24.482974475724713,26.774905542250057,23.876102428657454,24.85181438149843,25.268089415878123,24.45224531526145,24.154865505286814,24.537767527816214,24.38976798234451,24.739387826355347,24.82863911696804,25.650701377506223,23.74794978645453,25.730146863279554,24.459447593272163,24.282371945696735,24.096934333605375,23.594216047723105,23.398109081644446,25.60161942905513,26.18493216326556,24.48371279705571,25.28793947316939,24.66070079512057,26.088245124603954,25.688493827948886,25.631998338689993,24.552358372827857,24.75550802119719,24.163183190117987,24.8718690438016,26.377228136133862,25.361026636047534,24.4167568984808,26.70465157481168,24.67589014148349,24.156122130997318,24.68560628116732,24.685899225825636,24.46879262526268,25.41126585484685,25.430680292818984,25.76719697153152,24.339301494429936,23.96463805227173,24.96022763085207,23.636455498454076,25.2095823489084,24.383089762000616,24.32553970217936,25.30208458780598,24.62539915360155,25.423310070072787,24.466283093383808,25.40101489202276,25.78299368210117,26.14230043596291
2016-11-01,26.64090436438486,25.005853195736716,23.85046726942052,24.346794751927003,26.723933349564184,23.961901182229674,24.853046819711913,25.514949381484218,24.5352951627647,24.299040804381832,24.453404094771635,24.505900771721244,24.754422802187232,24.785685700141162,25.71368719816684,23.87437787249026,25.797217652447348,24.378122953500792,24.40971043518291,24.04370678397475,23.547346524488447,23.715098215795905,25.65709619290827,26.142019221793728,24.6909771087833,25.346744505564892,24.698805751734707,26.046970699497336,25.842018870728623,25.58244099824271,24.579660549556245,24.66008981838588,24.224967310830795,24.929683510039084,26.27634485706477,25.402230341163353,24.63141012159797,26.710309799254436,24.562073760160004,24.023515742165156,24.62050696626569,24.683704551706445,24.72782179951788,25.342739624985754,25.444149758481874,25.72359497474627,24.31484835002269,23.943739985127692,25.012831477763573,23.72925214870417,25.281341328845155,24.286460462534905,24.29101860786737,25.36694364605246,24.582357886663882,25.536830522158706,24.605285559001658,25.540937095783615,25.788832415799845,26.188962505205918
2016-12-01,26.692866168722652,25.035348162637156,23.923955531110987,24.379593825397983,26.723000293920496,23.95746136898352,24.88921999991607,25.56400960906725,24.56125049338064,24.26908639769446,24.456618152643383,24.538743845232148,24.821988779403302,24.73526934671836,25.777224845392926,23.90232738994857,25.847390647789847,24.44032060934184,24.39576266446794,24.102696366375692,23.645015174937306,23.563441677136012,25.68403786290765,26.16315067147971,24.782021401052123,25.387568743885563,24.72132634846419,26.08838445472181,25.915583469639536,25.617997503322997,24.553468242692965,24.758100207774476,24.23301437377416,24.9577635761373,26.24747406521951,25.363578031100662,24.652700132001737,26.747764072345326,24.614478920284228,24.072540812092402,24.677000417264573,24.698769642185457,24.875754024389344,25.394370452247,25.46459684387412,25.743050292029388,24.351307333636367,24.009382738809947,25.036463752404842,23.732679200566693,25.28015029895114,24.347470680400036,24.289012867004136,25.463123992303167,24.703023064723702,25.5516099665034,24.634155419163022,25.58978416128198,25.770057350713397,26.23112231721465
2017-01-01,26.73950783858442,25.010938841082506,23.941276153697864,24.36420546218965,26.816639699811788,23.93476875140039,25.01588504718273,25.588150211269493,24.549909218051685,24.300087121043795,24.443388942276208,24.510835099608126,24.845688885261918,24.879732666044365,25.721764407641736,23.94629730920224,25.914935854632457,24.452103305395614,24.40049921522116,24.17700445655263,23.655944376811743,23.79639294083015,25.629525988227048,26.197557354127277,24.738795156752303,25.41333746970238,24.74242293780015,26.07122552753896,25.896158284279768,25.620647051380423,24.57037011679959,24.804329704781026,24.260200108519726,24.964722246389833,26.37210037820944,25.42286376803326,24.658364568674486,26.78736231767027,24.64951830876739,24.13688481571424,24.805034089618914,24.742287496130093,24.89835586526607,25.38621381432492,25.441234909389365,25.784062452688076,24.28188724004558,23.979777974312505,25.036919865992182,23.855337086693087,25.28318695054308,24.352337755284125,24.322769581757683,25.454386137406072,24.867647980355954,25.56439987161607,24.661741910968228,25.611680616886673,25.74214903033402,26.157934153349075
2017-02-01,26.860737126431808,25.032853176867793,23.98570079417784,24.467737920410997,26.84248437977197,23.939836279866572,25.071597225481593,25.67442550231033,24.585319525169645,24.31874920903305,24.571433640848763,24.486127178464407,24.923293755022762,24.90778063696636,25.73203925927977,23.9688349744512,25.90986181220368,24.50189907999864,24.355863042076052,24.153588546215794,23.678813468757504,23.579237402243052,25.633222630137926,26.227275302147387,24.81734750747381,25.465245066635962,24.793335474656338,26.14736856691685,25.970062288627812,25.629985250821065,24.572647090056158,24.876683474986006,24.28258733335923,25.0053321245807,26.411373956612042,25.483573502873213,24.735091682844526,26.77694478832641,24.706694579587026,24.079012797107612,24.815075200455784,24.81973825112717,24.825219558453572,25.44786952377348,25.513856075116244,25.83080365653461,24.325938222446336,24.036114894128644,25.062841546161238,23.8707859374199,25.242344625122364,24.38007013569713,24.32619211024287,25.460899690944363,24.859917616750323,25.58443191504431,24.674421480210405,25.63882522541881,25.803038310456678,26.126819921320642
2017-03-01,26.912604845182365,25.085148424933664,23.997358448406445,24.52487703836348,26.89042668044559,23.902262368376153,25.108959820573567,25.62925498522457,24.575072535412765,24.27756518352192,24.57430667470671,24.538678633650488,24.87093490189681,24.92169668281284,25.69489324020217,23.963063946192307,25.9393968138381,24.50635259633217,24.361620292859687,24.221573871944404,23.668137418836263,23.57624771187051,25.64083158752549,26.230666249515394,24.743148421989684,25.478407536170295,24.80164973045473,26.172930365360113,25.93890440992295,25.641359638757248,24.571719812235987,24.898967558680305,24.382811595381206,25.027903524194095,26.45828633699515,25.4475603094133,24.67112214854361,26.81194960023031,24.694053400424334,24.040912879156515,24.854260722284963,24.79440265314419,24.89732460154274,25.461188221027147,25.52662673517431,25.81731698098189,24.342066252924937,23.997801086368625,25.065749115015066,23.87884408049213,25.219922601679553,24.37104331371729,24.266415825750723,25.4551403237041,24.96719634350498,25.5761135522816,24.661216549375133,25.606483475953656,25.819121014478384,26.144371613799667
2017-04-01,26.912535084332756,25.09704791795238,24.00773222702377,24.56043947537383,26.932883374840774,23.947019291059117,25.121898215963856,25.621644219001563,24.584136848556295,24.37506818227623,24.558469525871672,24.498583715755117,24.927900586888068,24.964761283485036,25.688633885626917,23.99356613801113,25.958699575716803,24.512309797167514,24.308463867709754,24.263948158655673,23.629894581963974,23.52951389300651,25.613274013389933,26.31729613715249,24.71703981602653,25.545696091838334,24.850642193137624,26.164221141845854,25.929295546222157,25.66673864652778,24.630773389575545,24.874292347724143,24.414773325458242,25.104515501347514,26.51440782095244,25.435523838463823,24.6834176797925,26.85066800744379,24.733687463443136,24.0678902874964,24.883528510742245,24.791755273518703,24.8538903740332,25.480648504777143,25.518113423167406,25.788869908708058,24.398627625357214,23.96242031532663,25.12441655789616,23.95483366034879,25.146759731271956,24.371444931977706,24.226266937815012,25.407828958678376,25.088112555596247,25.644006934143107,24.716674204179302,25.57323862675145,25.86855619459771,26.139971876219413
2017-05-01,26.974023264796532,25.108159831851655,24.064333458808203,24.606370525474137,27.005461176673258,23.972041679859423,25.203065794828518,25.580983008349804,24.646312665249212,24.41386881808336,24.622100101487135,24.429009213689053,24.944160498470886,25.004821374280834,25.6579905379775,24.08634000789125,25.89013912384677,24.550130768877015,24.28620881148083,24.318252291914565,23.677267621208777,23.425459901241567,25.556136092581074,26.382782686395934,24.659376792967983,25.528965282842588,24.86465061527519,26.202204505969863,25.87766395533099,25.719108836297696,24.68761617500357,24.843479106923102,24.344268746419992,25.179924651646633,26.522428901621286,25.479159202548107,24.649626917382136,26.87062534080542,24.791012555390658,24.07789651834504,24.952512555585795,24.747098182954517,25.178859990922504,25.51184788272122,25.479953417921397,25.805162821669768,24.419182988151547,23.990534534891545,25.143479053421228,23.946100734641888,25.104553310318945,24.387579366147346,24.157321736681617,25.395432136877673,25.17040844719308,25.645720529864413,24.70173637613101,25.521788732968393,25.91304269573028,26.12578761746894
2017-06-01,26.919226015586393,25.201926562163596,24.04028447616076,24.614947050412894,26.97833256106198,23.965076050460965,25.175848872505078,25.66358341337279,24.677987723489775,24.43294051628829,24.59246152808387,24.41812097591202,24.866073907268923,24.97031967430745,25.676292280787397,24.095524836728277,25.874358460578872,24.535774824738873,24.288532049534062,24.295712433467884,23.68039912232822,23.469722081103242,25.542530312007052,26.322861832118374,24.711874894822973,25.5340105635607,24.871954120201753,26.2398290235509,25.98436237751232,25.705379614774632,24.68957948568815,24.883649529292036,24.328401626072907,25.19485650475328,26.51925475067131,25.463369356536884,24.715004063753135,26.863225509950365,24.78874556034839,24.024983429748946,24.865027251611785,24.85453273947933,25.1813664649673,25.506814516465198,25.517969710609542,25.79443437198892,24.473496720378307,23.958352996420828,25.155750957315224,24.00485717711299,25.056319335457957,24.3438262910672,24.216035872613602,25.37445077568488,25.229062914933913,25.702530086078067,24.694584555587962,25.60897370428028,25.88185448967815,26.13803955017271
2017-07-01,26.95140662394824,25.165410998043217,24.05556957785892,24.649718428708727,26.99856044191116,23.965275344842638,25.236856051874717,25.6577962475286,24.69382140086129,24.4915813448152,24.56608123256214,24.449692134357228,24.857155589936973,25.01767896241054,25.721822850778118,24.137701003873634,25.908407376146037,24.55391322791863,24.338310298171635,24.34475082791914,23.741431265672716,23.666373001544827,25.49770666238918,26.33973534811154,24.72721410513006,25.50892678181864,24.89296359693562,26.24307440476811,25.988729102837393,25.73540875885763,24.677168644189255,24.888014626095398,24.326723631093483,25.213950402158314,26.63348420483651,25.467413556280544,24.766185318198676,26.91647550374978,24.830398281368392,24.16411469084257,25.060469876003268,24.858782300068054,25.298411106510116,25.516465579346555,25.50508565653675,25.835682992434897,24.517565413477403,23.953739131778395,25.126332143949885,23.965068862884184,25.097384352237263,24.344870133158608,24.19567644465828,25.407556550386005,25.11760305542583,25.740533290100423,24.638403300300908,25.582085818416186,25.937242119183974,26.129455825893068
2017-08-01,27.049140655075327,25.248630811241707,24.098441875633206,24.732189914291745,26.991265046579045,23.987674619361393,25.258552045987333,25.648214808272186,24.67603353469475,24.52936733989676,24.56384770492468,24.41736154981584,24.8459259415979,25.068041204926143,25.70733983437291,24.036472273810244,25.833074083016196,24.579201646176713,24.22735158443841,24.38322648808529,23.72909664147092,23.677257654861624,25.455435558246958,26.349984106733565,24.72013282735631,25.510730014622446,24.908635115147664,26.240433525927372,25.984252142393643,25.72906248100425,24.687714790295654,24.871301178963687,24.28588252555071,25.244609498283623,26.649427251929907,25.467100381599867,24.74118938817102,26.944551056241945,24.860204460795597,24.195106555172167,25.02146054268505,24.747098510289035,25.34017059510646,25.508890332532836,25.52774636441992,25.85933742118281,24.55864392382401,23.952619468658156,25.135984331106183,23.97098141053786,25.020289017761854,24.351731292925226,24.18521172616774,25.384434148002544,25.213146501314224,25.776829786608882,24.660875750753533,25.52741082283088,25.912946336897015,26.081995345102133
2017-09-01,26.990925023673757,25.4142126941448,24.059605985148885,24.652282338075263,26.971439011098475,24.02712791639328,25.22001155000846,25.712241047578356,24.74692347025359,24.5890050847777,24.580596663685668,24.553951232339298,24.896162976264492,25.04612515096945,25.80516900872325,24.116508184401805,25.80674215554619,24.550010751271266,24.35684464436428,24.339327935853415,23.73253057775155,23.625893068505427,25.440249643857424,26.369145155949088,24.7819190090879,25.60403752252722,24.938272102415546,26.228785230998298,26.033833275746918,25.717136561653568,24.748187804953044,24.928620189769564,24.36458095840895,25.229743290777726,26.64301026748362,25.469758877251635,24.798213448811964,26.946112424460537,24.840080354775004,24.17322036382689,25.05876192611997,24.73218314398237,25.394651983410537,25.478000413275872,25.58861271394869,25.84525797771001,24.560220878728455,23.993881640537758,25.111162935512482,24.02738905099784,25.114152399337573,24.38171165483275,24.22267799279066,25.42907185574991,25.170672357074,25.761376809459247,24.763197924726242,25.61150814755595,25.92011291493724,26.16305098699849
2017-10-01,27.083328891657256,25.42973447569466,24.11727895289964,24.70706946143671,27.110954416672808,24.079997146202857,25.308532983228847,25.7900349028247,24.798660682775658,24.674197215852537,24.54709705576814,24.57569135124027,24.87643105498316,25.137320197571654,25.791372292020316,24.177809443465655,25.799001989704024,24.60100018386804,24.38868711338938,24.377142981420636,23.79778236709685,23.621610378297763,25.268366114424335,26.428282665606503,24.803976856336178,25.617519421921912,24.955201531179952,26.298592940761687,26.085854188295528,25.74638416700455,24.79883026965321,24.88562356484198,24.36470618220738,25.29299285530983,26.695397424943963,25.326581925758326,24.83550001568462,27.056454654284877,24.896589951317058,24.138523624774866,25.13863916364972,24.790979733384972,25.540352340138273,25.467173266446157,25.570522871191606,25.792911038783846,24.584478017078283,23.971294478027243,25.14237323634707,24.1260097160868,25.03587866290378,24.44212065001452,24.186763001010917,25.277173565953323,25.142214948535482,25.835970522353595,24.761644644644164,25.629299608004022,26.03107578300117,26.17962402181756
2017-11-01,27.099815543565274,25.50798874728873,24.159642523138103,24.708877521806848,27.17361214847401,24.108603901705642,25.360329832513585,25.818114517882584,24.86114870631085,24.7187839904912,24.58057486869119,24.57573327930996,25.011799906815707,25.15648280826094,25.817769857978345,24.298064595354216,25.868219868075688,24.610803514084637,24.414663386475166,24.379276697132422,23.834407223202795,23.617309571279794,25.17101993180016,26.431307810606317,24.825033616662957,25.69881426457848,25.033877525480396,26.298019050656123,26.129809191024037,25.741806423833673,24.850835042500613,24.91804302796116,24.411705399209502,25.322857985940175,26.67927337925254,25.329844326345018,24.872090948329156,27.068286295417558,24.91556143180144,24.161217802657365,25.09253843793956,24.88514841276067,25.510412707166253,25.522666923655382,25.60417738256814,25.841782471548544,24.609706655550184,23.999223955998488,25.156386277726153,24.136757760015698,25.01774638685861,24.422777237235028,24.227263296828315,25.371735987441962,25.07135240726725,25.917906514736202,24.85010872803224,25.635160871508287,26.138690078389256,26.178904265357087
2017-12-01,27.088040797829148,25.505819180419703,24.11416943075044,24.700084499976175,27.167406363962364,24.11496241956979,25.281611839209393,25.86917709820901,24.885822380101462,24.82889434994799,24.62114861179008,24.651594785327685,25.023884418162368,25.136245021018727,25.877881016569486,24.341482839328116,25.893559145551578,24.562146440633537,24.467855669145713,24.358854121456275,23.78550953323303,23.926314324827405,25.124005478608655,26.447799703776575,24.8565170104498,25.75645805041759,25.02216910132726,26.306919589482177,26.152698816003994,25.752372200462393,24.85576062567825,24.92220938509951,24.520370937333794,25.32967359544327,26.675201480508353,25.347775649388726,24.88861694677809,27.089441175257274,24.910099365084754,24.175444460970535,25.115620020246027,24.919794556107703,25.474523653802418,25.558342603116007,25.612169759611437,25.862567095705906,24.583393305384952,23.979703160913854,25.211520496379244,24.165203521480947,25.087492333628116,24.371341910884045,24.298785809652877,25.438196677085017,25.079414335754,25.8869024632759,24.914065358879917,25.713862925349392,26.15420216634078,26.192309624358213
2018-01-01,27.07734747880791,25.654564060805253,24.046845010189248,24.739713711432916,27.383032913612972,24.146560017208714,25.25308182818887,25.94984495378714,24.980309930159944,24.861360174683348,24.604981106166914,24.720575494537858,25.069825417115812,25.24442837718333,25.879157936245473,24.40666862274175,25.912303152096072,24.493119369451602,24.531490147636237,24.363191489961654,23.76240791368003,23.954396985003605,25.05470412082081,26.56317065743969,24.906771637556233,25.81471841869501,25.062489923243152,26.295908311956115,26.23117215687345,25.788965172653146,24.90400660831881,24.885920880555695,24.63980197628261,25.323963719708967,26.732627453379592,25.407849813360627,24.963500859841734,27.19443948358356,24.92427592286252,24.25421457514363,25.45786552645555,25.009881857596834,25.71376444362074,25.561506273657113,25.634556729000064,25.80037661436658,24.599349436638,23.923751330717288,25.290181546271864,24.18229891731823,25.183139090317077,24.30737144137048,24.24882168761579,25.400723716497748,25.20866890696545,25.958317789535293,24.909581078937435,25.79472943949772,26.235950501092354,26.23513843453686
2018-02-01,27.13923947920302,25.693373987737566,23.9992028385798,24.681375743418364,27.424586541482185,24.10049502798736,25.24673207208248,25.952965019737338,24.958045530959115,24.814626957936877,24.536524742413842,24.640971616289058,25.049242414352026,25.264762782363,25.765832380092775,24.37275036573874,25.860268734132305,24.45203222419081,24.407281389084076,24.21399352952807,23.72348807703644,23.907144624384475,24.91843040751386,26.49464410682468,24.88808304711848,25.717400184244934,25.007388670815626,26.233889922351107,26.234897413501898,25.69264607959174,24.828530699448795,24.829996840037428,24.48749545199455,25.242429851031375,26.685686963069692,25.319133979671072,24.958445664184005,27.181302181021636,24.88389313291174,24.19550111882372,25.53296132175345,24.992283960432673,25.698184059453975,25.46954050225277,25.61465143020584,25.713031599276214,24.528885166441004,23.916985256345107,25.266202233239767,24.14435576103784,25.068951368052957,24.260861974026408,24.186569494468348,25.38699336801482,25.176402029579684,25.912429083511256,24.884935292436438,25.675900720442414,26.066788129703347,26.093094059421375
2018-03-01,27.083504628383555,25.49143630482998,24.053745277666305,24.723606368066676,27.38058306548996,24.089488560074155,25.201879866974572,25.884972867023777,24.943913283216737,24.76660578414109,24.575064802825672,24.73407153410437,25.03889170852406,25.265192812422132,25.794503049677154,24.33764114705279,25.833548119151615,24.49177301024777,24.444539447853845,24.284149326635546,23.784673225902925,23.85017538926004,24.880995320004995,26.43224360425981,24.84787168818788,25.69504223213843,24.967577072185172,26.22686312118192,26.185834244114247,25.69749297205469,24.79145772456005,24.841945695946073,24.466743858054254,25.240077049326644,26.57596767393278,25.323734151837,24.92097968012494,27.158965828403286,24.96192751246724,24.2180203130424,25.546494136356962,24.98344338580789,25.654836028122,25.464240799394304,25.60103059880266,25.722664261175364,24.566247283967968,23.947127227622126,25.203247909627123,24.122675102477174,25.06279492776217,24.310447683310407,24.204540980773448,25.368924342007187,24.922481621596603,25.857162410136397,24.92179681354816,25.573457661212423,26.055166215996252,26.0882362198443
2018-04-01,27.068370877901344,25.511311540369537,24.073808059772805,24.659828942010506,27.459463371502498,24.116759182544886,25.189632931834847,25.886381597616996,24.91116928753649,24.745901894459553,24.480772489073196,24.833681010862847,25.08418076789206,25.30472758206575,25.8871469063913,24.2038210292949,25.832452249669572,24.52590694510569,24.560135069347954,24.290467127276376,23.80170262852335,23.705935903502983,24.923833169854575,26.41418614129779,24.792654634105528,25.736872104996916,24.96875273408432,26.21382516924245,26.174954251592492,25.701203064769896,24.852275073209455,24.88865918504359,24.404201201342804,25.308412987318736,26.649601706200777,25.410122461700034,24.87664566242035,27.183318739636697,24.965472503431396,24.227245777048484,25.60280951803235,25.015390627997096,25.625523262266935,25.393407235203657,25.632101400962366,25.631055639518422,24.603876584052642,23.964119978897852,25.157136435726642,24.05826596686166,25.119507569573468,24.342615989954417,24.217351402281757,25.282550686873225,25.021736197923175,25.960017096843522,24.915827944329386,25.56483431633618,26.055361921906886,26.129460297258603
2018-05-01,27.19126393096066,25.546068739011414,24.044370409504808,24.679713422301027,27.499202614504004,24.111322227590957,25.283785812192118,25.85652857342562,24.93528661254157,24.801902179323154,24.453259166996347,24.862127753015887,25.089643395173365,25.37138704875036,25.88065193054397,24.303468026012474,25.823843626034773,24.487763349065347,24.558767763674908,24.231891238722213,23.843894764926247,23.81408108698935,24.92454357303317,26.491086878231158,24.73900254142495,25.74629705723509,24.99083238707511,26.157981953163144,26.163607097156863,25.696331335975955,24.87650009100237,24.936468276952123,24.55110646901116,25.263024359841218,26.758456068613,25.421271239418626,24.8523564040027,27.238645980449363,24.97699713189275,24.218040957754507,25.720827209241268,25.06404829619921,25.74005016006899,25.386547999755475,25.613352256168096,25.65167512764149,24.595211524515225,24.012773284651352,25.195267908075817,24.08930274743456,25.121110579355214,24.315807241666246,24.24186595059511,25.289616302907927,24.990038059013756,25.981402687091098,24.981917948337944,25.60315896521346,25.98609440765377,26.173369125700557
2018-06-01,27.185649967611916,25.480384291467335,24.07258363562,24.720775269814748,27.541366293188425,24.075498310318395,25.24565766766661,25.83089903374738,24.86714638984214,24.688839208971004,24.480156765773284,24.89880134313629,25.145315417417468,25.424611530222514,25.906324696755128,24.23631770308596,25.876136780434866,24.524117317260977,24.613437848748532,24.31774476529397,23.88123515704613,23.83515889835929,24.890593237450318,26.51727719763881,24.71874348114963,25.79669278072137,24.969450947616096,26.17964733458671,26.13699707410706,25.716133983320393,24.888523201018522,24.94674441946128,24.55698356656179,25.242057604103284,26.77161360654649,25.440734734451308,24.79615989396987,27.240641457718272,24.984328439712513,24.18620080056574,25.828139787487046,25.16818276196658,25.678123937917462,25.47819039175034,25.632761144318465,25.71636707984978,24.61582153698028,24.081275205886474,25.202574509359703,24.163578887147636,25.09693845878346,24.360577838803422,24.314923173280274,25.283097913212337,25.176081316076562,25.997136791075125,24.979404706742468,25.637162342106468,26.02936080083877,26.201628863414555
2018-07-01,27.213248610067733,25.475840889115826,24.099510438409496,24.75418723408769,27.586029866635343,24.13535159061055,25.169040369342213,25.922040425639427,24.879977169024507,24.747037482581355,24.513538631139983,24.934773943985917,25.190823929155947,25.43009502342564,25.905058375987725,24.27635179143604,25.956318843926457,24.555731709577366,24.64904163040385,24.33935221391098,23.878884596295926,23.79012777041449,24.900898108096804,26.600528202332224,24.79240122714999,25.809020876057488,25.0722742214264,26.267784451210883,26.235181860898695,25.786241992517795,24.951147836767475,25.09341696068111,24.595672519703736,25.253799567309986,26.65296822347259,25.53017239569394,24.860698056513534,27.313662291376414,24.99420685403579,24.162145474473792,25.679750367306927,25.13558940268133,25.711172369039154,25.532967997105782,25.72862195943515,25.75185589272011,24.622109447799225,24.049931906178276,25.284762332224776,24.241798716205555,25.111487331293766,24.40884346617349,24.349684144652706,25.278728130260333,25.036059824919676,26.032281719787658,25.035735668565597,25.66998726639304,26.070309024634533,26.186772192201907
2018-08-01,27.392421062548596,25.525855934153636,24.107769843578886,24.760106026176196,27.710337774526014,24.148182379952676,25.15660827090082,25.923658609407966,24.83169010109234,24.718120904430343,24.51096555304476,24.95617977971646,25.254673354949126,25.537363854691606,25.84121103047853,24.269491055534644,25.950671075040955,24.551064898081208,24.56379631453414,24.33215561947037,23.906957681219904,23.632266050770504,24.848948195372543,26.604253149715117,24.7940002917921,25.825340864066675,25.06857170819465,26.284026799148716,26.23737784347855,25.741058517558905,24.89396142632263,25.160350029151218,24.690932289651872,25.283135218360332,26.671055789697242,25.570636269917443,24.831776078602147,27.3709097655919,25.009371515397632,23.994868185393887,25.76554608476064,25.202108690637452,25.847701137401348,25.50662414043532,25.767669496206114,25.78616241179144,24.645604619247525,24.025535250135523,25.254547928741154,24.274937813075038,25.04473448184999,24.304397070132616,24.387657386682882,25.29825457396489,25.047797213580317,26.090724621490523,25.040593948984935,25.69054595289818,26.141980490827336,26.170195804925477
2018-09-01,27.387584361166496,25.51116243807622,24.104628236036916,24.734155324869675,27.70550179316073,24.152742444770855,25.275694205570847,25.874965283627184,24.81542254031478,24.811825965829417,24.51906398366993,25.00883408823148,25.264631045756882,25.57811247655592,25.882491341318723,24.313900408030616,25.993654732911335,24.54733508451974,24.639829692262364,24.329914019164057,23.91381081106418,23.62297028578296,24.71254217416545,26.583980917820455,24.73855135374571,25.861736777583296,25.118560118169352,26.316178140900533,26.222075294041556,25.776760904787093,24.91493614307011,25.181451357378677,24.7452464009546,25.320072329235337,26.60477468823897,25.604324028150337,24.784387908981383,27.392748365133812,25.00109448964965,23.967756025645254,25.782936330244848,25.23476555270021,25.849458339419208,25.504747583019746,25.835752228999088,25.789532335650012,24.654643428272447,23.972651100264134,25.319632708314153,24.276087477575494,25.00862490547997,24.312989021518803,24.364098768492283,25.34832575855846,24.917358175221647,26.081669687439323,25.12385855327071,25.591107619135624,26.12721982836451,26.239194836324902
2018-10-01,27.356632732471777,25.316500154447482,24.139018919304807,24.809495285763575,27.479614794304535,24.08022091830765,25.18424632248623,25.81094014969495,24.686044921542514,24.58315832913688,24.401934063622573,24.90691322019091,25.237661342583493,25.4307509227738,25.791546820377,24.214136345135387,25.975446385863496,24.5794312405097,24.448357476443142,24.19628043468762,23.917240572785083,23.444949504202,24.610646518272752,26.48248641356691,24.74357798994354,25.698095857058153,25.022096010526422,26.32926422945552,26.187635704547414,25.821165854062052,24.944000502423943,25.19192646459174,24.55807081599887,25.375928160650634,26.52460527529509,25.64807029757685,24.764654077958056,27.3243610767569,25.02991121444617,23.99605349431371,25.5680313061699,25.113435027103662,25.562084685848525,25.518159527681924,25.812567770492738,25.852958490555455,24.611555953535568,24.001008640975282,25.201322137825986,24.130333618497687,24.844897215404494,24.345261020207,24.401686129282375,25.258006212141527,25.15952875109723,26.06725173665138,25.016264316905264,25.603774228523925,26.19284928273944,26.174326884096523
2018-11-01,27.153237154300168,25.518519900037493,24.197009694809964,24.86370741542699,27.53568482672175,24.121594651089353,25.24466832859686,25.84314330578111,24.725577007850312,24.70130501622229,24.473103384074573,24.85642479659203,25.249185418571937,25.470184674179993,25.854797023461582,24.348258088824824,25.981177621878594,24.64885163341014,24.430694948268794,24.213400936265614,23.974462477364025,23.473324071898162,24.313013798413223,26.499821303120807,24.576483774246668,25.72302702630597,25.035334710620226,26.37744516629986,26.214323162313864,25.872459203600428,24.904428747685305,25.281823132164213,24.553994786600736,25.439494735636224,26.4480973316306,25.723031583601504,24.74329502624057,27.361848448256747,25.081926208162262,24.04095493722765,25.514779331167023,25.11450001426622,25.307417237897653,25.599802382559446,25.88360239292034,25.925427573708912,24.655110278220896,24.03822068881171,25.182057136895743,24.205227220266124,24.715893565497197,24.39507648183169,24.41344068536264,25.295693103250105,25.19780033079831,26.14102616391084,25.066675272255594,25.623308087070498,26.166272596668026,26.172065339854374
2018-12-01,27.032631587959322,25.496208561072134,24.166613069203947,24.82465464966787,27.417633342464214,24.11648407407222,25.313315832973988,25.701125286671566,24.63978192073583,24.635817677707095,24.40806113233308,24.7968101819747,25.124628001350594,25.428781706628953,25.77532274868815,24.31069465196219,25.929287084503578,24.633684250585308,24.261279875467807,24.130523110225322,23.953803855352145,23.326544328944625,24.32230435867334,26.439755352733922,24.44816905304801,25.68070499780303,24.935888726424512,26.254240952792564,26.08416528075226,25.81791107631871,24.88532282440529,25.261924730214346,24.532465027122555,25.385856606166772,26.37799142964142,25.685402616412862,24.630371747411637,27.278368620002638,25.043787850935242,24.109947695578303,25.44805059407226,25.104332483409294,25.106133916491245,25.501107590838007,25.833863727684335,25.89764038848506,24.518136102173496,23.9860038453854,25.05302424409245,24.132383325894835,24.492749922106253,24.333100642328247,24.32399632725825,25.205300619920536,25.146038378637915,26.022516330387617,24.965348976982174,25.467589129082914,26.11909400149555,26.02869209095839
2019-01-01,27.086318406211685,25.358001988680574,24.223563606084518,24.918708468627823,27.55244137363464,24.150108172793455,25.377281449721536,25.851178307659,24.702588637148555,24.68263120146992,24.491200950094647,24.878984962305477,25.17684617864269,25.532702891668535,25.827787488794936,24.41066758914342,25.95392449223503,24.650688068815562,24.390098673700074,24.24165335106957,24.011109894367145,23.44787757654321,24.61794414690043,26.514350551848974,24.618193384494575,25.746635816631716,25.01941850845336,26.284991369940293,26.142654465260826,25.83425019766006,24.93429266233133,25.297075718371577,24.572784919471143,25.39264770882791,26.618243169242337,25.666133687790932,24.695067836067405,27.306137388434763,25.07304181721755,24.09839248410446,25.685807017241252,25.203632379780345,25.180108420368995,25.528645269028466,25.80598722259732,25.94595396574788,24.68921236499111,24.044137127399804,25.15634478578327,24.201271420896372,24.706820167623462,24.43435427433436,24.40475782657626,25.25718915508677,25.06540958988798,26.103744165560585,25.10577422143262,25.527191800653508,26.152900940022246,26.100682167817137
2019-02-01,27.125841854122747,25.357028507167634,24.248897482816382,24.93767829492771,27.505448309589436,24.247357531909227,25.403441522539683,25.87237791357075,24.768183616534362,24.71995174515625,24.516160675819577,24.881345883366357,25.195814238347964,25.60674967530189,25.86988890973203,24.410911604009417,25.965691324245675,24.671879880519146,24.338489548791877,24.313855994105754,24.028339596282564,23.554976964327214,24.679549989024046,26.514936593941794,24.611555743939963,25.755369865843345,25.08958497268982,26.311390634577158,26.159017574817483,25.774534098042476,24.995159396879952,25.349332129001855,24.666654923946382,25.420557497806428,26.586302748798754,25.754297819967448,24.694559425570542,27.376386892257994,25.12071924413149,24.098685665099083,25.739145363123818,25.249580181796617,25.250672104682522,25.554664297102192,25.835662814474336,25.975163945955572,24.702141759925084,24.039278877307094,25.21872704207207,24.22860320838833,24.703421531984883,24.45653452545268,24.399472666771544,25.31366784315599,25.106442570741162,25.994428003332498,25.158606713148494,25.556054986270926,26.185343850403154,26.176221840157265
2019-03-01,27.22272438415872,25.373921892474858,24.28892838207939,25.04985075091145,27.587890327979956,24.299930586063343,25.49150848455586,25.824873267118804,24.731767558282204,24.70638994156091,24.55589490596056,24.869380706358378,25.300143923772023,25.573953671318034,25.909552166888595,24.384974760276318,25.94952091067334,24.68607648606845,24.350964609614007,24.387298747719214,24.06709122917685,23.55420146997334,24.640291246913446,26.558652042386015,24.59134947125686,25.791179850847165,25.12589767875926,26.340792519762058,26.128566112617456,25.807508926219693,25.010567581151573,25.381843145378546,24.707488287032856,25.459335715029155,26.618243169242337,25.777161341105188,24.69978639983727,27.432057998851008,25.156777520527584,24.14591148211727,25.734835526766798,25.23169102636526,25.40357184738525,25.62077781545058,25.815153836488854,26.029471240598657,24.728761103150177,24.068586165694786,25.249951289525725,24.225412126256067,24.70374848417815,24.50807171626255,24.416419266756428,25.321350196764026,24.972786158023048,26.01502203988741,25.16080608341619,25.524080222145816,26.170485013781313,26.20941235623759
2019-04-01,27.27762506259148,25.358919872067098,24.31019366226155,25.04087921570217,27.666570950407955,24.38084133326752,25.557563824167797,25.927766021221064,24.866335373293477,24.73498329024598,24.616056329756123,24.81361391544551,25.31404692257994,25.61708419228506,25.883897106197374,24.425371179373155,26.1594823048291,24.698444325173853,24.360063370989426,24.39069119395833,24.083316811778268,23.508161681664124,24.65920739111186,26.57723127824265,24.661393772074458,25.858324715437792,25.214423461618058,26.350828901525137,26.265192076850795,25.86208062601785,25.040068154800835,25.278672479907346,24.740463590427698,25.498931091230972,26.76686779816748,25.72880804682162,24.833761996291972,27.534021418658483,25.162554340278007,24.008788881227446,25.773294471952653,25.27635009963467,25.41155955281291,25.66467940459383,25.77037024457292,26.052556995325368,24.799649278496343,24.09325859098603,25.35110580909362,24.2799008321491,24.68311000387218,24.5374351833428,24.368588769284298,25.30851322123997,24.813662354788022,25.959729976411108,25.217991141680674,25.52594104893355,26.22886554282305,26.202955627746533
2019-05-01,27.141149359562558,25.337751350267546,24.316834307638114,25.112160906590837,27.58469560132909,24.370093104817506,25.32225468361147,25.788331137111737,24.711318840897768,24.589442674491124,24.577777041818646,24.74543578466799,25.28951534704701,25.529011264178404,25.830787426725596,24.258470487060688,26.122825253740487,24.636069011010296,24.202541062079796,24.456830031513974,24.02533797781542,23.27464138800254,24.584721214722926,26.49697861909973,24.540601686912254,25.787910820129923,25.159251776585215,26.276993089085927,26.181855025188497,25.86350638707273,25.04167619041407,25.269229460274335,24.551684390813797,25.502468005726737,26.68090884200595,25.735140194859195,24.669632385420616,27.479579498775493,25.181757930787583,24.09672963914289,25.69687946267234,25.146568803507716,25.12173912851096,25.66428887379448,25.792530963304152,26.025489405466466,24.759734658021117,24.16604825947603,25.22965234137001,24.198921429424793,24.475830888620113,24.542682410861687,24.299411039901397,25.317231070822338,24.559716982752462,25.99650219953776,25.15829091010281,25.43879780452521,26.21515885409922,26.07687027997973
2019-06-01,27.26766999372791,25.284335872129066,24.346576968056244,25.091251211193743,27.649351377982665,24.47615577590108,25.456729564336097,25.874715736576512,24.832933950328776,24.718320465016063,24.60679738846408,24.784418759708633,25.39025835531744,25.531122492365323,25.92951992480191,24.42585406156498,26.17878815897582,24.677077310141676,24.3316047956298,24.499341967902744,24.029734875975617,23.453351907394033,24.691140509272216,26.475326822674464,24.65945984218005,25.87907018262118,25.224792225435703,26.343956952644994,26.23550551233017,25.899291982135132,25.152759943166018,25.229387258935958,24.630307404687052,25.55457950393316,26.764797585993993,25.792067145550597,24.74351244162399,27.56311807002861,25.221060716378997,24.247377080424382,25.7645664081437,25.233947642195147,25.315471347678333,25.688447904676035,25.84380041172891,26.088928035071326,24.843414727854103,24.16726657798873,25.265564790270037,24.290104951628283,24.61173784493439,24.586947167831724,24.296581437044154,25.408728602952863,24.747729092201176,26.005600283494648,25.177385847772996,25.51278807362499,26.305914526082326,26.16782127807875
2019-07-01,27.34128678129133,25.196724016078136,24.344301950055648,25.130026639402374,27.635070709407458,24.489717962182457,25.473643453804502,25.936419807121574,24.837099252361046,24.68383428781014,24.607773544053437,24.752437533670214,25.432384193426255,25.549213854922343,25.91877444312454,24.430077005008208,26.202635061658356,24.659701361535845,24.249887606314243,24.494989679523012,23.967779548928736,23.404820074150276,24.68732923915404,26.593151038294767,24.73262157409266,25.913192609994905,25.212517141229924,26.276695721886114,26.27238393809871,25.94009861905876,25.104188707313646,25.212639912572104,24.635151576026473,25.56920749031861,26.77115029141121,25.78841435009823,24.760486967093165,27.580214994413357,25.232273478576747,24.199441742829126,25.63595440414721,25.258422654731007,25.34244399334139,25.670098205562198,25.734636585676142,26.162658157671455,24.8565078181765,24.19459534416525,25.291343382363696,24.40295671309336,24.631697291353838,24.603452911541396,24.311738650733822,25.42471478509139,24.825821465124356,26.03030295839873,25.239515172472295,25.5355615798501,26.304918345302113,26.137750790227162
2019-08-01,27.32089632359617,25.198560520152093,24.381633331641854,25.214139507990105,27.58538262839933,24.47936979157952,25.44797113641613,25.827358303281244,24.735646494863914,24.590324263644376,24.646603692486213,24.633313320542413,25.49948626162098,25.55932440658204,25.87400504766405,24.363044432864108,26.16777109853579,24.72681658108684,24.107166003516085,24.597462376066513,24.015448948570008,23.224115661655187,24.450940541691217,26.570175282876626,24.65608187009609,25.97761715490264,25.16599146436723,26.262309227236553,26.225055157419664,25.984872673310516,25.091721302055348,25.248873237810262,24.741738669409227,25.603034702325175,26.726078096852273,25.829491941086687,24.69687103860433,27.591815801909767,25.288170938828777,24.287706984148752,25.541062113228428,25.24047796706166,25.33524638739822,25.73756172338486,25.64612623910289,26.18749632709973,24.893167829277505,24.281270042651613,25.265871859253085,24.42932894191138,24.422651960974616,24.639451793945486,24.226452392507248,25.47954591702361,24.75730451684838,25.968130921265136,25.134185715011643,25.496811667766625,26.33946578484194,26.05537443049984
2019-09-01,27.395111396328154,25.33989539761117,24.41661208624383,25.17398507590115,27.562387512507172,24.461235100509857,25.424451605587624,25.88594949813688,24.788826627375812,24.649939851324696,24.637935448336577,24.721314521615344,25.47887680261668,25.509200568731444,25.891679942793516,24.448203595098537,26.11588719854207,24.770603351854163,24.107570003702087,24.638122170771393,24.045429681604297,23.264632879408385,24.531262769293416,26.595561509551512,24.67848880304628,25.99548968878371,25.198444495797023,26.27768977712274,26.29390266342739,25.973911679674295,25.1215377931374,25.244321147084438,24.721572701674564,25.593239309664575,26.684340003565392,25.802651480621368,24.72491453803203,27.603591241009397,25.3553252861972,24.23706017863393,25.447901079147424,25.348749857053836,25.374650524008114,25.740264190311542,25.66607061006268,26.221430982686535,24.912121237102948,24.20488172528273,25.318895261518023,24.474480288530838,24.474916199933933,24.70877028399068,24.284419759404614,25.55016330296575,24.822754081737767,25.89418062592639,25.14045151800208,25.58783490834755,26.382330603087713,26.09836150631947
2019-10-01,27.50008773455308,25.389238550990964,24.424055599466705,25.16438388870908,27.585590920459737,24.42696219188742,25.492617367501854,25.96203725494374,24.832198346786285,24.737003984647025,24.568806169193188,24.689576990303856,25.509637085772933,25.562011906586612,25.870720049043427,24.484637092678387,26.112813079221873,24.753771479926904,24.039125604731343,24.62059805752091,23.98528386758989,23.290421027764012,24.642390775227682,26.625935556835724,24.70773428243495,26.012550934089507,25.21909258642803,26.298040641904677,26.353521896488445,25.98101258825973,25.14515720227164,25.263100904741172,24.736466658525213,25.50563037020781,26.757778086387834,25.83831067276893,24.801146035766074,27.6343300458265,25.378027780451045,24.287363674754715,25.519242788444625,25.301103658701265,25.5185972881503,25.74766144976458,25.731773973492484,26.22247553806617,24.947703228902302,24.117097954934362,25.369316439417563,24.514496766473805,24.446175207008665,24.72307570524774,24.25196789157825,25.567195034408304,25.090815334442933,26.049717377559386,25.161708004371814,25.611153264969623,26.37029348591726,26.054353851905514
2019-11-01,27.57178361423668,25.501593190035322,24.39131887276557,25.145638055722742,27.59908674201951,24.52967926746764,25.569363111640946,26.025535970620044,24.90165875257163,24.793899880161405,24.56368612585616,24.779493245365625,25.520853324717173,25.60209486574089,25.879208043586445,24.449039203155305,26.267007821110063,24.686981397997922,24.06597445405408,24.62072144425479,23.961030822283078,23.44345317207423,24.763951957412687,26.6612820917277,24.744404768505248,25.950697282168843,25.252231743817802,26.3384870215183,26.41480913931698,25.961907928164205,25.18401930243321,25.29250208418869,24.79120098748866,25.494279979723505,26.808591233059893,25.844293203864535,24.8804891349077,27.68869463710092,25.35888113398989,24.253314297481825,25.609825725974172,25.34416102427941,25.593891472104296,25.737844693685673,25.735675401970752,26.20896992984278,24.989982864120364,24.060894615518237,25.401930688493707,24.53320845067879,24.54816512748879,24.71232591724876,24.25547917582348,25.556112733041388,25.137407510642785,26.151839449511737,25.223405977152034,25.664516807794563,26.38577946009627,26.06260723849351
2019-12-01,27.668985575396885,25.510783744078566,24.432965523351474,25.21681861331971,27.624873092128652,24.52399299343059,25.56876222513071,26.080992192538144,24.917276540095504,24.81407768416545,24.57861427884333,24.860997845032127,25.50101237184587,25.600558902654367,25.91746149634989,24.479570736233292,26.22007299954897,24.731610905878693,24.232659445248153,24.654430966190297,23.9956704630426,23.58573355387037,24.754143460695587,26.687990933546224,24.788056872749724,25.940990823895856,25.248471435401328,26.40455595113628,26.471174789383074,26.005215530277404,25.215946617777558,25.411550704399225,24.81187092825511,25.516634515995104,26.8263359901349,25.886627869612994,24.91309640378962,27.73299274536298,25.399263350889637,24.37686767785827,25.63774847351033,25.427097430050793,25.67679178294871,25.744009678567043,25.762282368246186,26.23197071313245,24.963305402001822,24.071658722131062,25.416425881152108,24.535829238791127,24.652972770246855,24.74952412318795,24.254187249436974,25.600588183009975,25.374767254032985,26.201026044252163,25.25577637049993,25.66184868806028,26.383678264585395,26.09852505699474
2020-01-01,27.721587297937514,25.422025028812655,24.530763937713257,25.229595602675793,27.70835339476092,24.544640852457313,25.54387132916062,26.016165367921662,24.97195106662914,24.69689554073758,24.64791710720504,24.770948477906554,25.539719533245403,25.714728271319224,25.799865327787874,24.39536889913195,26.181365175467324,24.799631516509717,24.093929660462333,24.664708198971102,24.038604724852085,23.418540940199694,24.864434570272486,26.755393299319735,24.821501781919313,25.990913832336904,25.226884133188303,26.424913797092838,26.419352553637218,26.05885485515881,25.173222523683133,25.472143962587186,24.782038005797602,25.59617494267201,26.80992936176296,25.830966152975034,24.93515188625375,27.809448700308078,25.5013978738439,24.416813402023,25.702138267625628,25.37638088618899,25.681582649657297,25.789388283560235,25.71149964201957,26.22972630368431,25.010494558239746,24.130701451900663,25.419359806105454,24.489263650506757,24.48479662195041,24.849533253916597,24.14198599963968,25.56251264446154,25.816345596530542,26.128806796195597,25.24816962190159,25.525445275575674,26.350862575103257,25.982245375346757
2020-02-01,27.597386691641574,25.491718788524203,24.375813441153895,25.20804836434414,27.644120192199683,24.461244805661682,25.431113904440355,25.87472678881594,24.841835234634626,24.648235261562817,24.566043743716786,24.56606185559779,25.456557492908992,25.647168356042457,25.661977669627298,24.382038012395306,26.01958176297705,24.736968591805642,23.955282943008225,24.63558011867507,23.939736890446458,23.31387541422867,24.72964010431309,26.687886400931554,24.652442296132683,25.944890601407756,25.160966825820992,26.323255610425182,26.294764383554593,25.971033831766288,25.111702086658273,25.370389241574994,24.699688021033115,25.499073148294272,26.76204758518849,25.72122637695621,24.792790819652478,27.759956250313913,25.4421049871725,24.407224291704583,25.769210986010993,25.301809351478546,25.814611830410858,25.71644946359973,25.613433846342655,26.139801945003633,24.91333038883645,24.06303570573505,25.279454735461602,24.414275509380516,24.27211755132091,24.695666496439088,24.063344055455005,25.514233304560182,25.842769849327727,26.062458226420826,25.132425660064307,25.386481792714584,26.289539425157695,25.79359368201067
2020-03-01,27.527442600768858,25.373979336362275,24.272906200568695,25.167327179950686,27.67854149438928,24.3657567720857,25.291516880689013,25.580238074433762,24.790793258611288,24.579955120774745,24.547973956574356,24.120716725254656,25.472756281029774,25.478694063324927,25.420383763079364,24.25752226669383,25.822446327834506,24.62111066412149,23.389323815778535,24.72624023913467,23.789382980120912,22.924840804574437,24.414627070272285,26.54587626291442,24.397154059553426,25.790686243067345,24.97399116978843,26.30438584803923,26.04036961410227,25.781394523934253,25.012668069363038,25.470703446479142,24.485814770650023,25.344641778138836,26.61890278277811,25.726177684570125,24.511822512862125,27.735783795478973,25.39809246751031,24.421683771021616,25.786591498656286,25.22738654123575,25.790961034409307,25.621744942769794,25.589817855826013,26.110861174574282,24.86582715049119,24.011470250299528,24.958938889699645,24.29945280944478,23.589564477809585,24.595868597724948,23.270498517890978,25.3250738493573,25.59998839115543,26.040329485898827,25.01335290874859,25.044085331943627,26.343235113707117,25.504228028364192
2020-04-01,27.67186648964636,25.44990457155248,24.311294664438556,25.256250451068478,27.916691970540775,24.494575601725717,25.444294337912012,25.711318485180918,24.930325038440472,24.582880782296662,24.605224105344227,24.433249466634347,25.533543612137837,25.596307335423823,25.659137283066116,24.31189841378872,25.935386753927176,24.666787287433177,23.668969653772596,24.8041855391436,23.796691219343465,23.193453464342163,24.260629014538885,26.693433789972183,24.56815619829875,25.960652336485616,25.032842366378777,26.439098682667247,26.102071806551713,25.826518281294607,25.078954450172656,25.57934580779033,24.682462577622566,25.470676138005533,26.82370172674694,25.76512132644299,24.659988843474757,27.863584049216996,25.357810700440123,24.697277623856714,25.898230566937002,25.279657858552316,25.894240773947676,25.72514610459666,25.75129434575587,26.17996315925903,24.978702395375592,23.952887471126488,25.04670430782374,24.454094415697313,23.810184706184817,24.642598633259073,23.46696783944675,25.369361610927825,26.000197925892202,26.204036144767997,25.13817016263263,25.05620662332091,26.41511619310199,25.70623882815244
2020-05-01,27.750829869313336,25.58459769793135,24.336717739773093,25.34176691996776,27.903824598604672,24.563391038762834,25.514140751440884,25.71422453227627,24.981952744942777,24.623733512183524,24.640177395554076,24.43514823882222,25.553717362955418,25.672604888075014,25.655871407526444,24.35942007753592,26.016602385072662,24.678179708425446,23.748186543703184,24.836865506881214,23.829324152853616,23.220270702860034,24.226220268864346,26.755909761412447,24.636989199281434,26.083160186310465,25.060298337404383,26.430463383218502,26.1284657214362,25.84358662835116,25.174022334064226,25.56835699564821,24.906907733613167,25.464043066247093,26.91860755797652,25.78236520748557,24.78294681037248,27.885877186997714,25.4583309674063,24.680151129103514,25.897944685004294,25.40255138062673,26.088702536704265,25.719536864517238,25.74685288724178,26.16992807339091,25.003823772888676,24.04202641212499,25.042219697618705,24.55589703363782,23.903763712068475,24.648574153751305,23.320971227415754,25.40523427422988,26.065928425407918,26.245493612168453,25.199284071299637,24.96320018275147,26.43555561048021,25.68448449990923
2020-06-01,27.89101983772353,25.64235544722168,24.277566500971204,25.343199022578048,28.025658731726164,24.56260464108569,25.59439742661738,25.698765751929002,25.010759653606986,24.675401438444467,24.652952907939508,24.44129799313951,25.536518464382496,25.741891381187408,25.64314042432136,24.391951398914433,25.96598185152461,24.620401742533964,23.742085854115736,24.847561239900916,23.785947958838484,23.463713789312706,24.265031161883357,26.74505928916991,24.64895497747783,26.09129674986177,25.058967936747997,26.38123708865522,26.094497126897185,25.79979683419621,25.22117790966886,25.643906072611596,24.942847676108535,25.460709625520806,26.927365649883768,25.739460936797173,24.871653069090012,27.993521974992184,25.396220792358836,24.734569359877213,25.978718410489705,25.399651924697142,26.156462637875144,25.72491928256037,25.601570862283815,26.200929636399326,25.023626625949746,23.98702438097069,25.00505007799336,24.530960722484274,23.899423230070507,24.56440846686963,23.49079445378894,25.384608002781615,26.323037082431153,26.21248010728449,25.200217978769523,24.9498955983859,26.404836159134764,25.68705627065279
2020-07-01,28.043854100768353,25.608481985346458,24.364578244044242,25.358338097241983,28.16290762499345,24.739724910857788,25.60825269433345,25.75219715694756,25.072682247729194,24.72460557546085,24.70533786050183,24.324555728653646,25.607547203592606,25.781249741535976,25.58202538666164,24.512107014195305,26.013528564510718,24.67933860657127,23.663900152370076,24.95949561875464,23.84791699075955,23.574074664689235,24.148563095189438,26.79317598900858,24.65067422584746,26.155328102844443,25.091492091045115,26.417066238204804,26.121557008382677,25.86455591644918,25.37048352756235,25.55550938285385,25.040026375683695,25.51252309686001,27.038141458576305,25.784318431359818,24.88359013182925,28.000865723372225,25.55765309519329,24.852923050033596,26.05045011834447,25.39515436147381,26.268108566226104,25.77266870377197,25.76433441550972,26.29314056576049,25.15159666655537,24.038079356621257,24.92148496675949,24.645413578564458,23.89254069437345,24.616270742337544,23.398477587486177,25.362872049506485,26.604457756475714,26.242978019828527,25.22521761792895,24.896132306677206,26.482087825863143,25.62620826666145
2020-08-01,28.23808762637764,25.629633751016964,24.267343916552374,25.310379426639308,28.249508198500116,24.759176003075336,25.699896927686293,25.78617905544584,25.105493945116372,24.800628065605377,24.737557374832846,24.34798949220164,25.675466557530818,26.117208488261138,25.58190628811252,24.687256483757952,26.133684156793652,24.626018751998274,23.639071958775887,24.964955300533596,23.80288819768799,23.763209708679888,24.192083266023076,26.884068400399066,24.684984542333677,26.226380989563467,25.19433866994196,26.468218877716353,26.167329858101986,25.91189320794167,25.38919684159938,25.542786273655175,25.144573368248228,25.60695308275324,27.182962306008825,25.845119229961572,24.95739555614183,28.096260057397387,25.552187766699344,24.82478527981122,26.13037954504335,25.531690721827918,26.49921416378633,25.78995245531655,25.755966439949457,26.352960420306438,25.11724348713909,24.09883352798318,24.99493733165078,24.68048997334038,23.939386796391624,24.5707531811972,23.502995564784108,25.39347933794973,27.15917707641284,26.274736032544386,25.329689502600402,24.891587415255227,26.55257378994852,25.574013949737974
2020-09-01,28.131717444198852,25.54035137647024,24.311704732234027,25.28014606972413,28.15785487320774,24.778155816502395,25.74817259193806,25.719929791914524,25.052550788828153,24.847572852535354,24.710575511171303,24.20494953085656,25.696359075355378,26.035746803368962,25.442902840544942,24.740872507407467,26.072794207354153,24.73494196029456,23.40673299952035,24.930141186287475,23.781178863264735,23.765130053038362,24.174580986309678,26.778041399775276,24.6718008721354,26.20032842387963,25.194283276399297,26.44487916777373,26.127417947359188,25.90865768821694,25.34159320588793,25.54515254466926,25.151652772391156,25.640362774163954,27.070070141422615,25.81753442690538,24.87963040973906,28.02889923320548,25.551434416925186,24.766174580964645,26.073001111435318,25.649011765664895,26.510810466651012,25.779473798028643,25.726698758506327,26.35772028013736,25.10499521247468,24.146277608358016,24.943959642164366,24.72007539304062,23.73912490147362,24.62080618824047,23.455148240556888,25.34889042247781,27.009414770456594,26.27223694560575,25.357449815361175,24.86883588734487,26.564281456651283,25.44219111222734
2020-10-01,28.06982917646486,25.511511356472035,24.407315185796612,25.233719510718956,28.121445954504132,24.707372716777076,25.716091091797615,25.710549802235757,25.1198952424367,24.89918486353203,24.732878000417372,24.067407991434237,25.703712460057872,25.956920171431886,25.40756346093835,24.763430734952504,26.04972212140065,24.77424491646424,23.35827658230758,24.89139352381886,23.890474525062558,23.86831415322411,24.351034909284696,26.875798643359634,24.610603968637594,26.16517275051681,25.19634657554797,26.36252220641091,26.145637215620813,25.88982733785057,25.267703151518756,25.418872187318975,25.103736288746962,25.61034843558965,27.074679636978125,25.726827416056718,24.87548564563537,27.990812926013078,25.605023732346975,24.760322495355037,26.02320456186589,25.604545545664497,26.43460822160585,25.74757374821338,25.692891427688895,26.344028792208448,25.09644388729426,24.183497976911674,24.88637169941868,24.707423016485127,23.705060673351145,24.67867130142432,23.425810634316438,25.295212532901047,26.90904299993975,26.254854139211428,25.252129007712306,24.777134453651403,26.555955912261595,25.39109688281433
2020-11-01,28.159309972919605,25.731163004099574,24.349639784696883,25.240445904936525,28.163968775908675,24.721392227130025,25.854622429769943,25.88297732520586,25.273003377555906,25.005406001383694,24.820477720932903,24.403341990628665,25.796836130070435,26.01353793345612,25.634211957224156,24.910186890236716,26.24914743963079,24.780198538542535,23.682491302100654,24.844569986952127,23.91962694481643,24.167606742526853,24.66728111113393,26.957903521871554,24.809243174137656,26.20450760359567,25.408431707080894,26.41626258306493,26.33916533680539,25.960898428735852,25.419348029403622,25.52901165829535,25.092641934797932,25.630979175465747,27.12601638728997,25.793433259671186,25.1329378107328,28.046524605710886,25.610200775778335,24.69421260162759,26.054165984646726,25.719437159387358,26.501529756116067,25.826456053470437,25.822225354774165,26.362393533963075,25.104976089952096,24.163167634204484,25.164248903466103,24.790571227695953,24.03549064558771,24.71959776257085,23.717814249795186,25.381469206887665,27.289351519304756,26.352206288156772,25.39341826223935,25.020126583263284,26.65234690782899,25.547173019946626
2020-12-01,28.269505938458597,25.75544029420649,24.33854401620287,25.21086048360483,28.19164073414464,24.696380082231492,25.941091889202827,25.956552474085175,25.305670715474058,25.052826511692512,24.818958552952115,24.41415307814098,25.757822735385872,25.914081650044093,25.617003370034,24.938190950937294,26.45135856765124,24.778222058182855,23.744320157316615,24.87131561663409,23.956252981742363,24.274163540142787,24.72640216761244,26.95689998308068,24.943495607595057,26.16107767809977,25.45526434441438,26.507326419441494,26.414236212332796,26.02960697837641,25.446623031705126,25.681882018749494,25.122296424620767,25.62366474617355,27.112164891086035,25.810820500554918,25.23582069405024,28.087403640633077,25.66212206380069,24.712240254370542,26.151253160678205,25.768474624817227,26.47533441875259,25.854284166319502,25.792515517144917,26.364335845815525,25.101070465068968,24.191584777321545,25.168556185468827,24.775254837102995,24.084303830314106,24.755781110126573,23.750107965214404,25.38181685048429,27.50708227205193,26.39395783745172,25.418193031971533,25.12317019218794,26.594136700442046,25.648935031144696
2021-01-01,28.263989067111837,25.710878425623317,24.309793321086907,25.229278826792314,28.17594214128527,24.677407183493017,25.97805843949267,25.9407503670705,25.282227669582717,25.057321399900896,24.727034248314993,24.415152900615855,25.716869902812682,25.92760593401209,25.625845303540938,25.011896767184044,26.376843067543508,24.804522573621824,23.76594114510339,24.90677701066268,23.940497137815726,24.307796084608288,24.71614846179818,26.998648897616423,24.976827021046606,26.18590303297237,25.370276613406926,26.543210278070326,26.42674924357756,25.899508502852072,25.379147304433047,25.890324253706083,25.16103556618818,25.5917507171018,27.056345097477127,25.759123355041712,25.21398771754433,28.12940113559139,25.709213540264916,24.71407726809249,26.135709321437233,25.713172322671976,26.470619324272455,25.778982963366023,25.767483454276352,26.28252505728017,25.141800503620978,24.186277485493125,25.0993735745444,24.714803668052696,24.10759169348343,24.714063511986634,23.851664134582443,25.377286704346385,27.624425973503502,26.34755767190056,25.36518439703007,25.113180202441153,26.572067185222394,25.73311204672028
2021-02-01,28.179427046585808,25.77255956311456,24.231941685844898,25.178624446460237,28.139974580570783,24.634749652034508,26.020156133023487,26.09831605900685,25.272540988897585,25.228738839401135,24.69604161193264,24.67695940755251,25.65413632196533,25.886610209517702,25.786013866996843,25.201578144309664,26.493826153331785,24.710796090794094,24.008715957871576,24.77459614955792,23.866611095072553,24.5390083703054,24.876699100240767,27.099819260955535,25.14077592014134,26.138725105689563,25.405380176144032,26.514165355508393,26.56826241770712,25.91680349411216,25.374532184415326,25.87540369790633,25.12105863349067,25.58353763993732,27.053592846597734,25.699649664958965,25.355793391893467,28.131210062278534,25.61338380755239,24.622418279903435,26.147770255663847,25.72204111848734,26.524912324535226,25.723429704451096,25.708812961608835,26.251353228622133,25.100958309443993,24.213664733654273,25.17524568196594,24.69809957495556,24.336034249118207,24.676009924655673,24.04649732878158,25.37438679304257,27.4633877701378,26.343472443127126,25.407279794697974,25.304220593387605,26.493850001473444,25.92582416245136
2021-03-01,28.188233307093377,25.777004747929844,24.364751386475874,25.27945885428453,28.1403462956247,24.730621985431732,26.006851763262976,26.206869215396356,25.35468835997445,25.300193197999473,24.7431842765499,24.70439144558866,25.718984199917895,25.864992631902293,25.846838763567927,25.270792300240743,26.469625491061347,24.8414338881789,24.125121297869004,24.825980418185303,23.99162181417929,24.509682330146642,24.922675373167447,27.1197052580675,25.16404150004033,26.30557989803941,25.480018130629922,26.556877847249748,26.602066505020844,25.989992403231245,25.511547489752882,25.7872433466356,25.295419477863504,25.673386860219274,27.187488295321472,25.759383067570614,25.36601791408765,28.147993376825163,25.647192553899743,24.725256259612234,26.115349089461937,25.709949922327077,26.49784398023521,25.814091776217126,25.787453502319597,26.343323831442902,25.16857073821561,24.26701642470643,25.2521591646263,24.781918159459128,24.314578990464533,24.778091709069685,24.053996510902497,25.456275844170932,27.452117933964807,26.45675701905144,25.47969170462059,25.38450555488192,26.538334920935174,25.969162390596022
2021-04-01,28.26168626791086,25.80686308047464,24.411008293124052,25.343105434266935,28.25426653547852,24.7610054997058,25.998417689753786,26.25828530663549,25.443704100716,25.28384415930286,24.766628774003937,24.66923271848534,25.77312611555098,25.948489470701784,25.830288782215316,25.264408770791555,26.477721805045014,24.88362662287221,24.140309104330235,24.88479689261483,24.028364232377367,24.6452232980317,24.922650589939323,27.251680321424615,25.23149624126004,26.37042003020233,25.5071494008447,26.5469717726304,26.61239217579207,26.022089545863487,25.535980861207573,25.765326398567503,25.326837721795325,25.725286650471503,27.286178555141234,25.733955908386996,25.427082036285388,28.215279674872242,25.67201082106906,24.76987762123421,26.099524655219298,25.70791597645971,26.615487100994105,25.841022604273835,25.852112920496342,26.328371132802687,25.26946986227129,24.405786884405615,25.32658119978465,24.88922659748343,24.309416548482186,24.840607285100287,24.121705303905927,25.49324516211744,27.51241049850971,26.52968127743521,25.487284902680884,25.526923244046028,26.572096507967213,25.994104052988288
2021-05-01,28.208172477385396,25.834080012208993,24.379982961626006,25.35098186512741,28.1811900639434,24.799028231582195,26.03316433330936,26.303155274849537,25.51180639329453,25.34365513714223,24.809699692119874,24.75536401500533,25.791738616794884,25.981710531774713,25.8372499287793,25.237765916131664,26.437296163687073,24.878947868281237,24.23297612954497,24.906698454769572,24.032361625093234,24.772191439559776,24.991846407036395,27.25310268247765,25.29694905759183,26.35560469929376,25.541826017762034,26.586256357564586,26.683875429216233,26.046068191965844,25.586329398603727,25.854114437928775,25.32252090375802,25.71596697927412,27.297344001709096,25.752442001295265,25.528227189638287,28.205316684248025,25.615072544128868,24.933165326448425,26.07854537770953,25.736459814088416,26.694558224964453,25.866905472726167,25.854180472564323,26.345409915842225,25.28064892321217,24.410470463518013,25.390225933438366,24.923891083889053,24.45630577093218,24.806012280485625,24.186841260943964,25.45064418170316,27.386038155494568,26.562050409172045,25.499101712239987,25.56332276616652,26.587135746607377,26.01365298735033
2021-06-01,28.304369618208508,25.829120699644374,24.371885259971105,25.406856435239376,28.246373677624284,24.758228268251436,26.04266754786008,26.275409124256797,25.50944324018305,25.241322826971466,24.780266169268273,24.851650481141043,25.836711114599176,26.00729392315767,25.85852795418752,25.21425734147762,26.421043913573357,24.873447212769932,24.270836344047105,24.996369053758176,24.02317023236619,24.631410996089024,24.94823523321883,27.28850809703821,25.320306642952083,26.35554183676858,25.49470201978562,26.56546776792537,26.62944910060821,26.024495220004447,25.547321579659492,25.99749722966185,25.318097325603226,25.708998161245685,27.35347605576775,25.823796272514645,25.536330782985246,28.289192673961807,25.615891553428998,24.7853003953115,26.12782696349939,25.86257352803439,26.902661288395343,25.868458747298885,25.875026958085254,26.346002701222332,25.29488836185918,24.472943196275054,25.3571481162888,24.8859856161585,24.477777736944564,24.761280475990695,24.20220997703167,25.428310335730252,27.4695861100114,26.533785412039148,25.48230284548,25.534415890194108,26.58391860640093,26.10571760932049
2021-07-01,28.3673275303522,25.86109674029373,24.412768331621375,25.457432129407625,28.21310404756585,24.775022576165266,26.06825705676326,26.2074590243338,25.50515382807509,25.190036784656222,24.757262249649735,24.76883966383805,25.919264038709684,25.997668073406768,25.830155204062102,25.241697650224594,26.422465212452664,24.936166788558214,24.135248370737017,25.018316817306278,24.077843156630763,24.65773828800454,24.910369202214266,27.38700060576631,25.307978919172466,26.389518267393946,25.558456898964675,26.609755480840843,26.604978900849144,26.084560360451654,25.612179411634678,26.05662410516829,25.311476507773097,25.758491174488107,27.377880292312813,25.820715228282246,25.582057103372833,28.339616465309835,25.682301932830864,24.783890843441885,26.107477828872856,25.94348687845474,26.877396019853222,25.933305172286143,25.964143055230814,26.398692315411886,25.368670143327044,24.51818749533749,25.37618954500991,24.951956615453867,24.377143831802236,24.815321545268755,24.171390517434755,25.402618196610582,27.480559956377853,26.566434413580268,25.47696885983973,25.548665721479637,26.594709770407142,26.014315612859573
2021-08-01,28.407442003661398,25.90998107666709,24.429089345039756,25.49002811137213,28.25523798383405,24.69820200932336,26.092296035369902,26.29214272350326,25.58929241474011,25.215120350757154,24.74294650186983,24.766957094206152,25.97937675554889,26.089767828821753,25.77938364345599,25.286160317913037,26.452020726537377,24.931876698952625,24.0770293648266,25.04601333143143,24.124188194238858,24.613919518038497,24.92768941510306,27.458398954748603,25.406054930034863,26.383375073280902,25.5503830186608,26.615141924625807,26.663153828362294,26.071854977330926,25.635332362723638,26.115590002909563,25.3721302501658,25.73662317357946,27.44064558709825,25.813141207219243,25.673747280159397,28.3974724546922,25.75757373697824,24.70388790961109,26.202547322795574,25.92681254619986,27.015423893162843,25.929730875299448,26.046549785205386,26.406085956840563,25.41908047635214,24.553186064221425,25.350680150782313,24.994472070883653,24.34935956652302,24.844027346397038,24.242969967961667,25.40398801305119,27.548784224110396,26.576211403549294,25.468153383791233,25.543427837162167,26.632904605252808,25.95988149335299
2021-09-01,28.338477293436675,25.79693731442631,24.339055499973686,25.393967997439137,28.200234542974975,24.647203239499465,26.06728834585761,26.308770341147067,25.471723917595664,25.121217615110872,24.71207080242625,24.966153316388024,25.96580513151192,26.111950007055555,25.84000495150201,25.165526533519504,26.38277180489488,24.87117078207897,24.250001710274784,24.984203557112775,24.11819709030612,24.501788107711814,24.904852092422068,27.37917268157344,25.321193920968533,26.3897313942169,25.46591872170844,26.551529002453098,26.68626693213819,26.001224470645248,25.56553101884995,26.00736479832982,25.367065720325755,25.757344554572924,27.329257141550922,25.797553209737853,25.603132040324297,28.33097894563614,25.694794034671187,24.638141662684255,26.272349233209827,25.80241138055961,26.938115721558024,25.89074306692126,25.977820426231943,26.38772912229004,25.348075222811957,24.467715604982867,25.370722678469022,24.914183506676583,24.40928193173423,24.79521570351814,24.209081349124993,25.388922809202672,27.60141683613995,26.51291956658031,25.37200333570363,25.563187630869024,26.575893924651897,26.05081821261002
2021-10-01,28.39547870156221,25.85806882050512,24.381619957161487,25.459146030635317,28.226489308034587,24.81052627828428,26.16660864237019,26.43216221689971,25.593826416226605,25.182047397644077,24.72010914076606,25.06069866437396,26.05554647065244,26.211768362029037,25.960926384350564,25.189874358347975,26.3821804919325,24.915466528645595,24.391381607429558,25.041913878924827,24.21380819868747,24.64981609767252,24.92333074127518,27.481276695405043,25.41051514025928,26.519191687552997,25.495347659054335,26.560037781011882,26.723443868895465,26.080438858425808,25.653262893642907,26.10505256137387,25.509101403269423,25.775591813657453,27.281522762212425,25.965426325110304,25.657820925727602,28.49334524500414,25.77796684907928,24.642083407529036,26.39547379418879,25.94382166232342,27.148511638800084,25.969333092753516,25.994650771498097,26.410290858690015,25.497522925802357,24.585570049705485,25.40390264129144,25.038029343913973,24.493985223239946,24.80084749203203,24.340557183044375,25.321937565589483,27.963647038030487,26.68062893121265,25.58029275689754,25.66063049628146,26.645451113085425,26.14253632846946
2021-11-01,28.493939799300932,25.87542502923536,24.337452497526836,25.387520521159107,28.265636654368212,24.76839174879088,26.207172573268046,26.36036988665113,25.551776249748908,25.133887023718188,24.71066949949689,25.006373765991867,26.150040020534565,26.16136865699883,25.946675633920304,25.199266122391943,26.227911408996285,24.865209830541005,24.335092435500233,25.011752662809922,24.205122227331508,24.634799292122846,24.824380756357737,27.43885862773919,25.32899358074441,26.593985237829326,25.417467759525437,26.51643091436476,26.662134957192354,26.00836217391709,25.649936596305576,26.078320714520302,25.55774729666667,25.771715415516198,27.28426960321621,25.803809022458335,25.58410572213035,28.490234520560332,25.79481706777851,24.658976985405943,26.32276561412185,25.955410573872012,27.393850065162766,25.958006694037497,26.200359254817172,26.4275292402957,25.536687715786492,24.57101475845343,25.310301441780975,25.083201861311757,24.37635716618269,24.78107691981173,24.382377558404695,25.246323801698082,27.99088488571021,26.644701140287985,25.556142846749857,25.592279867543542,26.58482264801936,26.068010662883392
2021-12-01,28.567000948659764,26.036294154070887,24.440025861965886,25.49581003671486,28.2151304514184,24.825259873683798,26.390988961766443,26.36081938504271,25.56380815684579,25.20084701079585,24.839557855521203,25.03518657995051,26.201212694592808,26.046865748911298,25.997091257196743,25.191567619533952,26.294582804723287,24.95311071991443,24.355908501933957,25.0559402539869,24.30326087101911,24.752941668218956,24.818891711735056,27.45946630922551,25.33307971268641,26.62929967663339,25.452312143856496,26.61562528952013,26.659108193529196,26.137316936991393,25.73512537095094,26.1891697834551,25.61298226048201,25.868868121606468,27.320259544774327,25.826640490701152,25.61872446249264,28.509246712851844,25.87232329065142,24.780556224888848,26.259321114502082,25.940108536877602,27.288578119053053,26.041596273078312,26.30351182822463,26.550998473771827,25.647169653183283,24.705645174223143,25.377734143371352,25.14609651394868,24.4239113095363,24.90708925367484,24.426721192126184,25.320994765847693,27.9109164458437,26.76726018048484,25.622988959847916,25.600310650509858,26.61328361506038,26.103669740525103
2022-01-01,28.55116404505069,26.047238836723125,24.455970980671424,25.349743078690224,28.106620637234535,24.754657948883075,26.27007749623212,26.40203682890891,25.461757518201964,25.17547193389118,24.805106792188923,25.243151820161675,26.084435467466445,25.958469052469727,26.109643672587396,25.287851937635324,26.21450252740573,24.954634900393895,24.60601096378851,24.901643609076082,24.306544889141854,24.638567800398686,24.819872770416765,27.39127406322089,25.262699722432483,26.510431753329996,25.432795284463516,26.622731489447606,26.5955583809547,26.167264504025304,25.654968218148497,26.0708211215936,25.527699884696048,25.836183843994718,27.24914095732713,25.897321494257966,25.66237838230491,28.430911922246096,25.69410623586665,24.77655751533903,25.91544489254655,25.823573501338746,27.10543310692968,26.047236536322472,26.189552824023476,26.53167886597034,25.5801318670377,24.667551828915855,25.424608040151735,24.939784221171443,24.689736971999686,24.920271131438145,24.355312798480934,25.356926790781866,27.79031897041311,26.70982338740033,25.598020048297098,25.714799801441526,26.582992707853464,26.31989274784451
2022-02-01,28.49430860594053,26.13404125179939,24.45873260489092,25.24667707957048,28.132943645145005,24.577427636682575,26.27273647098207,26.359081317603753,25.3607673232674,25.10843073313984,24.741488032354496,25.31119606937702,26.112004936329043,25.85864788285301,26.20174352144769,25.243359046962958,26.25218319612501,24.909365023034265,24.643726619202077,24.880494587993063,24.335778965378374,24.874132400639965,24.83071548692418,27.38945070822032,25.22421617850791,26.360328221674735,25.358032629078362,26.576888603629996,26.554694223125626,26.187224486454532,25.571772240157678,26.089233411917636,25.45989033118965,25.777938831172843,26.854107574092964,25.835299745776783,25.547068336244394,28.39092447554438,25.696024888180574,24.855581257059562,25.836002875346946,25.742579191026305,27.101299874188644,25.989223262772633,26.081571705587443,26.508231917685272,25.507611871445402,24.657713678396398,25.554501345710676,24.85465899375132,24.694078659999278,24.849930674064044,24.28758095051264,25.310023502450846,27.716921959214,26.716782124219115,25.603728584442038,25.706775011465254,26.549167562253476,26.351765053842918
2022-03-01,28.55146440460941,26.226659560655886,24.563279431949663,25.34862893342618,28.192567564100617,24.633426577426423,26.342174074722813,26.28928009573456,25.387664280416384,25.28058984944975,24.726826362397045,25.368981891759113,26.216981233766973,25.867114215070185,26.33508148949665,25.386585903735284,26.173015692356596,25.02550959437209,24.680544903383694,24.92444696419531,24.456610917263124,24.931858692958592,24.787823266812556,27.418713150454785,25.190879539774823,26.306670909699406,25.38865946154384,26.657399435683498,26.515281738650568,26.18336096211017,25.657318849727503,26.229422695001485,25.37066405215734,25.793688551939546,26.90640493880537,25.90429272320491,25.509565331613768,28.42435480721246,25.780617016249256,25.038028637258368,25.78416513250593,25.72789863010896,27.21370552843641,26.011210226314194,26.179512442069594,26.48821133826813,25.609414422435233,24.752403826049687,25.52406051630593,24.804270342972615,24.748595724037184,24.97305150090412,24.242983739408682,25.307487775738746,27.93042624922876,26.785989281984797,25.713727189449155,25.61474474518016,26.646117703560932,26.414599444756817
2022-04-01,28.449286481104195,26.128000623754552,24.55664211447145,25.3071798213297,27.921381884027436,24.574365413250916,26.22157018757899,26.149824389737677,25.1927506381049,25.22390105438984,24.74278674780085,25.326131224359234,26.1372510423062,25.67916293530937,26.29651651441685,25.293448750924068,25.96705735631267,25.01198475860974,24.66821832682301,24.897892392686117,24.438603761450672,24.72758497309752,24.583852399988825,27.220912137592265,25.11927795060314,26.316255755471808,25.383145208615854,26.675460407469,26.382420753985226,26.232221570901956,25.63766005980608,26.249337260855768,25.348358371152226,25.801262493407087,26.80277199673686,25.99096685024418,25.428444458958236,28.31914201123572,25.604344789784907,24.95841510452119,25.1072500271505,25.65407838970468,26.82781027843053,26.043306112585878,26.125949521244294,26.537686614037785,25.607141834838366,24.708658262842146,25.481162876573816,24.900956307429496,24.69130903725313,24.985114963938827,24.146843109997413,25.362671450095824,27.7173009598494,26.786155795498342,25.5600461877945,25.50975096681119,26.676941124181898,26.44629928868042
2022-05-01,28.39178104744548,26.139794070580802,24.585678585027253,25.373316171329876,27.888068796135215,24.624726931423687,26.266954031724385,26.191542701706812,25.261414999019653,25.25359342170875,24.771219710731643,25.488503434768887,26.007417191525615,25.58569248172439,26.40521590294631,25.239664039249977,25.956340056742338,25.033182014867826,24.833825726766225,24.852385145569478,24.488024979256927,24.693789927122626,24.632802181874762,27.217862248656196,25.186862509607884,26.324048426344348,25.383713420113434,26.670293585854537,26.492204229787326,26.213000667075384,25.67762518702651,26.319746448179167,25.340030810139208,25.813429289615577,26.768107887299703,26.027934285089003,25.50359518987774,28.298573260549887,25.668029383914405,24.887312034542056,25.143767762210803,25.60602986231628,26.834527123164275,26.019973879439245,26.203747978245012,26.46107695349426,25.378116771960492,24.592139723535063,25.48337307102999,24.87546705374388,24.855262362479223,25.01557677193742,24.11804224182518,25.49818034716005,27.578960897524976,26.76273960282263,25.49611363443705,25.557634921656604,26.503508477558917,26.565059256274633
2022-06-01,28.308312486309624,26.178330707559123,24.5319928443912,25.371205662758364,27.764250973526444,24.601382149078862,26.089519390250665,26.01340590411753,25.16739504353418,25.065053722670807,24.787954784968555,25.26897190629043,26.035044604876912,25.615207640535935,26.225782966415107,25.061759860898384,25.79940882195959,24.99384290390653,24.61860914976084,24.812441575899886,24.414019843790452,24.404400694439975,24.426095827720435,27.17476196095921,25.097265899255927,26.225253945366582,25.280895622349462,26.66538340775859,26.331592175395095,26.20555743818625,25.556112279761717,26.356955585834882,25.22839245734046,25.7920697546265,26.585063220827234,26.018545495951667,25.37914361467873,28.243989705637055,25.696824984477093,24.75884199635586,25.0223758605731,25.45509941218561,26.626096497168817,26.01345500153144,26.200302342295974,26.433029608301965,25.297871340802473,24.536257920139864,25.499683743189753,24.697888204347162,24.607957363178603,24.9655854082245,23.92919279156245,25.482558906617367,27.46030377108661,26.796095565858934,25.47198429741913,25.407369349335415,26.450769572225973,26.461054696280865
2022-07-01,28.481117154413756,26.113252236109176,24.558935475243285,25.43506370098255,28.003737032662993,24.63978627309214,26.195121527568954,26.10173370115792,25.268698389025325,25.16853855067082,24.770330965329393,25.358139336140365,26.15673303010431,25.724064179995285,26.3490916343974,25.201662549323146,25.916249611283313,25.018897065947712,24.639301246577922,24.88113614843467,24.439508349086015,24.479752734477277,24.576423667842782,27.240098795424554,25.21277952479036,26.324347350147818,25.382821287011936,26.648395915814778,26.355719392755503,26.232586993573697,25.608879560639366,26.3736553029292,25.320538417934255,25.86225395074705,26.57164022755976,26.00641974563189,25.48200316229588,28.333004563167094,25.783696377055243,24.4910172330725,25.27398889655828,25.57487843800888,26.807100027403585,26.068987727896694,26.162994833170554,26.39850215792271,25.42435729888559,24.586009793499333,25.469045520146622,24.77533381572041,24.642855797953608,25.040924611275372,24.079454561488134,25.372735372019218,27.74078392008926,26.85404530312428,25.53564918429065,25.52068869554938,26.533377547906237,26.584891151202772
2022-08-01,28.44802351819194,26.057424738392264,24.57543811381205,25.37110348764075,27.9412071102831,24.656643808774827,26.124784385894483,26.095800831424373,25.264520138251996,25.104737422932637,24.769657829648573,25.47447322014908,26.12234342366835,25.55964448757012,26.313542466757657,25.263989492418858,25.971080611807643,24.991040631675247,24.733632155363914,24.812974000182518,24.382413452655054,24.421642985623183,24.570044177319986,27.16791979134678,25.210617576827957,26.281854183143356,25.366529972682404,26.569870662072447,26.35029570915166,26.193497326820257,25.543404719208134,26.283376600978556,25.339741300307114,25.819233766475083,26.595427907410194,25.960848108801905,25.502294550982644,28.261895097683958,25.790420052364464,24.400466205543125,25.26801292244122,25.498317636943188,26.62201093041861,26.0534933991269,26.060313626818335,26.397965610435886,25.361707803043682,24.639250624483683,25.431218421130783,24.73381233756412,24.672653143102885,25.0432631386458,24.016191695357907,25.31765810894764,27.665533648619107,26.81069178819217,25.523298714259926,25.51703489147212,26.537156821168285,26.570970380565264
2022-09-01,28.320467480381012,26.05556374987577,24.435660265619465,25.20281404165846,27.82622053452531,24.575309606344465,26.007805168759585,25.988819154475483,25.073072438691913,24.98630455326968,24.662320583002206,25.4117929323871,26.02203503944356,25.477721263553928,26.2271319384024,25.174219179693075,25.798666934186627,24.86104101756451,24.651450898250552,24.672672523878884,24.230968373419685,24.341853575960133,24.399257433317533,27.04444948287008,25.09133146220003,26.244123343689946,25.245728282081586,26.589009380019437,26.265655358801546,26.096759976613342,25.495354757251476,26.35749690854019,25.306592564154872,25.735444693524936,26.412406374439197,25.96971211464423,25.426632827635906,28.14830493019289,25.713852636192946,24.41653550115986,25.319789178267243,25.250927572821084,26.404136873262654,25.99977447596013,26.02727307014569,26.30941078037171,25.158365444933338,24.517169609824023,25.345007671118434,24.610822573289873,24.611864545428894,24.926823854788836,23.88844310592071,25.18363803557704,27.627219656310867,26.782789824369377,25.38706377330164,25.440681288341686,26.519766818137526,26.490036664282993
2022-10-01,28.424423427011643,26.14250049384239,24.452521671724494,25.16720874580035,27.72811000097684,24.655504787768358,26.073296021483866,26.172173873046248,25.240748527465012,25.26335624506686,24.712160919189706,25.634765354160834,26.082087885237,25.600251369596425,26.457557165822852,25.347639115223124,25.920388155771825,24.86275963711376,24.864115689760403,24.668444836925115,24.26068801059123,24.489869843869897,24.629085611343218,27.032459374688635,25.253111298087035,26.314738436312627,25.446132064792216,26.651936111099047,26.45179743217764,26.170157010069012,25.59750736293763,26.470654630481654,25.34390467187988,25.902378621934865,26.036425743965957,26.139098469201308,25.465848615296434,28.144993447684836,25.702179089685195,24.436685473594697,25.53467579725751,25.36266305790871,26.510478030128347,26.112824702256304,26.08907995880587,26.373974105866786,25.2509332100017,24.579319821797448,25.491977678790104,24.70526652854804,24.987555368369037,24.88906120232009,24.099638745645738,25.35624265884973,27.473872896422026,26.880523254834817,25.398901848354274,25.57474084017288,26.61269092142446,26.728388500997237
2022-11-01,28.389180372111515,26.248803809086485,24.548741126416584,25.240130917417154,27.668790155528715,24.869533532825002,26.23209751607782,26.221175425419094,25.3437686403362,25.358186969214568,24.766852206602977,25.614091489204995,26.156467213481683,25.58575470477026,26.470791572929762,25.455724325693428,25.83550768923246,24.932696520270433,24.908885610160226,24.866706472321145,24.330250710594623,24.722949903689436,24.72881424053584,27.09877520496008,25.367213774552617,26.40465241484441,25.51949414822155,26.67483665517425,26.553932698534908,26.231086367255386,25.72113629195547,26.49517954560422,25.435763552595578,25.902855342526347,26.27363891761396,26.22357050073559,25.60006141167675,28.23950824047709,25.79101646320367,24.551523949719062,25.580381004752233,25.53116870570438,26.736684000213472,26.134237089111476,26.16317271067344,26.48323827627222,25.312561198140777,24.540513274845072,25.532284919102917,24.80720832015922,24.97828687317404,24.921515881270665,24.191288512190514,25.429847884666522,27.318006775520775,26.867122104178897,25.49686464908298,25.616475840721513,26.68118248230805,26.733160067024205
2022-12-01,28.260419184164068,26.251467909080333,24.538787740188926,25.196763114618104,27.52964951465628,24.863388898895668,26.24669016656571,26.08768161563272,25.33342181524532,25.371423357762446,24.783618444517792,25.572268355793682,25.989876552925328,25.396281366084366,26.457437976516342,25.427576913996383,25.71639541410599,24.973172760317826,24.81738699710958,24.818618017659755,24.382909523694238,24.676669403891943,24.703129436283938,26.963700835218262,25.25636240088381,26.385270700679687,25.500176142038796,26.673657255609452,26.523961455376792,26.238153482923874,25.690046694723556,26.483743310009242,25.371096262783553,25.873936458097933,26.29242831739737,26.23107934470068,25.509595953358172,28.18039865898899,25.783010447320493,24.545819766543573,25.544901571186653,25.595769752599434,26.59024633531506,26.107745137889694,26.193608029680544,26.499200325906166,25.268653513173668,24.479021920400346,25.56017170236203,24.760979311493305,25.014668532160933,24.986283967594595,24.17474260995372,25.383673530464808,26.86019358155315,26.834501683752904,25.448044660316473,25.473357102159053,26.60888964468159,26.73179349931259
2023-01-01,28.365248254807366,26.161803454947115,24.5283065739498,25.25712657820442,27.734823017508717,24.90757436722191,26.30024635397592,26.162342820361804,25.409236969042478,25.423198697417217,24.72803408138832,25.610758154184627,26.102931246186973,25.63280506214233,26.42648888321537,25.41646692217281,25.938525449015728,24.967915784035206,24.850084021716146,24.938056719741816,24.358557814738923,24.837265516090834,24.9114311151433,27.077255989414677,25.319638760101288,26.411239676085195,25.472642242367492,26.595810557627555,26.566732433290586,26.201488829489552,25.708017718483557,26.422624860852927,25.415325522494634,25.888514676686608,26.505852078345168,26.205256847088542,25.64481676470885,28.213172394647387,25.669509262576547,24.672137030436605,25.72723444730073,25.683357308904608,26.88057661319925,26.059127404661986,26.044906701675707,26.436718297959704,25.412322235970368,24.568357030920822,25.549512683461252,24.757856302758416,25.081846937405174,24.932636738623465,24.279327003489232,25.48484271352884,27.2011093487668,26.777349615266022,25.440180565950858,25.600114412619092,26.62721570171134,26.782265881874757
2023-02-01,28.3866412377838,26.212046199381497,24.46243331093671,25.136524995346456,27.644571353656527,24.793582810320927,26.315984875826537,26.12851911040544,25.312823633880175,25.376139346023436,24.71766253183152,25.44592460897352,26.04874451338164,25.606505269582453,26.347293385818155,25.407916629706772,25.85313025747121,24.88459793042193,24.699299116747785,24.868118203303144,24.314956831075733,24.755238841871932,24.96265621729495,26.984229859136484,25.280161031098107,26.3221537651922,25.387582553910484,26.531622810023045,26.598024196914913,26.171527096148196,25.759345850411204,26.322047428621186,25.408380338645188,25.875377410573698,26.666550235922497,26.194304084280876,25.644285777869243,28.219648086145256,25.620069171410837,24.478453397698416,25.633288277388946,25.61393240284344,27.05310833024551,26.073697134636156,25.969254870423946,26.408534263322593,25.36577286408541,24.550487694125707,25.531729194869317,24.691272819761654,25.013392891231913,24.861932853898942,24.228467830741785,25.4248072807869,27.37301432141869,26.729654618590807,25.455200283643993,25.597978570824438,26.615047600769934,26.728251469957385
2023-03-01,28.500288060442514,26.246971537436448,24.505412952108365,25.16799275610562,27.73637329069517,24.797874518314554,26.392488916238257,25.946780328614526,25.282922025538454,25.330400309175186,24.74258803382615,25.409484537452595,26.07635554709421,25.80623642590685,26.370851348074872,25.39263005289683,25.858337014083535,24.917949524256063,24.713443880886235,24.914631555016296,24.360063287560994,24.753773124504807,25.083595392592997,27.125545046201733,25.20782120604569,26.31735341188422,25.39098347722283,26.55007867226666,26.50265115915074,26.21300087037607,25.779437220356517,26.423731657144305,25.379885983325355,25.93892221062738,26.85841053006388,26.19571498458338,25.54980443866208,28.367012993095027,25.708249394435278,24.5953952097835,25.70326781189887,25.645828483820107,27.23247472227275,26.123000544221675,25.97490808329105,26.486337644827614,25.376813679043984,24.56110183362378,25.53558381351137,24.70932138237897,24.93772567391516,24.970701898119398,24.141940456003436,25.442627357941216,27.38148546118268,26.7225910778317,25.4324499384845,25.380231229197133,26.651794546669013,26.733639457027078
2023-04-01,28.528863103002035,26.193817163021002,24.521006666647473,25.168237518592303,27.75706959379742,24.82874040085128,26.375937861798207,25.976743177403588,25.293243511370676,25.28553524972029,24.802625546602798,25.452080211109248,26.089054579072613,25.79915369439066,26.403530298874006,25.307543822932967,25.88173035167582,24.942624299549102,24.76399946349584,24.92368473146692,24.37310756132177,24.677613618768913,25.119165783327144,27.15975495536498,25.263671864248003,26.342767960157193,25.435599043925194,26.604689075636024,26.561726334984783,26.254248185147933,25.82183608715054,26.5658381155888,25.418438989456448,25.995040897730124,26.984078568556583,26.284542557353536,25.57421905591752,28.4307058118726,25.702394230838603,24.571245393371143,25.65721355944255,25.681402434311945,27.231635948155592,26.175779016758156,25.92696292941918,26.53676316443783,25.387929249386325,24.54702371137341,25.55550061810831,24.764579496742627,24.94280442087954,25.026190344034053,24.168767145731966,25.35698475201483,27.148301751421975,26.766579997442495,25.40443521324577,25.44170498936024,26.679476839189537,26.80981672802074
2023-05-01,28.57250988149556,26.111864209454254,24.414948535076803,25.07294350118447,27.89114616405962,24.73916853260004,26.630301603523183,25.924514898437263,25.272697179169715,25.229452331969615,24.738659503990235,25.41656538897674,26.10549195472793,25.91789418134804,26.290880055676666,25.218977634716506,25.72874973697293,24.840606802605965,24.663237547934294,24.952904881977883,24.305107123057265,24.582364087730095,25.14470326201298,27.2948805938411,25.20509419690263,26.28422282013791,25.393491925030744,26.55046574813739,26.55107264797094,26.18168576209244,25.778156724776064,26.647306048667087,25.390657949922506,25.95840127692915,27.08078002275201,26.239732529786625,25.48715432296167,28.4972135137389,25.660146547189285,24.41515884479883,25.837800891580113,25.495856183732894,27.541644424487338,26.130009490833388,25.904338062303655,26.45005766035358,25.382324835157558,24.50713123550304,25.474639988513573,24.722624003348173,24.801105478055756,24.97314217772567,24.093939366060518,25.254768709262542,27.364323640605672,26.756675128922527,25.388052619826233,25.443213496021365,26.651943575255864,26.662990843108673
2023-06-01,28.664034616113522,26.088173137566507,24.43690712394258,25.123168101705946,27.969132574464375,24.846151416417065,26.701323920239865,25.956387280049164,25.32251886299381,25.408325365179476,24.77379713270274,25.464196206926374,26.15867520063583,25.862109320507532,26.344337552321065,25.376952892470534,25.74364503722362,24.855823094405192,24.727752783807222,25.00781863745114,24.34073733838003,24.73493256200592,25.22346467093035,27.26874227629309,25.20847195624633,26.38299524061043,25.47844627597011,26.623262217992924,26.620315996132874,26.191028600272624,25.852829903320874,26.737935399284304,25.505913019612294,26.003994764597333,27.161519967678984,26.283849587412828,25.530712148841125,28.5357277375015,25.676566873055368,24.475835070815553,25.946220786563348,25.543260897499234,27.65327060082348,26.145625885563962,25.8792202168421,26.512883736226307,25.3667891881273,24.536967577115377,25.542018357316103,24.878595084643607,24.938132904007812,24.98970623235263,24.18764860784421,25.268657835197345,27.614013092466035,26.743036792479327,25.45576205050606,25.52061789822653,26.723578788793166,26.72005741594787
2023-07-01,28.676738875330837,26.192731701473253,24.443299996040402,25.112440632006432,27.99428154531092,24.87128495946243,26.741996036057753,26.07352255091495,25.39659830993758,25.48316175731629,24.76362080078988,25.59786159772812,26.199243050686736,25.925164461028604,26.383656155815697,25.43854098017721,25.73926718642358,24.898150503353296,24.87451111767756,25.040421649192133,24.367857581156247,24.84490742399697,25.262650651802545,27.37199523151787,25.306810132982612,26.455022346941583,25.411843078265207,26.635332722355923,26.70289409271606,26.226615720371107,25.881295690139872,26.706683118510362,25.54318058819624,25.991675615210664,27.266043675918137,26.211743430839086,25.600360629105744,28.52206817105924,25.664363461891803,24.48191124063563,25.942764106780917,25.546728333903065,27.752904558720758,26.16460855407984,25.86217280436508,26.54249258194069,25.391070051007983,24.51212766283977,25.43400005688203,24.91911594587332,25.11557838247031,25.019023409891375,24.280211417068312,25.17472599564481,27.635404701277647,26.79928247092633,25.581431276944617,25.599001462102784,26.740485687605517,26.71996430355194
2023-08-01,28.632081233944703,26.186086132641773,24.365535973797705,25.06404979247919,28.026158822310265,24.838526741284163,26.768612514941466,25.96363794224162,25.343354930762352,25.546548061908045,24.732650501035536,25.60892814741477,26.178718948358313,25.909261774394217,26.367889958767538,25.394133662557152,25.678867679055273,24.845292990548067,24.851318077240524,25.004547795648982,24.325401925418067,24.736370325140967,25.265313618640597,27.397657940591387,25.22437403698811,26.444361800716845,25.37943764936001,26.599789112665515,26.633260814686324,26.19211821483429,25.87196047931046,26.9049007066626,25.531582245956066,25.94970889634065,27.192095142421874,26.233355261993164,25.53698714805683,28.497476706566818,25.571506083095112,24.396846528637052,25.93063998342583,25.464834275526563,27.807578705943623,26.112376861253697,25.854214979108377,26.536154314049014,25.386651572404656,24.492884256192397,25.41227138877588,24.901676922662546,25.126149480607026,24.953175362905004,24.18681762863938,25.210822852446963,27.59981644116432,26.73865050731137,25.53082262468703,25.487508037867617,26.757541900678724,26.756135420427075
2023-09-01,28.54057138403306,26.200274190049967,24.334452122329303,24.966392934998467,27.943964259647643,24.796750929378998,26.663226698919182,25.92589824315141,25.263061126586354,25.517202218711756,24.70000133372699,25.619719237955515,26.20875341176183,25.82114144788802,26.423077150436143,25.308938900687135,25.64693385180336,24.850434205111753,24.836751243283107,24.93597742500887,24.27449789046672,24.668468663009897,25.2305560610591,27.357881720861272,25.219964019640347,26.361682575379504,25.36772209621431,26.569656763153464,26.624268359735403,26.12560549559879,25.83326675357267,26.87575652838847,25.42818683815041,25.890008061197744,27.206589449442742,26.176434319059286,25.495259705025806,28.46226097559903,25.424833131464823,24.33213914037896,25.792168437590483,25.40309084001147,27.681277619175106,26.07055221780008,25.78971397472189,26.479643612759855,25.28513059530795,24.44523686660996,25.240662390542592,24.84058264318846,25.11489237087156,24.918025671481928,24.13751169562421,25.226254289101977,27.568887414584548,26.79496804188393,25.456747272339175,25.484829931080455,26.744472180386463,26.82017793130588
2023-10-01,28.53799809436801,26.14596104394894,24.33869760049473,25.04663673446936,27.989858279395396,24.799476980744718,26.681565517074514,25.88717409534702,25.215921862409022,25.3284868065505,24.754860017666104,25.616343658648862,26.18634297302362,25.811478511031915,26.27718507299615,25.280088158329992,25.653574172398137,24.857546696767173,24.83271979331481,24.940620542310093,24.304475167636184,24.569612197872733,25.213755138307064,27.304680160782347,25.156292503548123,26.302126750632805,25.35967865869287,26.520911468472416,26.582302239272178,26.142577162134607,25.862571459368773,26.90655483844794,25.34143789800563,25.885175757196404,27.21011413053838,26.180797130629934,25.35271434686301,28.530681489853958,25.44230905233006,24.35646612898342,25.878603655586133,25.478550732557903,27.61681378809499,26.03351981874012,25.70776020459001,26.507831716574508,25.184422764742543,24.357262700056893,25.363665375532506,24.772275664972558,25.07271918822733,24.957115670019636,24.171133645175743,25.251239124734468,27.349055431749314,26.859213213939256,25.47610396274282,25.457791061687352,26.76599819171355,26.715081863993788
2023-11-01,28.644441335382492,26.164455129896552,24.390420744050388,25.21511659993941,28.083055560889903,24.75646760879335,26.77711668535363,26.033484121565948,25.420443845376713,25.437221240157374,24.808885362292038,25.588778671203066,26.256754292057096,26.038051965693324,26.262460993477376,25.277484350457406,25.781128204781513,24.89497446105405,24.813392255845425,25.051269704818058,24.29337118993407,24.673318917269143,25.328187916054812,27.370562709692123,25.274013511537152,26.398493337822465,25.42647899514121,26.562633891966907,26.705117069151793,26.17651415269187,25.942042289250946,26.971400257467835,25.389724838188133,25.957522046195884,27.292526067194167,26.17865272894261,25.478462597042206,28.64460874458403,25.44590473652609,24.42654388166525,26.019477062801624,25.54898908541824,27.753864026907625,26.063741917075184,25.704810842884292,26.53711917278269,25.31610380429869,24.43791428444664,25.364770503674976,24.929617714012167,25.005469965504837,25.010353525748332,24.29908704657245,25.343388943330627,27.527519087575737,26.891203867461286,25.5577423154918,25.57218792867121,26.71760265013928,26.685260385744343
2023-12-01,28.659248876216374,26.249116931797605,24.422520770800116,25.24855805912666,28.12231843795627,24.768408643138624,26.96426420683172,26.140642311494947,25.497986111458808,25.602128338010555,24.820748171391802,25.59812509910497,26.36619302466802,26.08170609230055,26.310876936732082,25.370344387490082,25.75489434578793,24.956774949289848,24.796015969978342,25.044998134748248,24.232512261211667,24.804939069929933,25.374942938888456,27.42317943342563,25.403967867521587,26.50544553458977,25.50036536807556,26.583969206251382,26.79113484252174,26.192794800985396,25.934619405854317,26.959412564443994,25.502426321038108,26.014237355286372,27.371291225871747,26.240516390950074,25.640004350172386,28.639033291310334,25.491413939015832,24.46587328039397,26.04635072827753,25.533452418179614,27.81103899699135,26.080506561649543,25.66148859432637,26.49058637527911,25.464382673606785,24.602324922930077,25.40423928793967,25.044093105686766,25.005469965504837,25.0081749399775,24.431977743129718,25.355983031377598,27.561909221022766,26.84209446452995,25.644228285442583,25.679853942659168,26.73011315185558,26.66713193818232
2024-01-01,28.616104290129055,26.308187805557125,24.383861588644297,25.158055364197896,28.1435473038987,24.706456718957728,27.024391457357893,26.15068962042144,25.45735508597234,25.617699573942108,24.875548013457873,25.56126911114542,26.4400566120457,26.147694553087405,26.29921076221618,25.35815589156856,25.81999033100108,24.944227247960146,24.74773472195281,25.074820090536416,24.201679682201494,24.734888681351762,25.41241416320553,27.426110149685975,25.39939527336741,26.52377285893401,25.464193781820615,26.59765569756436,26.815870370156198,26.202252818607747,25.923285547532807,27.06155818040344,25.457815397069457,26.001372892255596,27.468613027169905,26.350170584593176,25.573383061150693,28.69473407844221,25.456057879004135,24.284083209625233,26.193582303269483,25.46977251311419,28.02818600731227,26.072763505328275,25.600255979609717,26.560425357630955,25.41988873683602,24.539027351672377,25.483934509495445,25.019687454313406,24.943952835109247,24.99958132420829,24.417846536812995,25.408794950639038,27.279205060711096,26.81712254778805,25.642919737710255,25.69917032112791,26.780902455391722,26.695044209385518
2024-02-01,28.596111927642657,26.386162222837033,24.470243452926777,25.17432914648513,28.273625564998543,24.6179046975542,27.121617932589555,26.16557398014768,25.504069989707087,25.728527949343956,24.908684699574636,25.567240309992474,26.508210894226675,26.241778431448388,26.329803542186472,25.282905993293205,25.96986322377208,24.9015905120156,24.76147791988716,25.143566287265003,24.230839588950143,24.690001432950286,25.581980312505035,27.414335283817657,25.41243439767082,26.59919355060821,25.44658690623394,26.613142699563124,26.886964865339692,26.211122506658704,26.026440190522795,27.216330320837486,25.58571697260989,25.99986876997362,27.69677792593013,26.401567267060695,25.569280914051404,28.734333851599175,25.395593195268646,24.184853319554897,26.26011756267541,25.493135809686052,28.27957458598252,26.05365367519393,25.595803154676283,26.578110436377717,25.4705226914623,24.541425660409075,25.46789340507457,25.1066357278668,24.936326411378484,24.96638403000339,24.484339968089227,25.38106341749446,27.354220364475545,26.78103138752079,25.682151423777377,25.801557132737596,26.842960618795672,26.711540076930294
2024-03-01,28.544738862980513,26.41995017677014,24.492313689203623,25.16792222869031,28.293898479620122,24.652465493739555,27.140598692362502,26.266533395311495,25.531256490590827,25.82131409288623,24.948674298881453,25.69742936935835,26.49442737371869,26.21672786080595,26.377658308156892,25.400832159807127,26.06208889246248,24.964653588576816,24.872031979275643,25.074320631671117,24.277980692388237,24.908001057332317,25.694245324382305,27.500569761986412,25.490527678370402,26.607018757732135,25.484349854560918,26.60074153281634,26.960711871417114,26.23026484097136,26.06039237170479,27.249788992071814,25.642494676484212,25.96955970288986,27.68851174518602,26.438622821441847,25.65946407991642,28.75315282647628,25.551398768445925,24.321898748089623,26.26740537657189,25.39250015980875,28.412467380470556,26.11809506296162,25.639632553354495,26.59872208816276,25.447370825276167,24.562996910290263,25.558478907491793,25.153918461919538,25.067826951903516,25.04154493401667,24.539174524036223,25.419875281026293,27.21583694143603,26.7832574341201,25.656231121818763,25.850306212023792,26.869229179592224,26.82706936115131
2024-04-01,28.538009947614505,26.306933282964813,24.491500433873824,25.026661225010756,28.263618689736482,24.63499181521506,27.12569869826729,26.24224285212751,25.437809966066848,25.730352875923412,24.96922800476418,25.684301479340217,26.481057462051304,26.104813537686386,26.399789911525776,25.35632263604959,25.96555205414826,24.980553822170517,24.905038695568503,24.92536437221989,24.2889063011528,24.96825023386495,25.83846072824801,27.576153341421293,25.511892830376315,26.475181034992115,25.42141128312635,26.510846712622705,26.917036105708487,26.24782927384385,26.01172508990866,27.25381708093638,25.531592236554772,25.93744821955751,27.5673482970735,26.424039364047452,25.623568195450765,28.67561263003646,25.598167608248175,24.455444737295014,26.169414270896223,25.377595355159407,28.36776767379046,26.123224572678183,25.559770099711162,26.60456035670989,25.21097789999644,24.46181188495266,25.598574831178993,25.00612453666036,24.92426282572151,25.065781908633376,24.4444876473567,25.378697877465264,27.257561910301696,26.76470514424584,25.619919048063586,25.873499667614325,26.858907415841717,26.84438243413278
2024-05-01,28.65906892057315,26.307583830092604,24.539388013963595,25.167458209573546,28.27181360488674,24.755844813802838,27.147214734243118,26.31968415652085,25.460592624961624,25.745728501912506,24.98626140817431,25.608759478275665,26.596288706211887,25.96752486657649,26.40615647912654,25.3128529812478,25.898646559822065,25.03318441208686,24.85270880590033,24.995769133640007,24.2881075011874,25.02557319996378,25.86054693882078,27.6341508717007,25.579420623041987,26.47712376436109,25.469328964126426,26.52512975595939,26.978093584761996,26.266434502390947,25.999311567540328,27.30283280162121,25.506533013665823,25.88423324165085,27.6491328478096,26.39514738829535,25.707000707775688,28.739777114865472,25.776199482771563,24.486932052484285,26.32232931585954,25.407387782867204,28.60589531231411,26.105965379558707,25.67189933393062,26.61917376201829,25.29043981309339,24.515755373112054,25.658689517904275,25.02001261132904,24.890201466755656,25.15227156257376,24.518397428477567,25.47074341855165,27.22877977662621,26.788545153568304,25.60144972709888,25.883563450289227,26.96146691934115,26.835806022265665
2024-06-01,28.751683187195994,26.369389752226375,24.52094476958822,25.16048608788826,28.362817403280502,24.722873507340136,27.336580613677636,26.314167586894726,25.48020398666002,25.72958793794689,25.029215614691992,25.59690774148678,26.644614905599617,26.059790339721353,26.379301992733925,25.30983316214932,25.85316631914734,25.01037155866199,24.86325107941275,24.992743070803424,24.216540101718465,24.944012081492453,25.82246894433041,27.68858422184736,25.576211516792164,26.511648243012413,25.529225805949473,26.52969744877914,26.97626589601468,26.277810913515033,26.00683734052667,27.403171618153518,25.502775272418308,25.868465894394216,27.72618033457096,26.38119045212829,25.700335044778218,28.815434238308207,25.653923134848316,24.485261500270944,26.37286792968592,25.175393940208313,28.725321852442498,26.058773112024316,25.66285490856037,26.621480600544732,25.30677779736865,24.564992320428967,25.5933796511934,25.004440789596103,24.917924253721413,25.12878888059621,24.52163077743794,25.51843538019197,27.334207689851905,26.81619892857322,25.57855587675028,25.880411508401544,26.994144659571607,26.825477160418888
2024-07-01,28.804665335506087,26.446773909310515,24.632758122800254,25.294381525362756,28.32983435222631,24.74510107537861,27.34054158029253,26.33371798025801,25.594078159495574,25.7681619418623,25.05112949787374,25.568711857988358,26.611130757645505,26.066380692262047,26.404864240353206,25.309316143987694,25.795112896334974,25.09672586361564,24.87061251849971,25.03624506540919,24.288706274570234,24.8761209318445,25.89072753297269,27.62971707217006,25.6943285254621,26.57882668703877,25.48719136919256,26.606640700411397,27.02706458140421,26.332945072145993,26.042971634353904,27.284751922825258,25.610396553497687,25.9155394215274,27.66711696432761,26.29702516017471,25.760432988552154,28.749305870633027,25.73623149318702,24.649925565569944,26.301430369260874,25.172504603930093,28.67118382263455,26.112488459448514,25.750402384131597,26.59593253059045,25.430779557502657,24.604320486095855,25.75067018789243,25.166121796304605,24.94753393521338,25.202694348135115,24.54546739012438,25.525734632060075,27.493585960671826,26.943858829086874,25.66516567938313,25.87956930999078,27.007786066937218,26.855174104038255
2024-08-01,28.83534963828152,26.51352923146967,24.65453310299445,25.310851409795042,28.283421317032662,24.80727718372753,27.353772162333915,26.34457434285349,25.62254531969571,25.800421246017677,25.127325703338105,25.59173617911883,26.694704965868674,26.044874635110602,26.323631528182037,25.345639735958216,25.763747288777655,25.13866374270028,24.893360763262525,25.090573204868967,24.312349446528604,24.853851048524806,25.9180566705986,27.58097953731293,25.696722313013723,26.579749944180055,25.502507051955835,26.656139689783917,27.087448845851593,26.415313496428823,26.096109995933084,27.461771064109996,25.627339047097458,25.999551071688906,27.76050505281294,26.342978601711923,25.773255858986357,28.746409350136158,25.78876104049895,24.734301389968934,26.411340127394574,25.27957348875811,28.691066917594018,26.113703806463928,25.71301989774609,26.666832872384926,25.44472389134805,24.75405873216017,25.799261774042456,25.21770443631245,24.85427176664683,25.2365959030618,24.63224535100212,25.57384093614626,27.413036783318503,26.967934957812734,25.702400064394777,25.864799512365423,27.125698668364837,26.84967809395388
2024-09-01,28.85382293323565,26.519471409525174,24.686421331202435,25.348085789424477,28.326352020879234,24.872823814452563,27.411523971422806,26.31796572828748,25.674087590059003,25.89422403865286,25.101743160747617,25.521212482991135,26.688116667042397,26.12394954592619,26.33015459925415,25.424353336889595,25.826049700380803,25.159723165181564,24.84655963153777,25.157610034194402,24.38512386542416,24.973739618554387,25.994966830156937,27.595984409453177,25.672500008393726,26.680745531259234,25.50217520995833,26.640523665598405,27.02343209571947,26.406860639840612,26.09319934623598,27.38286236002996,25.713461578027555,26.0530053919149,27.8540680753688,26.30081890426921,25.779317984698643,28.779270911965067,25.843941859003486,24.735424568654338,26.422569347400106,25.33875682957283,28.708259344324055,26.09719870383216,25.710603944053087,26.676463470104842,25.43260254317138,24.811027999560554,25.786765964606648,25.252469815167434,24.806787776630685,25.287691724413836,24.64217496285029,25.674163532404584,27.61347818938682,26.95853830628012,25.6694582109482,25.837959800074955,27.173115025206705,26.85157312001867
2024-10-01,28.8229212374372,26.551316717153366,24.648174837875207,25.26276173923524,28.326727585320278,24.914883509766472,27.39885497486486,26.376991460065966,25.71264483824392,25.855330564350563,24.999385737572656,25.56087888106382,26.674099319383334,26.18804333540489,26.340624550568844,25.397120417766487,25.826153521861112,25.159462898042918,24.83863771184495,25.18038759473335,24.353812406164657,24.87042480326027,25.903139175549352,27.628533413016015,25.717289808079173,26.652080796684036,25.497180073144325,26.626855660298975,27.074554624698212,26.318118208870207,26.05173462113196,27.317325580582775,25.679591735946556,26.017234059194227,27.846495307493807,26.20326095342907,25.888365041844743,28.722003164489998,25.779442981782964,24.57792648764072,26.486414063721757,25.206827845459582,28.79746745997396,26.081161677235123,25.688241088311138,26.629052146921616,25.328370730887098,24.71886023854203,25.78536184624708,25.19059489351236,24.76746114251858,25.297073222267386,24.655306657543132,25.698412742284884,27.567407641035707,26.926953614725292,25.60921659279917,25.97705167978829,27.187866288889268,26.847812343985208
2024-11-01,28.872236026579365,26.450891452717563,24.6593526545064,25.248521328931766,28.435841806536057,24.994694025466345,27.352500545890205,26.50455708833479,25.7543410809084,25.935420053185286,25.035056156771134,25.549863559722528,26.78004524541846,26.312511538110616,26.42505114894607,25.537970019775422,26.02590726622164,25.17478701383241,24.93441737291968,25.258116684749773,24.360406675398313,24.855117589012124,25.961810030277068,27.615829603846155,25.87883207240502,26.738124514298587,25.621596522796867,26.596046646861694,27.198687310670508,26.29910543725262,26.06228917802671,27.274995391803078,25.723511517806035,26.030496912609077,27.85830052139885,26.196592871037463,26.020340291903576,28.76324732595634,25.772097407235943,24.497773703491525,26.64596379919539,25.22786774606692,28.837988190686886,26.065199137307584,25.611520202882595,26.716715906993457,25.361805775145104,24.774966222765002,25.792280687264,25.292856685024756,24.859658361796125,25.27598005389654,24.737457613861192,25.738305553411312,27.89055496706677,27.00480011049705,25.662046955478573,26.136863769730276,27.308965730967927,26.857866186569794
2024-12-01,28.92702362278983,26.42188472499801,24.58957005184951,25.117911022666267,28.4896836809819,24.852584559035517,27.710457992591444,26.426669473345346,25.756596972762885,25.822537424586958,24.974036885130335,25.46838840136295,26.7224518752892,26.32557766119224,26.323665789666475,25.443024795593907,25.972402637709543,25.101393139800308,24.85087924929183,25.22273342426964,24.320681897065416,24.706081948542923,25.8736599909249,27.729559882970985,25.81794235509281,26.645170350167607,25.59581742171225,26.53465851508803,27.157776947823542,26.277848259173624,25.96599593120423,27.246852611925004,25.624708009055635,26.00960525665056,27.877596824529988,26.175112543317223,25.974554509402747,28.760607621228644,25.685866291847915,24.384314640276727,26.65103660024473,25.187717307588386,28.808926154509894,25.992966989846494,25.639068568592943,26.64975718715668,25.26211883607972,24.624534151983724,25.74613921772042,25.138495439884235,24.72332713467387,25.204720141833995,24.673412881609718,25.721322869557838,28.04756562966135,26.817273139272658,25.591698375197215,26.061559437226357,27.28544801863655,26.773846114441948
