Date,AAPL,ABBV,AEP,AMT,AMZN,APD,AVGO,BAC,BLK,CAT,CL,COP,COST,CRM,CVX,DE,DIS,DUK,EOG,EQIX,EXC,FCX,GE,GOOGL,GS,HD,HON,JNJ,JPM,KO,LIN,LLY,LOW,MCD,META,MRK,MS,MSFT,NEE,NEM,NFLX,NKE,NVDA,PEP,PFE,PG,PLD,PSA,RTX,SHW,SLB,SO,SPG,T,TSLA,UNH,UNP,WFC,WMT,XOM
2010-01-01,84443430597.99576,,10025237541.481705,14317578034.892387,67452456688.123566,10396384140.599304,5784552732.317768,82653492712.16568,21783291936.582733,16078301452.830254,21689301820.130882,25160991443.82006,18023934155.502274,12823591132.164001,74289518860.96417,9904881964.101768,43667591280.00745,18937930343.15077,16802211987.321072,6980070354.781494,17387133988.015144,34302243927.982758,58121562235.78358,77120776245.57788,32798000107.59929,18798491198.685238,15359477107.916195,93520329736.20842,68777508016.48096,70859043078.63042,25542388993.11493,20513110487.4293,8984035869.598389,28304675248.197617,,52132045147.22377,29553942849.38307,155748710461.12167,15718322857.398277,32177754131.824203,3744604102.524418,15284264191.455353,8533597231.8947315,49544986452.23522,50852283089.65211,88783547741.0491,13487506115.468979,7637823769.437759,38916170985.51858,4349839788.367792,64029729346.968376,17629702691.257607,10904424624.43628,41147187412.06334,,23199120478.30175,12598495451.816086,56798749691.8318,101216864789.15044,144351978184.42407
2010-02-01,89965756330.3566,,9727224508.789581,14388400200.774939,63682088681.82232,9386307253.582047,6040829399.072765,90711928249.29709,22290644820.06491,17678510001.189995,22603507362.076378,25160991443.82006,19134935311.81517,13711454784.39331,74474916808.10008,11362360225.494507,46164989010.58179,18731709561.918198,17503356338.1501,6852408567.455261,16502923744.669174,38727315145.27118,58049261270.62317,76663815806.22348,34480673623.19433,20939404677.620636,15963683959.614033,93728623279.27327,74218292829.99171,68860612014.25623,25481341525.154457,20011941367.162697,9877201910.01892,28948484451.244125,,50356981330.16427,31155972019.90599,158457012838.44138,14947875324.881676,36997656472.32707,3973187257.8092117,16207315228.605728,8982736017.853022,51913379298.00705,47827296096.14274,91934445669.21556,13678577539.794922,7928172970.501251,39590940838.224724,4351901169.309607,61648543874.45938,17739076837.2481,11857053459.466522,41057577897.76422,,23803707679.663895,14029097337.410088,54621097489.70629,102429235999.83566,145628980014.12302
2010-03-01,103322997953.22418,,10011266704.955246,14371534183.529417,73024635600.7409,10121279067.481956,6842944729.492061,97191400520.77974,22184693643.185486,19475799854.287376,23235781275.01047,27097500496.706226,18797076747.721985,15023075111.38916,78858697346.01047,11790679913.410858,51588341320.545166,18972295516.816933,17296789672.001038,7060583292.590454,16897549985.11929,43045251015.94639,66194984277.96326,82531480629.6659,37714303550.10766,21711209291.985023,18136113632.50397,97743877789.41089,79134330110.00343,71838641369.4917,28146805231.9804,21405499921.75664,10097990369.796753,30506795116.76672,,50998731113.16719,32383174625.79332,162640579723.5314,15747956793.54486,38236420682.34181,4435777314.260719,17621859933.91129,9648127132.683992,54979812313.7509,47178601233.973976,91919895478.76312,15308316057.853699,8873498582.60347,42725158187.52434,4673387216.410898,64238049854.71735,18515195071.945408,12816117362.651001,42762100219.96791,,22967125237.613922,15326291313.234833,62281102797.8945,105327641444.33722,151044050908.2288
2010-04-01,114794028107.06139,,10046412771.647049,13764432206.81333,73739985388.95558,10578379118.985718,6826305733.121707,97141521567.70636,18832480600.00994,21099547185.896976,22919649660.383377,31344547838.232067,18598749299.337387,17273003803.253174,84692795357.68846,11917168026.16964,54440415468.14148,19507057529.116623,20866305387.750015,7300673652.66803,16812691828.491058,38917991549.40777,68595475025.6781,76503736224.99176,32093510988.564674,23819973913.055035,19017472416.517105,96394694312.14583,75296990793.57042,70385512990.27087,28574987618.34297,20666764637.20315,11297749980.926514,32276302824.926178,,48345594706.550186,33411396528.171898,169581585741.98642,16960083037.960453,42185291612.49896,5949256410.264648,18272606047.673103,8711034670.02511,54583646375.76659,45995675882.99133,90307240487.38438,15816221608.87146,9417803305.048462,43502908142.76073,5390831048.522587,72295639804.02643,19296901562.627407,13598221839.743286,43126177388.06197,,21308040984.503273,15819742493.816402,66263736115.23735,102187391679.20155,152825541431.74023
2010-05-01,112942981096.53282,,9361029186.025269,13669995839.546032,67479344947.850815,9514749762.762611,6872899438.290141,85754731847.13448,17182594803.668335,18945594779.374306,21415747722.404938,27462890173.4425,18337460460.844803,17460665788.650513,76820406347.48187,11490844179.490295,49386495126.33594,18553800532.950947,19539651058.91472,6673972658.800354,14888049468.045103,36158594884.02554,59466357799.75775,70672462274.6336,31885746286.47338,22893678289.336582,17134564670.435884,87399834764.51344,70070183381.88618,67685977887.38994,26470328848.750305,19378424792.28399,10345863241.195679,30575383607.320972,,46482947394.30545,30023113842.769882,143261456862.82126,16269302441.373466,40485243645.728226,6686145951.878128,17422884461.52098,7285997914.612293,52633640714.92171,41896806086.86624,89435819099.36566,14720554454.00238,9007699230.096619,39109093003.39849,5291396467.236626,56838425802.908295,18497037002.768524,12988728602.552856,41081873785.080475,,20455107065.452568,14935292261.648273,57417922553.92958,96319832257.06123,136341081635.21002
2010-06-01,110590772268.45169,,9581205293.954544,15008988770.943886,58766086920.21755,8929206352.618881,7009360656.351399,78290715366.77847,14677055545.864265,18730451319.541603,21599488701.89003,26263966624.744717,17320117269.4178,17317397649.765015,71229286541.1598,11092409560.876038,46549216275.46777,18867601511.906395,18333800417.669754,5891315752.258972,14827448905.718075,30521882204.441,52446788194.05081,64752408685.06852,29087125814.6212,18978902509.970642,15741202931.149223,89347883987.24947,64812266759.231316,66000392789.31711,25921132683.773575,20076864961.081356,8535858515.739441,30371206409.40613,,48249004130.74994,25704028301.28463,128345801872.1131,15888067093.831722,46442955633.03035,6535761365.805916,16260232363.119373,5661341875.7766485,51010040249.66498,39641791619.73006,87810772462.27194,13460251098.461151,8543175732.189377,37895686253.53844,4799785808.240871,56215152424.6033,18825118587.772053,12417151796.34964,40895912341.27858,5966594706.806547,19983652758.399353,14604121122.333626,51311727107.17107,92108199856.66304,129570393046.501
2010-07-01,113105650859.05457,,10672812070.772186,15595867522.134495,63407779190.46527,10072527742.827469,7242338777.272888,76542346392.25867,16217600580.392075,21748779754.463734,21659837757.19305,29543615727.48155,17913986451.37491,19966866273.880005,79993869458.75096,13350842506.324722,49785487878.75586,20164754106.46543,18171653325.963974,6782772949.967102,16334790190.894451,36927697418.22984,59002096928.67819,70558939302.08344,33419059240.964745,19411694907.70366,17285872606.011307,87880444360.1105,71309451279.79625,73185407454.28714,29787150149.32663,21335410810.698505,8669624713.897705,32150967427.443356,,48072536955.102394,29890222374.29961,143963667579.7649,17217450163.37985,42124959145.61565,6168819984.070564,17791987737.779472,5095762026.801705,54742896907.58635,41698954316.96718,89538274469.74323,14169879163.37967,9619965116.357208,41509509054.40805,4797011270.405449,60603496607.5222,19984719332.329205,13719603652.987823,43854480819.426605,4992607484.3001795,21516063297.04596,15688242708.520536,55580990531.40527,98086541979.74783,135496071769.51938
2010-08-01,106884364105.50308,,10503729871.230011,15804983031.845749,67140497477.88098,10273752783.201447,6706486333.512955,67928623427.47944,14617363557.647186,20452872836.96236,20380305307.138195,28337214475.47084,17847648353.454483,22172401119.232178,77758138725.34682,12668078304.938957,48086085589.41943,20259092909.549515,16214012257.485237,6615942726.745789,15901333649.54616,37337165954.60611,52999413373.6458,65490218539.22467,30341287726.903954,18941883016.457287,15753304617.017576,86261681305.90434,64457702504.21276,74207974109.7508,29516107716.317024,20130802688.946712,8524127323.150635,33686353827.846695,,49049065603.68376,27393807417.52871,130911582153.39487,17688211861.676273,46209355162.874374,7550564047.98201,16912538799.661114,5173390364.602208,54127240107.614456,44228677301.20021,88040590855.05917,13667065756.113052,9610156695.905258,38070838732.62497,4882337952.457039,54173392446.076294,21015340806.59097,13908750370.786194,46762542478.23071,4877434479.768868,22413438937.008507,15324763681.238035,47202752291.08636,96074587878.1944,134201945848.57117
2010-09-01,124757041558.55942,,10872381661.83403,17289016602.591022,84475582165.41798,11493616411.925514,7491958152.230453,71417740792.91518,17655756936.811455,24696618345.002712,21213849065.80141,31039586276.676826,20445713735.448166,22559833070.755005,85869775645.77989,13971526462.728722,48913621942.12329,21177383999.49045,17352563037.588272,7423988575.059753,16838199431.976051,44286993362.104,59477923725.37462,76516837610.30774,32116833032.146843,21753474085.42696,17849036698.256096,94619088965.67021,67471411788.909,77713875896.81352,30967378856.17218,22180523091.779587,9368972213.745117,34612200877.19783,,51350850493.256004,27382712320.167915,137329652937.67471,18071927477.583332,47332182484.62039,9754613745.177933,19362436600.732094,6476443392.813206,56033246448.19916,48263053198.18277,88483234652.63882,15206690134.651184,9514077435.117111,41837580256.03363,5239614502.711029,62820926317.4721,21330370943.411705,14356995792.923828,49478672259.72087,5110289495.876889,24808822924.44059,17264955969.962425,50439310910.15779,103149615748.47902,141290434169.5229
2010-10-01,132332548657.40967,,11235497837.965302,17407069837.10459,88869863462.8149,11861207227.111862,8214198398.242023,62472495370.02205,17732502256.080254,24671512300.82437,21285611343.722878,32098936099.616146,19900409258.486893,23421464847.564697,87511956405.08495,15441345555.559578,53391214635.130615,21775274974.102333,17865834450.868797,6110373817.261353,16142203881.353453,49162256228.094315,59069864655.95917,89310153048.95341,35793221670.64066,21217877232.422203,19136735600.358433,97337309142.44196,66709110906.44896,82049150825.30838,31500648674.5253,21372964137.31112,8969668141.365051,36126562978.176956,,51184026358.41333,27593516161.590965,149554220418.01675,18287899779.250614,45974781391.36267,10440974355.003738,19750460506.594677,6664969046.682119,55486792513.23656,48965786941.58494,93794880277.49315,16194814983.478546,9804584674.497437,43916842331.20116,5088296816.57485,71263647144.42732,21691227359.49436,14864766214.006805,49340285430.12517,5468333845.14214,25566980634.214592,18505998995.037575,52326772527.960945,104402385418.92497,152037532811.62076
2010-11-01,136804030665.34042,,10683326002.197647,17056286891.495022,94339854677.93391,12035698081.123413,8690141424.405796,59744475332.228905,16903888491.905228,26701104661.094765,21274372112.462883,32814595062.952835,21504096784.000397,28092842845.916748,85785057680.42676,15019119520.237785,53952746987.20068,20986050679.585632,16628294582.068958,5628738624.21051,15568805835.667505,52714681490.03967,58369270452.76329,80871015639.92363,34684751632.81432,20744088574.62374,20192892619.211678,93992941109.52406,66386918220.72365,84524509400.3006,31745515812.93457,20437894979.05197,9590234693.527222,36372775223.11645,,48590302765.97858,27194832730.884033,141647481616.3879,16819288525.710749,44441302345.31157,12385764481.347183,20887860313.6716,7546605271.965265,54917481246.834145,45817568252.71008,90798944542.5152,16948589187.25586,9545687107.445465,44210535460.08742,5171974205.704943,78860116880.93416,21865069639.07047,15248703013.871063,49005533626.63442,8845980709.625051,25900309996.45929,19018871145.77858,54635870552.62079,104248206439.01906,159057508955.85687
2010-12-01,141820663330.46722,,10930733929.355438,17417187670.210888,96813984924.0,12695974381.252121,9455641367.730995,72784539160.34177,19764072844.284073,29560586281.2621,22336003279.6566,37139333371.71432,22967172173.618866,26635942371.36841,97503601292.01656,16697964085.894135,55430501356.893555,21583883662.688145,17088164775.639229,5894216797.395721,16677200981.364384,62480337179.85849,67439957068.22895,86438891914.09343,37437133148.54297,24260955673.18561,21730250279.74204,95263896279.53836,75297660303.45003,88611632996.2494,32924989649.751892,21571308429.607117,10595732774.734497,35936495939.18985,,50803448937.53203,30252308229.24893,157469233690.67514,17441911466.95824,46405379684.87427,10569104265.122696,20715678008.547737,8539146753.579378,55512288031.197495,49727625371.6228,95645907894.50754,18411772725.837708,10021986468.918457,46503412152.80521,5868722845.718676,85377137694.11972,22160688165.645035,15524369359.07724,51809351251.25999,6667660703.266869,25609537778.11618,19639325279.44009,62345897650.29031,103939863658.03862,168250631893.45123
2011-01-01,149189539841.06064,,10839594509.970978,17154104459.795998,91241806011.38266,12245231683.927834,9580893275.483053,74980932125.97481,20662395755.78691,30617893535.572884,21335513286.318855,38971756419.47439,22849489846.185654,26058828615.1886,101435818588.36168,18353168700.33693,58068522305.10547,21668722266.96849,19888524127.700005,6413566329.667603,17025644212.719711,57089866072.15084,74846774241.26923,87368810685.84065,36426403225.03812,25444251974.913143,22895248746.968437,92060181255.44312,79770829575.00957,84677491877.93951,32240583563.971252,21405096817.521523,10477438568.115234,34489873984.59588,,47256727223.540985,32687152615.90432,156453627383.48764,17935075140.073044,41701226902.67207,12877825983.26091,20073676108.37079,13263397249.46022,55054474035.0598,51743995290.37906,93861768515.65363,19655740676.280975,10855541490.40184,48027534109.25949,5937397126.136471,90990527598.40857,21807092827.076923,15830198385.330078,48529389897.43509,6034197761.556709,29208975938.8219,20056872740.613693,65222798435.62144,108661952568.87204,185646431715.2202
2011-02-01,155296641904.02985,,10869972932.701813,18199669567.665154,93204977252.39919,12911878929.58648,11342898647.630436,78039154893.81546,21285342723.393677,32639108429.355606,21969272230.759735,42467540891.46074,23787773074.58725,26690422817.230225,110860283876.74265,18201740299.946884,65343899978.78027,21802025416.500076,21028903542.740326,6269946724.870178,16725259492.13852,55822881538.269714,77745483353.99452,89266492947.99431,36462005240.612595,25928643441.668037,23671920031.907284,94632376483.05392,82972338936.31604,86119090357.94983,34437555177.67021,21275816016.647472,11105994443.893433,35430901786.95399,,46401911933.667725,33055435840.854515,149965280269.9158,18609409787.19845,41852687254.22957,12432083923.73497,21667797493.030006,12564739321.887493,54292549083.579544,54640739137.25586,94437726878.74622,21313738058.09021,11181264488.28064,49350817638.67497,5754500608.132866,95520139856.36627,22091132762.471203,17170581517.40335,51014717032.4862,5981617408.876728,30297644806.065155,20222183132.67634,64900907928.46676,100735642707.98409,196806295271.50272
2011-03-01,153230181944.96536,,10813559271.823654,17477894668.848667,96883908761.58142,12656448185.724983,10378471262.217773,72796484391.30167,20974401008.85498,35309095552.73282,22596008945.023098,43939751491.50293,23384302167.91008,26954767639.160156,115720455771.25497,19562580485.047592,64372855540.86548,22297250602.067486,22189790082.694016,6607966075.340088,16719859374.39996,58563953899.87654,75027968435.91266,85389640379.2099,35383805243.71818,25644925586.93789,24550198101.121815,92084607514.07524,81923830246.46881,89379573521.67441,35206845339.896164,21953345791.071205,11216326612.472534,35914113747.02211,,47028780248.22776,30427040970.52124,144097971879.2324,18491983898.06347,41330175104.65611,14303480553.281815,18423587867.400795,10235881969.451904,55140048255.16056,58286010086.45572,92265919971.36647,21250137387.14218,11047787736.637054,50258024771.590805,5911213072.142328,95621074954.95474,22361585860.78689,16848030220.618225,55023289947.707146,6948089250.893435,32161889863.243362,20927020532.36703,63889936627.75366,100871295924.17107,194605066865.90186
2011-04-01,153942491593.50204,,11225917924.729843,17643156756.48055,105317476568.27849,13492577872.749245,11194858990.914448,67110527383.04119,20587720665.192215,36596509040.493965,23600476319.765453,43406046102.595024,25798636411.642273,27967739021.30127,117819768624.12097,19759864806.14583,64387780010.768555,22911489234.47374,21167459211.938515,7301400512.894226,17096907421.690983,58005192876.2995,76524732939.26369,79181440188.39946,33690467778.838028,25882698570.139877,25175175907.911385,102140062557.75772,81088624337.80606,91547531032.94618,37066238371.485214,23101876500.874184,11139944120.407104,36961935341.55672,,51815826897.557,29123980750.763947,147105940459.07742,19173254147.265736,44511538866.157776,13996092453.492874,20105308106.54566,11089795850.783587,59426548688.38566,60180094071.79927,97208738698.92184,21504175520.744324,11770554549.750732,53185036147.35425,5791565949.795906,92022217988.812,22907271854.668728,18008337829.582672,55940019863.125046,6910532048.000809,35130216440.456406,22020938667.408127,58782239137.00328,107296389002.32166,203510701135.8194
2011-05-01,152931217514.6675,,11755212541.630371,18712341397.4575,105790796113.22151,13431844923.201454,11305266746.545057,64214049133.45029,21598515737.029633,33688892128.402084,24666240544.842396,40286338056.113174,26305749917.22789,30724153404.23584,112942943355.01855,17445426721.514755,62191743297.29834,23034343503.58682,20465326382.335052,7355078312.911194,16967171886.1693,54696442741.76988,73493720144.72278,76986888251.55063,31396991697.393837,25276565936.224598,24484423812.8638,104580172332.67513,77258077224.65546,90665473227.5058,36864218925.75302,24019464202.050835,10286337884.902954,38486488414.024185,,52968888673.213005,26959808003.1129,141941381192.69916,19640972693.518112,42962234510.19722,16289773253.388992,20625515603.219124,11111977335.15501,61350250691.129745,61557612662.27468,101186430324.73276,21852745964.34021,11873903573.11322,52110428554.44388,6182173646.843899,87890175271.06238,23806923013.98646,18561766061.220184,57802868009.86091,7546499519.584623,34930433955.88962,22340171855.26967,57287941780.305374,107764754613.2955,193078350564.27347
2011-06-01,147584735085.24704,,11742536876.99405,17649908495.101807,109986062227.64296,13501060574.357506,12713823261.601433,59896670433.54697,20153782733.1118,33899052682.41284,24632417540.50335,41748700767.20565,25986123206.88954,30062293155.670166,111570513835.76627,16709751604.609344,58322496639.80762,23427265718.783745,19604644808.21907,7327511800.233215,17587923909.74047,56579171043.66324,70574919912.75662,73692144267.55681,29768972609.930992,25234761390.274582,24639994471.505005,104280078298.05186,73148610251.35669,91316850985.39603,37752383480.27481,23726737390.29922,9932662250.518799,40095366354.828156,,50864543513.10525,25676549283.038017,148527208375.93408,19474904107.396694,40987674837.20505,15801922244.807755,21976125968.224037,8838565392.4644,60755032015.98543,59690542682.13431,96006260505.05946,21341098883.56781,11439444186.368011,52838568669.80525,5928043292.579411,88848186119.22011,23985112909.415222,18399912097.87912,57528141924.4267,7293615875.679334,36807167800.05673,22322227558.2932,56893306633.44176,104391691932.20642,189311524840.99445
2011-07-01,171683237545.01343,,11486989500.209381,17717361900.637794,119683603934.6583,12610588420.881683,11281406606.363228,53110598260.896515,18881145185.947517,31456764676.48597,23778558001.3809,39971916665.41346,25029709628.975967,29200659816.741943,112850719215.352,15992508910.98159,57695046222.93262,23141114794.10212,19126481153.917847,7577757887.508484,18092898345.771954,56643332155.191635,67571114505.52368,87853416557.97447,30189469370.819412,24518931999.803596,21956417530.307964,101568065696.78212,72273131534.66888,92962122467.9018,36273783576.19675,24213518921.009407,9195487312.316895,41122491604.07422,,49725623607.7454,24828470786.95436,156524824672.7401,18905289692.3753,42396538730.59807,16000431846.052322,22101045593.014,7668596578.5086155,55645766713.26656,55778773407.962234,92864973874.85974,21216056390.11383,12105816767.219757,49453694997.41341,5454479830.856995,92930668095.26253,23486171311.496136,19077453521.17035,53590389218.04045,7053249508.536222,35532951240.40686,21911701089.247208,56650003451.0918,103546952017.9348,185612816001.4659
2011-08-01,169199118225.81863,,12038589509.285156,18165948196.62021,115762637052.8149,11635616293.193787,11106968064.361141,44687291752.58893,17430627858.892204,29098673019.990555,25520147397.404423,38130435790.58261,25122470973.049942,25980130645.751953,107230965025.43959,16463070985.678314,50882790814.829834,23526796992.39884,17390102881.034164,6821216782.965881,17702879867.512203,50620484745.17555,61534636637.203995,78724485340.75882,25995561839.349106,23430920241.847584,19769050802.025337,103151383127.55971,67521773241.99008,96297316095.97702,34471291518.55797,23714091483.1764,8544735958.099365,42991228476.37189,,48224978968.02163,19569606732.396744,151954766313.77368,19408288912.455997,47740916112.94829,14136854847.5419,21242987032.946846,7380261824.309826,55984632908.43071,54996438033.53379,96960301747.41159,16214239284.576416,12520710206.756317,44325639330.05113,5353404424.211597,80333548036.46193,24859723349.53414,18600961588.799377,53117899977.2783,6194439320.015737,34022268766.11377,19707270364.545986,52919306014.657005,104489876203.0921,172190184830.77176
2011-09-01,167655818005.867,,12000820927.075424,18145714307.648632,116300484317.5917,10853943749.640625,10992914178.589674,33515719224.3825,15789532244.026108,23611490452.192394,25154240518.100224,35469649128.74519,26354214809.718246,23060267114.639282,101255100604.15802,13152928624.567833,45056514250.94299,25223549747.502674,13336978242.504044,6443309660.807678,17724228580.1765,32719032855.95761,57422257557.67368,74952415895.93352,21212478987.42446,23243886691.856117,18288743773.646156,100733128426.15527,54146872161.88539,92346992087.1026,32717806046.443405,23709534874.54398,8291782084.465027,42042131918.13059,,47642185050.0275,15107730476.816032,143083654915.98956,18670724328.415363,47992500260.03688,6813674004.402229,20963506226.27495,6936670394.510031,54219044827.50322,51800692088.82461,96198930609.40219,14439781454.273224,11267933772.678345,42283169806.73044,5278799086.989969,61621881450.12323,25466794152.999268,17533262304.946533,53192480697.7868,6106807189.751132,33019923225.968872,17555345336.77843,49121613234.037094,102693286950.80228,170072473922.84274
2011-10-01,177970581094.53964,,12398526910.176453,18584173884.319668,114837520881.24545,12333033506.843224,11362556143.070961,37403983267.62131,16832850513.586372,30205057328.398155,25633609604.234848,39015481697.05029,26713593965.034897,26872034717.559814,114881222937.89755,15552635600.044815,52107806275.31409,25766130204.834454,16796594014.430408,6964111784.867004,18464636049.59835,43260045417.39083,63648395114.025345,86245329150.92738,24577753995.318398,25315820102.47765,21824859285.012653,101840308286.88235,62488219090.43926,94022782925.59695,35766398039.46579,23831388012.148983,9012059761.047363,44450152776.60033,,50868759693.62326,19726167039.935898,153086257721.2191,19493296281.87468,51188740464.43593,4937460004.26503,23705839860.031517,8206449030.637741,55138765658.55148,56429935947.86988,97432267998.39996,17909543488.02185,13162696671.735992,46862440058.90286,5874724935.959801,75797080541.27383,25965671246.232113,20476195125.993378,54665892243.52002,7353707131.677231,34477886044.1185,21403023415.093407,52767022643.879,112230465472.43304,182857734716.56766
2011-11-01,168042746108.49762,,12524788526.898972,19899572163.983955,103424229164.84338,11990843226.755035,10067153833.995878,29791757941.49138,18353029614.315628,31471917208.153267,26119475893.99166,40343389818.61749,27371422662.15477,23895667797.088623,112442559591.0464,16239079279.519043,53556894136.57129,26308698766.472004,19522864190.19043,7254977771.159851,18431362971.418118,42853050099.92904,60601199575.65849,87227653463.93854,21506383551.70228,27734259015.34281,22553752297.131393,102362167038.03412,56165010034.0851,92522706109.80428,35882503399.18144,24273891008.8809,10363301399.230957,45728341823.70187,,52711824142.83631,16588960571.45049,147050158622.7019,19161513149.542847,52758976908.130554,3881754096.0885544,23664001703.61434,8666673144.966364,56058465634.37033,58803151635.157166,99116945544.22826,16742051054.260254,13453392083.857971,46033128131.747086,6167359647.017637,77715982349.73683,26392406298.372856,19822555737.857117,55159698781.29469,8197494618.127537,35038263632.39911,22228449751.830044,52665204663.04912,116544046493.90315,188360655519.24304
2011-12-01,178067285106.2889,,13195269333.400269,20240224835.800114,93102779296.12189,12197016368.157265,9710494576.248339,30508982770.721733,19014438067.1578,29131130431.573345,26373536854.611053,41220181902.16177,26812535225.761597,20473353527.06909,117277386751.23732,15849748046.20626,56021862775.97363,28099470627.877514,18538638007.894783,7355078312.911194,18253408892.72094,39812232928.44303,68219180461.54423,93996126597.34625,20366668907.718086,29961345278.819187,22792242406.89174,104684984857.49733,60299851942.8971,96993065501.57637,37606273800.652084,27002751902.216232,10954631189.346313,48392332240.23824,,55587009582.85755,16970315433.611277,150358430992.7372,21255438445.45151,45964958785.211975,4168088474.2992973,23710758766.155914,7685228541.195393,58590853576.65404,64041286823.151306,102401913084.42076,17205428133.29315,13714504865.961151,44191152843.762634,6367687582.364677,70729064110.68948,28130719436.167316,20701494259.556366,57557941080.36866,7150898415.14392,36410485125.17413,22916787820.020855,56400571578.081924,118245737692.30455,199658998107.06848
2012-01-01,200701570609.478,,12636282278.239563,21547881453.597015,104580619249.91571,12690246476.491005,11467684347.410923,39123923946.02379,19571973862.184074,35085964684.62559,25896824952.292786,38584159032.80598,26474632676.496506,23568771062.850952,113662100191.3886,17745707578.51967,59089202363.51904,27218175146.98916,19974520765.16739,8701332556.10498,16742457120.44072,50006062586.383705,71957927607.44229,84421882480.51721,25105304383.010742,31636174490.82294,24339687021.407646,105211756408.78752,67644666635.61577,93610726484.91432,37546903625.6749,25820253282.37292,11580486328.125,47774954514.30724,,57104801593.626625,20918468825.735764,171035668170.6657,20895825389.32862,47340669346.65109,7230543464.2630005,25681702677.893967,8189817789.793015,57990363742.27486,63331035902.84853,96768368923.78165,19283243292.167664,14267415310.480835,47371437940.714645,6956877015.294622,77832025204.91705,27687114258.418304,21848768443.285706,55978148469.59381,7278592725.891979,37334139182.253006,24727361269.88873,59777240820.91115,122170179013.27277,197256391653.3138
2012-02-01,238495820754.097,,12013410454.478668,21232355415.27055,96647248989.10991,13008837924.8769,12707708373.993685,43733192655.031815,21400117243.30632,36886726407.22373,26771650450.10868,43301841588.18709,27694255214.83008,28887889320.373535,120275563978.13483,17082433998.114403,63782931587.37305,26720039977.22095,21460632060.534058,10167995033.229004,16443641498.038712,46341585701.20247,73265537884.75491,89972290240.93236,25931866236.823013,33902511116.854088,24981307214.535698,103886852265.29062,71675187661.50806,96840558991.30699,38536834536.80603,25495378482.65514,12314486509.32312,47885889743.83327,,56955562935.73783,20852379590.69728,183835835626.3076,20777114613.77504,45762137443.284424,6660880984.01799,26652266916.411083,8400522762.5072,55579629566.981415,62531986631.84066,104627799087.93875,20469061041.576385,13775254527.090393,50708879941.61783,7357756335.543098,80358425361.58585,26854535071.85412,21787648903.231018,59361681272.689964,8365247975.338829,40188795279.94316,23849116688.82694,64033867468.68945,117630661086.47168,203757743427.30457
2012-03-01,263605471230.11017,,12470216957.451096,21381632997.20104,108921108639.68965,13233718710.733238,13167231397.362127,52577499184.35467,22034604432.995728,34403064118.400116,28093279651.468964,43386257376.23926,29302776034.041046,31178176906.585693,119075958804.30923,16664281045.08992,66501934179.86597,27150693847.550884,20940419961.758232,11420679942.501038,16722939022.318806,41419981512.73602,77871148369.62674,93317974737.18764,28095247988.881668,35855280365.90016,25763443776.963478,106221607729.94998,83986319315.12048,102593322190.64452,40530848408.38257,26494859275.44573,13616228902.816772,47649096016.426216,,57298741186.63873,22089570190.954956,188077649686.74426,21538936898.68444,39478793030.43678,6920148586.331284,26780686972.07097,8539146753.579378,59071305924.32268,67726513497.149666,103993400124.73224,21904206224.81537,14196525750.226624,50432601885.44321,7781858415.164831,72662452027.77574,27591840836.840126,23591882683.271545,60603624213.52913,9324211600.340668,42488398412.26587,23374445529.76864,70154491604.31586,121851628468.17845,205417768328.49203
2012-04-01,256759684423.85864,,12554260951.985504,22250200895.007103,124728686782.87811,12411253427.681587,11691096174.25232,44556279978.69552,20759258297.171448,33191919310.441154,28426549414.903564,40886134444.90491,28457245691.02652,31424357414.245605,118354044132.63983,17060256152.587639,65484221792.34302,27693464635.99033,20697274501.41365,11910289529.627686,16698875613.67535,41703066369.040565,75969958551.19205,88022224804.36977,26012444550.110527,37137320674.985176,25598854564.447346,104836703145.13643,78506590491.81898,106570275753.21158,41111735004.82475,27231745723.275276,13655279376.983643,47333371046.55015,,59204845778.52439,19435224585.851017,186678442303.0948,22692056822.763588,36923148013.73125,4820762376.650536,27720248374.82448,7208368133.127689,58759697514.00511,68474035047.97119,98469586429.6969,21925549304.718018,14844411865.93216,49642106562.8329,8613252111.616024,77036943156.42459,28212087797.54811,25198356254.633667,63863765848.55875,8295143524.735234,40595860449.86203,24453128111.892822,68877441739.39093,118077199537.89792,204493984480.7111
2012-05-01,254011856178.07007,,12447587772.303314,22085848754.77561,114514810470.62357,11474854402.06955,11223183665.061321,40380832956.455475,18507574316.651825,28418583684.130074,28422156896.22265,39055616840.49989,27879585044.916595,27971769287.109375,109190874242.1954,15301622243.683937,69433628685.20752,28404217496.56282,18747279158.789368,11831222787.838135,15829898698.485624,35187524686.82679,74068776692.78877,84531027141.20122,21618679124.02858,35380464709.56601,23488832027.4306,100536910270.34653,60947630860.60772,104350068513.6313,37750305823.98216,26942260754.02213,11645703134.536743,43394186535.969315,64496813606.417336,56700236696.546776,15070267976.847136,170179387936.6412,23041168020.852116,36543446458.060196,3816187759.822891,26805906089.37761,6892311034.977436,60406728829.51059,65394221038.26776,97196018385.90115,19607918804.531097,13829988017.717804,45063432224.65297,9283524566.7445,65721421674.548416,28193656658.532806,23889857759.56067,67555501574.051254,7386258408.84277,40321096743.218155,24226959307.100826,66053930604.97995,131927405053.65285,186233125534.0603
2012-06-01,256768620860.63385,,13056188835.91896,23798117394.08644,122819292061.31609,11720201213.34626,12172577254.431896,45001349809.29091,18401377981.113625,27539615613.117336,30099155816.02089,42375573041.33057,30759635980.52179,27899124526.97754,118231263481.75005,16751623055.486092,73671661444.98145,30147513642.29989,17012256107.575874,12740822898.355835,16262147190.365116,37416945087.12877,80858707352.78256,84416061506.50357,21758323292.33702,38221998491.398476,23718707254.851025,109857410413.32193,65691072582.26739,109181440948.86931,38635084045.66704,28567075275.804688,12395349185.943604,43337390842.47511,67765230851.67396,62991885071.225624,16457726749.033854,179511716082.63358,24490275255.474373,37589537723.54686,4119967474.8573494,21823328728.956944,7663048500.50807,63400465729.31799,69454605388.95198,95573201356.74611,20374333119.285583,14963578114.055695,46218128603.27852,9508898139.40855,67723270712.86058,28739972648.1836,25372330709.665466,70501257806.69922,7834439865.963453,42294858589.04555,26087103226.225792,69366306964.36264,140692785535.28598,204066577915.0982
2012-07-01,268534294299.40033,,13821889683.49704,24693119974.77026,125481681160.58884,11774261659.275696,12567023063.366764,40380176476.34039,18618318522.96151,27312587676.916637,31041740264.273872,41283572749.388794,31141687800.218353,25094282907.485962,122803686032.01074,16009590509.343544,74643805510.94946,29537410250.600033,18503741557.841568,12924336294.38794,16910547738.693127,36977641633.8918,81423360139.81534,92114459003.37227,22902300815.16165,37637742828.14254,24657432114.9394,112556686465.44778,66187465605.750824,113596341935.75546,37065148395.60333,29312712657.345993,11057313766.479492,43743720595.83091,47304918288.33472,67371512068.84495,15408669950.567375,172939136554.21478,25234138965.347363,34698608715.55072,3419770665.911762,23208096893.235023,7507793990.433216,65257801178.25334,72595149273.93411,100706878077.01277,19997498477.05841,15557377624.786621,45551121044.04355,9652588904.228062,74348469678.94626,29888325925.616505,26159625795.36505,74969368561.68422,6865463046.355918,37074043304.76614,26808652852.016365,70133840835.2161,150197284032.92093,207119014380.0829
2012-08-01,292487530637.2299,,14067301925.122192,24040872521.755886,133533376178.2409,12089000809.264488,12454634206.065193,43956077805.85482,19286457587.677208,27852667198.486736,30919650222.800217,43572233295.11636,31688897173.47061,29295496032.714844,125694968651.02388,15653213839.935356,75145083545.11523,28230064533.048416,20484681467.23793,14336595616.155396,15765019221.036879,40036064724.05831,81266396280.73814,99699361486.25954,23996354940.119453,40934122850.3374,24827331904.47596,109646013082.50607,68852748661.11862,105160993816.32658,37686699205.52879,29898571085.94609,12490276239.395142,43807343698.14935,39351775801.526276,65663200517.64038,16985541108.161976,180861375820.40924,23956414893.48815,39544069379.520325,3592413190.7181854,24205047059.348755,7779493894.577026,64988601876.95299,72051591615.51688,105751343831.03168,21135617056.97632,15203303490.383331,48861603073.97603,10279809451.31615,75517030983.07016,28137864405.246628,25867850750.138794,73638054658.82832,7140881638.800827,39403418596.695694,26552828282.411816,70590183141.75258,146504486857.88864,208192171533.52563
2012-09-01,294564789957.9773,,14540494220.54123,24378948194.09828,136787399320.52394,12106568479.19844,11875668248.847124,48577230835.296616,19664017318.628723,28084432057.852444,31184318551.325226,43871452965.780914,32523728969.28781,30810919715.881348,131671668779.97192,17187075016.527153,79413475313.12964,28554727767.796837,21193984577.612152,14945895606.305664,15590605371.316118,43883315777.332344,89114430033.96957,109800400955.4653,25916532026.928658,43769239793.170944,25542473495.26142,113070813295.63405,75044692894.97083,106651239444.03796,37108013725.4306,31921674703.22886,13262142379.760742,45267121763.27641,47195976352.41726,68790028338.56767,18955861024.71519,175797923789.07687,25252821532.1119,43710703252.75217,3274797025.5807953,23682341215.93676,7396894508.838654,63499168316.33606,75734247338.91945,109166703462.58641,21667558024.42169,14535888928.0867,48238806168.35651,10728278822.44976,75744936253.42242,28905371264.33074,24910814351.12671,75768432563.81296,7331173078.57196,40208902053.7805,26080426489.196053,72094414814.16779,149731445697.37454,219506341651.67474
2012-10-01,262869517842.8955,,14705953467.304184,25794646847.76344,125261158447.46527,11437728778.818092,11300264888.138203,51337103694.343475,20919066212.45256,27682939165.20045,30527003618.933945,44385513698.440384,31961974038.033875,29456925361.6333,124532309353.39883,17906914261.480286,74613413381.38208,28951377796.172813,22033795331.643906,13099146931.231445,15678244578.821634,43107221327.12815,83270939146.80496,99002276083.34381,27902207549.395523,44501489749.11813,26179426085.191273,116204812471.78375,77269295348.21065,105253036057.99583,38141596583.28758,32743126296.48404,14200670957.565308,42824923205.21413,45997556416.58153,70261093763.23828,19680578765.028957,168591171231.87173,25155868299.179134,42883274928.66495,4766623805.192627,22801513840.171913,6642788284.152746,62590964785.73273,75795216372.3931,108977853005.30995,21375263460.395813,14588787567.069519,48158712245.45174,10272227219.910362,72812696927.60707,29375730835.776375,24976451551.484985,69518011563.20808,7043232732.19313,40801650023.649,27031816219.21051,70340587836.99179,152206703269.63123,218834280364.08606
2012-11-01,258436260812.95776,,14113612622.578491,25671316984.672215,135566471256.83884,12235840910.216705,12008457373.611723,54311547417.395065,21730771135.22017,27991310052.012142,31734460911.870117,44196925927.939995,33744665987.566406,31815824317.93213,119392456492.28755,17615595628.05797,75433689539.22852,28127214360.743393,22282357615.03605,13474149622.258057,13241935695.706856,43590576593.09227,83547693518.34488,101631947225.63998,26853521348.823532,47176809523.496544,26217890906.368362,114416342016.9083,76719464192.65741,107347850514.70288,38500713653.21228,33019193167.379158,15905709142.684937,42943330910.37668,61010495734.8276,68213174759.82851,19159292703.426033,157249407632.41602,24671141914.28058,36998426154.15231,4915206332.244377,24323601848.400078,6637243093.520403,63467807265.10191,76252340084.9872,110808991808.87927,21157082839.13803,14800311139.688995,49360213558.43591,10988360932.00312,75001405360.77475,27312410836.35588,24963321637.338684,69651859272.98607,8467906837.128183,39628580513.573364,26976880353.066223,68920821195.56656,146120067773.95096,211561411592.48093
2012-12-01,236058330585.41107,,14278455417.336044,26473000194.067535,134931801635.97438,12395169763.326408,10828136188.211569,63951017178.06402,22971771371.988968,29426353545.371773,30576227910.975952,45011935172.552025,32151783588.70523,33920466613.76953,123213380319.48569,18112309714.3378,75631145641.70117,28469620023.434555,22882895551.157074,14956772926.626465,13257812080.890514,38215786570.71927,82994137015.07668,102943136999.42316,29204183927.40493,45044235653.04078,27321528883.078804,116040614753.5127,82116720642.46902,103324383451.26373,39305119381.47102,33548045513.51409,15654493520.736694,43911372918.27317,58003557565.720894,63039421917.71413,21714618776.38974,159077498985.35352,25065232092.9731,36487707647.78467,5569682042.632927,25750883088.772865,6841906248.271465,61858732467.13335,77121832315.23717,107730480634.06868,22746679935.546875,15254933804.908173,50884469081.81955,11110517745.660492,72855122975.65768,27132152490.654987,26130642010.887207,68794740922.35666,8480424113.890362,39519302761.346436,27779647003.920044,71824052003.34229,138430608398.1678,209045609045.23276
2013-01-01,202044781488.78098,37951130222.54038,15151616095.471893,26171732960.41555,142800623659.3884,12996322839.47789,12298152008.382185,62416626881.87813,26257901721.04042,32495658371.906067,31403959747.77088,45019682426.38835,35685058312.27927,34733671154.02222,131200466408.24454,19818907498.227905,83100680533.68896,30674008147.110332,23676663309.284554,15626277409.963501,14015662106.253233,39389090397.91325,88898721143.1976,109973576330.29926,33851752696.90931,48736622506.89954,29374848863.998512,122364049693.54224,87868817328.47092,106146213445.94887,39842819651.95244,36520573562.23914,16831228385.925293,47435828255.11459,67503751775.52404,67235157493.321236,25950788922.44092,163484774129.15146,26101315969.61702,34014094831.326454,9939888502.931274,27090033546.439583,6841906248.271465,66364431789.1342,83886905611.42009,119266845190.6187,25071386266.00647,16325068838.421875,54334251144.68678,11711477560.275772,82053984453.59366,28032119722.935303,26476114372.230164,70998771844.52939,9391815102.808002,40386377936.565994,29047980172.427975,73189932861.74634,142707836118.4442,217306030325.75296
2013-02-01,195794766472.1794,38643649330.933365,15653441237.40445,26670071341.41073,142139065778.7967,12834293554.922897,11765246947.222183,61920388825.406044,26643523263.5392,30507408668.19081,33660337681.29387,44980876445.86447,35318942658.71155,34146464550.01831,133479228489.12964,18506218914.927826,84195751092.32959,30901581699.484184,23847472035.14328,15344833518.652466,13815050757.268448,35984457788.6385,92649376496.0625,116596536296.79372,34286753149.05844,49887317310.66633,30175508390.33505,125989301335.12158,91988746032.4838,110364736861.22794,40810263196.58844,37180402468.41443,16886627735.13794,47739513784.73768,59376282923.57474,66426743743.227165,25610074968.69851,165569289072.31607,26036106989.379032,31900108721.028572,11313813437.772598,27295529429.273865,7065127962.142229,69024458949.25052,84899256815.26265,121865493216.20392,24468165955.806732,16036595337.889954,56183233559.27261,11671748699.924335,81843741970.01553,28843866045.999805,26257928203.274414,74539338313.96144,8720790928.750647,39098941623.47655,30296432609.03392,74241499442.021,144401125833.66788,216291582083.49072
2013-03-01,197498068129.879,42683854106.55969,16441296996.449387,26436365924.99673,143333105582.75455,12950243064.648956,12349727252.965977,67218948119.572464,28547186170.636368,28723932498.2994,34719297928.51135,47181012881.76944,37098386472.472595,36085641002.65503,136435992602.48218,18116412677.5829,87604286716.84692,32752507112.682827,24295174695.022507,15690108679.848267,15630631036.187864,37314706823.64333,93005221739.54272,115576361673.40959,33803670394.550125,50819501059.32274,32625593980.66034,136040899601.12532,89243407994.2601,115267266418.21292,40265169432.74643,38984302424.88011,16784808666.229248,50026508725.68908,55737448854.87529,68711979535.41421,25017475529.820927,171804145498.91956,28400252252.8696,33166935774.73504,11385999203.649078,29690741577.489735,7203929526.358843,72582548784.66672,89521108511.91832,123273219701.02725,25121662182.937622,16154315133.622131,58316934432.53018,12237435473.512886,79035187777.15805,30067848917.89425,26393984990.281677,76158405907.45097,9486958584.107697,41849398626.83873,31631406317.013714,78283750327.36407,152663661988.8109,219034646462.24915
2013-04-01,197551532674.03412,48199881932.112816,17387951414.764572,28866225837.77147,136513100087.94589,13031693479.6007,11046647751.603596,67936359064.29936,29823934566.61519,27964306427.337433,35125241135.13931,47455782460.99254,37909500110.208435,33181921966.552734,140099005667.42896,18927058062.121063,96919971249.15332,33930148128.20717,22984336026.57814,15529797625.36377,17004201822.552181,34304733598.464287,89666346770.77042,119997494883.46661,33555574897.346992,53713213974.16483,31841881407.209656,142214673201.6111,92158004262.9627,121527730880.50974,41481967006.80061,38016382822.7514,17006128927.230835,51255989807.73291,60509339373.309814,73769078435.4421,25210953811.12987,198766750215.13016,29990633345.913208,25933905799.305138,12997530890.984482,32000184017.939243,7731731049.776077,75665316658.85056,90172510210.02094,122809363537.87958,26547940794.239044,17645686568.27005,56981188081.16826,13267786301.097416,78549726339.3148,30907340856.66728,29641628555.84137,77756706199.46796,13518101047.552607,44009248595.2448,32864154379.615517,80378922026.90378,159582734955.91626,216312168941.11447
2013-05-01,200652434214.16855,45096573938.58797,15491270772.468292,26842245119.355343,144790693418.91116,14148139673.185799,13040987245.525297,75386745122.47221,31245186818.99254,28519549022.688698,34224301671.155777,48154466712.489296,38329037446.792786,34166650245.666504,140948692443.95972,18462893601.38437,97290128574.37036,30198733527.726948,24526527491.83819,14698550940.388794,14207192592.268188,35331922832.827644,93809821712.94513,126786349813.49268,37233424258.315704,57601647241.09032,33972174539.99031,140462658478.6039,103292413529.40245,114809722268.40291,41492852655.89928,36492441308.8684,18718033447.265625,48460828578.39074,53057340682.14551,73298208800.04834,29548139583.979336,209575788067.60007,27647088033.873756,27438711143.07305,13609902671.980743,31024083150.203033,8124773324.459791,74105569692.25793,84464978145.70053,123695468359.85304,25503748126.194,16234029392.771393,59234457042.14365,13660511829.500965,77072245917.20337,28132540618.475525,27705689886.095886,73785957073.91049,24477303238.659332,45991972574.75882,34343454772.541084,85817907350.48734,153669168495.81436,219909730216.72656
2013-06-01,178087609196.82312,43670456764.26723,15286320198.834045,25231846157.862854,149357081121.99832,13722543522.597878,12920014743.149088,70971713313.49213,28744002384.320435,27419303738.590645,33898861518.85151,47987508047.780304,38765580127.53076,30816980735.77881,136980722054.17438,17220868307.724945,97398090851.5476,30782618809.34581,25016676832.245026,13398712666.939697,14121105894.217325,31417535676.31546,93286799890.108,128117915792.18042,34855334308.27201,56730223768.76397,34530416014.983345,144342861490.35706,99886540110.41858,115154207755.27806,41794084598.892975,34015272236.666634,18180182315.826416,50069489690.014114,54212182168.16444,72905807230.45172,27871077109.96521,208868504986.5664,30051480474.88806,23972858318.356087,12697962422.231964,32147730610.90145,7923376504.987478,75041427257.06674,87608772407.96867,124066107368.78345,23871009626.815796,16397656640.928162,58336419792.646774,12829229622.616913,75626395399.98352,28582845682.968784,26457217390.084045,74650530183.36461,26880966014.656097,48084868094.86125,34418477470.67885,88029436619.8415,153867889756.45212,221137320425.78476
2013-07-01,203238061930.40085,48043852661.167984,15822268138.641357,24499800583.21266,162012823820.40207,16401763117.110413,12752495946.584604,80634762215.61395,31753873270.831146,27558925251.686863,35425470855.3479,51445794788.76582,41167190814.42059,35312804729.46167,145719975432.12897,17716203748.8963,99711589038.75122,32378756295.697918,27640304713.066864,13009201364.234497,13988491727.085821,33636555944.308586,98816593900.02869,129191916252.12094,37800481674.67026,58159421556.918564,36114626162.7176,157186831075.40863,105449502810.81348,115863448373.90384,43837778795.13107,36778311946.89949,19815953659.057617,49604190530.62856,80185227274.07295,76299808993.36647,31042641376.554993,192541202568.4349,31943531417.945267,24261833119.82802,14706513312.056503,31764042206.018288,8149113116.5623665,77184103954.87036,91424633810.54918,129400013541.42398,24450393689.4722,17167090293.971893,66264002338.89578,12652701652.123642,86201095005.58844,29042706041.650566,26815738021.109985,74376407105.08865,33621238832.420437,53732695965.28203,35380002342.55493,92786018504.26183,160994335918.09106,229458980492.46228
2013-08-01,218817955058.54034,45425859357.50123,14610417935.638779,24049876024.744907,151126628168.39752,15420438731.999466,13388730981.33708,77983753386.37195,29316811445.35428,27627194224.081673,34381687538.555374,53147332467.72424,39221351095.34097,39655266174.31641,139399898217.71185,17837763566.024414,93819894542.0957,29916139415.61983,29875282651.584244,12602281533.378906,13942768323.24128,36356320784.64673,93829140709.1407,123247130512.6401,35058147408.7535,54818374705.81773,34630514469.6911,145267505573.231,96307554946.07625,110370908024.3641,42827293549.16588,35594144781.6779,20450286586.761475,47722796254.913185,89968698162.18352,74905930292.48082,29441541811.532204,201974751298.3914,29638401425.238335,25693274346.761444,17078397449.845062,31713565077.728676,8324057312.250137,73663970636.9911,88953868756.78676,126456575746.35684,22461736837.30316,16460873306.96933,62830587362.063736,12524118899.701965,85787721919.31927,26957127625.16446,24398195980.774902,72546094839.08995,42314491573.20742,52913982361.86972,34253393562.23322,87624160898.62263,150748776514.03555,213329572837.20828
2013-09-01,215529360332.21817,47685973726.69423,14958238007.211777,25655748353.368656,168155134375.27106,16089255496.975906,14977581294.445272,76216434470.386,30675430989.950592,27915041372.209957,35292269786.77311,55720531475.43672,40483363497.2298,41899146343.2312,141800293750.78094,17357910577.31938,99464802031.9873,30793431995.400085,32201777673.263016,13321105665.148926,13690714363.678,39797050873.97582,96870254783.5218,127468896760.6587,36578628962.891464,55819203797.33934,36322330879.24528,146836203980.0453,98518409448.35321,109503662651.71732,43852385882.9203,35172055527.68816,21249188987.731934,49051536315.10757,109448483038.77104,75412790563.80484,30801623852.16165,202667171502.52438,29807236694.03509,22725246839.741684,18600301046.278076,36792932783.49767,8825454575.300217,73451445421.62843,90593591695.55219,122722471008.57204,23978735097.099304,17310498012.728363,68017001503.17357,13272348435.368004,94012791815.80597,26977171381.335793,25019181294.695984,72524671518.84082,48416285673.756676,52818069863.513306,34834124734.30565,88740703273.58878,153700831538.10663,212043795503.68353
2013-10-01,236302359741.36353,51651815142.52401,16162489453.339691,27564231509.85278,195795526742.79214,16564760785.385956,15887630543.280413,77209485849.41039,34097537937.70404,27901647616.539757,38523915071.61827,58782713722.2869,41478111844.19641,43069507415.771484,140002960064.5239,17559687344.361526,105788352261.61719,33075965908.39055,33936654433.681526,11696311961.775696,13182625150.663958,44224293698.11597,106809961906.46927,149977602354.60803,37191310886.62434,57622164389.61444,37936361959.47885,156863578009.10483,98232523618.99973,115221072964.36517,45727528889.63104,34815653554.54353,22217709228.515625,49209588525.57863,109404896211.70514,72064879426.79868,32836021866.935104,215638354138.51996,31514019347.25768,22220771308.178772,19398545928.85843,38373262928.10206,8615589826.732874,78246391134.20566,96773993865.43924,131099863080.7155,25655778003.46756,18146384099.38504,67026577036.08197,13696350315.505344,99715630589.24734,26800286630.72531,26085908267.21295,77628418083.16013,40046034011.276634,50536778999.71303,33950625733.329006,91682994269.83696,159498841554.79,220866655426.70367
2013-11-01,251388409685.51636,52117045288.747375,16238405414.0251,27015380384.689823,211710668183.66858,16537406493.658615,15642827333.724077,87434089195.53633,34317441701.60147,28515012399.687195,39377828029.14024,58940740040.34119,44089836313.80414,42044429615.02075,142897334801.90298,18074639112.56961,108795907854.10034,32259772588.094643,31420231291.9664,11656415913.21112,12429729299.092108,42135073552.28706,108934741046.75693,154199335052.34412,39059435386.8745,59678778405.41193,38714945245.520645,160335926781.32947,109861767126.37878,117026384371.71347,46295875472.28653,35095162969.6238,21271513938.90381,49642954167.39087,102432268845.77477,79640550268.08392,35835154842.76261,232202513289.87207,31454522741.31414,20239980877.553696,22004429689.302338,40085277909.31495,8848142070.949078,78590684902.8253,100053407130.48898,137802561986.8039,24358535933.06732,16595511238.44931,69934755474.80681,13334268894.201675,94076593428.86447,26942872089.505165,25292613550.496826,76852149076.90427,31868569364.09789,55141815674.48392,36336569488.05446,94539320165.09555,168351803893.57864,230379507126.2106
2013-12-01,255107115954.24652,56807022119.74547,16303022868.005447,27727501310.30529,214491392298.5666,16985684909.251923,18493021939.65973,86052388052.71387,36069620244.40242,30608142080.244324,39018798387.21485,57200075708.68451,41942845636.65106,44546593585.96802,147004169416.4865,19595874043.153,117833942927.2334,32171592780.69769,31961037883.769264,12871383849.710571,12792211470.437435,45839648390.245705,114532672925.41847,163093995830.2946,41117627114.916916,60914204392.07144,40169775040.49277,156218853340.47266,112280946527.22394,121130257095.26988,47678215338.04527,35992568245.256485,22198889671.325684,49881054290.61105,119079429352.5228,79992165590.83707,35903858405.24321,229545614646.9619,32083468676.25315,18772725011.4029,22146994142.371826,39832011440.491135,9135570191.532373,77176330168.10559,97332569571.41711,133204763984.13446,23729188933.15506,16358582336.744965,72185789758.31035,13404836615.580402,95874690216.51712,27261176914.230743,25889904651.533203,76743018034.16286,37664905736.10231,55748919686.871704,37856727525.49037,98194115226.91948,163530475783.0775,251102266471.38495
2014-01-01,227632811471.35162,52956080468.97767,17025038647.039124,28200828578.47684,192923376389.5541,16077327388.025055,19198128196.091423,92633635045.54218,34246033024.441086,31653030724.417763,36637348139.284744,52585189498.59771,39595850999.368835,48856772289.27612,131375159699.90717,18547491716.471222,113371095848.96387,32922169451.625736,31465934974.498978,13433532733.013672,13544144200.179152,39365753850.04068,103513872106.44485,171863458137.3851,38069632732.35507,57132103510.57271,40108230843.170456,150897344961.75613,106290580985.51947,110896786317.03964,45953139787.4604,38116835717.798325,20738375186.920166,48410789824.237076,136336663024.95877,85426902362.4242,33785795895.457916,232184009078.97382,34447940133.81903,17756087311.00119,24622942921.87851,37014919585.096924,8953087799.310684,75285913111.50926,96601647773.49106,125367283466.25818,25085102244.617462,17283364976.620483,72325315827.58708,13387304998.752575,93503245796.57843,27347393877.860664,26345893927.312805,72726857831.07143,45421723980.10381,53717044276.06819,39262837472.73987,98064373764.07343,156100528887.67352,228671841516.86612
2014-02-01,239291891988.7085,55196972986.34308,17509887489.46939,28406540671.641712,194757461414.5661,18551467944.847702,21678711316.033035,91416974357.21733,34744095934.39943,32898019231.93325,37793194100.84015,53840123787.08875,41160511835.24048,50341928363.80005,135729606898.72433,18541018884.952957,126174316994.71973,33043368732.279186,36110692097.00554,13778800369.77649,14202669725.31513,39966672014.20529,104914367990.10526,176910337666.33682,38610095546.60898,60983028508.75581,41519478615.5307,157122918759.58923,109807296620.29617,112011075167.1482,48034863206.943054,42068954681.991264,22497984523.773193,48914576163.179665,149170658909.24194,91910191451.7992,35321320667.32094,235068016448.13828,34245588423.784195,19120682282.27102,26806546527.703552,39784062401.16313,10481382616.370916,75014205968.87164,102035550250.29868,129678794479.86069,26657775320.74356,18534739155.4635,74228279830.3894,14645244136.900303,99301133974.08104,28436039467.55255,27443368699.530212,70928962169.6687,61295919644.74074,57425493438.210785,40646398711.07889,100400257085.34117,156142301031.6756,238869783360.0923
2014-03-01,245527367786.8576,55728266453.60924,17856522395.739075,28545993665.23361,180918450630.14178,18202817525.992157,22630886349.572983,95122297019.10925,35842823613.86696,33712242910.621284,39020294102.40154,57566199678.22591,39462599612.81845,46080178459.16748,141185896669.07455,19591806112.74324,125018925875.521,33569104886.582523,37397498438.74077,13407416931.014893,15840474498.27791,40518010639.111084,107576178608.48518,162191705716.18555,38135308975.525085,58827096127.160515,40977538702.40647,168749946427.7371,117324911301.86447,113359860010.09723,48255930774.88289,41916445212.17621,21989837219.23828,50824456372.496765,131259723357.80663,91555353930.75073,35745647972.73052,253398335937.23932,36116394983.19272,19268642414.09944,21176104978.102997,37643308698.55751,10259478264.24241,78227611000.11665,102918413597.81218,132877082680.34935,26424797518.360138,18478801627.151062,74503247903.21846,14440520125.5831,104569446520.74786,29503652229.217407,28125305316.430054,77904118257.08076,52192042202.008514,60933314827.568756,42503292590.29962,108306734984.47775,159758475465.82034,244084867637.2815
2014-04-01,269931852160.9726,56465517480.15781,18966833405.71051,29121313240.85363,163577985213.02563,18087989302.679367,22406557910.448498,83779823090.22319,34523325232.636185,35757971733.18672,40481955822.51583,60806596647.848404,40876019126.83035,41689281967.163086,149034209701.1443,20256817940.007996,123879141525.55957,35110403222.53836,37365086900.385666,13622848971.762573,16534323272.78471,42110804748.94784,111731291116.55933,155523665353.4395,37197329333.30825,59449590369.22865,41039385049.08133,174006752769.49048,108183954925.04056,120553195897.70035,48341051189.14078,42087358006.143105,20645266101.83716,52561279792.045074,130257419012.02016,95179318898.3214,35470406525.45854,249750994446.98492,37714105497.98948,20538012675.74169,19372078249.74118,37179522199.06258,10580264149.665833,81036043972.75648,100226938142.5849,136091875309.32436,26509403393.424988,19410641079.665527,75453360843.59377,14639044940.631195,108913089081.85999,30772689474.295086,29703054881.15216,79303591848.17747,52051827928.19524,55969681947.861465,43130661268.78874,108088997197.45197,167689414870.28412,255904364470.3291
2014-05-01,289560721530.7617,59432159589.94002,18804689923.522064,31376184225.913795,168106723197.22723,18465077923.461746,24936552302.379467,83779823090.22319,34970629641.155914,34886729274.62077,41365297739.45595,65413535764.91774,40996149398.253845,42480291927.33765,145792788361.90607,19785885959.785156,131170735400.88672,33503131366.38779,40390254568.003235,14416384703.511353,17383931388.373302,42115910218.59168,111315801357.83669,166215055593.5032,37195013334.191666,59987939197.93923,41149812177.25667,174298821033.42035,108068482358.47734,120907816207.01323,48966838442.54242,42628589224.105865,21253150211.33423,52587212562.0452,137927309952.2685,94041590829.46552,35506245976.34226,253089290111.73187,36773592507.434784,18933344169.441704,25134255835.36682,39197774548.4008,10883868750.602007,83338122402.79312,94939976634.92473,134254394115.045,27083561051.16272,19064482254.18161,74107915478.28506,14988459829.931374,111583631722.52274,29396217524.126564,30345656185.25531,80168430015.72314,52021780733.18617,59393199694.67435,45132848917.99992,110571292020.1607,161504390189.4943,251206623814.17822
2014-06-01,299232551415.0162,61740298259.693146,19845437334.298096,31498717885.02968,174684703578.15375,19796432249.50032,25430561169.64983,85052582373.12405,36656655613.69331,37084422668.603714,41232261504.79969,70773157539.19724,40816875987.99124,46879261447.906494,156329694514.49945,19651324839.23497,133871859101.1167,35353509577.65189,44612515747.33276,15238939163.503906,17369856343.512264,45146286128.85118,109196689759.90222,170000802370.16074,39103797235.842316,60533766097.46895,41263560531.11524,180979990468.76257,112055183707.2114,125193204831.3794,49189003041.22421,44641749603.589035,21663946861.26709,52650472475.48613,146621311217.70987,94025338513.50226,37197571426.654526,259606116141.0047,38997862171.253654,21042569655.1168,26503969272.943054,39648712407.52612,10669279545.813799,84291044759.07149,95947854493.43887,130598547727.61794,26809538453.975677,18950574128.362213,73984530458.70154,15198684934.067741,126502133578.62616,30823635275.488346,30540244630.23755,79919825405.2107,60106603742.63583,60974429092.19687,45184962798.276146,115269009290.0047,158905804612.14426,253289422447.42734
2014-07-01,307829963870.93353,57255264651.126114,18500347360.89569,33170287705.065224,168343382969.69876,20431082058.329407,24581947520.43885,84442834167.26978,35169565825.85065,34381677683.39845,38341523288.28117,68106703345.23421,41660430381.74478,43787875740.05127,154760964861.735,18593679418.737656,134090512852.8081,34371856072.39952,41779862702.27951,15560270074.059937,14798655758.968584,46036836873.00964,105363417241.18904,168512098051.6737,40371938419.76074,60805034447.72756,40766358059.72705,173143642656.20074,112152410851.86478,116993296433.19614,47680487002.990036,43844695171.29818,21600740627.28882,49420585001.223434,158300469804.59866,92916402953.39058,37209075670.77266,268695452543.5782,35729015650.90322,20626925179.92417,25428410095.597137,39433996435.537735,10070788030.385971,83742896336.71884,92779780238.96901,128488095011.60266,26836765907.432556,19135436101.20877,67383919943.99396,15148731962.947388,116697672915.54404,29404035492.09899,30891056044.666565,80439670587.25354,55910211556.41894,60736425030.14087,44731841555.377266,111628485322.14598,155751825594.01083,248911995586.7774
2014-08-01,330047766598.14453,60930041938.96629,19108841531.31848,34649769761.56753,182354515547.9818,20626182496.400604,29085209483.27623,89094097300.13403,38147198940.903076,37456295735.32258,39349198819.47498,67619397825.73353,43045232466.22,47694474872.58911,155012436895.91925,18370835553.124603,140335962993.59766,35258183431.94679,41993195317.69653,15831548456.4104,15912847200.17812,45350748946.18285,108840597755.44876,169329148081.3795,41829203776.43756,70318779923.62938,42275698015.09411,179440364819.4029,116422176889.0856,124229059067.36041,48949331807.26158,45639849296.63736,23818976623.535156,48981560117.797455,163028756741.4691,98435077048.40773,39595400065.49884,282827483956.8363,37464280616.06749,22432095801.699463,28732085242.472412,40159976646.50644,11192958629.280329,87915793121.50821,95848571230.0503,139213113233.87622,26922236033.19168,19533511853.08026,69197476299.16402,16021389500.583687,118043478032.18533,30519014044.870724,31228997322.78711,80374771113.53871,67527913481.346054,64955376311.41586,47898694027.07797,112812770157.87292,159816003236.81158,250220146502.1283
2014-09-01,326026398063.20953,63663534848.09218,18763165550.390533,32903225252.01464,173426115536.8041,20157015874.06314,30824871866.606895,94409826594.83603,38112651703.81865,34008409543.610962,39647078130.104485,63706444415.69273,44552607690.89685,46435322982.788086,144096438551.1287,17912062027.5206,139008791424.54248,36031183486.49674,37842791364.13597,15412293070.121826,16391301144.720882,40712191227.03114,107332442447.17155,171088256493.38348,43003746185.5627,68995115744.26266,41535243560.149376,185634992567.76596,117969306894.84,127028034421.97343,48000498983.50845,46940957510.72546,24004950828.552246,49978936403.464775,172223910179.8037,97075827557.56439,39895452051.79861,290419877871.03125,35995034875.27138,19086734834.148216,27140402306.60974,45742660554.104034,10664456197.232008,88486089797.50053,96435639373.70926,140268357357.68417,24791614445.57953,18492051398.91745,68055032117.7117,16128140996.330849,109883145072.30603,30003505493.368702,30435351287.471252,81018477941.76057,60762606110.05736,64633162142.80609,49566745866.42772,114551252061.00618,162935693274.82123,238257948908.6702
2014-10-01,349487374002.8763,69946101413.06793,20966159533.69409,34392332845.8617,164293329871.8508,20970514263.646255,30670768119.7619,95311857344.2968,39597379915.015915,34825746659.92822,40656185274.405556,60068209463.22405,47414452148.80792,51649512176.51367,144857251616.00122,18823476271.788666,142678025013.12354,39587561868.166046,36325564829.403076,15152617363.431763,17593359156.542744,35537438550.45106,109041604468.23425,165115959522.2532,44507727652.7,73712622106.86125,42873339765.65973,187707496333.07385,118439282387.27248,125613984605.05904,47112069871.73378,48012228276.32574,25946395523.07129,49409645969.06201,163399181942.161,95573633059.30383,40333991190.16166,294115959396.1172,38425880860.198,15549745490.260292,23626790797.614746,47675959962.878876,11294495819.479227,92065869071.50925,97674913656.67206,146181268728.17017,27622942399.07074,20722987244.72757,68957276725.48315,16906603491.91668,106609044989.36612,31866254621.390965,33173105387.01367,80098878772.50171,60517228444.58106,71500401410.55649,53237855052.078,117245541212.06514,162509547583.3756,244996650390.6412
2014-11-01,384856754244.53735,76841779001.50235,20682249137.873016,37041420769.73094,182139368435.04788,22398547263.371933,33213330936.76665,94645313456.73401,41683410071.36691,34810741717.85509,42541348065.95158,55550431152.90328,50525171476.30994,48324055503.845215,131476599415.93219,19061134905.241516,144442358351.72314,38985190677.71512,33208613910.64991,17124510902.999268,17391417782.17349,33819949788.093918,111914435518.89453,159652519685.79004,44137586429.45526,75133645747.4114,44189173606.87416,188526014750.154,118606404319.05157,134462144147.89465,48005783073.706055,49307900536.25586,29081204303.741455,51033230349.04039,169304137287.5797,99631435935.95312,40717918261.71602,299503376804.3168,40024713164.3757,15251342086.429157,20848867122.908722,50916928830.12427,12121061992.883682,95828152458.13644,101588422263.1711,152636205783.16003,28040761374.118805,21092850478.42874,70942204588.20117,18033413963.982964,92874947905.79425,32974668747.259556,33467421306.901367,82767158942.01567,61223303500.7887,74224640621.9819,53384154409.32802,120315233095.01212,186522671355.64996,229366149892.5321
2014-12-01,358737958746.727,72666573067.72997,22016803386.092194,34868544576.20285,166923444852.42767,22460841519.30426,35770119305.48505,99366474802.26337,41506962160.16409,31672241969.924515,42296826105.24731,58064370872.27326,50524508315.25659,47872050258.636475,136730252869.18988,19468241180.98053,147065461454.29736,40648342557.50701,35257320999.00551,17091343202.408447,17977384226.210114,29423989618.71563,106760235590.34497,154296664421.87463,45552272513.74379,79343852870.36179,44808758652.01941,183303074589.5417,123377433936.3609,127509130750.24196,48447004605.205765,50300897644.049515,31345551853.17993,49830462622.04685,170001392484.64856,93676672161.70361,44907773596.52278,292819077748.3844,41041472031.04579,15665787242.587215,20549299658.088806,49306698599.87346,11638332287.102938,90524563341.52763,102468230908.28539,153750156994.0865,28538174992.839813,20780327028.274963,74519060172.77788,19417273276.7042,92291517029.39565,34142661551.49668,33954309300.934814,78579658562.0972,55687370182.63379,76075981176.65424,54684818114.165504,121866807443.56302,182985730421.39285,235895630713.9212
2015-01-01,380773054763.443,67014485938.6111,22774636687.116486,34328849796.756325,190685895657.18054,22794067454.302124,36716480849.79112,84393747051.03624,39741331868.34686,27672119442.333195,41275942493.21102,52952419554.76961,50966498390.36133,45563601482.39136,124968313237.68285,18871932865.332275,143827335056.70264,42400004350.21071,34093207934.295807,16347325764.123413,17473161161.81916,21173679544.87754,101880250783.32031,156300018890.47363,40518321267.71452,79305077970.09206,43840101668.46997,175537673120.66098,107210988414.81494,124337965325.31268,45322167211.90224,52495502553.46522,30871728733.062744,49160406246.68835,165403824142.73035,100185135852.9649,39132266995.21483,254680000492.70203,42180553675.95703,20873473816.02382,26576156042.752136,47442767206.76924,11144936643.183231,90367450470.72299,102797225617.93088,142272490641.75488,30173282179.30603,22749414812.016296,74376523710.40114,20024800156.11814,89444403552.91533,35261968368.715195,37040054369.809814,77012283922.91124,50977689955.51056,80260649784.96329,53803479766.895226,115420031901.56125,182079645260.0339,223061037358.14853
2015-02-01,417498336184.906,67685390573.36766,20878255968.438995,35104302705.990776,204471129922.1504,24442445126.666824,45545859292.263245,88070333480.26201,43348882984.17297,28921210589.16259,43520470699.47945,54818945391.16251,52381528438.359924,56000049774.16992,130026570641.17664,20070397919.375946,164572891411.73975,38220339173.71213,34425414011.536026,16899121027.641357,16445331596.32624,27619620130.722218,110835827384.78348,163592374093.39438,44602820910.888245,87150555613.5237,46091312554.94652,179692083842.56976,121591661989.24585,130770828451.39227,48069534316.791,51161261552.4568,33873118537.902832,52595885729.26932,172071393982.694,97293278834.3367,41543808067.294106,276428625814.19354,39948733812.6877,21852826744.198044,28567863955.314117,49947336933.51546,12805066526.830196,95378253021.56207,112895963041.52429,144712312412.58453,28548992352.867126,22339373684.529633,78996701403.28235,21053097129.48269,91365980158.6005,31834494664.04203,35492518204.66461,82374462126.48703,50912591878.35123,85835436439.05283,55203524482.880936,121800162310.27274,179829838870.5035,225918926437.41675
2015-03-01,405996777874.4049,65492616713.47879,20570579998.672302,33337394568.872116,200136016132.5661,23681659090.93901,45317455766.51074,85730672189.30872,42697632627.0618,27919950483.23482,42610962924.21215,52916127829.98985,55922727259.82648,53925681335.44922,129211694887.6257,19425760776.99533,165853679874.59814,37715286657.74968,35181306676.47911,17552682742.37317,16440653576.00845,24197502247.59205,106776251173.51163,161286608561.77408,44313786922.01207,86284719773.97116,47010731280.004326,177578404384.13913,120202689637.95126,122465534312.5246,45378542598.77678,53347780565.105606,34010282592.773438,52269758379.45382,179152984227.66458,95531537205.55086,41427724708.62718,258143121653.63092,40470310183.15494,18018416460.713585,25065679207.194275,51747839604.11136,12195925675.63057,92140530792.81815,115451661866.97784,139289639418.70392,29117151826.259613,22330313267.467102,76353910178.80037,21050440196.675896,91113060686.50742,31125497855.691055,36741084715.513,77821950248.70178,47264535033.45354,89355597650.67279,49941947685.72716,121730225194.57086,176230239720.2433,218518836577.91547
2015-04-01,408346024231.6742,72339478077.23325,20797313952.093384,33471953040.70488,226856688446.26532,22572506355.796585,41836035886.059494,89016246879.88937,42725133033.13312,30309701864.69696,41345062849.715996,57726679835.52768,52803583080.167175,58776634231.56738,136695046784.40408,20190331800.793167,171909715771.0874,38103339073.12155,37966939421.84494,19431933958.162476,16641207352.361038,29713759295.10163,116545772825.23486,159562392443.56937,46305852261.283585,81667440861.05939,45482904618.65082,175107128172.45578,125520386848.86363,123512129113.8163,46081100839.53529,52775032378.886505,31482024673.461914,51792327627.41353,171635626239.02417,99789521506.7054,43308181255.95166,308806772638.9353,39256776729.54251,22010169663.99131,33475847494.45392,50979328014.14143,12935946596.384048,92272909361.53552,112597721901.58496,135158922071.9381,27101034564.170837,21446371478.723114,74106292126.37448,20569497725.037163,103310238677.07343,31139540525.885754,34083718249.368286,82565105158.83084,56598757589.81403,84432451998.02219,48982875631.42339,123296660158.75998,168235716191.06125,224611471237.68448
2015-05-01,425084446548.08044,75116590840.85709,20585206723.52774,32998915462.819,230863705966.2591,23096566743.7388,53000170304.164696,92201386880.69951,42941133207.95169,30012161242.866394,41273033479.796906,54123026356.242004,52777784085.10721,58720148025.512695,126774611787.99843,20895155354.292038,174518735685.4619,37199507199.51612,34090688481.715546,20353686027.948364,16548265607.849499,25160077952.332897,117363490930.37616,158559250180.2674,48609116758.81915,85056885969.0792,46961144945.45856,176766424123.50488,131388042984.39023,124730187056.81961,46432584550.85678,57937222632.77724,32095826007.843018,51459738768.01606,172550773685.17703,102017850638.9399,44521508973.27392,297505942167.5692,39805212397.52794,22633330947.48452,37539871076.05194,52438998535.44592,12895163964.21194,93543681055.53418,115318896456.29517,134326860814.50226,26689795275.478363,22088932506.736023,76334363172.40869,21322725003.999832,99117114769.02646,30710773576.128414,34066822793.61078,83901302757.02345,62795700544.26907,91109757774.66196,46529795338.104805,125221069025.96997,160088007895.42975,219032875549.76538
2015-06-01,410969190585.14404,75793419742.0079,19556503996.210785,33176724872.02658,233477683887.48804,21533816278.21527,47580977873.286644,95107143833.77258,40616725931.3768,29836276615.08078,40420262149.784775,52785423710.67807,49990639982.99075,56201837997.43652,119920471790.65028,21646826051.663788,180479912101.69727,35054665947.22779,33652496755.326805,19407679700.88379,15512298785.070375,23841246304.866707,114350865808.35762,157024022803.38132,49375597679.28049,84835518336.56029,46180168636.54457,173290200207.99347,135342904283.12477,119462073528.3543,45181623816.88019,61731722738.453445,30715306411.743164,51441622689.97668,186888217710.8908,95383108808.05212,45209140267.623695,282122226987.7157,38421672161.031204,19409498260.50917,39517742789.49414,55866263536.59724,11772348038.52439,90546211069.66133,112190946424.44298,134069860747.24344,25011148348.27423,21042351878.96936,72665408052.85432,20396332317.52246,94115945456.22691,29825872488.397823,32759509380.293213,86281809356.5469,67167368631.66171,92466417649.91849,44211599627.73844,126700336498.43051,153853515403.12003,215660362465.05884
2015-07-01,397437324264.3509,78974501423.87935,20885632636.544037,33984413378.816277,288371220233.29553,22556315659.556503,44919162895.18577,100212461099.83803,39724672922.96361,27658892603.465916,42033119307.91374,43270113632.61386,53780862546.937775,59164077117.91992,109988253316.14735,21229176953.24173,189745841776.72803,36841640108.250656,29670317056.913605,21311006092.446777,15843080879.643955,15044830575.411373,113283537038.73322,191177136778.64233,48495873630.002975,89814049689.94855,47575039913.996574,178179859680.33722,136880906467.1618,126127660079.13953,43390179670.12184,62485891642.54056,31811469646.453857,54033436093.01981,204842740089.39203,99535693307.0727,45267413596.22418,298416927423.2462,41231857987.6839,14280125794.693195,48133636945.541016,59589994441.66118,11678683979.570866,94155218947.69641,120656342084.74551,131430919886.55917,27627345454.048157,23631983810.296265,65708692692.926056,20599546280.272064,90936934699.69482,31840371040.9586,35448118461.067566,84387081347.85045,66639062365.85695,92401392814.47278,45240750242.82043,130372461162.70135,156131083875.27386,205318028007.53143
2015-08-01,369456136123.11554,70923848000.1929,20043856007.39026,32941048495.32541,275860700810.24426,22084634637.383224,45217093494.5097,91581182367.85767,35726457339.184296,27136817255.3646,39032354450.77423,42814721965.599106,51837628103.424866,55983909965.51514,100677512646.48857,18358062993.509766,162031147536.57324,35198615743.094444,30160269311.110535,20612630359.75244,15186451348.141157,13755874973.72353,107727896806.8731,188362514112.35495,44600979815.3806,89376586350.72728,44957411299.08462,167102551390.66815,128869305931.21918,120723936882.02367,40200747977.95418,60888796064.723114,31856414875.030518,51414573249.69645,194863191308.85315,90909011101.9321,40304977871.57503,278096498471.2371,38570599646.29274,14196956379.368103,48436816559.86267,57795376155.50806,13159736399.948597,90813116295.72594,107807731123.04695,122089706498.9939,25851729954.605103,23181641572.70929,60009700048.85989,18971666882.387543,84952871510.42126,30900733426.639977,33952334989.36731,82074104923.6004,62360039497.930786,88062930250.6615,39747331226.26831,120144528631.16492,140405192216.824,195027476928.43555
2015-09-01,363031902610.26,61832498446.58005,21190952804.875946,31436745490.78823,275322833027.9095,20193202844.673187,44872501460.04568,87321573918.08113,35383723165.53369,23203331429.53742,39436286073.10009,41778132895.907166,53657778502.04709,56040402420.043945,99290146752.03368,16611604025.26506,162540076597.2539,36105516705.81099,28038152689.105873,21020940705.823364,14806152886.64935,12527668154.363356,109464043334.3647,185614801892.79868,41233192995.03369,88632187382.4727,43093241647.25117,167252157633.38794,122576618348.15506,123180166492.56055,38721961120.084076,62252172827.53569,31741271884.918213,53783486255.07967,195887276502.29892,83379685270.6314,36853614383.17379,284690146729.82874,38528695641.54503,13365264262.312485,43480706499.65161,63598189119.6942,14490764055.907726,92151917748.07922,105918794474.30852,124283738422.55923,26464012449.03946,24374881758.497437,58674261928.8734,16563002995.231934,76230699960.46135,32194394260.61211,35068511291.8338,80541399882.78854,62194785297.98706,88298890378.0924,41254887715.25325,116439040542.31119,141604168108.8022,194523747197.11612
2015-10-01,393311940087.5778,67673663356.6145,21112690382.937653,36715158418.42448,336643740620.3223,22140773710.474228,44336247151.78725,94350039529.51035,41866428708.36145,25912041494.173393,41232234032.479935,46473359104.23543,58686897568.309204,62723595382.69043,114395106982.99483,17649208603.191498,180893398746.7705,35869631037.09454,33064214736.918793,22810873892.326538,13918782979.183853,15216786467.19924,126646742224.2128,214406234038.41693,44493696614.32022,95370012871.87782,47002522486.39423,181012093551.53622,129170851136.68799,131153465184.83665,42526089825.61249,60675208649.40967,34002584850.31128,61272679421.436,222187164170.458,93070898882.18228,38573432693.32989,338592119634.0163,40546961812.876205,16210511228.643852,45636635699.37189,67938512914.97341,16677607647.001743,100636815697.86197,114045618226.3402,131954309246.5397,29380999027.412415,26654814839.75702,64885196064.38667,19837986920.241066,86388182528.1388,32482485090.302334,38454730252.39038,82840447504.3279,51811461113.334946,90033865230.97351,41693518536.33521,122765600357.80688,125006487858.53287,216474713408.3743
2015-11-01,389362315172.01996,66692573838.73689,20874171195.554718,35691588445.37414,357566335708.091,21807812806.81041,46972004152.12603,98004840293.8863,43264093618.47711,26079567982.680096,41048471685.63503,47719890852.27292,59911688364.341675,64321767608.64258,114948991232.30612,18004453918.093628,180464027113.31396,34007648576.109924,32195611109.891167,23713131661.139038,13614680432.693027,10616496463.989674,131113521801.52515,221809081505.03543,45091688036.36801,103268673824.6651,47307437109.81928,181388404859.3349,135023522516.7413,131989649583.45366,43180692654.998245,61024830987.612595,35414565250.39673,62315275432.71808,227133343356.41245,90261377509.46886,40317116894.85345,349591300296.7883,39441060470.1864,15335842155.385983,51931779016.84424,68586637137.377754,18646944347.73922,98637675116.51324,110504870279.16391,130455861702.44241,29394741680.42755,27886139581.2865,63329172160.57567,20524943295.15101,85271833950.17477,32079156638.642296,35549528306.7323,84820563977.2156,57652866486.98426,86158246466.57025,39173702580.42561,124942394543.23999,128500753508.31982,213649096046.77896
2015-12-01,347926551083.22906,67942701884.403336,21933872948.799866,34818877798.75887,363531118092.5747,20727701389.771652,52265124013.762115,94631195750.34174,40504478795.8981,24395978341.694744,41635942823.76778,41221836384.68471,60096344882.95056,63280540626.52588,114620041500.09735,17257758913.71801,167120477888.97217,36269718921.10274,27317837132.775993,24184991863.301147,13994592474.483992,8786513257.05,136412379380.61531,226217051820.9252,42914981974.52298,102011353750.70398,47408490356.481094,185396753900.86676,133707296758.01381,134062873175.51807,39199479906.67946,63073532574.25629,35155649745.94116,64993403111.829765,228048541066.0599,89937829229.76184,37390306625.24977,359265063721.6675,41349602114.94113,14985973915.224243,48163112406.73364,64811992122.131294,19449463796.913624,98401354084.38705,109731150035.16748,138421922200.04947,29511641367.443085,28773623839.081543,63751767650.6656,19349094348.666992,77594510055.41905,34111009101.95815,37424097554.88385,86684744040.86148,60094089152.1767,89926853128.31406,36728800610.51761,124111729321.74129,133873149092.6565,205720372999.15533
2016-01-01,321747805821.47217,62965131911.98338,22950205124.089233,34059665317.932175,315721166050.1116,20309554998.15674,48294183505.49563,79729794225.22592,37606267611.558105,22342634598.87814,42204677839.82723,34503099044.62033,56233783628.59277,54934603706.35986,110173354966.92879,17560336482.19287,153370119279.06104,38256189822.19515,27406595008.99868,24978551673.235474,14901695157.682981,5970157153.619266,128388206052.67624,221372927832.54434,38469411541.96248,97434675513.2365,47239132018.584305,188501110985.71405,120484415306.67883,133938046629.68791,38530393449.55582,59210984391.62381,33130642707.824707,68096185320.422966,244499565039.63593,87022559454.5141,30420031323.869762,356739678161.11383,44462058466.06318,16648490730.135605,38671973745.40369,64459738959.178024,17283819263.16023,98475775970.55768,103646324176.64717,142396318269.9032,27400449415.80963,29663674210.563477,58190806153.70535,19056171270.078957,80397914265.56519,35663817512.9041,35853542599.2323,90841398285.3764,47872961183.053474,88411327568.24829,33816789769.523582,114682324325.25267,146137599324.21344,205456443792.19998
2016-02-01,319599223089.97345,63290366723.27098,23243808553.126556,33287059548.805977,297175899369.8793,21232784854.628693,48388066276.87484,70595252422.75853,37331043263.354416,24606919012.131786,41274620769.38278,29867964013.318863,55828196358.451996,54684396057.12891,106312788206.97012,18283177216.83284,152889939530.1333,37737989590.18597,25050027069.867935,24425204871.636353,15869268620.834726,9902674622.511948,128564656068.60828,208541555190.11694,35604921264.3319,96164042495.2942,46392301653.98323,189890854908.23404,114769346094.55275,134593412665.88156,39220080098.10402,53896203026.55395,31346760978.69873,64470785158.5518,232972956158.85324,86232583839.10995,29204892530.45987,329477506422.68134,44903860495.23454,21544613969.485695,39333067379.50415,64023146003.029434,18505314606.36854,97008099628.02887,100858837576.9714,141175781140.02753,26699303811.408997,29187526190.86847,64116734147.929825,20161511768.118675,79786081491.15717,35124358371.40074,36517569389.769775,94825652120.69809,48055737242.334946,91436142955.6253,37038779677.78772,107125146772.64116,146093565534.33334,211526515129.5196
2016-03-01,362210618858.1009,66199316318.451454,25218893795.685608,36958754181.09467,319292513744.04785,23088874039.37625,55803229365.15866,76233875184.37108,40754668536.714386,27819995430.588615,44424938830.311584,35830709731.12722,58796623654.83966,59591872650.146484,123093053610.19836,17555767788.313217,158956216540.90137,41422469729.085175,28083586140.03105,26598380003.28296,18248627436.82666,13419870910.04728,141379200170.12756,221823619960.78513,37541276584.03713,103377102047.84431,51581980258.273605,196702677278.84613,120721881772.67834,144766706397.2002,44098022001.07796,54279118032.68184,35162403728.48511,69665253423.66823,248617803942.5657,90869638099.955,29571427856.395256,360214020864.9458,47456460407.75879,22170190180.61048,43046991552.69678,63898407119.44125,21101611551.16558,101629409914.29672,101769845495.70062,144727591000.8496,30670180092.88025,32269005507.567688,66921310884.183975,21286512063.584297,82644732525.80475,38133157959.5571,40335022035.19812,100522936642.96205,57530177654.24612,98959845524.81146,37621209476.98781,111267324499.98193,150828283232.88834,222607335904.49548
2016-04-01,311529592668.0527,70696063664.21216,24117466336.499084,37864923167.08446,354764088674.87646,23523287578.577606,52817163920.748024,82410385266.6638,42941592732.394226,28248885520.166416,44594696399.0411,42521734488.93246,55270626785.47861,61181940605.163574,131841135100.04788,19323945053.715195,165278680391.0088,40446978193.44348,31968388996.217155,26720405237.86133,17856790053.712433,18170042914.943886,136754039848.14972,205825816389.78253,39246394359.2926,104303941600.41685,52603955725.17152,203756393072.34827,128835206924.22131,140895154987.98547,45586093054.809265,56932367116.85173,35287741893.76831,70114263290.86098,256200521228.68222,95008288004.59317,31995309516.699577,325255740952.15356,47151683758.07669,29195742035.450592,37909820239.86267,61426411990.55514,21042381523.549557,102834977733.52658,112310721196.80862,140876836018.24097,31839813592.147827,28830863174.546204,69775959807.37628,21483924805.481674,90029511167.87112,36931590466.131454,39068778261.00409,99624701155.88171,60281872480.336784,101511306438.79312,41253288740.91709,114994689096.06738,148350915803.0676,235416820251.12332
2016-05-01,331868446531.9824,73633637103.96198,24584624874.410706,38376263843.35553,388756552851.2318,22999259470.092743,55937262463.73602,83712212406.20648,43847845993.55484,26612192472.726036,44516296503.41869,38962682326.423744,55673585095.72934,67566506492.614746,130318566899.84244,18905809617.108383,158812191762.99072,40164592255.985374,31549235391.342163,29280406954.52466,17439499712.323433,14380287346.61169,134441443767.098,217738403362.53873,38139139714.58867,102925055329.41624,52401389964.832016,204865345214.2468,134040027835.88985,140266155902.79782,42636544242.40654,56555483366.49486,37330750991.82129,67658672820.53169,258880621024.1629,97468361030.0152,32539011405.427032,345669796110.6065,48170272493.94974,27058451669.888466,43190160373.19263,57549504060.91403,27669591734.409332,101047163191.84909,119143514310.05923,143661758460.05795,33326292777.015686,29879010792.403503,67242205431.95169,21766575790.449112,85502299953.90178,36445066020.31379,38383231969.19574,102127717605.31732,55892682533.6064,103045407553.8754,39815593388.438034,116697262708.78183,157025208117.4927,237067911531.29895
2016-06-01,319645361997.0856,72440163646.81683,26851165304.170074,41216920576.381226,384900113689.22217,22902511140.734512,56314134602.69167,75108905141.3974,41278545350.66629,27823330252.609085,46280254472.68318,39016420476.45938,58768425776.17346,64095760299.68262,136690214874.62338,18618616615.23639,156571335269.9536,44507835123.828674,32348037990.99697,31521484074.30005,18671747251.17738,14458160839.2834,140000570492.7091,204560948372.70343,35678094682.48476,99989064308.18823,53826543858.99404,222092340609.51743,127612221915.44421,142562025541.46783,43618436140.48004,59755933693.37547,36883524353.02734,66705247809.772606,249009976481.92053,99807234175.69725,30886503753.717354,336068689342.3018,52677526755.143234,32660483097.531097,38520383938.24286,57528643323.21995,27913637869.59648,105811363082.45995,121977223666.32411,150096815584.5029,34385042556.54907,30100403723.978455,69014479331.57286,22022704489.36007,89190155236.99973,39978675735.72814,42456600421.931274,112718763045.32626,53151005827.01035,108850209603.5032,41538295724.57462,109731451273.21689,163180740328.8799,251735699730.42154
2016-07-01,348433574811.11145,77494937796.19507,26548516427.861572,42208446893.90609,408130092829.38794,24244969600.102066,58883796181.35631,82292360970.51094,44416031385.97101,30374075526.01728,47057913428.003654,36528678279.510124,62578042417.456055,66024851715.08789,133626039534.10175,17987510390.318024,153578174206.14307,44404071956.99156,31681075906.687317,30313409270.85669,19144201932.28381,16820265869.840536,139537678747.02948,230092959390.08588,38134593244.01967,108250377462.41916,53831151032.32173,229287949090.38184,131370339303.29901,138267815108.09717,45537957744.50455,62897377724.37109,38332411972.0459,65693533694.53791,270058619060.90936,102455890596.08786,34155860112.175354,372256634994.3266,51825141856.59357,36760639266.449524,38423536568.0,58010275156.56154,33904869141.817093,109603511157.6107,127797236178.06395,151727698286.99786,38534274573.890686,28348248976.93872,72446676794.47197,22477152900.149193,90814259031.78668,39881759594.80702,44441411962.233765,112927430027.89516,58787095267.94966,110894767801.87021,44299579453.605896,111215259813.61398,163068933056.8162,238872344858.5063
2016-08-01,354752924250.96893,75661070687.1908,24736479627.33728,41337072732.53515,413696916659.37354,25250979275.49301,64133094751.330444,91663161168.20744,45211591367.49985,30366548456.71502,47248159242.31087,36954310174.51475,60658285905.31641,64103820831.29883,131148561364.81412,19570757560.967514,152291596135.3418,41327589671.913666,34381896563.661804,29970325224.545654,17459835536.984,13354984558.604383,139985717074.12613,229659691041.88974,40691946927.434235,105024149047.6085,54007030961.84397,218503755904.29828,139698735559.8306,137633916841.5368,47687083297.16194,58997138445.32413,35821098930.35889,64582354613.43109,274808720354.4355,109669384464.65195,38377340084.57883,377379496027.4173,48855992109.89876,31948348223.99626,41034231173.47235,60247087088.25513,36422504070.99724,107419885216.84898,120556863146.47014,155989624951.94012,37558354154.10614,26570845599.82318,71625630605.36723,21275790248.33422,89099959249.64655,38264128274.50113,42176683616.48328,108227294046.02386,53083400533.67432,105357728116.72134,45480252138.14637,117776437581.2673,159649779854.19287,234011553760.10025
2016-09-01,380038390016.0141,74445281819.31593,24803276457.0943,41318852457.63514,450351780193.78064,24394246800.084335,62715343892.62166,89293971807.74815,44225764579.93442,32893693451.20912,47121029556.402054,39132847712.87663,57226610161.89459,57573990417.48047,135613747426.78143,19755926703.302338,149712014456.31982,41948039343.6693,37575696881.56273,29428012251.47339,17249619316.495667,14094759432.598953,132726502763.24257,233791430698.5352,38876739293.29683,101281005643.89696,54229088981.21521,217731224969.6353,137815378714.6914,134116263584.24667,47214270102.237854,61289777624.37604,33785793994.903564,64915453021.40298,279493462350.4855,109005658723.97696,38377340084.57883,380656724962.47705,49761160779.00069,32825581885.240616,41497417565.889404,55031371880.44435,40760832542.181015,110226727978.24585,118310482833.71329,160349014797.3733,37862449474.52545,26475926179.56366,68791052681.90483,20807054237.82698,88693920468.76697,38651074686.01212,40833768269.00983,107512498637.64961,51085356981.61288,108416639105.08167,46702470977.39293,103484634478.47893,162272757813.59644,236386363212.54724
2016-10-01,381685579815.21606,65840470225.58455,25046635934.297424,42935914295.69807,424809020883.47034,23402353441.068924,62087739913.92398,94143816791.50508,41636595426.612946,30926074664.334938,45354150363.80356,39114848244.3055,55485514651.08563,60665385498.046875,138025098327.62375,20587496994.315018,149437915603.39062,41937556263.12988,35131779115.11101,29185397444.129883,17653785049.358532,14510075130.100616,131414124427.12436,235489499963.24542,42967626502.547195,96031247780.93117,51286879445.8194,213786806609.53082,143341227058.249,135467600597.05655,46020757093.86749,56387200104.79587,31184380771.636963,63345457973.41064,285420148280.0689,103312750380.20113,40184890289.86385,395988724698.39594,52071840048.96442,30964961592.923088,52580243178.81244,52595648536.53325,42331300981.04477,108635692953.72205,110765400520.08923,155078452585.73175,37189841925.971985,25568783562.323853,69197296497.52835,18415444020.66285,88793771960.80489,38854500964.85463,36681548583.23175,97399273419.26901,49507952669.25388,109952035866.85849,42225202416.30587,107527760891.05914,157547633136.48376,225661163800.71738
2016-11-01,371533311402.13776,72427593957.59576,22810054656.88138,37469561685.06083,403698177201.2739,25498900798.22322,62164306389.21627,120504071957.45403,45242156848.97653,35722293705.81704,41684871025.25242,43931646386.10968,56326040834.927216,58114770858.76465,146998349852.1909,23362029548.518005,159804599456.7588,38661996561.203995,39902724239.18991,27672549997.35376,16845451632.01815,19922154000.175774,138910571553.67188,225597713605.98788,52863402319.736984,101847711043.28743,53278875194.145454,205142500604.48544,167126838111.04065,128917821831.082,47294533245.332794,51255553926.239586,33171844997.406006,67115678345.00656,258030816120.98795,107658534874.08708,49806439587.23572,398235668641.3596,46470045546.04557,27119415357.31629,49266341974.45392,52480344801.250656,54847464663.98239,101440638805.23877,112267444434.34833,148462015523.03995,36291462220.74127,25039990032.814514,72934781726.21938,20206135820.181778,95399705543.06009,35275710017.04077,35436868843.65222,103925865071.90701,47422274748.341965,123169897800.83148,48522117360.95861,123676744042.9425,158470202508.73892,236440518348.76953
2016-12-01,391349229638.22174,74595659784.94609,24549455976.163147,38718905247.869026,403321680012.4186,25385941385.599213,64454152878.30945,126563451097.97728,46431804044.95065,34668120973.36322,41819064149.81838,45398452033.41543,60263278760.75629,55257468612.6709,156641383084.72433,24024197533.854965,168027021854.87354,41143039871.643005,39350033552.11128,29354050085.019775,18573750824.72046,17118775441.226402,142703924514.93933,230415646007.16428,57902210636.799866,106091603718.20845,54492360172.27434,213816595625.69724,179884977490.68143,133584156684.09726,46071862500.26459,56533555856.79379,33439857833.862305,69027000468.37466,250687771931.61475,103576678569.81216,50878187484.35832,413434143351.6237,48970255507.69385,28482075943.046494,52129686258.52765,53276951352.7125,63592032506.46591,106815667510.21172,114586615804.98868,151378671374.14246,37639028222.00012,26738832294.77057,74678924375.64322,20275502088.588028,95286149279.75377,37494896990.13817,35365862901.31213,114417970952.79448,53504043355.11417,125003799089.56702,49943360943.49736,129867970694.97101,155522670776.4239,246621921134.33484
2017-01-01,410034786670.9213,72796873229.50514,24978371658.184113,38127645597.57302,442913221619.8975,24816355070.359467,73157833524.04944,129655946188.52669,45908183048.729645,35759690097.74732,41269474288.148575,44148955229.620544,61708584140.92493,63845546401.97754,148190494435.7576,25104107351.58989,179768518993.91602,41630683039.10112,39536859088.20404,31618380712.48706,18777860442.96667,21609371879.145157,135133090895.00595,238481447055.9692,55452639816.06267,108860977539.96469,55654175193.922264,210179029843.95786,176424398470.54272,133938563628.72725,46857181304.585266,59208426295.54947,34361414783.47778,69509011736.8552,283960328851.9497,109902974997.79822,51167201533.50603,430133867809.15845,50716559357.723785,30374971967.141525,59250146505.12396,55646637809.9377,65045695352.077484,105947954407.51935,111940678244.24675,157716105425.89368,35114754669.49463,25958838199.96216,74712994217.00711,22921406366.2165,95575939890.52774,37677832280.31807,36580076885.70087,113422558542.90141,63078636308.07234,126612853712.35858,51340302833.9299,132742980341.46992,151242301038.04843,229216808210.30746
2017-02-01,462881596132.2174,74409776659.62878,26113043938.14679,42286677488.965454,454509376071.7586,24942431835.099915,77349289274.03613,141338774601.81714,47562930566.29962,36433306575.69241,46907041552.8661,43071492076.25107,66688192820.99524,65661634162.90283,149720979066.76727,25676319258.78763,178858676143.85498,43756196762.190674,37810891843.56331,30886608536.43921,19212241073.85208,17391325810.757774,135633553988.86978,245674985493.50198,59984228571.49745,114660917536.99118,58561040506.65413,226807747193.21335,189956757030.65295,135195166722.32974,46963995413.579636,63651165635.42586,35139346881.866455,72389863858.37169,295334354517.6299,116781850168.53539,55247652228.77303,425676194902.6001,53700845305.10827,28667009309.220757,59848080731.37189,60127807046.53337,60458290950.29831,112685830644.3621,120372396082.36842,165262946333.6275,36696169837.005615,27463258510.211,76674999939.77252,23278265183.4088,91751036894.7458,38737351854.01587,36705487729.50641,114163753737.19357,62592895409.47316,129174742157.22418,51995420285.17627,136395586585.20103,160737479733.2062,222194713295.77832
2017-03-01,487523750505.0812,78404599128.35431,26419242083.5773,44773265157.74228,476830386358.4818,24022635493.538895,80293926552.45003,135096474383.4557,47078042269.48242,34963314217.83902,47042000849.90524,45395491625.08086,63286311956.32727,66581771965.026855,144261468023.22992,25528567245.353516,184220051826.91504,43951500270.044464,38029206473.27614,33059469146.78711,19008221229.879803,17339408778.012714,136669520234.79805,246509470486.6799,55694566067.80559,116180114630.15677,59049961668.587616,232680095252.49634,184129363481.62656,136741707800.99077,46920466926.905136,65085495547.06636,38843694442.74902,74042384092.50154,309519315855.23035,112650991953.92715,51824152837.919426,440840778286.31854,53026275957.3677,27595343430.704918,62239813620.63318,58623568947.878494,64978650662.42218,114196698167.01123,121919488703.8959,163049061128.2177,37292805125.96893,26430938831.576904,76898262199.37366,23466602580.45691,89716685363.1092,38389250164.559296,34575660777.9035,113508132547.75674,69681196695.59401,128104676559.36523,51313337694.48754,132054885975.26534,163343472580.27753,226129032554.24054
2017-04-01,487489741620.3003,79343147156.49286,26694735937.708466,46394162281.91857,497510935814.81036,25122238606.061646,81339550885.55058,134072189440.19336,47506712251.25253,38544073212.7519,46302858086.88206,43611369242.660255,66996122859.08148,69511725219.72656,143361304503.64417,26319241852.991486,187810549397.1792,44214109615.84665,36060498099.793625,34490444743.15747,18295017317.074425,16547715500.309162,132954661143.11627,268816852018.77835,54259276819.36427,124266723922.37193,62015004026.256966,230662431192.65875,182368562719.79202,140256488841.3957,49774736326.53923,63499149415.51875,40105259628.2959,79937866519.23706,327386681334.09796,111303199168.13387,52465291823.53447,458244172828.1189,55170126847.69313,28349926867.76039,64088354720.564514,58468575359.83028,62216767482.28073,116440762562.62021,120885955693.55902,158476144128.87994,39462931506.118774,25512141558.12451,81544649833.54536,25319322094.59562,83387122779.97815,38404671084.88335,33214984048.546448,108262964238.69356,78637345379.45763,137104183070.97089,54239442610.9687,127736914052.40552,171621308997.46783,225136309613.3416
2017-05-01,518405330637.1765,80229718003.2519,28249270150.037018,48574790800.76015,534961798528.4454,25758787806.118057,88217023790.17685,128729997905.80115,50554240455.22421,40069000525.97516,49344892473.25436,40680276851.21569,68094378465.966064,72352900154.11377,139034861108.99628,28877829949.388855,175365661262.93555,45918355171.35306,35266833964.31259,36415206739.403564,19182564821.473137,14912414654.084839,125570864380.87021,287009940041.131,51219020439.68175,122204936876.9132,62889849678.82652,239592285670.79608,173191534581.66852,147797486067.1156,52686030160.17494,61572372402.67363,37375032806.396484,86199020517.60057,330023236188.75824,116267476145.3385,50722067912.112915,467481372894.5011,58425165811.5143,28635026789.567154,68665488255.0083,55914981297.99863,86107296642.06505,120130907710.69781,116359854241.50279,161079331316.4439,40282500795.15839,26239573180.200317,83114004744.3436,25099173007.723396,79940888944.88559,39029334466.44264,31002129625.89856,106929132283.96799,85382623675.23189,137339325624.55176,53435244583.65531,121331066490.3154,179428510568.39056,221965459187.72382
2017-06-01,490762438453.6133,88116581299.61923,27578007881.650085,48993185326.35616,520644113116.4464,25579985096.171844,85848407344.04681,139814644345.3679,52181179637.97272,40840518101.381035,47903841097.91668,40239742994.94762,62979424028.46771,69899174354.55322,141602869210.59024,29144289695.003204,172619996002.28467,45263862996.63722,35348862463.966064,35603594309.85547,19242729197.925728,15587296321.816906,123873944888.09296,270317175918.43765,53979754407.03493,122823053062.26067,63350847406.1947,248778560767.74677,192692670822.9378,145782207399.12628,52789570814.09363,64096111069.63301,36786678749.08447,87495789115.11504,328977353393.15497,114446048475.02959,54148930729.98642,464034857350.0904,58292866268.14049,27159247409.87017,62913540742.59631,62256746222.98718,86323393053.05481,119527764048.37547,120868584111.94345,159360436839.222,42530900546.82922,25408586281.36548,84140255971.63902,26618097462.044357,76176536742.51047,37358499680.92505,32876891851.872498,104708985829.82932,90540483120.88992,145367388116.10712,53054448619.01549,132384142584.90839,173918822454.07614,224701692904.04486
2017-07-01,506812334929.70276,84956992775.34885,28002778598.503418,50726709768.22299,531282877278.0421,25585083551.514603,91248834057.44449,139007850587.44696,53013975311.443085,43307052969.20595,46656646620.694084,41530425259.748795,62420250688.45715,73289190261.84082,148199155406.11923,30399773779.699173,178598726721.7793,46092368360.460266,37152997756.726,37393054961.967285,20453733411.30652,18974712366.16488,118444065192.24179,274917076217.0785,54814144292.846695,119780505237.40736,64695895464.00854,249587253584.55005,193535946625.4929,150226314728.5678,52138456613.0159,64376508334.54759,36725002647.3999,89182476207.37842,368786677786.0104,114909828332.01038,56992488659.767624,489414445243.15454,60772199808.96895,31213442578.367058,76493367601.68848,62521872975.22908,97042135381.69861,120686918554.54025,119321295815.52919,166071290247.65186,44447093712.69989,25291624533.830994,81701005335.92043,25579801238.72563,79369845402.31758,37397516415.47611,32214304972.77899,108233476526.00916,80990933675.79959,150998130078.78052,50155965644.46605,128872040952.19177,183823541199.13214,222781169938.8393
2017-08-01,558846488922.6227,92329617617.09016,29229428838.62558,55087568703.91847,527421062515.8429,26164637423.400787,93250200535.92558,137682315717.5629,52079307332.69147,44974762672.66706,46552554001.14029,40209195484.769966,61723214285.795654,77074722084.04541,146068252803.46054,27473075074.80893,165638589977.68164,47272834603.36403,33251030113.928566,38859813751.833496,20202993864.210503,19182373642.325516,113541649016.74614,277749122663.4105,54427361186.737015,119996692232.86845,65717764574.33435,248928993462.82626,192671430494.23828,149275955605.59772,52691226064.62158,63309496526.77321,35255328769.68384,91959076858.86096,374713380470.092,114873847117.71257,55585565332.286896,503349731271.62463,62610852384.100296,32195951609.263832,73566863909.7622,55914999600.905136,101180369236.46927,119776139403.10406,122056069774.87086,170046441364.01868,46310933914.70337,25263322282.0401,82493416830.24797,25731491027.172394,73480728959.64256,37654989020.76387,31878949102.663513,105759570081.4775,89110811149.13692,156579512752.40594,51295853159.253624,122015121757.53271,179411221879.4304,212454852752.2588
2017-09-01,527241757759.4452,108956297035.22481,28116037644.223114,50856935326.4578,517067369304.76245,27217552548.161346,89724665867.26854,146785921740.5868,55905213093.93347,47738550011.21013,47338827054.944115,46094120107.5038,64903213642.52362,75403923843.38379,161080327925.9644,29762295700.25853,161333930356.70703,45912844491.00142,37848025323.689804,37190825291.332275,20272488910.308216,18221955834.79718,111830441267.61493,283122401707.37054,57896282219.23613,131732280574.1672,67694590007.96755,246046217438.42755,202465082342.23987,147506276100.29364,55975940696.987915,67044350812.54584,38141965072.631836,90602105639.35207,372316548975.6696,115179645041.89796,58847397602.2147,504136259415.1039,61363458394.280106,31498959920.21132,76362832269.0553,55087195745.29802,106845743682.86133,116132824672.67982,129715926280.42053,167669057498.3723,46384021782.058716,26327546950.365784,80471018306.65718,27224660921.063766,80711943443.91748,38800992177.46139,33095990954.37262,110587384546.04607,85405159966.92302,154178492355.42297,56822483733.4055,132720088222.64313,180701604694.0759,230392678287.8086
2017-10-01,578282818700.0732,110660686235.58257,29785244383.132233,53720980551.25916,594480895214.5421,28695241546.806763,98029371826.63554,158660875488.99896,58873722043.25061,51983760873.07823,45779263144.66095,47107183922.89491,63635100835.63898,82603690658.56934,158873208784.12332,31643843342.338577,160089999306.42773,48314626790.79175,39072593059.42619,38624127442.3811,21639417376.208786,18144083713.089394,94169869853.00189,300370534839.7026,59187538379.760315,133520307846.99371,68850376545.7334,263835843234.59683,213276266548.94147,151884191140.03256,58883707100.585175,64222764039.10091,38146741653.44238,96517758600.61319,392341089606.7145,99814762060.01878,61083035652.95839,562948875840.258,64930931612.60008,30424791557.665794,82712714007.71521,58423248211.85974,123604444509.50623,114882219985.52635,127390482442.57605,159117862601.81345,47522922811.164856,25739547981.585754,83022146657.27669,30046430817.66427,74635243300.95578,41217165711.55822,31928440491.88202,95002929598.77574,83009006303.37547,166119047577.73663,56734291012.93805,135102502898.14017,201907555387.95496,234242800144.69897
2017-11-01,587895791362.8082,119668199668.96982,31074162502.58789,53818199189.337616,632921442854.6964,29527973396.215057,103240786765.79631,163179150639.78833,62670000321.36255,54353997044.750404,47337795316.713295,47109159077.59224,72859583117.32031,84201856636.04736,163122919020.3041,35687438296.06525,171563597904.9375,48790600282.2111,40100850739.1951,38706628335.38428,22446650082.886158,18066217075.237293,85434849801.43024,301280575069.069,60447050272.50966,144828231175.84134,74486037263.1676,263684473893.50964,222859906946.7697,151190493317.9226,62026964733.5495,66338949016.59935,39982408195.495605,99443749136.80171,386065692306.10565,100140929553.5448,63359516177.067085,569649043744.7402,66174526634.83588,31123151569.96318,78986156346.65991,64192255707.72303,119958622427.94037,121437665103.05359,131750705944.77501,167087334133.0797,48737113235.11505,26468573379.907593,84193728978.08606,30371112899.02359,73294131911.63614,40427546646.03064,33248094589.533813,104425108613.78452,77330355076.96799,180303344159.78046,61981930008.30044,135896699491.78831,224847915251.30975,234074263036.08786
2017-12-01,581014062712.0972,119408852944.45169,29692770355.534058,53347049041.41114,629005831055.4846,29716325728.780945,95425515642.94711,171727902376.68362,64235533773.96524,60680871281.32443,49297963646.151924,50821980518.854645,73745397110.85077,82514924835.20508,173229131830.9668,37271054341.86334,175966442387.3872,46473423133.70186,42291656984.89403,37924156529.89429,21375463446.312702,24607431427.845955,81511135406.00754,306290459819.85144,62380403121.056946,153421987559.7735,73619008818.64722,266041883335.6297,228019916693.3667,152796407222.7674,62333237374.068146,66615917344.22279,44571966178.89404,100123833861.7631,384496868112.70074,101952784845.29218,64415295316.92529,581828271657.7971,65814062291.73596,31569094631.292282,80830484945.39355,66455245371.45168,115729759860.03876,125848243723.68854,132807926487.23976,170596523838.96234,47471402088.70697,25956896203.695984,88966034266.30939,31247447240.274956,78588587892.1333,38400714797.460556,35713185870.490295,111601092590.70802,77956306667.64305,174798979714.26526,66075598737.56897,147024183727.8408,228362968310.69366,237233238861.03326
2018-01-01,574834194522.0947,138559276586.32428,27759529127.887115,55503599498.96269,780369149772.6907,30670282230.814087,92741494264.8057,186154898885.03085,70600984786.10028,62683254445.69968,48507346913.34675,54451459726.73567,77212362496.03986,91942422637.93945,173450472805.1035,39781532051.560486,179295864410.46094,43373711531.71803,45070336853.864975,38089004817.46777,20887315831.79978,25308268184.54075,76053594601.05888,343746621474.02484,65595415025.91742,162625918007.0438,76648043991.99194,263128491842.70486,246634212993.04468,158491241910.6977,65414292305.734406,64241861314.84738,50226166671.75293,99553768263.03969,407223272632.3874,108265222051.95534,69424166190.10043,646241741504.1458,66753723995.31363,34156357688.69185,113817887103.1659,72719968787.21555,147009705245.018,126247016565.34985,135814623314.24838,160310214289.50012,48234937346.10748,24544443479.38208,96246798408.41391,31786226924.15335,86476547790.74078,36021126171.2435,33972652090.36023,107496455996.65884,88712701037.65082,187738859610.63385,65779960612.928535,159407465864.34894,247815536295.8519,247614375276.01746
2018-02-01,611535888232.6965,144042464835.07867,26468014437.86325,52358270338.49761,813479482061.4358,29289502958.81366,92154474085.12477,186736621481.02396,69046465708.02228,59821260288.39363,45297819898.38478,50284947575.20961,75639344477.50616,93831155158.99658,154866978177.89835,38454838577.143524,170204881584.13867,41627723985.16162,39805916305.60997,32809814479.944336,20090001230.7774,24140206923.38276,66364652347.1468,320979824740.2358,64380913191.80118,147545167213.1049,72538890147.5393,247305418619.32565,247554702194.53918,143937653302.79242,60658808663.97537,60747808232.4131,43130465995.788574,91758856793.49213,388549714209.158,99074108690.45099,69074099021.14796,637807391825.4655,64111727016.271866,32208657467.966225,122694249564.91797,71451444670.04196,144736988436.22208,115154495433.16556,133137921312.97325,146902009480.87463,44953082263.20648,24378934503.808777,93966317754.17789,30602751526.77278,77144904588.01459,34384164946.627335,31922262727.490967,106030578727.1778,85895908134.40082,179318444814.1643,64178576491.084694,141547433996.0957,209248448079.55804,214825962262.55222
2018-03-01,578384453159.6985,117703702148.98296,27951739693.40973,54616745568.33901,778459703757.2336,28968896592.721497,88112466775.26453,174462013467.0909,68077546577.52292,57016457098.825356,47077678235.82779,55191320144.39308,74860461820.35278,93871514053.34473,159371381721.45053,37128145102.72656,165717127268.0371,43315354229.753494,41316982372.42081,35194277194.65137,21357594462.570652,22803397826.01332,63926212149.756485,301562643477.46814,61843428935.209946,144282963419.95883,69707731376.5825,245573743807.17188,235702026374.8201,144636997082.66522,58451180684.13025,61478029003.0383,42244662780.76172,91543220173.38242,348173819705.1896,99530916539.42436,66534049766.07962,623719028082.9489,69315023742.50497,32942198862.741165,124365933881.96313,70822556802.379,138596965305.8052,114545825135.04799,131336766592.61136,148323904191.4438,46664394665.72571,25124950360.497986,88233090878.68094,29946404447.874245,76671425557.3436,36132106483.921394,32501139290.937195,104131914605.8219,66634055096.97833,169676990401.25702,66588439180.60359,127764895902.90416,206830657562.96698,213784902897.8777
2018-04-01,569697228113.4949,120066493692.67365,28518192667.30252,51242184307.09818,842351625504.4741,29769766918.80487,87039940097.42189,174707956635.97644,65884515917.85928,55848130843.36315,42841474001.84109,60972026310.45053,78328767061.5476,97657039627.0752,174841713344.19385,32477748468.789078,165535622396.60156,44819401199.23083,46380041768.648224,35417331486.01123,21724416049.09187,19740454667.79747,66724175125.13149,296166058170.59863,58521183345.30519,150446308750.68848,69789732293.66989,242392747040.1653,233151490157.74908,145174610432.90027,62116349810.72388,64418016164.732574,39683495246.88721,98017609408.68045,374778756522.0663,108511550632.16383,63648758867.04978,639094865512.9866,69561180930.068,33247512095.33938,131570612026.67004,73121671827.83058,134593271259.7847,106712830373.96194,135481562915.2886,135339955577.07893,48453799053.81775,25555540487.096313,84256911272.85905,28078386871.611435,81145329032.21777,37313311998.056915,32920170839.654907,95515147734.23436,73587145796.42711,188058156842.0329,66192165325.576645,126667871948.47775,206871139506.30038,222782166077.11142
2018-05-01,644192821794.8608,124313040195.02774,27690920302.84149,52271306381.08372,876500064156.5613,29608349245.020752,95633193797.37263,169569476972.34525,67492789880.983154,59064870646.38936,41678830167.38617,62731387224.10093,78757818729.1626,104388677009.58252,173709800491.3526,35880794818.09509,164116704752.02148,43142022069.1409,46316669408.988266,33402321440.562256,22660627064.806442,21995002094.85356,66771593032.15126,319840054543.1691,55464141036.165436,151870961119.39807,71347802896.6163,229227764992.98523,230520837628.67285,144469079077.22336,63639494101.327515,67572590848.45021,45963179580.68848,93668178667.66917,417878295762.3358,109728090656.401,62121401988.173355,675450680912.8846,70367484948.51538,32942878951.972992,148051675601.96313,76767583350.14319,150925195967.19742,105983366587.06754,132965064292.15404,138159565743.99774,48035757792.06848,26829645397.40796,87531792578.92969,28963514305.643356,81275510101.28662,36326278490.4445,33737167191.479675,96192410916.84584,71291151837.40137,192123203310.33447,70714603779.2421,131616597040.35846,193026709535.8917,232782208450.2769
2018-06-01,640586479312.6678,116410001427.27676,28483295672.12805,54462338868.83523,914246707985.9751,28566436318.460693,92055516081.20274,165278709404.5294,63047004596.22244,52750506384.93954,42815103627.35573,65074678225.04503,83266772535.94482,110095227218.62793,178227149906.3927,33550503345.09407,172927242679.1797,44739262881.13277,48919300497.09686,36396729741.76953,23522780159.369904,22463529015.04223,64542724541.32742,328327426075.0054,54351795244.71542,159720744549.28305,69838477444.41815,234248261056.6788,224467568822.86023,147358463613.04803,64409256939.17862,68270556476.81889,46234105018.61572,91724706197.54715,423412876170.5572,111884702322.48338,58726675241.34324,676799873086.3727,70885266329.37474,31910495353.278717,164823293335.17603,85192800153.18306,141862474797.24884,116154889505.40184,135570975467.72166,147392816363.0899,49036047947.47925,28731939224.055054,88173694692.63611,31196722780.166794,79334462796.84561,37989583428.92155,36294177767.75885,95567430442.79164,85868364573.83107,195169996191.37518,70537104038.91147,136168965115.14252,201561584283.9436,239454405843.7951
2018-07-01,658512019010.849,115882303632.5036,29260679011.667084,56312773779.24209,956005847523.362,30328435981.784515,85265893465.14679,181050244866.91672,63861158736.89511,55911587340.77689,44268474811.863785,67458197317.89508,87143666189.39429,110700591888.42773,178001600004.55396,34920915737.263336,187363954673.73242,46176262744.011185,50692389632.25487,37191728223.29028,23467553367.98365,21474408706.852386,65211267678.111496,356831030347.062,58506355549.21184,161701984479.95743,77401672158.70789,255831395012.0652,247625128500.95862,158060228838.57285,68571843085.21454,79055577971.05087,48057907150.268555,92808082356.97115,376042581830.24817,122352541096.26743,62641764461.14023,728069459051.2136,71588970377.20761,31152037036.558075,142093391829.74194,82460844267.41733,146629138566.494,122695068594.99664,149210210809.46936,152717537616.97107,49345353668.17474,27845352302.46576,95726627139.24289,33734898969.890366,80497127000.05753,39868144805.69772,37577982523.79016,95150732617.07358,74648765596.91525,202151190010.9184,74624571646.746,140712869759.96765,209986488398.53073,235923206351.1684
2018-08-01,787729869278.244,121825549246.52847,29503355617.793518,56647065705.460594,1082547065636.5986,30720080938.913696,84212421485.99693,181343454604.08783,60850757265.46106,54317967613.5851,44154714988.23601,68917762280.45158,92889212352.17871,123235605834.96094,166991880843.63962,34682152539.11969,186308748944.1538,45961268888.28463,46550161708.68057,36925035230.3999,24135694498.503757,18338454864.994553,61910039677.82164,358162685793.1698,58599985834.19719,164362610567.8789,77115621323.66127,260020626926.7307,248169506472.98868,151077459273.98962,64760483148.1073,84528114263.57759,52861033081.05469,95570995666.42813,382906162544.64734,127404929180.07408,60855989286.95537,770965733729.8319,72682866186.7354,26353533072.51409,154822646831.17603,88132631299.6293,168079200599.6704,119505010993.08273,155151748296.72885,158047650791.24582,50518458396.5683,27174238572.10901,92877562341.1354,34871573210.91785,75299134815.32967,35914145149.11255,39032379674.812195,97026946318.0756,75530109390.82384,214317548044.86505,74988000847.63275,143635683193.61383,225588976157.7303,232044686647.66333
2018-09-01,783929054244.0338,120048592837.67572,29410813095.528076,55195944861.09781,1077324526429.4464,30860486384.880676,94862489934.55847,172724777583.18243,59868871965.89758,59653935857.06941,44513750735.121346,72643814934.47466,93818794975.22992,128361004211.42578,174029618217.96954,36257076320.24283,194491584732.35254,45790161222.49288,50227558758.46306,36842356760.77832,24301667614.860126,18168774773.316456,54015786002.29538,350975029838.5019,55439121943.66791,170454933244.31815,81068484185.41623,268516483722.35995,244400789363.8339,156568727641.76593,66133161382.99072,86330721565.11209,55811534751.89209,99167118468.18837,358349530150.64777,131770028020.4671,58039398941.97409,787987737499.0754,72083751097.78111,25648630764.702156,157538597746.365,91058277693.53076,168374809356.21262,119280963263.46779,166082788851.25632,158581157774.5019,50977155006.82068,25774490521.299194,99123532109.65558,34911686874.92296,72628620690.62878,36224047163.37711,38123577835.09845,102008885436.42535,66293532159.33365,212385676465.9641,81499160234.6414,130039959265.43266,222283588296.42072,248620838600.38416
2018-10-01,760036832198.6694,98813508142.77487,30439864522.9693,59515063514.2824,859498394915.52,28701663459.90094,86572350434.42912,162012632850.15012,52603312055.50882,47460248747.189964,39593629205.78007,65604702855.08169,91322345490.76227,110773224151.61133,158900939083.9654,32814500568.140457,190982260910.06543,47283689424.34811,41475033321.867065,32233767968.9209,24385159641.23285,15205902384.62608,48782940963.563614,317101076580.4902,55718495807.94896,144724222850.06387,73613628142.977,272053405972.29178,236127016936.25812,163677825511.29355,68083484506.11099,87239798154.08395,46284400360.10742,104863795639.9585,330742272233.4864,137662420587.94745,56905286248.67761,735900735810.5422,74191187590.9677,26384788670.443855,127073475857.67834,80654063699.8887,126320060501.57547,120891529210.33958,162276542695.1958,168965179225.65936,48827326069.93103,26515853622.796204,88063337585.85397,30176629933.599426,61659750647.46912,37412137477.69077,39583813802.285034,93199315309.04791,84458721677.5925,209345479604.4593,73185585337.64993,131697600820.33765,237361298317.7628,233005264364.6382
2018-11-01,620156160037.857,120935103026.41708,32257283343.863983,62830559947.584595,909067173580.3401,29914066286.67975,91964486999.296,167314867079.39374,54724481619.617615,53412199732.09911,42514174889.23336,62374651048.65034,92380838502.24426,115228698623.65723,169276113011.0689,37524432414.60983,192079967926.32764,50682759145.53145,40748910833.703,32790377364.66162,25821220152.906097,15643542858.626213,36224944693.88815,322645909402.2967,47144527533.215836,148377720692.7045,74594656329.61728,285482099784.6589,242513487010.09122,172292457408.69568,65441912082.935486,95445680512.38486,46096127746.58203,111746051405.42986,306381633959.42413,148378396895.36893,55702731726.487946,764011324201.7982,78152369102.23349,27596504062.028694,120483581944.01013,80740004997.4036,97920057007.78961,131175555663.75793,174223081557.99493,181664528601.98657,51000959245.07904,27521151427.86731,86383034791.4707,32523450510.820145,54197117726.34119,39323041504.14826,40051849347.51599,96778732668.24818,87753740994.38638,225373793219.48486,76969515072.28238,134295453564.65094,231136110449.09888,232478908063.995
2018-12-01,549696193970.7947,118266756828.28891,31291523064.573303,60424147175.53906,807842816464.1006,29761578130.15039,98499354615.29352,145163319466.87604,50225159368.618835,50026448759.52969,39836966804.254875,58764876913.51437,81561893738.98792,110555302368.16406,156343719208.61136,36141031083.548615,182367019574.86572,49919834743.99357,34398537141.59111,30182348697.151855,25293261551.13301,13507951229.114904,36563062947.4518,303836435589.86664,41467219191.48097,142229103281.7163,67533440463.680855,252389900461.2706,212916366657.93582,163145956594.82892,64203452561.01517,93565234973.65213,45114296424.86572,105910115692.41743,285638090792.6475,142898813153.35562,49754748707.93713,702821384240.506,75227888053.97348,29567679578.42417,112706236548.78064,79923237794.42163,80067343918.80035,118847570740.9761,165769437261.72647,176686071679.01288,44472466405.921936,26120958726.87793,75925941188.39882,30238546629.07218,43357690188.83829,36959946726.203064,36624978866.45105,88414393870.14365,83326992949.32903,200186712478.30328,69552588815.07172,114930005143.78827,220484669093.5116,201426843117.42377
2019-01-01,580014190293.9758,103000737843.60912,33125314186.54074,66383108342.13464,924428340955.8707,30779298452.884766,105005802735.18384,168664657874.35446,53480804771.40518,52424045230.72913,43290582327.76497,63797826690.54793,85934067195.04303,122662545776.36719,164765236531.77277,39940935573.87848,186915876114.84033,50775920274.88685,39127785325.46669,33729995448.12329,26785054322.38705,15250491615.210472,49140242892.789116,327367932729.23505,49152492015.110825,151922417549.73444,73416791134.36186,260271556228.75385,225741068607.5916,165833514553.2986,67425738736.560974,96912632952.42021,46970468879.69971,106631809937.13655,363208602700.4632,140171665113.08676,53080094995.07782,722611368592.5083,77461108164.98074,29227985188.103218,142956613238.18433,88267020390.67456,86214862657.07016,122165835865.72421,161212180019.36346,185431979746.9499,52770194227.05078,27684461260.08264,84190235689.16455,32395048399.722443,53707589912.33715,40898297545.906136,39705590230.43561,93123197251.60846,76872157738.93855,217126108220.31543,80038549269.7923,121988400666.25552,228066009653.2603,216462285397.55075
2019-02-01,603397399623.9624,102900517318.82782,33975227151.92743,67654404385.977264,881991547513.6599,33922947234.638702,107789007883.81947,172278452318.96494,57106490521.93259,54417506252.73349,44384701039.309616,63948626266.121414,87579626912.4732,132090043579.10156,171850183791.91602,39950682945.12375,189128274763.80127,51863436537.007774,37159658051.530914,36255466036.93921,27250551497.26364,16974481488.483585,52262764208.24646,327559840345.1311,48827315835.9391,153255126923.6118,78753217636.19897,267234031681.7414,229465281197.42126,156220467241.27026,71657194426.66763,102111595837.3796,51593159042.3584,109649801094.65494,351790881303.4788,153090918432.07822,53053115376.54973,775199995918.5927,81243710353.94403,29236555534.14142,150788701070.3318,92417314259.11993,92518281954.05006,125386185688.36472,166067939301.51483,190928327514.70874,53456910757.10297,27550289407.706543,89609487811.27213,33292673955.356857,53525367212.87956,41815567085.192535,39496293411.68292,98534033494.33963,80092060859.07848,194642037484.8261,84380883421.53139,125560680204.40414,235586467920.27927,233447217711.36774
2019-03-01,664781587735.5042,104653621647.16939,35362875145.2583,75685372654.97482,957786114993.8036,35754092893.44745,117712198276.56024,164285773078.72104,55064307050.92062,53684488477.176155,46183799158.02143,63188029047.853516,97210437445.26819,127828284301.75781,178803301966.3443,38927810704.8363,186094586444.39062,52604972480.321686,37626130633.13309,39018383652.525635,28327282671.05981,16961322976.76458,50250746872.699776,342196866824.8165,47850598914.03758,158842637979.07816,81665516802.8871,275207864435.7469,222583046723.88477,161457683922.38495,72769851683.6966,105485901449.0573,53743484985.35156,113985343926.64859,363208602700.4632,156631436001.1059,53331148648.754135,819580121285.5359,84226675613.12115,30650397925.054848,150140224861.17236,90778746553.86597,107803056385.04028,133956079125.63194,162696743643.73654,201583845926.1765,54899007290.06195,28369661829.56189,92451617403.4325,33186603627.935516,53542870310.26729,44027123153.90761,40171324886.24579,99293921910.538,70071792322.0248,198692062765.78125,84566672462.24495,121609414109.54352,232111805731.24036,241325469753.20407
2019-04-01,702298990430.4962,103095323912.52512,36122929333.97882,75009395479.90964,1036189284794.9866,38767237528.04733,125750273914.17165,182089838655.7492,62995893161.0625,55241664116.72381,49047562609.019966,59760689495.40793,98571392799.6211,133462208496.09375,174274434980.1917,40532549489.59085,229571945383.32324,53259622272.98606,37970044037.60513,39150976200.78589,28790658440.81106,16198130668.026066,51210344577.42481,348614051725.3152,51322432388.57446,169874321524.01477,89224674801.82675,277983862815.268,255169043166.04178,170513553984.0232,74948582956.66672,95145437592.55312,55545236091.61377,118589180345.2614,421408200460.99146,149237979531.2581,60976964356.11813,907556280877.6847,84714646037.87845,26722957950.48146,156026932254.60645,94924730087.82837,108667603721.61865,139967963971.27805,155571340478.95514,206291694178.8553,58931953131.68335,29078316356.705444,102292869855.59033,35045071675.87363,52449151999.63286,45339079667.05394,38295137593.27576,98027434590.42175,59763584334.026634,188004169253.56268,89543568412.1497,121835918842.6371,246065978652.64288,239772316258.06805
2019-05-01,612704964657.4707,100935885003.24608,36363607141.17865,80551366141.31215,954731132681.4435,38352789682.6774,99383772585.188,158390784680.41653,53949747096.329865,47759444480.89792,47205537464.45011,55822105548.530106,96182700219.37244,122210556152.34375,165260264169.33707,34302033911.12445,221308889741.3623,50039023652.322296,32436204608.589935,41827925664.65039,27168878375.745396,12824732729.77591,47534481679.54693,321730031423.7754,45482873566.45441,158324224333.0548,84435332003.6917,258198134183.04623,234765980012.45908,170756838960.53235,75069199899.40155,94251206124.94884,45989750381.46973,119009362772.89297,386697604960.1966,150185974765.98743,51747004606.70462,859468059000.325,86357192326.12418,29179423966.27736,144548288142.58618,83371203382.83508,81326611812.82997,139913312842.5937,159057397295.27542,200782768224.4782,56626032694.91577,31273854298.1604,90593865806.21576,32319009692.41188,42630290775.813034,45577609396.14888,35735521816.39435,98885758955.36769,46360654947.85381,195046182253.23828,84354239888.8252,111668199237.62216,242716238245.99393,211368793236.4343
2019-06-01,695342240533.1268,95685812256.24928,37461402307.40405,78884548663.75443,1018499292518.9741,42644143065.16452,113688667702.96797,172681680002.01944,60926493525.902435,54328808420.68009,48595530007.282104,58041189527.26092,106377332986.50092,122468843078.61328,182409486909.9709,40552126662.282196,234047087098.13965,52133694814.19929,36904701641.30806,43644450197.316895,27288600176.4942,15334206785.151892,52872040931.27937,314838870498.98145,51223274315.61017,173435252565.30518,90154637330.69116,276080120621.81775,247705285699.06332,176978126384.51523,83888967266.88492,90569854146.43317,49751547454.833984,125375554247.0701,420536698482.6482,158983640756.69403,55714843673.878006,934351058351.8663,89818851368.79489,33923610384.368614,154671044976.82397,90983830621.30377,98711900413.03635,143334644511.11514,167424846803.9157,213932853720.42548,61568408558.25806,31311979033.134827,93906438672.31155,35404506513.61302,48836208148.332825,47640409057.76703,35634547407.86731,108360406219.59782,55950269707.44782,196828825818.7317,85980455674.43907,120243906809.42732,265774628702.2848,231494343969.89624
2019-07-01,748462381698.5474,87659341162.28143,37376273813.97125,82003407596.52142,1004057804162.1494,43226430497.41275,115627939343.43411,183672443017.29395,61180800037.23999,52487153838.38521,48642989965.89981,56214329444.61307,110954294635.9986,124704634597.77832,180459902481.56723,40723738097.33951,239695465703.09082,51235647221.912766,34008883481.88774,43454909730.46509,25649234111.81084,14607779615.897503,52670914818.02296,354208315296.6707,55111352925.83505,179455411477.9699,89054746005.95235,258121365941.63098,257010798404.9216,184349383798.65463,79911747569.36966,89065680047.82675,49993137153.62549,127223025597.48013,423216748014.6343,158403965399.03836,56668649001.333435,950462926982.3195,90831636236.91335,32335830081.927223,136004580756.34839,93238135555.89372,101410654174.80469,140728481194.7727,150110358771.9821,230302191061.2251,62379829705.97839,32179496890.69806,96358686397.694,39634140320.538345,49820744544.20978,48433274859.16875,36178781978.1203,110106595673.79239,60494692152.88992,201751576541.64117,91491798604.44212,123013701429.4163,265510000955.72513,224636817422.60837
2019-08-01,733355433378.7384,87820475816.38171,38797953278.95386,89199342728.45114,955387284185.5085,42781422500.52481,112697281531.17018,164694536851.81818,55278312794.911285,47801567253.87934,50568955257.242775,49901321411.338524,118655035825.57947,125971862640.38086,172559000645.24905,38083403970.80316,231482727980.9629,54792358683.020485,29485545687.4004,48144000925.92529,26901528636.357048,12192851345.443163,41582304523.71555,346162890452.7704,51050535442.72421,191397289591.80432,85006321764.16754,254434488502.4275,245130156493.13232,192791026176.22903,78921640286.7366,92352003482.81995,55616105827.33154,131600242997.98569,404564936930.0678,165046310487.3072,53175895504.936035,961553268512.5642,96053478289.72078,35319709369.3954,123692206760.0,91579928831.95515,100683360773.08655,150550095073.96716,137395056762.31839,236094108448.7119,64709109807.60193,35093088621.22485,93935278854.67236,40693285563.33247,40422482351.39364,50208581434.52251,33221144494.414978,116312447156.30396,56488590511.00981,189590234808.26593,82345176197.0013,118338105814.43044,274842978658.58414,206873727189.36285
2019-09-01,789851978866.3177,101152528483.31133,40179071447.33862,85688552388.82214,933668710436.07,42012586987.48477,110077621687.4285,174632481726.2513,58297592089.080505,50737943052.60507,50132505565.76626,54491715703.17851,116234646853.76074,119813304061.88965,175636076273.20407,41468651579.00021,219778750681.0376,57244840431.61536,29497460259.925117,50141867303.26489,27720268063.015102,12697016472.772442,45060090000.36129,355063154127.8982,52207333112.26222,194848795840.96606,87810287093.3948,258378080410.1722,262601277450.292,190689384049.66922,81310239537.27448,91932564171.43913,54505786193.84766,130317459882.62012,388026705793.3636,160675313705.0052,54688240307.936554,972942907861.3501,102725404170.38814,33575423023.431046,112689386543.98987,102052156426.18614,104729903363.22784,150957501980.60666,140162823681.73718,244243369879.0974,65947264516.23535,32512215762.71228,99050460724.92096,42572753165.18263,42591315159.1471,53812428152.62864,35203796167.55151,124823091394.48912,60309416040.90654,176075836067.44788,82862754677.30397,129615071734.10211,286880216962.97284,215960532131.05695
2019-10-01,877276215379.1962,106268904219.54237,40479260742.41345,84869777452.57222,955586304497.8735,40597088610.724396,117842799723.24033,188438448045.7357,60881692261.43793,55353403495.65626,46783956402.921295,52789439083.99216,119865616027.6117,126310867355.34668,171993074608.19812,43007359651.39938,219104161991.7124,56289366375.43773,27546067027.48211,49270829911.78711,26102158985.107452,13028707483.951508,50356360569.248085,366013317696.8791,53756707261.79338,198201679801.1153,89642250041.4412,263690167231.9878,278733480863.49176,192048270889.72015,83253599513.49884,93675348763.44789,55323668655.39551,119386309461.91231,417595077724.7721,166508246350.14105,59020226006.00616,1003314410449.7395,105084201044.43658,35307585862.5502,121022557216.41199,97303778481.73312,120944462327.95715,152078314147.4903,149681265486.91974,244498628897.92603,68336046322.03674,29779853802.360413,104172752465.56274,44310910327.99274,41384622310.82823,54587770180.934845,34079705300.29248,126967252320.23409,78850172215.48557,205706735541.62427,84642979322.49121,132672996530.98206,283447706388.7209,206662703992.86
2019-11-01,942482901290.0391,118905297040.71866,39175558152.808044,83293641920.63467,968570143465.8678,44988793729.36148,127242825753.5782,200792117922.59998,65260889138.31949,58594102009.468094,46545032690.48721,57756009720.927216,121217625474.69397,131476618377.68555,173459164164.8348,41503317599.949036,255632785782.9004,52652596892.16799,28295665124.607735,49276909653.637695,25476717231.530586,15183166318.951145,56865345901.1725,379181982512.6996,55764581714.56819,186313631625.34418,92662689670.00456,274574104035.08722,296350626525.07935,188414079483.89713,86552699005.56198,96470402093.56854,58436176025.390625,118038889567.80898,439362756348.4891,167507372784.1357,63893861842.15244,1059369077671.3967,103091330275.26123,34125621320.564827,132496984811.50415,101584928980.26746,130402475754.26102,150592702307.66385,150266376881.71088,241218724610.82135,71287217038.4674,28152292178.527344,107626279539.64142,45147847925.493515,45828184802.28673,54004105977.950424,34199579165.040283,125567931137.54001,82610903355.36417,227824048190.86072,90029747203.78877,139945207478.45276,287871333937.81274,208375429352.15808
2019-12-01,1038694316474.2432,120003139763.08762,40841539415.56769,89438637567.86168,993870836627.18,44733701070.34277,127166390222.89778,212241834984.5119,66288120499.366974,59788411061.57872,47245076237.5383,62660546558.097885,118836254733.8302,131274830154.41895,180223123707.62805,42790020062.44513,243911916606.2539,55055681770.47642,33427991180.442963,50966325444.802246,26374684406.549526,17504670252.97167,56310308832.064835,389445953337.14954,58252734514.75777,184513934606.1936,92314903679.24483,293327612035.60974,313534359088.7283,196753109861.6648,89360681468.2315,108666642189.96088,59656618103.02734,120707308720.35916,447228725181.1657,174750987611.61838,66011605458.14158,1107352055078.1958,107339586440.65878,38613495546.06958,136248801416.82397,110369253384.74837,141673617817.87872,151523971722.00116,154318173279.0307,246831242946.7957,69410598018.5852,28456963267.22693,109197704737.8446,45266326053.85536,50892060715.20948,56050792368.94553,34155424354.83319,131278673984.40219,104742129200.99945,239310101638.4735,92991727125.20584,139572314591.3112,287267095017.5967,215995855510.42062
2020-01-01,1094793960907.8064,109810833708.86444,45037618209.74963,90588725774.38664,1080401011142.5651,45666957945.619446,124040173405.80345,198919362885.86365,70013300397.75137,53177198443.77571,50635416903.69141,57264600527.07893,123526251508.17554,147151465576.17188,160228270778.5978,39334541923.16165,234651008124.38184,58930906392.4161,29097836476.180344,51492819049.970215,27531722571.608433,14809592359.968819,62876264108.682976,416600388915.6338,60233937840.67978,193959232531.5408,90343429914.944,299360328583.89703,297700133568.81433,207594990033.1829,85623235300.15,115454686192.16437,57903172096.25244,130700586203.28664,439951073798.265,165289803156.1505,67483697440.45679,1195336319117.9968,118882075178.83719,40187160942.65761,145310441648.1272,104911280906.37918,142353985711.57455,158558315472.60556,146677134175.0934,246277873798.795,72764538011.24573,30187731947.79889,109518553050.906,43206796685.61168,43014221131.465,61946271273.2665,30530316168.683167,126374131828.7836,162890754706.0775,222636625255.48175,92287045999.21089,121775530810.66818,277993223684.19415,192285171512.17017
2020-02-01,966924924301.3916,117736956222.23587,38572809232.05176,88657668102.51236,1013185245003.25,42012994727.99869,110813440099.50797,172683588531.83853,61471238434.38391,50651529345.22323,46654897549.66965,46655742565.27481,113669106814.65381,137538313110.35156,139590318008.18903,38813657241.25058,199600112205.8252,55351444416.09518,25330700182.758827,50014565936.278564,24939952944.453423,13337899606.214066,54947284796.19621,389405245661.05035,50865070953.701065,185234902793.04132,84580267005.12312,270423641918.89716,262827663783.32217,190141397893.3117,80514416046.29929,104284569187.039,53325902252.197266,118606027972.59425,419381810921.7592,148110784847.4729,58529153627.37353,1137616329589.9558,112038117725.2327,39803643556.98523,155391097564.7705,97372469289.8629,162608584913.25378,147404959636.2151,132975913377.54349,225098055176.936,66027052993.91174,28212633350.786804,95219894758.0405,40085299553.886765,34773364798.49436,53111881458.175255,28221334049.739746,120417812660.10489,167252393928.76337,208344381210.8653,82200371631.62361,105976349974.25919,261457981556.87268,159226520416.02615
2020-03-01,901605230284.1187,104659633530.70032,34800799603.28265,85119941898.03899,1048667571134.4579,38186839293.51358,96375405918.7765,128634138273.32744,58412354765.57968,47308466905.746185,45819424623.6636,29887815479.88266,115525402874.15808,116213408157.34863,109630752771.11488,34269523439.926697,163887544915.43604,49296092938.860016,14383158576.474953,54760788646.49512,21458420730.271126,9039238802.793844,40099394455.00746,337852843347.3704,39404823103.52623,158764251364.91702,70156280550.62561,265368655243.39072,203792797094.93185,157295890893.75525,72922864543.90457,115288491588.69629,43058038307.18994,101633778068.18744,363448259042.7083,148845945405.32672,44192570022.53317,1110447047289.9988,107213977853.80536,40383364649.84433,158115481513.81567,90388830585.04297,158807884401.3214,134085694376.45172,129872346610.74994,218676908674.1324,62963885345.947266,26794708214.9256,69108176532.51315,35737014503.99745,17571857926.555046,48067331173.49787,12771711433.86734,99664347219.92458,131199957714.11989,203784619420.18817,72972822098.14932,75250270250.94476,275880907149.44965,119219006380.0722
2020-04-01,1041691020282.135,112915385191.7519,36162722660.06488,93035823147.77933,1330654404405.1072,43436919742.04666,112283677170.91933,146650565015.82867,67158748772.81763,47447078132.929985,48519135591.001854,40853137742.90257,122765714051.18152,130717891159.05762,139194390105.18362,36184562472.594086,183482797587.0869,51599988544.762436,19024047120.180855,59199891090.288086,21615818451.852203,11824665274.672518,34376155762.12648,391571430834.046,46753558073.01787,188177656789.81177,74408972257.90347,303636980792.6144,216763298875.4682,164556247910.79068,77920463928.64288,128519413512.68942,52415206031.79932,115285343278.95404,446052157299.6066,154756898588.71875,51250378662.52751,1261829854962.4702,102981036898.04126,53197520435.721756,176790378768.14746,95239238081.83264,176086426999.0921,148692478079.4347,152631803621.42148,234322254120.77112,70487582420.79163,25270093822.124084,75447607191.25246,41713656898.607635,21909467935.936356,50366828631.12171,15544424208.157684,104177458212.40163,195768353220.48856,240031534346.6194,82673930756.12234,76167951206.11763,296441636078.3432,145907519249.06943
2020-05-01,1127281242240.7837,129196158894.12657,37093876527.61798,101342014960.57472,1313642066033.9185,46531299878.36908,120406668131.66258,147077358304.66357,70717064450.17703,49425558811.1269,50245026082.52506,40930782235.910034,125267509425.77307,141081685317.99316,138740540063.5492,37945626011.666534,199006313057.08496,52191198600.10288,20592371810.511322,61166500973.01465,22332841674.529053,12146060346.800766,33213433976.264896,416815602794.4394,50085090166.66901,212702473110.85504,76480247161.94914,301026272885.04,222560702470.4983,167389057980.3112,85691745046.35681,127114869092.04218,65604342910.7666,114523177867.67537,490459016525.38385,157448649555.9012,57955818683.05935,1290275899477.1772,113870874939.14929,52294190895.45018,176739844816.69678,107693103060.92978,213884617650.03204,147860761102.71417,151955399021.11874,231982569283.37878,72280756791.33606,27626088870.24475,75110011640.12617,46183897422.34531,24058728813.269375,50668697661.793045,13432879431.151367,107982420128.14992,209068633594.64987,250191787867.51855,87884041416.14458,69403295071.70723,302563076634.41473,142767675603.6361
2020-06-01,1296928428924.286,136877944172.46797,34963360280.262634,101487251096.43394,1483846370994.4617,46494722156.4332,130468470169.06471,144821205345.0498,72783830110.18195,52046398599.64817,50891049891.49681,41183272070.14734,123131467672.9497,151203338607.7881,136985432406.47632,39200345556.25003,189183229669.40088,49261158258.832634,20467126571.83998,61824232728.50586,21384837051.48014,15493924082.01211,34527818240.29463,412317404585.48145,50687997178.67853,214440200277.6224,76378565444.63403,286566680764.7492,215127589135.10846,160217296544.6828,89829378152.30072,137090355230.45038,68005041297.9126,114142057216.92943,494773366829.73834,150836293523.69678,63331778433.6651,1436918455389.9856,107013495792.73877,55218802646.17949,191608183028.79077,107381303897.08891,228879760176.65863,148658755173.4692,131407742222.37859,239287031377.50748,73726388571.99097,26147629701.805237,72369449423.35867,45046481799.21735,23954528637.048286,46578666222.55012,15919242805.914124,105777958486.57845,270364553239.3906,242066932946.4292,87966155316.33122,68486028532.75995,293409816295.2856,143135313872.92194
2020-07-01,1511092629479.9805,132319062797.25476,38141861541.56854,103035363092.02509,1702140384900.4673,55504221110.83618,132288726703.33553,152769663543.31522,77433260520.83203,54671346298.54028,53628037744.26338,36645472662.32994,132195431144.974,157273118865.9668,128864253223.9606,44205144656.28641,198395542540.43896,52251717944.49356,18927848731.58001,69146661774.25879,22751956775.61648,17301770334.510567,30731778768.43136,432641807853.8855,50775217390.30719,228620235318.7781,78903552650.85918,297020274641.33136,221028393675.8191,170936147357.50748,104294402224.16245,125492192553.48132,74945451736.4502,120212049188.94379,552733308248.0215,157756482552.69418,64092304036.32617,1447509664958.88,125761500271.16684,62156612809.13742,205857520492.91797,106899434125.9627,255914327247.61963,155929326107.66742,154635166595.62015,262401225868.52692,83791437931.1676,27517262078.10388,66567677027.156296,50508808237.58449,23790226793.81963,49058080151.03777,14515423162.880188,103503581146.90965,358235975797.6365,249563198291.49548,90192996594.93654,64901223118.272125,316974709176.433,134685499826.95053
2020-08-01,1835040423554.84,135147653998.55711,34607765026.15686,98210544725.55544,1856117763609.1343,56594407116.40628,144985116270.23248,158050281303.61496,80016119503.45807,58989663206.04996,55384044003.19862,37514354832.2393,141485992688.75647,220069334014.89258,128848906592.26718,52667082864.1525,223725156781.68457,49538637222.42123,18463690389.081802,69525212987.88037,21750187120.55471,20904069892.957882,32098760929.911125,473808183415.38293,52547562160.32774,245455373477.95224,87450492478.7673,312608947609.88214,231380610972.3834,179222378182.5915,106264471900.63797,123905655925.41754,83205007415.77148,132116914410.98561,638867111203.5754,167645795407.98053,69001601825.86584,1592394632545.8792,125076047179.6452,60432040906.11482,222987052245.90967,122538453258.90483,322450077834.12933,158647794834.41443,153346582241.18787,278577022580.7687,80961817139.54163,29240878855.18524,71641283622.04935,52311913483.0853,24931223143.41461,46875134060.82686,16114665014.052063,106720524939.4697,623850801404.0872,257616023570.67822,100125426559.98875,64606923392.78351,340123216354.72253,127835989820.99539
2020-09-01,1649869721733.8257,123604325395.91187,36177554868.92212,95285746293.84987,1693561583559.6387,57678816798.029236,152156067657.37912,147918871062.485,75890002160.27884,61824950674.888596,53909659546.55754,32514420346.899345,144473086615.40588,202852875778.19824,112127543384.84047,55567954126.375305,210508992180.6167,55239381028.609695,14635749952.178917,67146402627.23047,21283093524.893826,20944251474.5345,31541847283.4021,426143252334.8985,51859339052.58133,239143212255.7028,87445648420.34721,305397232490.80695,222327631260.19696,178643437734.54562,101324411954.68689,124199197449.94815,83796139251.70898,136605462754.27179,570666116796.8562,163084519336.8703,63839018126.07672,1488662576600.9248,124981856651.41125,56991876721.364105,210552551856.40186,137792086392.38504,326211071258.5449,156994058562.65173,148923525358.6773,279906170930.82874,79976222802.52075,30661621894.594055,68080702654.0952,54424235278.26056,20406614010.964695,49281085752.31068,15361776884.454346,102066502439.07498,537081006653.0348,256973022523.40027,102943879283.62813,63153612384.479744,344128667098.85175,112047767429.801
2020-10-01,1550857588044.7998,120090487308.55942,39807261637.45441,90963076713.11453,1633009838180.6216,53737274195.94351,147352143319.69434,146537880542.4675,81176792972.72552,65099640477.85112,55125486739.57924,28336257106.37049,145539368385.78992,187476655654.90723,108234224481.69847,56835714128.72626,205707711384.03906,57453681239.50189,13943462289.896145,64594397877.941895,23741122903.263863,23220797388.675735,37628775830.70303,469906061892.16284,48780865311.38315,230882036034.60995,87626261217.3278,281253492006.454,226415403046.93906,175310993228.34622,94107459412.65564,109465162765.08157,79875602188.11035,132566260363.4083,573302671651.5165,148942686727.24606,63574968045.99079,1433031040890.9563,131862260325.96683,56659329376.56325,200324534696.71704,131799220622.73193,302276567481.04095,152064977228.27884,143972972464.7063,276099954809.59283,79295235934.47876,31824363363.848877,64270829286.885086,53739977233.12749,19723184785.324596,52216861735.329636,14917645848.453003,96732234852.5389,485790355229.1362,252544709979.18835,92653170355.14018,57619935871.77652,341275502161.3263,106466570714.17134
2020-11-01,1696027678303.65,149589842746.10727,37576315603.11804,91576992631.88745,1703947571406.9731,54495950174.51181,169246561049.45993,174114214362.82483,94607574409.80396,72395211987.63144,60172286187.79335,39649413406.434586,159743642055.1787,198397401306.15234,135767806336.42459,65819822929.63599,251107617615.92773,57796759008.917,19283030590.898933,61639577123.546875,24443421193.40098,31322632069.810295,51625476134.73469,510115762331.6199,59500060966.09099,240144726012.91486,108328239237.66478,296781668662.2723,274760415028.9469,188223971551.4337,109517263291.15631,122210604317.60446,78994331588.74512,135329607331.22649,603502721674.0411,159200978973.877,82242481389.25497,1515133402866.854,132546687099.54419,53034718476.31613,206623882483.92627,147846019361.2502,323197605912.20856,164546008252.1292,163851334184.0302,281217304759.3762,79974693470.01648,31183895673.880127,84858322058.21352,58399386856.675735,27446119961.070343,54398246812.133514,19976336795.628296,105446463584.38756,710582944931.6404,278367017887.4806,106714007106.6394,73468794123.62024,375809013258.914,124450392539.14322
2020-12-01,1893609550040.4663,153265920811.4379,37161682097.0202,88907334920.49454,1751757585002.11,53149794867.818085,184532583505.9974,187407733658.04733,97749186690.36072,75910929654.01231,60080943777.086105,40080392161.39043,153631503168.88513,179615025466.91895,133451422215.86334,67689096714.81607,307382447838.2656,57682637666.32988,20512907463.403244,63310410575.015625,25355283864.733093,34844583545.70751,54769656695.617714,509604098156.6504,68049118183.2708,229938490639.1902,113522210779.95619,325076514059.09503,296180887882.9311,201611210326.60297,112545456156.26633,142396608474.69794,81371947448.73047,134343359803.25362,595200934834.2001,161993249337.58826,91154407754.07005,1578353988697.9302,139610475492.04828,53999480028.93565,227690516643.24976,155276715709.0155,314841262048.7213,169189320805.43085,159054940488.3636,281764047263.86194,79662951487.0758,32082764047.71826,85224619087.58167,57511734207.469086,28819089382.976456,56402600927.704765,20631976473.115845,105483127744.90053,883433866621.2786,290235307895.76135,109390844154.22873,81443078688.84834,354557617143.83496,137781513388.4107
2021-01-01,1883191513678.5278,146586044230.60083,36108470732.39758,90560033995.41808,1724472187422.6858,52150895167.63855,191481768904.6139,184469572305.06717,95484299672.50763,76252908799.83746,54804286481.957245,40120485478.034676,147466947491.57922,182060690734.86328,134636622828.4559,72866640665.17084,285310263103.9346,59219846857.394455,20961246081.877327,65595767478.01172,24958920687.24383,36036425547.04865,54210934131.97418,531329874358.19574,70355515694.18857,235718240605.74466,104272824468.45937,336953332361.5704,299910293007.39954,177016449964.09756,105201911205.0151,175398129688.47842,84586081283.56934,130123614595.16101,562887204336.824,153831449320.42426,89185804147.99524,1646052536891.9248,146342198315.8871,54098768984.391754,224178696150.0166,146922683485.1173,313360250051.4984,156917019345.18945,155122886250.92828,259630436120.85513,82974610770.87402,31912942501.12628,79527886806.9353,54138080604.2802,29498100060.326836,54098024801.11754,22837371560.706055,105006354502.73378,993426557795.2009,277075999492.3533,103743194324.15857,80633513673.76445,346818416737.5668,149881684038.41638
2021-02-01,1730492293346.161,155912308807.16272,33404006534.07367,86087016933.66039,1663549320455.003,49973047749.847015,199714789461.97934,215950717528.26498,94563839052.55151,90511145919.57596,53131808284.99878,52127548478.939415,138500022075.72803,174747901519.7754,158024175379.0409,88085885257.30212,320717385517.6123,53921552230.51866,26721009293.761063,57473864417.99951,23181284676.17116,45410462650.74975,63652160208.87516,587897976804.958,82889639892.76126,224855791204.6967,107998176119.32825,327307310999.7039,345501360427.23517,180104575495.70917,104717510402.4147,172800519193.92545,81271288284.30176,129059276037.79396,561340127482.082,144949271286.70865,102773501773.73442,1649032819998.4963,132969259590.17839,49360595451.03578,226898871613.59448,148231506026.69794,330843841989.5172,148437481189.36658,146283588494.4634,251662119366.60892,79654017339.98108,32799028521.60968,85796640011.28914,53241264171.24275,37068531872.062195,52078077752.72559,27749879333.348022,104702286486.56552,845663844056.0995,275946389575.28064,108203526440.3649,97607541162.28415,320725034122.45654,181736588997.1586
2021-03-01,1745798756721.4966,156606910507.49637,38148466087.96985,95220286952.73427,1664167801722.6245,55001262993.40793,197075307313.19943,240712524828.03625,102659996498.8711,97215227532.48642,55696563007.77786,53577307379.35156,147779066271.42078,171010814117.43164,167934315976.46408,94398620839.56213,313048976930.36035,61446572120.90897,30019748875.26306,60504308733.65088,26268118440.161266,44098090985.28189,66646966800.61609,599705931630.0264,84840723976.52765,265685707936.94604,116367384446.4817,341590281067.9156,357380366895.0437,193780595162.84888,120094826650.26123,158218582370.33005,96752255172.72949,141192050411.56763,641765170266.1329,153871406463.6128,103829702094.07812,1676942610781.1382,137541641283.09106,54706931653.26929,219660517553.68848,146450001773.0588,322008564587.5931,162524041622.18478,158251836398.86847,275905383764.6171,85225859348.90747,34596433120.959045,92655964530.96158,57896233028.90996,36281688084.950165,57675119275.68326,27958762981.634827,113637096562.19801,836186853447.1628,309046324181.0819,116329405304.58751,105767122311.97829,335314562568.43713,189785892210.8643
2021-04-01,1878859891108.2153,161353440830.3196,39954545928.0379,101477753520.44237,1864970843664.983,56698041163.69327,195420149357.83923,253412721455.95386,112217422722.9917,95638773880.71085,57017767914.42192,51726327172.282295,156000666332.80774,185902740005.49316,165177878588.10764,93797943723.27118,315593807713.19434,64094642874.019135,30479162926.00731,64169694802.17334,27251222852.70349,50499198308.96414,66645315094.10164,684312363031.1448,90761065928.18362,283483577345.66595,119567798732.59308,338223167229.4971,361089676501.5991,200101294116.39502,123065289595.36194,154788638169.03543,99840297546.38672,148713377662.48932,708331863900.4838,150008216826.69525,110367554399.4309,1793660598890.0706,140997898233.63654,57203311169.43126,216211872531.2295,146152433119.029,362208953186.98883,166960418161.6072,168822367716.1512,271810544451.5738,94273867026.87073,39746470609.460815,99814689597.15527,64454578120.327545,36094868612.441246,61395801181.82178,29917376545.510864,117916804025.71275,888153564967.8965,332425388853.05115,117216079605.87477,121955644273.8904,346828586554.6022,194578993341.92215
2021-05-01,1780957892580.719,165805294503.21088,38733975108.53467,102280192057.26965,1733545872261.89,58895364986.699524,202329690146.37927,265042300533.72446,120125923651.6029,101533551468.072,59527230014.97299,56379080583.48389,158931418637.72095,192182356521.60645,166331717371.18018,91331895891.80829,303090162345.02246,63795460216.3095,33438578976.72985,65590614746.30469,27360374708.503963,57335822483.53204,71420187686.55586,685286394832.6648,96900358700.11304,279314632741.66064,123786731897.00919,351774561668.87256,387846480406.35095,204957441473.85126,129420081797.11487,169160607011.1247,99410234069.82422,147333856208.1977,716285023141.7904,152807072911.4838,122114771522.7833,1775879100694.3416,133193999352.11375,67349770110.97612,211723153333.17236,150384293890.3335,392011975088.1195,171338243644.44452,169171777838.98447,276481546434.41327,95333673112.80823,39933062967.94592,106373884089.38461,66728039503.20999,41806002679.18678,59308132813.50146,31930939307.274475,112998929448.08945,782717875301.1486,343361755529.76135,118609415877.12436,126476551736.62027,352084044421.8633,198420229012.9565
2021-06-01,1960792056909.79,164985049828.90463,38421585460.30243,108157727149.4584,1850308832595.0344,56540796034.50156,204261637919.2436,257789481151.0086,119842382858.4624,91657333735.91386,57800667977.85576,62077564545.0589,166242119623.69226,197162465377.80762,169908850077.38318,89209854017.36768,298204077703.03906,63445506735.62996,34728841438.49655,71743927492.8291,27110046952.09925,49806483142.54059,68372411065.89718,709983876123.1593,99190357406.79034,279297074870.3986,118088717221.98784,344537153064.2136,367301583373.5409,200583252109.72913,124468882227.10236,195240355668.34732,98971456329.3457,146310682670.76813,757641424389.3878,164108933432.34055,123108360355.52591,1931257911129.4902,133303131160.1875,58092383270.17813,222418585449.39355,170597621175.371,482700052509.30786,171604585779.31488,172735430618.7415,276645489239.6576,96700882145.27893,42507365182.53998,102912825895.36633,64246020185.07703,42713366327.49057,56713633924.13476,32425467243.81476,110503202096.17134,850921834552.3801,333792510902.15137,116633554683.55554,122872846607.50696,350953160767.528,217555017458.62656
2021-07-01,2088208276701.0498,170345870636.6416,40024929387.64453,113768569454.72798,1789762503851.3228,57498378029.270935,209556044650.34116,240854541103.6525,119329430409.09283,87075098521.7389,56486202946.99173,57143967373.012085,180548276485.11328,195273714111.32812,165155815905.71274,91691695475.30493,298628216166.8447,67552221567.26843,30325305646.017227,73335953043.00293,28633498816.217373,51135166536.74702,65831823765.631065,783471564969.1653,97975072319.32855,288949643922.4378,125862628477.55147,360138847248.8322,358422717116.1511,213000502211.10153,132809208358.61938,207132413649.0913,98318348785.40039,153734230802.6969,776358544507.9358,163604084679.543,128868340439.07922,2031136217204.1245,142456415371.73615,58010556725.6566,217938299285.19263,184975066719.8865,470657278617.8589,183101260402.3498,188835679882.39355,291612678556.93066,104105447774.62769,44474752045.4137,104891208978.54611,68627324963.64453,38624160287.64231,59862825811.73877,31441374364.47406,107700298921.96161,860311144229.8801,344870359426.4696,116013089225.71318,124636298547.44313,354760861696.22876,198551750888.31323
2021-08-01,2173678487076.1719,178880008899.98584,40683536747.35492,117538069214.63054,1866783446806.7942,53246718185.81354,214654594364.73303,262139521428.59607,129804124268.89874,89286876179.85045,55683321349.655685,57036491072.94082,191734368861.73975,214112588653.56445,156979905468.38544,95860545179.91083,307586051259.0117,67263037240.55838,28610206588.353767,75395492682.84766,29991750403.380814,48942869097.51268,66981976661.92001,841455489337.3987,108071072899.79471,287180011334.495,124850519999.91045,362083948791.48517,379892375947.8552,210311368636.51196,135920006580.36987,219713443101.26175,104466287658.6914,150408862598.75568,826648645249.4652,162369624710.40024,141242948013.62726,2152115557893.2705,153593253931.4312,53550336068.587296,239674436018.09033,181916303286.9422,540318108655.92957,182447970340.8969,205056171363.97415,293776748458.2762,109487965532.69958,46058863846.57971,102249337311.00082,71607959496.27841,37565787511.72943,61606138062.71692,33774434177.872314,107847929652.49994,921053742754.8474,348258690319.06714,114994873239.6609,123985174778.03839,368572991113.4266,188032657228.50006
2021-09-01,2028823721370.1172,159759806430.48175,37180694556.1767,106772687680.56696,1766876727263.7585,50599282813.82016,209353143716.58316,266534716709.56284,115406200213.34106,81284209952.51596,53990330487.27974,69608555208.00468,189149800160.57153,218915140869.14062,166790596853.4983,84966808889.0166,287006816959.1572,63301241703.866234,34012764251.587982,70876414545.76074,29812603888.132042,43751341306.38855,65469622437.08197,777362550596.8503,99278405886.32465,289011233404.993,114738185468.75009,339768045442.74304,388775126384.6992,195969421381.37503,126756152522.35565,197176439796.69696,103938552520.75195,153558057093.45694,739512588211.6194,159858232053.06403,131613053325.77849,2013667788720.4995,144247157197.56226,50142844673.69853,257001879028.49585,160636740183.19962,500120907711.02905,175471604128.0687,191436199127.7476,288433133275.7672,101983331765.35034,42285733854.18201,104319347307.71594,66083405885.16293,39885629447.09199,58671252244.36809,32649041947.349487,106235355982.25325,970829634453.4304,326899809058.9867,104453030217.27689,126459461444.9515,348148143083.191,205933309413.60944
2021-10-01,2147829045307.495,169830857107.34512,38797434379.95941,113963724736.25551,1813879990479.2883,59576454741.14484,231213795797.81213,301538101088.7447,130393992582.69104,86382193489.45203,54426072003.40256,76510870396.77248,206909320838.63855,241894704254.1504,188229233541.8128,87060956383.50458,286837156274.22266,66168246761.41634,39178015895.37735,75087045106.4458,32803734372.87983,50731664435.35732,66690659412.94302,860927983832.5801,108554169158.67105,328956607709.5471,118164984552.96123,342671390948.0951,403500623100.9386,212124426823.11627,138379105047.65625,217410381041.3963,119801423309.32617,156385791486.4552,705041682562.066,189078162574.651,139011281093.17538,2368659371527.7046,156757654700.05804,50340885029.05025,290675625733.17236,185037003755.5143,617232515794.754,189818291837.39136,194685402364.44336,295014651657.9531,118422304683.13599,47574847740.11279,107838722877.96506,74795932635.22598,43411283087.55204,59002608517.27646,37236570118.941284,99352261196.48708,1394625502303.199,386589379274.2993,128641172497.25671,139402392265.12915,373226426169.85547,225714401857.26056
2021-11-01,2370068086872.0703,172804205297.9718,37121141556.38214,106086487815.1755,1886296793424.997,57118377461.65167,240785557944.283,280648795541.6142,125024586855.26111,82320584082.72144,53914726663.312454,72465307424.06483,227414463616.5432,230005407623.29102,185565848403.44696,87882464007.7539,245831310748.88867,62925028478.175896,37033636658.919525,72856141020.06396,32520035957.562347,49975528477.92301,60407599672.08601,825172776767.4119,100055771327.41553,354503918987.5168,109311534753.04659,328049685606.0406,379505511674.2176,197373196868.17444,137919579681.687,211675592277.1206,125773347747.80273,155780751340.9005,706980982219.6575,160861409789.00894,129132613143.13606,2361302573340.015,159421435078.56805,51198546781.024185,270291167792.58984,187193854864.39496,788856341995.2393,187680463980.42694,239150585378.80267,300144313307.35016,123152309610.44312,46887397133.58032,98202886088.77112,78252128033.38852,38593787936.66859,57847548902.630684,38826838501.37213,92116857821.89145,1433134165080.9836,372946621439.0255,125571712510.5468,130192487783.83707,351270580489.6833,209504417683.99524
2021-12-01,2549710524012.146,202963937834.31735,41130914855.59827,118219634035.45125,1793392962629.7874,60460728389.34973,289374913181.5904,280774975080.4337,126537957177.58795,88021506252.18878,61331404407.87964,74583607391.58119,239354773119.30835,205120971908.56934,195161109546.82782,87208498199.92664,262779944175.86328,68706573787.4157,37812610760.40436,76147665101.6001,35873362702.10913,56242676174.90307,60076928027.89234,842354100103.8602,100465448838.78653,367246703811.2584,113187564660.24017,362259009766.88477,378358574810.54364,224539379150.98053,150183748439.37744,236489532405.04694,132915876892.08984,171674850669.13586,732888596821.4725,164576359461.0766,133681302217.8577,2406625591683.1123,172269042223.96692,57817435818.16145,253675344336.27466,184351212151.5136,710033592365.2649,204042934744.1722,265136819109.9792,339587836556.8751,137538491517.0288,53644520908.730835,105053348956.40002,83331837330.77286,40473420414.05852,65616252496.01948,40587305900.92499,99258636052.10106,1322991327475.451,421573586032.3087,134252603067.29309,131242244941.155,361411709533.73364,217109949203.33185
2022-01-01,2509649066240.967,205197514320.7715,41792008779.29004,102153567189.33405,1608978525296.1543,56339287274.686646,256418701020.893,292589613872.29364,114261728533.69702,85816053862.39847,59254454299.64012,91825127775.45178,212973901603.67798,187767259689.33105,218410831111.18408,96022842002.2771,242556989365.25293,68811374853.57431,48557328306.710815,65259900867.81836,35991365130.35065,50164216984.37336,60135895940.466194,786826861621.3567,93637775408.15039,326087554170.65643,110999916328.76097,364842463112.1959,355062043280.1842,231365489800.3118,138615287653.31085,210094049379.1594,122050396774.29199,166154488145.5731,682576849268.2694,176629736493.7073,139646264826.8381,2225297926750.405,144147978286.76196,57586702310.994736,179860051280.56958,164072378764.07898,591207626735.6873,205197042284.81836,236580134841.05106,333090101688.94275,128620477101.92871,51639453961.062256,110094842979.16315,67797029698.160736,52797885103.56492,66486923849.96527,37790092365.415344,102890051182.41019,1172687184804.049,398042009194.3479,130941965206.49129,147161991714.96494,350628364133.3142,269515771749.44885
2022-02-01,2370942344924.988,223805062183.88925,41907582114.52496,92149406418.44568,1651894034401.0557,47189046488.3927,257101419135.19354,280287393086.5099,103285963536.91205,80251455281.40541,55602168117.09778,98290780411.15825,218927166049.04883,169929228240.9668,239481862789.04422,91844158374.71509,251871077449.60254,65765749999.32675,50423673760.03723,63894210261.78516,37059070086.38721,63488993723.930374,60791480146.13928,785393504085.566,90102718983.96835,280637102559.76733,103003893875.54005,348494611005.9939,340845190084.9963,236029937196.51678,127549739622.68646,213998193836.78793,114048579574.58496,156753262740.28217,459823047968.70557,166007656175.20752,124437365293.18979,2138069586646.1655,144424813629.31024,62322057750.04877,166124422113.1189,151307373525.7753,588769071046.8292,193631607970.39923,212364867543.53656,325371003581.4203,119623108112.79297,51133908135.82068,125365755499.53882,62264606899.36961,53027615395.47601,61970894862.16096,35315258178.50293,98175595437.14319,1089698272047.4612,400821538569.53,131691589741.44762,145985773403.51605,338966650117.6651,278244219900.6783
2022-03-01,2510402976543.457,245523759774.26303,46526106958.065125,102039816655.32115,1753381919031.9358,49906973399.566925,275588341990.9056,261390186600.33496,106101739826.1535,95328041560.39256,54792894626.69861,104137907544.11955,243158962667.07275,171374012924.19434,273640623532.53204,105987383854.58948,232699949993.22656,73865343816.67807,52314787057.68089,66765142617.73486,41818761574.08179,67261826113.615,58239127919.47142,808715602728.4287,87148512437.35217,265975732323.425,106207382833.46298,377712603688.63904,327672915403.3395,235119789109.9393,138941504383.2669,246203113047.50348,104313231628.41797,159241626941.2596,484510499484.64655,177865364745.27295,119857015479.68697,2210754127054.509,157173639661.5616,74795879780.27951,157732300518.31152,149102321712.60214,658812973999.0234,197936127321.83966,234216664850.2083,318921662753.5276,132442499538.51318,56212434625.26306,121607017717.51208,59204911680.60951,55998779009.22595,70090387840.26637,33774899303.90576,97926964320.82158,1349056060309.4387,429543683923.61487,147004228622.2485,133150345654.3614,373475298289.42596,296288489925.8772
2022-04-01,2266564763390.564,222457214071.72623,46218320981.71161,97896811923.4145,1336909715410.5278,47044764109.7059,244277372117.71783,227365431341.15448,87311728522.49634,90074329917.38786,55674426423.01483,99769785543.35922,224524583686.75452,142009946136.4746,263288575915.76257,96561770655.14453,189386806593.08545,72873052586.8613,51673883021.22757,65015555440.88867,41072464131.64404,54834476873.24692,47493200956.73267,663577930576.8892,81126698664.34332,268537325322.91968,105623340220.95695,384596437608.196,286906080637.8107,246893170248.99274,136236755688.10272,251155287695.75903,102012212265.01465,160452292671.15662,436813425411.4552,193969516116.75085,110518024136.30656,1989972650763.7676,131772763810.0361,69071988172.22629,80156757823.43042,138491998688.75775,447888555526.7334,204392113850.28253,222001399142.89304,335097246276.16565,132141854107.69653,53806400360.24805,116500671813.35907,65215063040.816986,52880952100.4539,70941041239.91533,30678965995.63855,103482820471.88937,1090111346657.7848,429615214706.9011,126062819585.69221,119879267225.70775,385166337807.33234,305831241585.2663
2022-05-01,2139901781567.9932,225096282666.64996,47580011571.74432,104590249930.3707,1293106780888.0586,49474683508.87555,255619035822.1984,237051369065.4329,93517554007.91766,92788952350.88521,57280134673.04741,117358998217.87808,197186770771.1477,129337678207.39746,293521258015.58264,91505419707.52429,187367929232.96094,74434249445.33891,60980850570.80879,62123187480.25586,43153310801.31216,53012306789.69614,49875821433.965836,661557174695.1005,86799136430.67654,270638123097.94153,105683373671.51651,382614421193.4749,320197628056.297,242192976062.0681,141791738402.937,269476344566.39996,101166226730.34668,162416407279.27203,421931108349.7967,201274258495.52032,119143583872.16849,1949459480416.1162,140437640019.40936,64331293829.082886,83138003952.27466,131994997662.20972,450907079542.16003,199678394042.47284,239962375259.1056,310384271883.8082,105093553062.22534,47888427904.096924,116758445712.62888,63573786078.071014,62302186752.141914,73135284250.84328,29807987809.112793,118500183632.29895,949271701495.2848,419672130972.0659,118255530695.85881,125759214760.69557,323837757076.85535,344396434367.64624
2022-06-01,1968538462856.7505,233940046411.39655,45092999261.628845,104369744082.98541,1142512583349.132,48333084822.33826,214059401435.13885,198371208757.6106,85125718638.33618,76844806325.11024,58246787925.88623,94226934477.08762,202710482794.6388,133211994598.38867,245308629365.28452,76592106562.66315,160155142332.1831,71562920302.93652,49172932162.89848,59690670726.74365,40075052432.09734,39691412619.96494,40561931979.29001,633649602375.0717,79360444364.30283,245178890257.3513,95357194748.98465,380740321091.327,272687469340.34357,240396970637.42786,125567874220.16235,279692210094.4321,90479799911.49902,158984055557.62128,351355096805.3108,199393380324.4994,105201523036.52477,1845903001945.4736,144540413627.21878,56575507360.642944,73634231803.08203,113503488852.6842,366072228742.5995,198380948510.05127,239136975103.34418,301799766111.6714,96989769498.74878,45285735043.39917,118678470322.0611,53230011722.1035,48651932299.62154,69569035164.1909,24678365141.836792,116663423828.2234,843059835008.0286,433906784560.39844,115436253571.85349,108213217001.85587,307201454290.09863,310377363671.7134
2022-07-01,2339871558855.652,219200404224.66025,46324437901.67175,111251996175.52266,1451671885560.1072,50225377966.88394,237901254524.62097,216690022423.22153,94201165307.98718,85223116181.89064,57229249831.90018,103014885704.87277,228941655852.90088,148531691024.78027,277501349836.6816,88093320461.4148,180004846285.64355,73378518478.19821,50201023233.706436,63935215411.771484,41109634584.28178,42797808479.674225,47141693930.3627,676432698949.646,89078115573.04404,270719035367.7608,105589132079.8586,374327124242.22644,279346670141.0103,246983407097.1913,132371680046.36993,284402209243.0541,99213349914.55078,170543110760.97836,346670371563.759,196990185694.13257,116598606805.41983,2017750843452.3643,157658379969.37802,43282629841.41861,94700857930.9447,127946550317.03589,438708064382.5531,209709217155.55283,230379741220.23096,291557231494.1687,110067241119.4458,47595773084.70776,115097510123.00162,57516276584.094864,50379782866.83606,75012800651.70235,28679676170.50769,104529521622.49641,1116013325344.5308,459794415233.5902,123024478447.9608,121197671160.4664,333656396669.0641,351294644466.9049
2022-08-01,2263703983066.162,207298317146.28476,47095256131.13306,104359080636.88708,1363678727090.8179,51079230774.913086,221742888094.4697,215408234846.77927,93808390343.75409,79955608425.86975,57190739744.562836,115723923332.62888,221202282148.4879,126012190292.3584,267809693612.64423,93758624517.48688,190150292923.82178,71362662238.4363,55167075578.32741,59722459951.211914,38828232186.64642,40381717631.814415,46841911187.99717,629328862793.68,88885741349.04721,259456315189.27667,103882882600.03178,346057458093.96356,277835683447.2297,237515168754.18005,123982308527.59827,259851616941.84473,101136942352.29492,163361890921.29156,355015720098.91864,188214500371.91425,118988721824.5155,1879252293964.234,158721995421.5734,39535554010.755356,94136615682.8175,118516453613.63708,364579667272.56775,206484956977.39685,207898044711.34872,291400839154.05536,103383147589.44702,50198482017.098755,110825022558.79193,55177016598.954666,51903556101.425896,75188425410.77492,26921517082.59955,98927995962.2554,1035115001070.8236,440286632027.46387,121514412520.49928,120755646642.68109,334919761163.8245,346438233214.5525
2022-09-01,1992612046945.0073,206912896101.89044,40951745259.604065,88194817670.13242,1215553366268.0,47089204427.88513,197263289591.86716,193553375639.25897,77463480174.63547,71025482160.74542,51370020628.99498,108692967480.28015,200090387608.46997,116100410751.34277,245639767132.11096,85708614752.10693,160036369253.9043,62663251830.96975,50814668418.69461,51904562042.368164,33371509816.757034,37284874648.71047,39487793402.80722,556230983496.6061,78890879482.18927,249849192724.29092,92062016757.13416,352744339233.39197,255287285765.84732,215614941734.00836,118165823314.29337,279843654824.7907,97839338195.80078,150231713158.203,295639420420.8457,189890250761.39764,110317987473.15204,1677465149294.0996,147022670980.79544,40175994447.6057,99139043177.55115,92541920446.63593,293204710678.1006,195685472673.7353,201141216937.47833,266705470669.80334,84360527452.11792,44429504871.719604,101670971958.14914,48791530201.137115,48842396112.055756,66924024805.18497,23692943684.411194,86519705620.16092,996205756782.75,428171573288.31104,106038044103.28255,111878722680.214,329145855131.39813,319504330378.6643
2022-10-01,2210905833763.733,225706313610.766,41648103558.958374,85109861386.99403,1101958316886.3142,51021083579.791046,210614655076.67404,232504141111.21777,91604710086.70056,93699270911.52452,53995196140.356445,135842960617.70699,212474514262.7113,131234465011.59668,309293705557.0985,101938865757.11969,180751347999.94336,62771038716.37986,62856217289.82582,51685589003.458496,34378183879.43608,43232996299.21871,49690798464.22142,549601537142.16174,92744227387.46951,268130177458.99268,112490213623.33289,375654663850.47046,307517376696.2377,232035684681.96695,130874850383.85315,313371313809.35065,101558890777.58789,177525238047.03546,202990647594.9288,224939759826.97095,114730141868.20386,1671919440121.6157,145316373640.7093,40993750843.99478,122904786278.73364,103481952028.34067,326102644807.81555,219106708661.73096,213965357667.5019,284492891957.006,92542442123.62671,47278421430.043945,117767441120.08997,53624212487.986176,71114377490.4915,64443918526.39832,29264433609.38745,102819684885.55725,854577384391.9087,472131438344.43604,107300789920.9586,127928946359.74918,361197566580.3974,405500726046.5175
2022-11-01,2134343822144.165,251021344192.5489,45854589391.372925,91548151564.67351,1038491354799.8678,63197686589.01099,246862543859.89188,244180959685.92892,101545076504.51093,103019792737.43504,57030508965.82855,133063392799.7954,228880807442.78174,129345726242.06543,313414230582.72736,113574440883.18457,166042179970.27588,67318203522.54595,65734228608.590164,63019275214.02197,36854763355.06127,54580903386.3176,54901924557.29204,587284498706.0305,103953942202.01239,293355908869.54974,121052981242.92502,384356619499.0093,340585726897.4562,246613055245.68158,148097442888.27484,321151735805.6702,111329883316.04004,177609888159.14288,257333544169.4209,244766492392.79492,131209538353.2165,1837649160419.0474,158816687174.8499,45982372327.45923,128652525305.67834,122474502903.56099,408878547990.79895,223848895857.69333,230420724238.18506,317339582704.47925,98425051610.5957,45478852509.33862,122611286910.54996,59379110130.695694,70458299349.66638,66569734966.16166,32073260451.2854,110673236861.89752,731239426222.1404,465846540301.44604,118344375689.14328,133381041244.4967,386803435488.7276,407440223074.0491
2022-12-01,1876480725896.7896,251690981748.71375,45400444840.242004,87662768581.53839,903597192624.0,62810550562.39819,250491335128.00543,213666369762.8841,100499824205.53143,104392467328.12839,57994756864.44878,127613034742.43231,193758146921.96118,107019978195.19043,309256843251.6646,110422186359.07477,147396992688.0786,70098887474.92241,59986597373.607025,60060487578.558105,38847498526.47839,52112433490.87116,53509734966.39229,513081652038.26917,93046239074.01938,287724913935.3426,118736921853.80667,383903576681.01135,330529402303.1024,248362071202.08023,143563989802.85614,317499890376.82056,104358326660.15625,172547165304.1609,262214397566.89563,246611323398.09094,119860685766.77487,1732174478205.488,157550274479.24854,45720827112.93921,124168030656.01013,130647638350.97354,353180938182.8308,217996563944.69354,237541463818.1648,322445615839.4663,94196938045.3186,42766542664.91583,126078643299.00613,56696556362.785416,73068890032.1213,71024020068.29594,31546945603.69336,105679158082.955,462630067575.936,450895608877.37805,112705567779.48157,115594833832.87822,359827160966.63165,406883808696.3377
2023-01-01,2083870827237.793,230105435246.94653,44927080270.35681,93117370074.57527,1109380666589.3965,65648091551.1673,264272433736.98038,230229579637.0369,108415506980.06927,109939790898.52858,54859109022.26944,132620586353.7697,216949673923.57104,135576929580.68848,299832218419.0928,109202186415.07062,184059598870.85986,69731346210.3251,61980398682.0623,67680011336.22754,37912921012.22648,61190973030.92203,65901768561.498566,574781605696.1265,99124131985.98724,295294699527.4156,115512229262.91916,355151592935.6079,344973152907.56445,239420876451.1665,146167303719.8346,298675895489.6914,109077614181.51855,175081020267.22882,324597593527.8298,240324720307.58502,137215259199.46481,1789884833075.481,140645624544.2081,51876774930.342316,149003323393.9834,142606839827.2944,472156631177.9022,207651577655.6925,204719523592.09003,302915067523.4213,108750514285.96497,46762948655.61279,124741905470.05325,56519768720.38893,78146174150.30914,67314179249.758354,35024967578.06427,116930165038.64983,650566493519.2439,425848554979.4951,111822716521.6496,131216492766.68689,366482167803.939,427947294765.7321
2023-02-01,2128931310932.6782,241961920975.57956,42062957078.22986,82538030130.10718,1013642458265.182,58575526531.90857,268464593878.6723,222572585074.1932,98450885251.47766,104885943678.32286,54293075450.98595,112466879294.47504,205506708143.01636,132057763961.79199,277002781837.5484,108272456180.18353,168994204346.0713,64156928729.00284,53305167612.44881,63108304305.08154,36295399370.3287,56372023878.973175,69365552342.92056,523723577978.5014,95287171910.19955,270125841013.54608,106093068856.01643,333071430531.07776,355938641253.8463,232353811424.17007,153865679913.5138,270097118285.036,108322674728.39355,172795976788.90283,381184838908.6309,237706863203.64886,137142419042.93024,1801513185246.0232,133861185575.41805,42742235824.67778,135642458251.1023,133042225912.50476,561068214889.5264,210699152330.23706,189803444389.11707,294496885173.77014,103804261742.55371,45934747516.93909,122543167776.58054,52879036919.70358,72975739791.11975,62719162123.495544,33288167176.575012,110116780530.96002,772589982718.8413,406014462806.9169,113514938692.60768,130936534177.34247,362049797247.963,405445163667.33936
2023-03-01,2385161756599.304,250561826009.6579,43910220893.68909,85176614559.56956,1111101843492.868,58827455804.10681,289809288066.48267,185585277180.23114,95550622787.92511,100196621671.46951,55663364235.59326,108442350557.43819,211260022763.85425,161252359634.3994,283605875251.88794,106629927269.86963,169876410760.96338,66332746369.06381,54064514365.606766,66113021079.476074,37970040869.82394,56289458947.76193,78282928753.71933,603218333071.7344,88637531064.71585,268832248872.7837,106454497494.34253,339275626761.20575,323560243981.991,242193025300.07187,156988316190.47333,299006651869.34607,105279650344.84863,184132641143.17444,461805909321.6156,238042480594.5147,124778304879.33514,2087551560683.5352,146201171092.01047,48044582063.54486,145474668958.8811,137354152748.33466,671295136034.0118,221347686483.38638,190879482333.19418,318324660799.96985,104956695586.02905,46424902017.290405,123016436504.79071,53842092268.22597,67657609859.08902,69925896590.03903,30528925738.732117,112096658451.56534,779162499493.0913,403156668057.0736,110961589572.36215,105316003984.62334,375601488276.06647,407635592669.133
2023-04-01,2454300978941.5894,237591146852.9989,44600310893.19049,85197465151.17383,1134337157198.1072,60671530235.04431,285052115470.56683,191230085744.16516,96541954394.07019,95800644525.12698,59107611698.06671,113161315801.51685,213959927352.70825,160114287551.87988,293026914138.83636,97932453006.22144,173897233858.89893,67989852262.26375,56868047415.19203,66714271431.2207,38468576929.12267,52161662063.36607,81117599413.8722,624211415837.2048,93728848866.12268,275752058502.71313,111311570091.3453,358318852227.8349,343250498876.58,252391725841.32346,163787564577.07123,344664775224.64215,109417752960.20508,194761369064.23618,523644349528.0924,260154769288.02875,127862212461.59698,2224839317027.3154,145347640536.2207,46898212251.68393,138926875962.80737,142328333650.39413,670732307125.0916,233343864706.16135,181943662503.4098,334787943692.79944,106129857219.81812,45775905615.443726,125491092651.16672,56901042341.52467,68002099787.89679,73915644743.73904,31359000049.13562,102896014989.46996,617102980074.7622,421286936326.17554,107896170053.37987,111993311685.00948,386144249198.85767,439901523253.01324
2023-05-01,2563795468926.2085,218896359280.88525,40112287071.15747,77453492870.46666,1297092275489.7356,55473348358.25751,367614842552.25055,181498803517.09274,94578610157.82806,90575747993.36343,55445118022.49519,109212939734.76312,217505930708.3368,180301120422.36328,261808735169.3412,89631946103.61316,149229277740.95508,61395771558.70349,51417146739.66576,68692432823.46338,35939655148.565,47422568817.91948,83215815929.39487,714522692540.7965,88396144987.694,260071601423.10358,106721868247.81706,339406977589.5794,339613026146.87744,234726246158.66516,156787421994.9234,373919379641.108,106419849288.94043,187754534093.04935,576810728484.52,248754556346.105,117200774562.39828,2377839727111.603,139334944925.80127,40120723962.25029,166423385210.51245,118225089644.91397,914501023975.3723,222904550214.51227,177873429183.42413,306982831756.7949,105536725169.26575,43985735956.66669,115743224031.38416,54563118349.509705,59017832329.318275,70096743702.01733,29098118889.459656,92898070161.55461,765904741505.2869,417134742028.3336,106142951314.68605,112162381831.34738,375657467806.2553,379830464138.10706
2023-06-01,2809519578391.6626,213771417284.60062,41002838130.19318,81442908433.73706,1402296792642.5786,61737132885.46289,394673201026.37695,187376777575.09515,99410031197.18372,108316720019.22556,57427960173.17207,114540717367.89896,229386731656.98853,170518446853.6377,276185216624.7799,104971307984.35846,151468729889.73145,62337131373.67826,54843679457.851715,72570086156.2207,37243279090.03996,55238861875.402084,90035031544.89072,696088243786.1438,88695230727.83807,287070951697.40125,116184615511.72131,365036146814.1015,363962252081.5223,236929531937.62473,168943453857.35504,409390538511.25433,119420058700.56152,196513066965.57385,625314129538.0587,259974552302.6691,122418599091.29233,2471206817928.416,141641757602.57965,42630469064.39343,185481463460.3484,123964478462.31842,1022498850669.8608,226412837762.08328,173461275740.4382,326888096332.9411,103909814138.04626,45317883787.10486,123810543271.6831,63772958191.196686,67685167684.62747,71267499456.98178,31956729061.38434,94197345167.59499,983135796450.0552,411484336721.70764,113578725538.5051,121189090993.54254,403555067036.4319,402136498302.36005
2023-07-01,2845440132280.8228,237333390716.50018,41265803687.00244,80573901557.39995,1438010310617.0574,63308469686.64197,411056304533.1484,210662370898.98157,107053902895.27917,116733775658.51143,56846517682.98569,130921219021.26694,238883793432.4431,181616736648.55957,287260743965.7578,111639523807.5929,150807071766.4297,65032338815.17133,63513042641.13312,74975081543.65283,38267146877.79191,61660380109.94833,93633180656.25961,771803045118.1642,97860627301.758,308510694846.8171,108698418121.24074,369469016884.4165,395293392800.328,245512996178.65564,173821663845.0119,396794010806.8037,123954523361.20605,194107043645.93042,694212312123.854,241888673606.506,131248804408.19293,2437680701597.2437,139923749099.59454,42890287585.29492,184841420285.04517,124395063489.40529,1129622428470.6116,230751809952.51877,170529272366.04572,336711589018.57367,106463714062.08801,44206057442.02582,111133726555.6615,66410163460.067505,80827119413.85727,73387789995.29047,35055957837.08002,85752064254.78485,1004393207313.7869,435291810091.09607,128787716456.81311,131070536539.40921,410435934884.91327,402099056152.7033
2023-08-01,2721165056009.094,235761404489.19745,38178408635.54535,76767698216.02695,1484588614171.793,61268197316.08331,422144080181.2077,188740320613.2913,101503075022.99011,124372640564.31253,55112947151.850815,132378111715.70352,234030889115.2588,178751386367.79785,282767250205.9243,106790377655.73785,141968023001.07227,61684158873.90019,62056933149.63753,72333108654.06836,36676495066.40533,55318339395.86201,93882855000.99388,791865935117.9136,90116943584.95651,305239270889.0395,105232460480.93906,356567397655.8715,368704303675.79834,237187834505.27643,172206552398.44574,483782231097.49146,122525161514.28223,186129572847.77414,644728504853.6755,247173229556.9601,123189190907.55676,2378465639837.9746,127515795876.04187,39392706765.33746,182613910690.80737,114613825524.62366,1193103135608.673,219008605662.5586,169177615473.10684,334584169963.26404,105994344133.5907,43363514995.75336,108744984767.99625,65262074945.38138,81686082920.10144,68711015329.37321,31930184714.507446,88903989297.48889,969277166196.8175,409683401673.46765,122432124136.66292,117242237555.95703,417496459381.7989,416909671605.9852
2023-09-01,2483205505503.235,239130242955.15482,37009931123.89252,69625236711.79831,1367443781049.6035,58761395045.177185,379920059925.5094,181750052669.58884,93671622605.03247,120775854042.28125,53342612551.923065,133814351263.14035,241166502049.24805,163673830810.54688,298811014040.032,98069171737.27771,137506063574.36377,62002106989.25627,61159512267.814865,67539430849.91211,34856235791.360794,51686820483.35476,90675774272.0279,760986702442.6455,89720401322.21951,281017441958.21454,104006797675.30498,345983444693.74744,365403609747.8241,221925038104.08118,165670506731.597,469886272228.6398,110489556060.79102,175342678880.9215,654141450014.105,233496825589.99408,118154591923.58188,2296163897114.9404,110119627161.18103,36924426744.382706,158999745349.59448,107751214789.09714,1051540785411.8347,210037561887.47665,158609964924.99063,316200901499.52374,95761886214.00452,41345807661.35364,91596819878.71848,61394288290.542694,80771690087.19994,66337797616.000565,30394019396.43524,90286545555.89275,939757231586.2439,433417819969.34094,113690680920.07025,116928670394.40334,412075400464.00635,444483126836.0101
2023-10-01,2476823713061.5845,226488734641.15344,37167389985.95911,75442509115.60338,1431663655443.5288,58921800163.351746,386951623030.9863,174846467172.42148,89358469339.01056,100005078490.5509,56350672836.19766,133363411827.18451,235821965315.25146,162099877670.2881,258247708829.07385,95280228323.21887,138422186228.00586,62444668449.50956,60913447087.02042,67853753503.5874,35916950063.71845,46821680814.96115,89165063793.67291,721559126188.8125,84185834150.52722,264769838250.214,103173580951.93242,329522827754.46173,350386349825.42554,225723618791.7443,170597268266.3031,484583132879.06433,101308676696.77734,174497413686.17676,656451158117.8901,234517753681.4606,102457544207.24309,2458767907643.7334,112060983134.3166,37833701974.9445,173354359202.09033,116196752394.08907,985893119987.4878,202401628189.1414,146129668454.35403,325240815796.7616,86587626802.93274,37863851213.95172,103585725811.06155,57340651820.221466,77436120996.88141,68982291937.51657,31433298984.82953,92570756550.75786,754299568497.7684,462176742289.4935,115912793220.7522,113809411996.13835,421041900461.6378,400140616686.28284
2023-11-01,2755007650229.7974,230716409760.2266,39140389254.560486,89286541281.6792,1571506078111.5288,56441334531.80698,425749373664.4878,202394403151.92456,109637339836.48242,111492285839.51852,59478774947.88414,129737455365.79895,253025039733.96606,203321023956.29883,254473105998.6256,95032459625.6372,157254005563.04346,64826121007.86232,59747444432.87552,75792842939.83496,35520335127.93925,51938123654.03,99975192389.62769,770698211948.6068,94703189019.2515,291554659941.5008,110301018287.16862,343562159667.0239,396173098117.55347,233515467233.88232,184708046649.12323,517047331455.18713,106320593994.14062,187589527086.61044,712842308851.7648,234015392239.62787,116186511784.68188,2755468902468.614,112464644324.53589,40580109984.98215,199579215133.04517,124676607948.78613,1130706785373.6877,208612002680.75323,145699314153.3546,334907152212.8676,98774351154.57153,41044155372.36713,103700264590.17032,67111262545.30029,72399842831.8437,72754276570.77888,35723945621.12573,101506527461.97221,901674193826.6158,477201116788.2258,125772721250.32408,127602771605.98082,401150557997.31244,388384003058.1275
2023-12-01,2796106070833.8013,251099956983.4735,40417179666.71796,92322900686.46547,1634435233968.3142,57119342447.53461,513370789114.57764,225287299545.94263,118477168901.24744,131481019272.16406,60188562011.00853,130955721488.26205,282287819712.84595,212393408477.7832,267096789389.0879,104279891703.02063,153182268361.39062,68958792244.30875,58718223672.03964,75318990267.81885,33423071475.829224,59244516842.099495,104760532423.36627,812335633476.3947,107845757020.72467,324465657223.9218,118759392096.85715,350970919394.26764,431759623188.0747,237348366810.1564,183342056421.5927,510886129846.34924,119004402008.05664,198536213318.10846,771259882633.868,248949621824.194,136556508852.69194,2740148662682.9595,117701069639.2956,42207901525.164246,205015357574.73364,122754519070.24829,1197238770832.0618,212138788816.81616,139522064523.3102,319680013705.48456,114562077386.64246,48378673477.37659,107875032533.99039,75250855229.49054,72399842831.8437,72595947668.24377,40801216868.892456,102792993535.73866,933222251419.8965,454332190484.31165,137134534619.11073,142108109965.05676,406200676633.4471,381406639495.532
2024-01-01,2678034618546.3867,266379495966.31818,38884501480.03546,84334372932.93925,1669503351639.1072,53688073507.26431,545185236505.07336,227562240018.95282,113759804670.9483,133544363967.00412,63578933201.961365,126217079055.97522,303927982934.3987,226881695434.5703,263998897042.89526,103016591174.53326,163485531498.00244,68098923882.650604,55950584694.45671,77598977735.43799,32408276744.588505,55236438011.1888,108760511879.58408,814719850751.9258,107353747878.95068,330467071511.46106,114540439594.88248,355807502259.5085,442572606383.155,239603861285.75467,181275814892.54883,565829243896.4977,113812181625.36621,195998509637.0848,850094219849.8656,277800921554.8367,127755364989.29059,2897107897084.7505,113612330332.67757,35191950331.1866,237535352807.43042,115181215626.41504,1487601202449.7986,210502529227.30402,131235070005.6191,342804228107.8778,109576496101.76086,45411324611.58655,116824016800.56143,73436538931.82056,68080239226.576904,71974758939.11667,40228701151.361084,108367595920.33098,703409498584.1587,443127133011.8013,136955204891.15457,144879807397.57443,427364217672.4054,392202533101.245
2024-02-01,2625026028764.16,287981541448.8967,42392760976.7157,85718040371.76605,1901426604816.793,49138304380.57007,600854071545.1392,230974691335.48553,119200166657.14417,149196184203.27557,65721023232.82127,126973000966.88899,325364163229.5022,249264004669.18945,272200167409.22882,95549090909.1867,189918947079.66064,65256435850.90672,56724832790.53696,83121255414.69629,33367212361.296135,52811849928.94324,128858444907.3334,805182892182.381,108762712612.65189,356355102866.58997,112541390472.07048,361360784611.1103,475182541636.5797,241738525700.16016,200973760261.87408,660544492731.4001,129340845840.4541,195703925512.31754,1067966966697.9763,292452257203.68506,127232367129.85733,3014134534297.9766,106946355504.89635,31867525523.760033,253877464079.15576,117903910241.48703,1912771944961.5479,206518054226.47986,130652002326.31215,348920673369.59503,115267654498.71826,45520365692.97058,114964980905.94708,80107532705.5409,67563005304.03276,69624616702.1687,42994583005.55383,105403683208.41217,758205553415.9755,427419322203.17395,142434976004.94507,160499575192.5509,454725882723.64844,398725910599.25256
2024-03-01,2493575806165.283,297878099228.2088,43338780262.66168,85170607484.93417,1940367452590.6284,50866250915.30667,612367661009.6733,255511535758.70877,122485254785.81049,163702090718.1697,68402437635.20233,144627798072.2046,320910265324.04663,243097360565.18555,285542954454.6642,107508113900.19293,208267446763.97998,69504239563.94974,63355780036.52649,77560229915.34668,34977844803.47685,65676108919.54126,144168029009.47687,877699188515.7568,117596802024.31595,359154594371.3299,116872549157.6083,356907161403.76196,511550359182.787,246410539336.27414,207914416263.85345,683019326137.222,136897002914.42871,189861311460.54254,1059175345348.7758,303492526099.77655,139239885826.97473,3071394553915.9097,124977401317.6997,36548235589.41725,255734434197.2129,106616077678.83743,2184629534057.6172,220264528433.21313,136505747014.36806,356187134416.8644,112629648400.11597,46512964181.76868,125865398559.10638,83986210526.87088,77058210360.77742,75059347233.29396,45418008395.397095,109575021671.19868,660218674067.6587,428371837310.0183,138790455995.93292,168517630282.78723,466829148944.61017,447556830062.51855
2024-04-01,2476853071637.573,266045526400.4834,43303549096.53479,73950458410.63318,1882494151300.0,49985150847.43509,603311025935.6355,249379794913.1298,111557943562.20337,149468704874.85773,69822909190.56313,142741548573.37537,316648278107.0896,217358421020.5078,291932927219.36816,102827908444.8891,189101936684.64697,70618205902.18913,65481840414.5459,66826421599.95166,35362094308.829056,69754671747.58653,166533233699.515,946610305692.8865,120136307434.65518,314792974215.3762,109743458461.11494,326222895310.0855,489688888859.40356,250776834207.129,198038063667.23236,685776137291.7207,122526385620.11719,183861431204.07617,938311947291.4688,299098672437.16907,134330389480.92047,2842237272662.745,130961288422.10211,41770021797.24243,231863406676.20093,105038769801.67041,2089127590171.814,221397280218.93738,126028019947.55594,358272732778.2485,88917774711.83777,42036826183.78479,131014629721.96051,72447249194.35178,66752849718.10277,76900784012.98215,41314842187.62518,105154641252.04868,688349066492.2561,420497825131.8673,133841091394.51306,172471814801.77164,462035431128.4185,455372878803.3627
2024-05-01,2795602941039.1846,266218657862.52658,45427705717.81421,85131095862.65784,1897984415150.3142,56406194095.18265,616432542988.6278,269459558960.8268,114128703313.6311,151784638617.99216,71022417825.65002,132355785496.48956,355321448771.92163,189475367568.96973,293797466996.6945,98453774568.19678,176863937606.77832,74434427880.75235,62143297545.908966,71700899775.25684,35333858348.06235,73870042214.9975,170252239967.55356,1003134658571.2697,128529029084.64551,315405126201.8201,115130138443.26825,330915785658.3807,520519706378.4097,255486268726.08997,195594909183.7198,720227377814.2698,119494121383.66699,174333024642.90256,1018276744009.9805,290580762978.57684,146018725572.40045,3030585996287.3955,156480851181.32202,43106173156.29852,270173265947.81934,108215211772.0169,2650833705543.518,217608927795.5403,140982179657.66238,363546759320.95013,96271658973.31238,44366715444.856995,139132077658.2831,73460421220.19437,64517443545.79832,83848007526.15265,44484089749.8772,115293100000.74437,668819313824.6158,430642946607.94885,131391825085.30508,174216296984.90335,511936750072.9906,451484113106.20154
2024-06-01,3066884027069.763,283191660862.76526,44597550350.54004,84539615834.4758,2078811398507.0,54576733763.83142,744948267768.1981,267977159182.6205,116389014036.52039,149354414304.36905,74139598163.99368,130796398539.24176,372914461890.0029,207789282806.39648,286012682941.9616,98156910443.01526,169000298670.22168,72755588554.1958,62801894641.28883,71484256300.79883,32893473517.749527,68084272854.00669,163891251519.3399,1059252113623.5012,128117226886.0383,326484477693.6059,122236778234.2697,332430764661.8123,519569227222.91895,258409381294.48068,197072464968.50647,796244087324.8379,119045936004.63867,171605812258.03186,1099833955255.3618,286553316601.6572,145048650644.4767,3268767891710.834,138470498802.4182,43034222159.005615,284178366688.5493,85809361013.31195,2987093187728.882,207578021261.54266,139712825796.27014,364386371043.51697,97857462969.4519,46605869283.142456,130335750117.582,72325368987.72174,66331070126.27821,81901969947.25581,44628155116.51355,120924882042.13525,743182657931.9755,442718041228.7372,128417932125.63278,173668041829.01303,528942019893.3238,446844796750.29626
2024-07-01,3233755707765.991,305976429853.7986,49873623999.84192,96651883027.29102,2011364276383.9502,55803424497.78537,747904834552.2865,273267766269.2074,130426822524.8227,155228170916.676,75782217001.85783,127159985376.51743,360634478588.9348,209163209793.09082,293418055716.1156,98106174654.41937,159468603468.11084,79317598466.11433,63265912788.44185,74662594851.62549,35355021657.33482,63615369178.218575,175468878382.36517,998696806137.1005,144180024444.1724,349170677554.6942,117205116489.77878,359018839010.92126,546644533842.91455,273056636998.17883,204323760569.3921,707322055257.1006,132572639328.00293,179877054071.52814,1036755213056.1753,263422530597.8468,154033044120.25354,3059601732465.0405,150349961932.29773,50737218227.97148,264585521651.7788,85561786748.41255,2829677384384.1553,219033047991.43402,152495722608.49054,355194914469.6499,110776396158.26416,48475312568.8125,152536567005.41336,85017401524.77994,68324478439.88075,88184261953.40288,45704719009.823,121810772448.60188,871590866250.7131,503001419488.4866,140036043414.78357,173521840454.10895,536206972891.45215,460313724633.06604
2024-08-01,3334519271007.324,327099169160.16016,50971531248.25012,98256909389.19096,1920144034326.0,59383199328.89911,757865800207.886,276250622412.7027,134193056431.65051,160317369358.72147,81782220476.15044,130121722874.01881,392069503500.59106,204712959045.41016,270525318077.50708,101735254918.10962,154544402803.12598,82714747032.67967,64721595598.45207,78831082568.05713,36200886576.02332,62214320824.37721,180330419796.6477,951189874520.3328,144525574213.24045,349493200739.28033,119014009730.45923,377237081366.45636,580670232064.3429,296500130769.7624,215474841723.58887,844297758798.602,134837885696.41113,195641760586.23865,1138240827621.933,275810149463.0067,156020907708.24368,3050752355722.3237,158458892054.00037,55204007651.0943,295324363756.5161,95231203105.875,2886503192893.982,219299410981.5338,146900290512.64307,381292590869.6312,112331919370.81909,56305537944.18677,160131593583.52432,89517899470.28336,62240501023.45319,91225098869.059,49848056767.62195,127813874370.43831,804138040312.122,515258708363.178,145348488432.31995,170977791776.94135,603311007895.1578,457790775189.00836
2024-09-01,3396691322278.3203,329048636971.3197,52623116177.30786,101984409389.39424,2004372220906.7356,63405967239.19452,802922450430.2036,268996909675.60345,141291022566.7447,176083480165.4816,79716558438.85048,121261169606.9829,389494922816.92017,221557845520.01953,272295741976.9037,110066805034.34131,164479158056.6006,84475143238.87111,61762340061.24069,84296824667.65137,38933615474.55634,70138634871.16635,194746944096.49658,965569972936.6384,141066889491.7056,386634458241.98566,118974522435.87311,371391896041.3966,544662457510.48956,294004420486.5552,214848581794.56207,780236066367.3735,146965187805.17578,206384215412.52667,1249879265988.6086,264423786320.77344,156969598701.23236,3152670262231.281,167448530267.13327,55266046449.6431,298659315419.6719,101037424986.39853,2936558238464.3555,215709558631.71722,146545814584.40753,384982405467.2476,110978524123.10791,59606353015.72656,158143069688.093,92684752627.76956,59354143880.2655,96007459105.7282,50345494215.94592,141301752945.8483,982610054708.2255,510439678661.75195,140638444539.33243,166449833401.52847,632606881073.5435,458659123151.36005
2024-10-01,3293332998786.621,339695925336.6667,50648468885.50012,93643582703.67148,2005125133214.2144,66129680667.828735,792814393337.4913,285352604155.02954,146845204493.72772,169366452836.74036,71960683014.74144,126167834963.80386,384073324061.7451,236223289215.0879,275161641874.8833,107109811169.89996,164496235412.75244,84453159995.93568,61274996659.55429,86238934996.58398,37733434916.02848,63254037927.055664,177660306865.52283,997515388856.0247,147528882642.00183,375709019597.41534,118381710240.55865,366350242797.2939,573231006257.0751,269037929608.43512,206122114951.59576,730741479245.2668,142070853149.41406,199132059906.40558,1240449968437.9365,239845536081.5608,175054824006.43353,2977196388830.76,156989220669.71576,47212592661.97473,318348987748.0332,88549525752.64716,3210563105545.044,212277809776.10254,143305003626.18936,367155810590.36536,99993471008.4076,54358141589.08472,157921173920.9229,87123709469.21121,57065247466.70999,96912391048.69287,51010975762.375244,144770091085.3343,938367632092.4694,494569544800.9326,132416301078.53178,191289089782.61945,642007799225.7314,456937448359.3315
2024-11-01,3459814277655.5786,307238898436.1748,51217784106.24628,92319509710.6062,2236295474084.4214,71623854975.01764,756902698072.2521,324177514944.3082,153097541432.51825,183488907529.84982,74573880594.68948,124785682123.11395,426998033773.46924,267533743194.58008,299401449103.73785,123310329601.48212,200866684995.17627,85757296849.969,67434147964.45755,93209611849.229,37983081558.92009,62293167701.43322,188395635046.4592,984923296828.3824,173393960776.02063,409467967730.07477,134065794858.10173,355235450301.70886,648992703347.0027,263971092832.94965,208309163904.59656,700454601421.4404,148449625854.4922,201790710904.3696,1255180523254.9043,238251546618.4132,199751572100.76486,3102555758417.4883,155840269665.03815,43576057802.02229,373417823233.541,90432336593.81581,3343329192459.1064,208916217912.2429,132721688216.3034,400794998157.98804,103393276749.84741,57495137891.456665,159017594020.83435,96504616644.70215,62576669994.59113,94889610094.41873,55378519112.74365,150662120413.90875,1296325665068.2317,534608270243.5464,139599989977.26328,224437648307.80194,724658054060.6514,461554596685.75244
2024-12-01,3654657957931.0913,298454916537.75037,47765528340.23859,81015880071.28343,2360002232598.4214,62135576915.66162,1082677215173.5715,299886370047.86597,153443302782.65112,163902475218.5862,70159487842.28828,115021902231.54935,403100551529.72534,271052308959.96094,270534586835.2625,112141218738.75641,190401842777.39453,79688660856.20346,62029706807.23793,89969217794.70166,36503788879.50395,53667956575.53674,172499468270.78986,1103557185213.3745,163151059680.15967,373121652738.3731,130653866356.42572,334084073424.65533,622977941262.3998,258419031943.2149,189185893327.41577,681016663476.4695,134483588378.90625,197618700640.38675,1279636059006.7683,233188399030.35724,190812004262.37305,3094376727177.0825,142965087186.346,38902122158.14438,375316910332.11426,86873363877.42285,3247563551010.132,194357870479.5783,136428781558.89984,374837032011.6306,93583398297.30225,49465146726.37378,151846991772.30753,82700827079.24222,54601496878.24069,88363086144.91301,51943004214.8656,148125077131.97104,1516711514310.7683,443193869209.4585,130116803855.58656,208157207659.68774,707814590583.0007,424359204709.56445
