,AAPL,MSFT,NVDA,AVGO,CRM,JPM,BAC,GS,MS,BLK,WFC,JNJ,UNH,LLY,ABBV,MRK,PFE,AMZN,TSLA,HD,MCD,NKE,LOW,CAT,HON,UNP,RTX,GE,DE,GOOGL,META,DIS,NFLX,T,PG,KO,PEP,WMT,COST,CL,XOM,CVX,COP,SLB,EOG,NEE,DUK,SO,AEP,EXC,PLD,AMT,EQIX,SPG,PSA,LIN,APD,NEM,FCX,SHW
2016-02-01,0.019750681865065386,0.03623579666577824,-0.023341732310175653,-0.031157332038412713,-0.07235785681124485,0.04574160344480726,0.007331352731100538,-0.13405483199024823,-0.016493917579034813,0.0853228325105157,-0.020300657505099854,-0.13363124822523056,-0.011033433299797769,-0.010341237145513178,-0.03548301484943528,0.051002844329781145,0.003341547629258909,0.006898933840430098,-0.0838086263989669,-0.02985782180115309,0.05618884653016332,0.49124864496765874,-0.023578860953696584,-0.061596464035079145,-0.09284349855407197,-0.012107350586416862,-0.00959212573979898,0.011260684746769813,-0.06317575195918732,0.021916375333845484,0.029294684459896053,-0.08183198642972675,-0.05734882988720683,-0.05316851217583931,-0.03573987446446078,-0.0022775597022299306,-0.04229013497388696,-0.04661486786612842,0.00148360119358271,0.2415660177664448,0.04055145389056048,0.01176361241245178,0.08003282831865297,0.00317942993903453,-0.022359798525281655,-0.016134368703027153,-0.0301884576837696,-0.027360497681669795,0.07664377395009639,0.03887876719797752,-0.018803582694726605,-0.02765167174010929,-0.012043944405479144,0.036169081479001934,-0.017501878562054603,0.0280455011431419,0.06729929720565703,-0.021703816817296655,0.04650481888592519,0.014554748561065357
2016-03-01,0.09243680036420099,0.026759063283137093,0.0974067535490481,0.08440823526941738,0.07050092874080983,0.07711174857891981,0.13933469626733258,0.08204695660116419,0.08981790361913863,0.12268961575393784,0.06348592262067682,0.16929252588112603,0.03972300275687896,0.0931517570702834,0.14076896243860706,-0.04655883644686583,0.032995044387115625,0.08196904837287133,0.09001410722355788,0.07801361070877212,0.14846330906151964,0.3056840607449395,0.09620052994806444,0.074038740956332,0.055196083857023494,0.06819974163242637,0.10144826557504902,0.030562662066189697,0.06851164840784973,0.0646153394618634,0.09599272727920274,-0.011773903319344471,0.11707562660173033,0.07859647951448331,0.05798127632804089,0.04575293606863179,0.00811431354738806,0.07969000809749689,0.05736423600294789,0.034319977624516815,0.07803061977041886,-0.006989570433215172,0.1354610421679634,0.04536119275367533,0.01687642571364831,0.030938179486981975,0.14850908868973398,0.11450435402517134,0.058951898672844984,0.07387663371909788,0.04741388847640353,0.09009347001949876,0.12346840169090958,0.06648534241354624,0.19597425610783473,0.0831083761736012,0.01962727884137055,0.05848902246437792,0.049187880464444486,0.0586379210716534
2016-04-01,-0.10907257516475387,0.10040249787265515,-0.10396029969550687,0.01774603438032265,0.08947577760946186,0.028815964897818652,-0.03905724423964864,0.06001098541857275,0.03375031721292446,-0.011071461059303317,0.019611762039796764,0.19251030812895464,-0.05613502305130787,0.03956820063136074,0.055725535450942894,0.11277948036894148,0.061648051567029946,-0.006699500306137897,0.1360991112335077,-0.0027411169336330086,-0.025012783778828908,0.2915329466598121,-0.06256967235501473,-0.09223371773155414,0.03096789420873825,0.014299421377980456,0.029027396186790892,0.033995096585635765,0.03948906803345936,-0.0034134062628510715,0.04869281498692053,0.06309865006590272,-0.0274137741707494,0.012066238879857938,0.05037123878998373,0.05450882251742871,0.08259910162800588,-0.044783436150148355,-0.014107315890406438,0.25694209961000536,-0.09059469340966783,-0.008118221244525832,0.02718647634479175,0.027619769255684948,0.10852994042480728,-0.03458175042994545,0.04126773144948705,-0.12084755696704734,0.01701011520533845,-0.0026849200615122696,0.07106302849175064,-0.053157210746760955,-0.07337237292328638,-0.01738416313853055,0.01787639192278236,0.015968556209132363,0.04706445740768548,0.07102515466546433,0.009607457537469576,0.021052339965520098
2016-05-01,0.03196480773135929,0.03165502716204195,0.0650998326677064,0.02888395536187277,0.09076232897856447,-0.030339005849532672,0.03385789240084704,0.004867977200823624,-0.007481159465117765,-0.058692087516010405,-0.016781221072700123,-0.08122926040350757,0.019241117092796113,0.0957470526190454,-0.02058208782693132,-0.039023362094897054,-0.05845073241170651,0.005476592534684861,-0.04348013171593717,0.11751464660925763,0.006144686167371766,-0.21430915487180927,0.00041572124540277186,0.05026002486316681,-0.011615540969787529,-0.03993210780993773,-0.01781427075823812,0.02216023359950624,0.032526593682594626,0.01253704965695776,-0.04468527160370318,-0.02516145604140136,0.06021634017440212,-0.01732650775147552,0.012596381677569006,0.0406397795508916,0.026531652076199744,0.029178577957059866,0.03275791067362928,-0.059737596620034784,0.11982466658671287,-0.08578611273707748,0.21836314209450858,-0.04399485314115751,0.02248123642247797,0.03863340020599433,0.05086025059267355,0.05866228813678691,-0.011727531765945189,0.023525401812242205,-0.036720833747765864,0.001557053021620937,0.022697209439269023,0.041934399651673816,-0.027516883125971968,0.014173460380515429,-0.02007511676134175,-0.026493558391157697,-0.01827565203195261,0.013294634504194422
2016-06-01,-0.004068129274532095,-0.0008483237713716816,0.003921126823988208,0.05701488440320367,-0.0309504282418143,0.00507126728371266,0.024324113760165453,-0.09785509492835687,-0.046352588129156984,0.015942974192270393,0.06364591474879944,0.007196574055707755,0.055518075286131376,-0.018512237949767245,0.0375713296987197,0.009861824923970954,0.0044643776234560666,0.035312442827323334,0.051680255687589105,0.04996599259740868,0.044537954245385064,0.0016914755088044582,0.01577809387146406,-0.06293349144655147,-0.07920186762875023,-0.003160191900801565,0.043985010067887936,0.06206329118477289,-0.0371365987864033,0.003217551898884839,-0.0325401404908274,0.05700374624220471,-0.02299159704950681,-0.0035019457708103194,-0.015810695306015587,0.026633775755488816,-0.04673082756214249,0.036331695971823806,0.09313996603132063,0.1819442221307553,-0.09547264518895755,0.007816284470327565,0.040708373931328284,0.0661904777603501,0.03509377344632199,0.04306335509561644,0.05225409965205481,0.013474061008610136,0.02288312426863517,0.027582646264265417,0.018665700498418973,0.07093012466477464,0.07070493256824978,0.09556740065938511,-0.0755268343123319,0.055147385495305,0.012253623580519058,-0.042205331955563766,0.05414488830913532,0.04307459017081411
2016-07-01,0.05655660789958035,0.07079477291372367,0.0707571167471373,0.03045442087277127,0.07463110583963466,0.04605318047408456,0.02814117485816156,0.0695862097267497,0.05031111794627942,0.09944200761104557,-0.0036817832297377437,-0.06758610696269071,0.056359113551815714,0.0018996016707987645,-0.027227472244193536,-0.045277017945542,-0.026134564582842697,0.04732446191264692,-0.04760866083509291,-0.03055329408152414,0.04134494790078878,0.1393471568182956,0.012675883068958404,0.10795968495923394,0.07087030268177366,0.06172995456792249,-0.015246693818085537,0.03957304464102449,0.013668769034637625,-0.011312829147990533,0.05931976385572489,0.03210094017650674,0.0427298883090273,-0.018258772773574135,0.06947664993870968,0.027437007043272364,0.09624830538860862,0.08001089704321662,-0.016273694131371724,0.11895573360872748,-0.010600909211628583,0.00694662626749888,0.16905475793652408,0.018025396213011385,0.037360371491179836,0.02028048855485102,0.11168358934958496,-0.05533137654046955,0.06046150203663294,0.02027745293246769,0.04387827221160106,0.007186638481265887,0.08243819742437447,0.006852844475341718,0.13057870138074618,0.009513876793625715,0.07328343427631126,0.02682145580253672,-0.016883819437827966,-0.04553906693471068
2016-08-01,0.005079768200630769,-0.03789591862619139,-0.021237669027751552,0.028284319836595313,0.02442773321456438,0.028095758751817815,0.0637519917262377,0.10409350541271949,0.015862126290854997,0.009501276555660578,-0.008239678048326966,-0.0010996288857374557,-0.02541567226943895,-0.03205631787948517,-0.011329185787230325,0.07437027990168861,-0.016562029461986334,-0.06966275677200148,0.06501613390982965,-0.0065530704245189775,-0.09527918247191133,-0.22294952671832924,0.023028153029344654,-0.0030212231847325695,0.07196126028609622,-0.03470278284698174,-0.0070527686557170285,-0.05200945097969084,0.06311231203191292,-0.016940943516307788,0.05666554738377019,-0.060729862793923776,-0.04364411736368819,-0.022783945393991045,0.00160802217869669,0.05783905775584944,0.11150019997265946,-0.018987229130516304,-0.057810456791518305,-0.1346828040931637,0.04397731098473433,0.021020929524616004,0.05099126514551848,-0.03675260454334236,-0.06458875281115399,0.032188185378878395,-0.030429776846191307,-0.06600761017991531,0.0005659437780949888,-0.05190685446132793,-0.010420091364778642,-0.026851164113264735,-0.02359998027635882,-0.037617755719729085,-0.08999072984809721,-0.055951340623880554,0.042323445249426266,0.061317207054289335,-0.046759557264473575,0.0029788871531520947
2016-09-01,0.03228043138729438,-0.03318687485372756,0.05316799608582417,0.011680452929373369,0.07009861067487051,-0.05523850271415287,-0.04112699792003187,-0.05002746024776905,-0.04756139386747993,0.060178693785459626,-0.015246184730544753,0.05738245013269757,-0.048396005274591286,-0.08519663709114303,0.0054372193689082825,-0.00011100018092641793,-0.02790996795993936,-0.004322033205507914,0.09414588260164894,-0.024857363884317345,-0.002445299600842596,0.05859908184162909,-0.054288072710235946,0.0005884216860567622,-0.04856674591064857,-0.036119750584952794,-0.0010099538728096918,-0.01659666251006167,-0.014941099813665442,-0.03576063642706106,0.004954763142258487,0.00511522045314617,-0.06451193762798495,0.020291051301089647,0.011857154431405812,-0.01899668108184348,-0.004505851875618465,0.02443596946084982,0.021673274263212104,0.02261631617647654,0.001848493494600402,-0.10207634236281288,0.09683912372581717,0.010981072336011964,-0.021083819112786013,0.05258094248299783,0.03935174488890626,0.02680330214041111,-0.00647880059611039,0.012804968861142654,0.0074396139436545645,0.009344250137875038,-0.0012832302439194157,0.01487229175571218,-0.01374253806704619,0.0157760123762746,0.016587323680997475,-0.04802247007252178,-0.012247335376333126,0.006141367740884548
2016-10-01,0.011060833890942512,-0.1354154975787534,0.01994915909049413,0.07005823801803042,-0.04289209474488511,-0.04757915736569771,-0.007883519526381135,0.06614658096363195,-0.04026989061404315,-0.04531757199663923,-0.038792089361783605,-0.025610699861794307,-0.03257475852790842,0.05964645879677257,0.029281103283555376,0.027193906594241042,-0.00789987061021857,-0.004310463244992509,-0.06208086735065561,2.8912625221960003e-05,0.013227720517584543,0.042627687000659956,0.012970870212566807,0.0122285891910274,0.09958349816788402,-0.04892711713838,-0.06807187019388032,-0.02618035638105573,0.04285888189260753,0.0016443959209655485,-0.04245164243777225,-0.06991571741312652,-0.04213960756805258,-0.04535040865883205,-0.004418983249626324,-0.06766215343123626,0.036605640363848405,0.0025629012773317195,0.04935383197116493,-0.05965451204813845,0.20740335241072852,-0.06979083064567354,0.04378887379754191,-0.03101850389922866,-0.06694863125599089,-0.04178454222956029,-0.02862671235864829,-0.044719402248969926,0.01051157319408308,-0.12253863402894877,0.002417349967785693,0.011901420348418137,-0.09924036123226104,-0.09177700398945027,-0.021343441950854653,0.012598871082152331,-0.08282321284698899,0.006820654367904085,0.001202161949360788,-0.024213913472628756
2016-11-01,0.024136491582460336,0.15180454581139433,-0.021946985050989062,-0.07679274395546679,-0.05782594124793477,0.10635376924245682,-0.00148339180398663,0.2232290284807654,0.06160499845888551,0.13150870263490103,-0.08165902647772434,0.14240573343185103,0.05839832955321416,-0.03519122490608107,0.06664955700358952,0.1426475782561618,0.07139041315024117,-0.009318466217682661,0.098030203192603,-0.026049434170858275,-0.05111052423919309,0.3180857509258494,0.0445533278210332,-0.06852826460403913,0.2039069167677792,0.04715243744800933,0.02227960516458646,-0.030207566068994753,0.1136714098371791,-0.015651797384757235,0.0992162649776265,-0.06659831063557081,0.0706431381522968,0.06596033771793001,-0.08928024059947744,0.04660039646094516,0.2255963030396979,0.008416020504144757,-0.11824208998267126,-0.15143658843230065,-0.050324993691058736,-0.0023340031984203954,0.20375061814705042,-0.08609018187842894,-0.01848833845175976,-0.04930666529854484,-0.048880152850185446,-0.038985757012847934,0.02729616985117846,0.05267459039341692,0.05839648377136948,-0.10687884741421973,-0.014702752410472145,0.05429372245875527,-0.06713449345756088,0.08894751120035493,0.11964710645132043,0.1165909394194336,-0.0875342386303716,0.02382752061965995
2016-12-01,0.05245449672297214,0.02735430538876894,0.07748098511206351,0.047440535348026475,-0.0018818479414473553,-0.007859531104517882,0.03703210862097938,0.04639133967673139,0.02235685221535316,-0.039903057998803934,0.006728542118074462,0.02972706341529558,0.07057924710341103,-0.03031065856570884,0.05493389814611517,0.020960488065136614,0.04512246245059347,0.061502243582499845,-0.0034797582348717847,0.062300339655160276,0.09736615177110408,-0.14125643608202493,0.030154655595224514,0.008201923388585887,0.08694024557323177,0.03770794383836038,0.01374003090295391,0.034295096048603035,0.06808718694447344,0.038045244224030966,-0.008952737437560126,0.09606157441260645,0.02896972368087524,0.02976320797411953,-0.035095043898424695,-0.04346727441043774,0.020056132052902645,0.035128371344324026,0.0543923360820319,0.044306740902352336,0.048836522169772335,0.001514243593905222,0.14548660804113228,0.04062338386773337,0.015274711496910374,0.026319191979674073,0.04278253125508772,0.07328185535608431,0.03346900229992548,0.007635774749935709,-0.004469926794610671,0.060165224112314175,0.01050727070462841,0.10257777300578588,0.13380928893818245,0.0038810292543138315,0.021878476893767387,0.048593663836992436,-0.029249212266011244,0.03975040242158843
2017-01-01,0.02805561457698025,-0.03753985449625981,0.1062729424756541,0.01107214555280153,0.09201667428516273,-0.02219377744563651,0.12078499527345674,0.0339151194315581,0.011212914327761118,0.055315017129453234,-0.0326914475076787,-0.047399389792902584,0.03769067612022828,0.11222361803032974,-0.044185947757876244,0.04622078011609062,0.05700924116489786,0.0035811118176791515,-0.018112983987390488,0.07745956916061335,0.006156542480548922,0.21689718397962965,-0.04196526271454505,0.06896731403729187,-0.035811519303558255,0.03764493949763638,0.020590381442735263,-0.023652387611262503,0.0014491821513875694,-0.023445240010651684,-0.004967763751870143,0.04339885826741148,0.0175601881824292,-0.008278032569922184,0.10412231970986276,0.03951016147263687,-0.005436143530099572,0.008082429793825292,0.02981459266407086,0.06022189949068797,0.10358523951397867,0.041054809548028696,0.00899716306495012,-0.0070839215999937595,-0.0026220227471810027,0.026732989801056133,-0.0921183072290904,-0.04823838162926665,-0.011254981394878318,0.12293685455576162,0.02052146567991287,0.010334676983011774,0.05324637722198005,-0.01711437526417959,0.1600416586970569,0.025298433754805796,0.06288369574339919,0.027381111430140236,0.005856016520905383,-0.04674752946280887
2017-02-01,0.08727766154469271,-0.007966548687087585,-0.01327940293224563,0.10886374491541115,0.033314302386078756,-0.02866606426323874,0.02116155073254713,0.07460824831654753,0.013453859897539933,0.020191359467922994,0.12090800323431955,-0.04010007150066965,0.06513041646274073,0.055737187479717946,0.007743120798621644,0.010514602023656554,-0.011615132526044535,0.013117880715783944,-0.0403490373103316,-0.02009537579776293,0.03719764676200518,-0.18513727872598243,0.032876621835272436,0.01764418249526891,0.0856298852581135,0.042086984877761024,0.039873525934293164,0.06835274668354749,0.08578461696363951,-0.004221142002948819,-0.004788947654973999,0.05805292227513784,0.025715480588457327,0.03545088717829273,0.03173214264197984,0.06030221985464579,0.07778543184895534,-0.016468211696891215,0.07048151819443171,-0.03616485821199596,-0.013289029753061222,0.04797712319698744,-0.0728788007770708,0.052632486632898816,0.07143272333134584,0.06576176739857534,0.06844233992565298,0.08567636402366482,0.06277341380489196,0.04508262897112988,-0.03578171815913078,0.04392802790118772,0.034132417192564275,0.03707169906635306,0.03847787846901628,0.023336663501653882,0.03096748452768497,0.030252436407289307,0.02858099228239129,-0.0011990174986913002
2017-03-01,0.01157391473102632,0.027055765366827397,0.04337626262183003,0.07426507075882313,0.03202966577452766,-0.04044928081667671,0.031441275796413315,-0.0453764576624576,0.0032219840666628096,-0.03518376446065383,-0.013653617210357917,0.03703606288515461,-0.04063803635017719,0.01040192629319565,-0.04886802016935469,-0.0049766192259760415,0.016328908535392234,-0.016444800035992555,-0.01162922513437827,0.0626315033213928,-0.0020348703413979336,-0.008910867833383691,0.010112790985873667,0.015199737214623713,-0.05721644357640976,0.021687286972163905,0.01569502918303575,0.016577391199124745,-0.0041939636464807875,-0.011512494188593207,-0.022327864068487455,0.01196498654813872,0.08677204039416361,0.016906399136880336,0.04343079483362087,-0.04063603576226959,-0.06673879282839643,0.030127089870481176,-0.013560979831646986,-0.03820657547480031,0.01994727381709287,-0.024046207516337917,0.07713666534821823,0.014337732675387401,0.0324984014725184,-0.008874713790948247,0.025718660808474327,-0.0257885439462451,0.0183871147828209,0.03374770906156177,-0.004349786242080954,-0.008846248788260251,-0.03760896369214377,-0.002397462830197056,0.11214243586133954,0.005970750962852987,0.008382094573608938,-0.047368609888381576,0.0005542413855672123,0.024202311183941862
2017-04-01,0.0003386642025945743,0.009499667261187495,0.03346982012005694,0.0463495312677882,0.03948920207418901,0.04473708306001938,0.01368309624939253,-0.006121907582315442,0.008508668266785459,0.08986748179493896,-0.016669237183254595,-0.040232872773201485,0.06354652052086132,0.04974606171748125,-0.011027206868365884,0.026117099294199878,0.014346739076801313,0.011027428845757671,-0.053022250856539374,0.04652369400278113,-0.038929044447297584,-0.041394777317829985,-0.026166758864133367,0.0791051388011369,-0.029502337403702446,0.06400474731520668,0.040990244844437154,-0.013212131100301356,-0.01237703773795222,0.02627116387536358,0.07115201839712146,-0.029197401436385443,0.0435468861063778,0.080457578747848,0.05383896089160408,-0.015557265569977953,0.011846940860715237,0.03709162625913197,0.042158023871254446,0.02500279673109396,0.024646391603429324,-0.00973937331175535,-0.053178087383367205,0.011007647836803695,-0.013343267506737172,-0.024153730553196175,0.059998095405682725,-0.032067702652191686,0.06354575957294636,0.07600676671843745,-0.07576046236125583,0.0004657428006048669,-0.030012878578528704,-0.04598445054516278,0.12491597470670922,0.05896412687350717,0.051589487938652104,-0.028764834599333957,0.0405570193595117,-0.004953965191633346
2017-05-01,0.022828710756057573,-0.01934139099901617,0.07319533144926268,0.08308565519556077,0.06515629978766718,0.005919111354396187,0.04760340201751408,-0.05263282131105993,0.0457350937905133,0.03441386750711945,0.04391191618120016,-0.08443888641713414,0.038010951187314165,0.059349128899343365,-0.042447269335321655,0.0769454239899542,-0.08046134101404007,0.02972534543571705,-0.04227495339256232,0.06485686970905885,0.055398711572702965,-0.07561280035222923,-0.031197577624409428,0.0463387416710805,-0.04661112689079691,-0.023122987051624112,0.0035552605079047558,0.027778088084466097,-0.03954504282330077,0.03289634530285501,0.06513423252372377,-0.046065573975560575,-0.056210954230372714,0.07716539520766373,-0.0012611685821832287,0.036390504311672164,-0.03348757303640532,0.00970094786407103,0.06628064883099705,0.01531872191885902,0.04346002859183887,-0.06988051009669467,0.3079313439157255,0.014858831540883632,-0.042036500361404106,0.03055718796417313,0.04049429224680799,0.0533679570147637,0.05100369871673214,0.01850428403716923,-0.032131400065739064,0.023773957880146367,-0.02044223688867343,0.007222578111021508,0.11664353023957325,-0.002748978426658631,0.004927520324752521,-0.044451958074294244,-0.0026386087067775676,0.0018640171838588838
2017-06-01,-0.03042568394139389,0.10933923887583971,0.010413598153867668,0.004078642502146418,-0.013953296351014907,0.01151024951672594,-0.008774988012919038,0.08943388776352904,0.026352434332163083,0.007987408434295096,-0.006185146380083668,0.0022818908344687007,-0.07558125092373572,-0.02950568700537566,0.029250074143667988,0.010310864589389594,-0.009180431306704602,0.02339486981913748,0.01930382277473368,-0.017330400544038546,-0.006700216977904461,0.047128140761608595,-0.01783077225537219,-0.0760000948791554,0.03252984231730999,-0.006841481574825912,-0.010299398785619298,0.039592510597699845,0.07492607775160448,0.00691081262897387,0.032688018328447026,0.04693014678935632,-0.005178116045601481,0.0222825039680573,-0.0037300022078530434,-0.01513631758854551,0.06279081505074709,-0.005622416625450837,-0.005142331244522293,-0.05921035540132297,-0.0729332278678689,0.10944522675418307,-0.010998303337931989,-0.012681604572440545,0.02646425012475747,-0.015338947531561403,0.03860027876826169,-0.05179614985742795,-0.008127534270872712,0.03104056858948938,-0.06275188371174745,-0.049537666342127994,0.04375670058839264,-0.030020958577417056,0.04153677685955824,0.03290404731500141,-0.033030439843511845,0.08756894455807618,-0.0005370512013910811,0.003697492933459945
2017-07-01,0.0007433367258555604,-0.061474536927728196,0.08231102798872113,0.08396002397891647,0.027754087583702375,-0.018205735044288032,0.0471921946597798,-0.007121007197772626,0.018514885486872,0.07171139403004986,-0.0544241759285384,0.004227469335750359,0.005010450443067969,0.044894797773728824,0.041002021818751413,0.02869707404403509,0.023165928936642065,0.02642959451108541,0.035892835321930126,0.06396782903116621,0.06599430728077993,0.20136537471857188,-0.01119095308337966,0.018909341100143147,0.028116060088056158,-0.02651193124890193,0.011890219911528903,-0.008090366143645791,0.025405725063787236,0.009928650869796697,-0.02475294703383008,-0.013819784580544323,0.010190202080938725,0.01095299190197539,0.09220261891151046,-0.01588022168184081,0.04416697786190827,0.018745715482324128,0.05641176341680446,0.1416890641913167,0.15301074708280996,-0.02862893955307981,0.09481765686709033,-0.02268052379781868,-0.025998254598276732,0.04605245460782145,0.04753765295146672,0.0043605703312177245,-0.010412134629116082,-0.027126038470508346,0.05801218101884248,0.01411857031065697,0.03290208395983873,0.04660897687635386,-0.08113943496256788,0.037678549062594074,-0.03231659827305163,-0.02598411648305261,0.03329775648709341,0.025733886018282567
2017-08-01,0.0721771747748828,0.05795498079843776,0.02876869584252808,0.06821585275561506,0.005131602331905536,0.006029598979042292,0.006318464639410545,-0.005427201620035397,-0.023564654808330806,0.04117985403523266,-0.0016146091393900008,-0.046161244106171326,-0.0298180874117348,0.0561242882729166,-0.009224892962340442,-0.10565468463343566,-0.07345186226600095,0.007333029960200008,-0.11791250125438503,0.03360618516335837,-0.028329794523220618,0.018186614196766534,-0.024184796238564354,0.012833645452200008,-0.012844956067813385,0.006003834637650629,0.008613378309203619,0.0020290573595122476,-0.01485400755006202,-0.021338063555326393,-0.004866710483473655,-0.0214724679984997,-0.046246595595351624,0.03549341997160799,0.006146921537968161,-0.009539695876607726,-0.03167761866739098,0.015359595471837493,0.03835603319141568,0.04076538660761025,-0.044955544282357214,-0.11626119588333703,0.05013101025886742,0.00356315692826923,0.03516598605398534,0.023036752775124035,0.04262154936706398,0.006596548113659175,0.016807289978036065,0.01813101373324714,-0.07324978996672209,0.01312109257175289,-0.007847825648924079,-0.0005488097823309404,0.11064245192703019,0.033812610795604235,0.03355109827773707,-0.025161500480055273,0.02988247431197541,-0.03163359700220836
2017-09-01,-0.0559832113185479,0.1690384987086085,0.002373260224062243,-0.055111934899349874,-0.02078159945049749,0.04255654666698409,-0.04748930018600053,0.052393285353875114,0.048609270439456294,0.044156277539330865,0.021759738316352195,0.14607741554444129,0.06208920521045487,-0.007535502710665248,0.10677049781755493,0.07793541807108006,-0.01925840310079561,0.01524194397037967,0.11446921735201346,-0.03064265123043802,-0.0033018299234131056,-0.03359470266447068,-0.00713591254470035,-0.014283339648024418,0.053286433576716294,0.08544551462874783,0.013898019929062932,-0.002628231703968805,0.023096337494589263,-7.860328687553028e-06,0.0949872492357035,0.0541417917316187,0.074461378963063,0.0029091296868957676,-0.0022571921105129537,0.0013295140376547525,0.05921450630205952,0.003708998949003703,-0.011091549217351624,-0.01866594116781191,0.04487270878304178,-0.024952801750705758,0.025122102469777727,-0.03897915797025987,0.0468401209528041,-0.010720522012568567,-0.001449763856906564,0.0449948721143837,-0.02615451153080208,0.04011100165566091,0.08763738791768237,0.02716642441351156,0.05273300202325377,0.05322720138970446,-0.043476840111787395,-0.03519455472080975,0.08929729782119478,0.08644495584633684,-0.026219175903995258,0.07345488052254422
2017-10-01,0.019548669816441863,-0.02028850475683507,0.07074525735649213,0.08778119628079314,0.12271770062924409,0.007197998995745761,0.009244762693363218,0.029518516071505387,0.006980498793490844,0.09972319270989363,-0.07447848911877071,0.009161248790320205,-0.003744217566175382,0.11340753006018202,-0.03434038975371822,0.053484121108059966,0.004848224483242958,0.08813443776179405,-0.052845572606583006,0.05770174389901506,0.0752053126490651,0.009135494042882707,-0.1316040269843042,0.03801016158402403,0.056080826218169136,0.005380801671041517,0.020749141379786586,0.08133664729382045,0.05137235258413646,0.016240460107334924,0.030054432982696663,-0.0627828779897696,-0.042676349059684475,0.07313978659497192,0.05578597854626195,-0.14357210886678987,0.05230192959526278,0.08786418009153324,0.07644007168650131,-0.010690951366647609,0.06485835674122487,0.03189302159249444,0.11112809146063896,-0.02370956068582087,-0.017352192563860856,-0.0333563436680232,0.04903790495777001,0.021279514665452384,0.06993274912531003,0.12815813937937748,-0.03553291896017122,0.05328217956098096,0.028851214693925577,-0.09044938513421796,0.037905443818998685,0.08566348478537864,0.04086332023843576,0.047789642829430365,0.012992961188717428,0.0409096880473824
2017-11-01,-0.001826728745937322,0.0632968100028973,0.05784486493823376,0.014736932978505783,0.04486761805512434,0.019575881361252795,0.029629957191627098,0.011895427522866455,0.044814512719522984,0.027161870399016224,0.024582911947581235,0.003767780069570637,0.15322225826678595,0.04103964449093961,0.012804148218581272,0.11398402609193885,0.0647807225915833,0.009703666260001149,0.02581831283261953,0.0053563566246984185,0.045736165646141344,0.0002089646079072912,-0.09802796785845178,-0.01370480617290126,0.025746415242231025,0.07497558975744462,0.0757288299173574,-0.005982999848861698,0.04618421010058684,-0.006988818625810704,0.0635932765164419,0.01659405530301569,0.05441582219798799,0.0380416548750112,-0.008683131280070408,0.006910727709881714,0.04151351875597575,0.02317559653673651,0.01747916146364329,0.026993801183349535,-0.0464631693685929,0.08352662697054526,-0.04676257396102236,0.046960817944739726,0.027832786701649924,0.07146260132951475,0.048029096641498084,0.052733479226965474,0.040377723916117596,0.028905552837211638,-0.012795115892574961,-0.020025217418138074,0.06258103590174326,0.10240330242076827,-0.05552775063581527,0.07430658023023123,0.08557750402906183,0.022019472760811083,0.053940128489329116,-0.010789861242217834
2017-12-01,0.005104910975021042,0.025543105202625344,-0.02425180591388524,-0.0007076199144565275,0.0008016420834272052,0.02186948286312026,-0.063178380778473,0.05316856291830595,0.03035146257049611,0.11791149836860738,0.04237490294760408,0.08462616499442291,0.02303053280234507,-0.03291333287345791,0.06337122805843004,0.04131236842260116,0.031272649059445996,-0.012449117250898534,0.035423798368615686,-0.010583076524122059,-0.04288882453782617,0.296508064600697,-0.054888301182799935,0.020263111684385014,0.03560654787930033,0.05227882097231036,-0.00960555807757157,0.006055743824668606,0.0149477736859276,0.028423953169145755,0.020488922144584625,0.013030787114636684,0.11635343646435664,0.0009720335248889767,-0.004068597893639122,0.021292273449856746,0.018888973950190496,0.015685597625673835,-0.010280204694204325,0.0029407946916222977,0.02711274069574869,0.042205482203611644,-0.04643099185261328,0.028559332279910407,-0.0022176946285685003,0.013739467685376133,-0.041849953344344874,-0.036350895680827874,0.03626469447572443,0.007826029126276373,0.06803933165381423,-0.05804879518976015,0.06788425833437077,0.05064949819599435,-0.006780469399206823,-0.029907771983326514,0.05960895624717462,0.06512247993640242,-0.0054914186010620175,0.009517809638894294
2018-01-01,-0.05429651393958267,0.12557983074087642,0.11991288531999034,0.07079162432685736,0.17691733413475869,0.03387227038065351,-0.058781747707481014,0.07683439952646565,0.06251294870452688,-0.00407330380651115,-0.028092409246487458,0.059038481762875634,0.07810906293045188,0.12081330387095551,-0.04232147538146753,0.06558646098840579,0.0016611585199413186,-0.003620467226499821,0.04389765967190063,0.0019352956545336977,-0.018249039988361443,0.03378094692562642,-0.07597519388675719,0.07115822779193193,0.03852843861470387,0.026199356985061352,0.016195219470291126,0.02487587914755255,0.07596629427747911,0.04324039985419622,0.05208594491844591,-0.05314935505455848,0.21082422852799365,0.04372437959460736,0.044977798138981055,0.04432012828348099,0.07365190435844265,0.07368257014918572,0.01734918641190438,0.07319565849549048,0.3330942119488773,0.07530301823292397,0.19888856255100612,0.009491168074618288,0.023933753483163994,-0.05653223745381282,0.020973927273502502,-0.036565492126809165,0.0952794127890535,0.02277742293641132,0.09747060453826414,-0.07693865310165565,0.0038824195608188825,-0.026902780771961014,0.16216673811585375,0.031067040270327924,-0.014384103319066009,0.12490689292640975,0.02746727776685818,0.006233951997583455
2018-02-01,0.03387531443274839,-0.013934660946839539,-0.03359973291067495,-0.07241110476771484,0.038493769330732897,-0.07686700485723452,-0.021853315723957985,0.0025579465820146675,-0.01828553521035888,-0.041936125336044905,-0.062464349033254894,-0.12016180884826655,-0.048669318399041275,0.005324016100327407,-0.09942935367328833,-0.033814920643347485,-0.07697535553180701,-0.07489693411072093,-0.09656015922615113,-0.15688264123628753,-0.05030987884463996,-0.03410288793780837,-0.08991737476208769,-0.0523231424642138,-0.031506913718299744,-0.08536988344124519,-0.0661369285368139,-0.0686650659203196,0.030789758301467966,-0.12259539222140858,-0.12334178278744969,-0.07583160099146805,-0.10640165012930286,-0.09003636847542772,-0.07237928276084946,-0.1122609197389313,-0.025969765356685482,-0.002534444598595656,-0.032959537046220545,-0.05851260766963292,0.05722083742409517,-0.025588522933884472,0.018711956977479974,-0.07304471015885095,0.016279289007060126,-0.1047503955743449,-0.0751704725445058,-0.01149588755658348,-0.014277399540323688,-0.026953804037804494,-0.11096709728663377,-0.03443918487207957,-0.05527747268688896,0.0025360149859442738,-0.03357993696720314,-0.03990794776387368,-0.01648657894875185,-0.09611857060768728,-0.06382940936682223,-0.11894770643794489
2018-03-01,-0.03695371982245487,-0.1828625093793751,-0.04364095796326028,0.02274121240197958,-0.024921934376480628,-0.01060696125803693,-0.04056616139845489,-0.05968633777815535,0.0010205226730130024,-0.019715708268704692,0.03285664815745901,0.10949117684335347,-0.01356088845701637,0.0008342862463508157,0.02098227523214989,-0.03533173297724863,-9.403274235591369e-05,0.016468045480058518,-0.001035531877150428,0.07331323506813188,0.06373525979324648,-0.06854989533010919,-0.0444429278469566,-0.0473173595143431,-0.028486557179819797,-0.005169075707987941,-0.017408412727890104,-0.014499173298701033,-0.05590545777656702,0.005050485374286352,-0.049462306034215496,0.02894909763497186,-0.07093910503590412,-0.02585189436856586,-0.10451245949777645,0.02425665488164553,-0.025699709673523398,-0.018268925126696617,0.0754171342232194,0.030033679752119964,0.026772620678074073,0.001472012701026348,-0.030327458229703834,-0.012294084047804594,-0.022512172547415495,0.013068521791167218,0.03671220983069226,0.022304592565342667,-0.07574547144125275,-0.02722624009499483,0.005959979901486225,0.05578459772953931,-0.018546728162693295,-0.01920619444345443,-0.254230528556661,-0.033829763511498016,0.05985229722253774,-0.10264114045456728,-0.02500157683045654,0.009950875462085536
2018-04-01,-0.0382601641611791,0.00023945720873374057,0.04304550207306046,-0.05566411719896462,0.07023153071150325,0.01708723701614738,-0.013506574553376638,0.009506990468941922,-0.030273885163332206,-0.02594609766550958,-0.09133529822790386,0.08816274499622212,0.02905974579441891,0.03958220433894505,0.0722894748099307,-0.1203214141665103,-0.009251399036467241,0.0269934574879878,0.12217210014814482,0.0005422227804121093,0.013061570726416536,-0.15096936429689284,0.05873835356942592,-0.031209435337719773,-0.055351400784050264,0.033440854863666866,-0.0062724427124865355,0.008887208165075992,-0.01069666523323177,-0.0035389573711346193,0.05162779334475745,0.05017654937426114,-0.06243530079175879,0.07455173675315399,0.06983469522137627,0.07708572163494379,-0.04436306765921494,-0.0014893831712504933,0.0020856938222086445,0.01591648480419522,0.048633964609019434,0.02772744880975161,-0.029809170076194304,-0.058245222796642786,0.043608349710972695,-0.10097392510568168,0.03909042478937265,0.023972844795170478,-0.039122074248051135,-0.05858286576779959,0.062725544412743,0.038537893952684726,0.04158773101355647,-0.07743812323904184,0.11087147834252474,0.09827730577056518,-0.002714393603900738,-0.0014414870457138207,0.013430677409368,0.0504583394488756
2018-05-01,0.05835457059058288,-0.030256634353515853,0.03360630976942938,0.06510300640191402,0.01053543145535428,-0.037033599745505984,0.09237224227588992,-0.01833189892594046,0.02869672055891192,0.036836733845940446,-0.021822840522133173,-0.007249599633505261,-0.005380613555073678,0.05413234002163663,-0.024490272127732332,0.12203935605531988,-0.040633007450615835,-0.04634066386227734,0.06346645664352883,-0.050886399392170156,0.05094009695320233,0.08635259946533647,0.05846942644287561,0.06334165869184583,-0.03947261151694601,-0.013818311282885238,0.01577243486400477,-0.008194529825502062,-0.0005497712904936405,0.004351013408115319,0.03811912380227432,0.048502911826620164,0.12918026015339268,-0.043303871535461815,0.08773862746636113,-0.020201101701162554,-0.026383785720499476,-0.0006746718437340843,0.022071345890555025,-0.003035446907668166,0.08428954865127153,0.018928992006392042,0.07439087231030067,-0.002514058761310586,-0.011239181324437403,-0.007565491001742225,-0.0133752699856759,0.059360831383358195,0.05037333355232716,0.02323333413849067,0.029824709171819334,-0.010423509434411074,0.09971130283124086,0.016903293237977894,-0.014249183247431477,0.01684217789547108,0.0810414807465453,0.040818845097059436,-0.045636493085017826,0.08482865055592155
2018-06-01,0.003300528479034271,-0.051090824447922296,0.05222138035582065,0.03898498158308079,0.05224417637122497,-0.03049335610397943,-0.018343798688635195,-0.01610166233398676,-0.05263685738490824,-0.09515556255595879,0.034045805125670923,0.033857765327464616,0.05077506723310197,0.03241271135415067,0.030773469025460846,-0.05806856078856168,0.05524854598718405,0.06130396531090754,0.04525566764132152,0.09088586576576464,0.036550989303052964,0.005256457270918325,-0.02891355378785896,0.034632329808022125,-0.01263673252740913,0.04663356639579888,-0.014160712493073983,0.018431683214918095,-0.03001936257721622,0.040881372243074296,0.017645792567140987,0.022112239387921437,0.006613897264071114,-0.04039004722505578,8.88599255711043e-05,0.01614085952197025,-0.059097524128717445,-0.01700427974123133,0.012206276261103884,-0.039840407292846984,0.10363151620082982,0.10561766692727731,-0.06916247747249907,0.09105692682918999,0.01511131412249055,0.04975021605850508,-0.0017219499162630207,0.044787135638083744,-0.016858722613016762,0.052524026801393155,-0.014284924736500193,0.045527705931887825,0.06527365807567778,-0.01649518562933759,0.17282484439671097,0.022999124770916247,0.0031130298374985772,0.020864587899341723,0.0504391048149494,0.04324963611510772
2018-07-01,0.025060950297906146,-0.002122455160439367,0.044663581341008465,0.04731292907238347,0.03472525828946828,0.06097247785882384,-0.08954543412911027,0.08067413873711483,-0.0036401983612590564,0.04126874607483792,0.02356622681843918,0.05301404002367871,0.053245239526820885,0.016674426920331428,-0.024813832898537613,0.036386041375076436,0.081057037019312,0.026011362230284607,0.031710730810228446,0.022264944672634658,0.009779420856307734,-0.044100594460720045,-0.004680288300673763,0.06597494913566575,0.0730526982567097,0.011176416685846857,0.10039277740727913,0.09390301493122294,0.08881451123327966,0.07078539867297345,0.06908756177320406,0.14041202270950578,0.01574999920101692,0.026325775264572096,-0.1021678719830681,0.10124224030632106,0.07596416606802553,0.0821340970488129,0.007929319462513601,-0.014455515229447944,-0.14449784922970504,-0.03544789766520043,0.015102852625907846,0.04416900785287029,0.08184285931814261,0.05373604361744455,0.026982221474726908,-0.011248825370127419,0.10281271959216975,0.0907660723747776,0.017555908723012596,0.051419518951168905,0.05059746466758468,-0.002521761246899978,-0.1293142261066762,0.027973321803283595,0.05119368908015157,0.038397480450868715,-0.0035327900929537914,-0.027768805385815915
2018-08-01,0.11203416610315838,-0.002781908960628271,0.08642548509076374,0.04789897304017843,0.08014426213096273,0.0010424115684405239,-0.014519399929531407,0.034111482497728746,-0.011442381106412117,-0.006707576383336154,-0.011002671963804337,0.023539410342468335,0.0410879273234301,0.09355330289583524,-0.10081524577639553,0.0019538748994394626,-0.024813365520958277,-0.09109020564816442,-0.09718120249970025,-0.03726307073852167,0.05669646918958958,-0.19784722490772116,-0.057681097864901255,0.029198691945152334,0.023973273007068304,-0.017010295056602974,0.008968247301522953,0.05649156501710549,0.03588409489459981,-0.06924889057757874,-0.07528011120315779,0.0669410153565213,-0.008056753576819245,0.042175632639481105,0.023582116770611266,0.041085485958741945,-0.018903564314906043,0.020161689982882675,-0.009390724731417568,-0.13720617929437806,0.06024888975009214,0.04953417829429187,0.08321092480247763,-0.023495301103976067,0.034045109148984794,0.03686297281734734,0.042668430541308894,-0.01381292209617657,-0.0036616175387219722,0.05136902578367544,-0.024529974819035474,-0.07402203821435865,0.08923542352803208,0.019621819640444974,0.019918312494315797,0.060020817212326404,0.03621216138120213,0.08564388287560015,0.08715655460653035,0.0074730580047308315
2018-09-01,-0.020204117711650156,-0.026561033660427055,0.04696442637669183,-0.00351135795351927,-0.014872488241333671,-0.0036166038994663785,0.10887052956098245,-0.05077228417486322,-0.01712506271601369,0.09439809199867019,-0.005470268662451615,0.05241550078974684,0.012641462607935375,0.03355473505898744,0.032646562491439164,0.03985407159051314,0.031829004855443925,-0.023344018173840148,0.08368034352346533,-0.011754473487162857,0.02073361934282975,-0.02381886126272479,-0.14579921777506843,-0.01673826026922675,-0.053201955961603375,0.03091286699695832,0.048776066558884286,0.037313150561407146,-0.007213987421847652,0.023596498010081325,0.027935942427157807,0.00646714896229,0.036573470066582105,0.04216393870496372,-0.06121655083140765,0.030433039162379973,-0.04624297705385383,0.016429071105005532,-0.018193873293843567,-0.019867128679248853,0.004892131252394667,0.028731157328213443,-0.020376808691248853,-0.012646471783362508,0.055901258771111684,0.015851186643136242,0.021709349903817517,-0.042700476645098746,0.08365282522384855,0.013675990624841657,-0.02030150144919541,0.021570386370486833,0.002413768108078203,0.04631847150445147,-0.1238843197186082,-0.011959653499404765,0.08518896453939725,-0.06904092219780739,-0.02217816458652328,0.06913979790513744
2018-10-01,0.023685940778457558,-0.14635206247107574,-0.0038176286429215944,0.00680912402838163,-0.137333530545008,-0.06826965701907395,-0.07491175684131268,-0.0772174320728977,-0.1443974114036825,-0.2357189791650394,-0.11136926915654122,-0.12850892017872942,-0.007646463073021515,-0.12146039225308312,-0.11013250397219998,-0.10789970671675028,-0.0035878801817095587,0.15375610823548772,-0.24124762974452874,-0.11929638925478064,-0.028120410845735806,-0.08171081696545072,-0.04992529473344772,-0.1251388670952601,-0.003041663843472797,-0.1360173105299197,-0.09292668458339212,-0.043217624422123554,-0.05468719148153599,0.06259185178476703,-0.019435304427539383,0.032607064207949836,-0.07042335052814593,-0.000911367517047186,-0.12474023273935438,0.025817976627042334,-0.03911038830104319,-0.06286536415292718,0.08745545591729934,-0.005108900363816761,-0.23350593535572584,-0.15153722962042,-0.20623281875499916,-0.007283468861724969,-0.0010139724001317872,0.049244262907430496,-0.07517842831113536,-0.015015079255450172,-0.14423072803245432,-0.14760245206512465,-0.18523264025463448,0.01867802559885462,-0.013377690233311666,-0.06500164271045296,0.2313759379973381,-0.011599503100469142,-0.10343874381242361,-0.07784939192359891,0.07645856708098964,-0.045520674042607276
2018-11-01,-0.15484012881698356,0.19870595546206923,0.04935427499651988,0.024917711117606458,0.07352072721378192,0.012071018351567993,0.02280996991153561,0.011791343417946906,-0.015853840583429438,0.08452790894342635,0.0687468078369798,-0.06447269419485394,-0.002878074328650629,0.05908059182036495,0.0908406565426466,0.1448272613366586,0.004227044543619221,0.13011356252825673,0.04815682540437083,0.01717845354667213,0.040099102693956175,0.06136835714512838,-0.25754698622599326,0.014860685177213572,-0.18852050447948826,0.027189065124083707,0.011148241430848745,0.06764228966764874,0.027741007528133077,0.04954495876434882,-0.04220377520645185,0.08382085302997676,0.09057084084017213,0.060955027894332575,-0.061434974851289556,0.07171329259852814,-0.01693933392921365,0.048267007377122154,0.040586537426859484,0.03744647091911543,-0.045984869642218464,0.0028209427220187,-0.2315116381615784,0.09829568955409552,0.09847594751637173,0.05105316919601146,0.031550024950861344,0.03344472184668845,-0.035846205658718856,0.04637119830555801,-0.17554510344528818,0.03211687815643975,-0.0011309453765696222,0.040959114327004845,0.03114548480932918,0.052325319837150976,0.009731239633792882,0.0070425361796288485,0.008062701075938514,-0.018372152650131063
2018-12-01,-0.11501085385648345,-0.054374219726898494,-0.01679922700386813,-0.05930122777996441,-0.11806423771777003,-0.03203280241517041,0.0356788348205009,-0.140729244944457,-0.11131579982731057,-0.08987808943160025,-0.07234726570975632,-0.0736479720761363,-0.13730188103672167,-0.025514295432551216,-0.08522341188523316,-0.029571096144853686,-0.06252097110078145,-0.025279896338417485,-0.10860400303001533,-0.10869468184859352,-0.02480854169985,-0.13722388937101654,0.02676291932298685,-0.06814648805912552,-0.14050565425625478,-0.03921280347065377,-0.10010373854182376,-0.1011418323366625,-0.11883460884822002,-0.08471050878413938,-0.042256438690791306,-0.04422225374258404,0.034667493454205736,-0.06711358361188131,-0.06992669422424015,-0.044898767456318794,-0.11364441548748458,-0.08895356466212036,-0.03685326444744069,0.06738310153125404,-0.07423452971452867,-0.02516788795082485,-0.18266957144157292,-0.08117103435538085,-0.021583621617558394,-0.025510691925909743,-0.1306146058684772,-0.03196704940623936,-0.11568375203742325,-0.06352773353863171,-0.22730153589674038,-0.05497365343538979,-0.07767472161903666,-0.06708059291547777,-0.030960062983429747,-0.12429606922920532,-0.11414293953151616,-0.1327305122503856,-0.05460990408232781,-0.1389664806321758
2019-01-01,0.05563073450288235,-0.12672171254474962,0.07156787572697668,0.09616060380202865,0.12816217178443876,0.0480569857294739,0.07933074611023415,0.15462213323499663,0.08103946747538575,0.06329885392603973,0.09252876875360706,0.08734477669079715,0.054239175034424866,0.08910120446374352,0.05005339374988415,0.08799451841426677,0.02160300165833174,0.018410855937133683,0.10014302662908393,0.12286993738179687,0.05693811190084703,0.11325859957097421,0.2927584613940294,0.08329070450159584,0.1762861182802407,0.06309389299820763,0.08888638475045717,0.011203683252490888,0.05332230947789739,0.02947210187649401,0.05215969312361212,0.04275674586689454,0.020118633126642416,0.015136817645680783,0.2369652134074212,-0.019767462559520364,0.06408423788686647,0.03190825759520174,0.02895296520624989,-0.01066540753770127,0.24179447228017187,0.10579292675114745,0.06730045368254972,0.026253769220015565,-0.03473100614297455,0.04450655298201488,0.166533992018919,0.04614954017926039,0.09680882941515283,0.061380259408061,0.2118424311565959,0.0933370285252624,0.0768827290282728,0.044498721383107114,-0.09022197157401521,0.08408844411206015,0.14544448788452624,0.052603444045368146,0.048628415550573165,0.0706852304936716
2019-02-01,0.041615673079554195,-0.0005100466119038276,0.028945632379956697,0.02743684032852385,-0.03606791399013064,0.09150449235402927,0.019606885209427927,0.010761283841821177,0.055872371048710116,0.026659786523558972,0.01169474001809361,-0.0010782026518271807,0.025997876532534166,0.08899903412043823,0.046819748973016974,0.012471589992331876,0.020305730359605374,0.0267800980344,-0.03766445035740718,0.06601632282561895,0.01929295531353214,0.11140620719300798,0.060596931392244764,0.0031297129544993305,-0.010425449391857224,0.01607444577220076,0.06398905070285887,0.014766572435757746,0.02211086114456529,-0.06787649948431736,0.052851364598198135,0.048579629256840194,0.10638516030998747,0.019022805424068014,-0.029150727946654745,0.087122294687593,-0.0033045608949669545,0.06314616063302582,0.04881163733275315,-0.006372878672573712,0.042724580707201594,0.04147222486452909,0.07626383823088209,0.008285104385186485,0.025955013488124273,0.034424406964978,0.01841787705038049,-0.001634494040528906,0.06776073322307763,0.03667975551335914,-0.0030039972495439935,0.028404911439912202,-0.010112717574687423,0.05871227113953968,0.043699998697251635,-0.10908893471696514,0.05301459018365251,0.031156243043941795,0.02701146145516203,0.07773053889793217
2019-03-01,0.047914872178539306,-0.02756745803480125,0.005840758603051617,0.10290098392235814,0.0587142335190763,0.04269371405990018,0.07140046899579379,-0.02864528842117393,-0.008246956753730664,0.010493048120208057,0.04641502933327677,-0.02486788516629318,0.07658673721172167,-0.04306220871226764,0.04053925275816279,-0.040264928171924785,-0.023141827949778274,-0.06002048832000014,0.011610162681633828,0.06531775416447282,0.043418317269502814,-0.004609638517920064,-0.03904726728266677,0.04484474201845763,-0.01615568605365776,0.023607525667188545,0.040441564391898,0.0382459523664583,-0.021111253710865103,0.011621156869974711,-0.020098303650861533,0.033711029396122055,-0.006140443391726293,0.05559633446806392,0.02135544941287583,0.022783064648510563,0.0056002938381589104,0.046546378925624986,0.03505233728112395,0.07192670608173728,-0.016402047589618135,-0.02692488415687977,0.15253720588701,0.07868317266398635,-0.014678299875831188,0.07001514863674943,0.052557560746109025,0.04919755344823144,0.06217696149569153,0.027082415581488783,0.0010149673284299433,0.053051031815056104,0.034917198581216266,0.029480777829737403,-0.09585990095394024,0.0352725493990446,0.03176224229278192,0.008287963716016727,0.012446604504648602,0.05108629599196873
2019-04-01,0.047296729793726996,-0.05500445067958152,-0.0011919306108521613,-0.0092143996734679,0.06330287340129326,0.06035933844841236,0.04180728429725741,0.11715851473087997,0.12658218322109935,0.030781473645600965,0.0574728035023212,-0.06674189666438436,-0.003119161709137716,0.040827330248518194,-0.015439235712896607,0.029025384115489578,0.20100715310835712,-0.028380841252214517,0.05962646621021248,-0.008790769475409682,0.008744702804523233,-0.04777559122709314,0.024386862944551876,0.020893124693135666,0.0652676930993882,0.054615284815405965,0.08856300441980174,0.06807086050994236,0.13248574501629568,0.031661223559624446,0.028140776111184124,-0.10216521096058839,0.01753829945478815,0.044219758964834016,0.13737443555115764,-0.047073776827187615,0.13330337242947105,0.08582363977496142,-0.0012966605322559258,-0.1230329923691378,0.033681712503630015,0.037857549379041615,0.007625124243070012,0.0716083080876209,-0.028093761693029705,0.014763192671093292,0.07858777949984745,0.044889566899189444,0.10970298520953174,0.05830704096743287,-0.02145309875771327,0.02791686150382713,-0.03373257906701185,0.002823437237769991,-0.1347351000696966,-0.06122070611237987,0.06164111986441146,0.037336573647022635,0.08914287628404523,-0.0013553409432946317
2019-05-01,-0.11433721800763003,-0.012725817734749281,0.054245285369231684,0.10037814094938724,-0.07306329503944228,-0.013139055745308138,-0.23209700926292717,-0.14432843301926532,-0.15753594615180963,-0.15315204099240556,-0.0553939347074118,-0.07456674755449166,-0.023290476637630786,-0.07478652489466567,-0.04979265757416399,-0.16469576711456452,-0.041619094101379706,-0.04270276923974636,-0.12537188350837913,0.05865156445594551,-0.06768707410346188,-0.23141814499923286,-0.06710948724117252,-0.071004097637382,-0.12443388821362708,-0.06459520866354539,-0.05743981502275681,-0.07037956393398598,-0.07448443542736267,-0.0057528829668809945,0.007278247443329139,-0.013443124285903994,-0.1502966499247908,-0.014123579077295596,-0.08778414117469907,-0.004598511124243734,-0.16972530426611668,-0.06651319864175724,0.01600067940405456,0.07439771415369886,-0.08452497558478135,-0.13870859100976546,-0.2966882575660504,-0.013371794558207084,0.017493470140893717,-0.035372154908318534,-0.05005333165935757,0.06806483979650561,-0.13319945918728981,-0.08812216494190529,-0.2081134409745425,0.013299791610059019,-0.07242441887113155,0.00042133745997953616,-0.2666089471348446,0.027192303151996156,-0.06781980278047971,-0.08537965689276317,-0.021111928585834112,-0.12933781522884877
2019-06-01,0.11648224159506128,-0.05268541885580424,0.044577393663639435,0.0026489754264403566,0.07502214749829147,0.09925262676049773,0.1341859669165482,0.08055803366634003,0.1245501405095879,0.12273357113194602,0.004834605927928257,0.02895512321601916,0.08933647487413464,0.02083363810027067,0.08240634419670761,0.1732816753691098,0.04766164984140884,0.035293906821527665,0.120141953292956,0.035715739671794554,0.008183023213794874,0.18598081012142623,0.11715805011329275,-0.01491655183302694,0.12700860434251682,0.10782379240508957,0.06751351965259748,0.04242902881345842,0.07303917767746522,0.01892378751518637,0.09314550979401826,-0.03467957719155089,0.09900137951475432,0.03347938755297469,0.08969737442383037,0.04697216601944625,0.07599843981167306,0.07821388536161716,0.04618932468343748,0.15188380335869997,0.044788440691774234,0.07003298882107678,0.18749918781532546,-0.0071184726322772,0.04121812467217114,0.06698320602484348,0.0899685426880502,0.010435632939264484,0.05026351034261518,0.10960724865165404,0.14832950961856947,0.0681474454149058,0.003919623457272257,0.09139164686530528,0.18648735817302586,0.014413408811263576,0.03717192338626703,0.06305650559871114,0.0794427595904118,0.1050537631069534
2019-07-01,0.08840432110704173,-0.09445731465520014,-0.034968382984951946,0.03401294329835991,-0.0222855468618314,0.017025335682087066,0.0167708897054435,0.07236496311787664,0.0002988643992255574,-0.02388363510949771,0.02775115882752501,-0.016541907849459907,0.03902731528440675,-0.0030561424508980424,-0.00513710426915012,-0.007003831039251688,0.022392144192766816,-0.008929391389323905,-0.05945904243354546,0.0035441771813053734,-0.08168139993035212,-0.0440569900658798,0.007227355787827867,0.11547201919673462,0.06849123862279383,0.018542421221882835,-0.001015644291176846,-0.02802593715619199,0.02422531481128978,0.054627784071412534,-0.025921022687064865,-0.014461003087251498,-0.04836032646336303,0.031230692844267702,0.0007414693235360346,-0.0006487495477887403,0.01535020949839992,0.021014527851880377,0.006618435154257811,-0.04589244074465162,-0.092382207588075,0.03963159114445384,0.022544246498649757,0.03684476208832851,-0.08901332202909663,0.05392257805543947,0.004092611409728938,0.016010043991665522,0.0014319634795687299,0.08845533665783345,0.010218965028446983,-0.01575211911781937,0.0054477465258068545,0.021021152831450386,0.06589754595574046,0.007313065295893661,0.037045260897700605,0.02233530068965196,0.029039764903482593,-0.03477173232577471
2019-08-01,-0.04312736474734899,-0.01878270649469499,0.008020505046429649,0.10452609530103482,-0.052636340092296334,-0.028290181307734225,-0.03314115756252193,-0.10249050555275958,-0.10594519946442081,-0.07972153173550131,0.032139471411151956,-0.12899847919621324,0.03927714872815409,-0.0005395770323145879,-0.062090007611975515,-0.0697164786535388,-0.04467443644021601,0.046283489322142796,-0.15128064224677437,0.100159278691321,0.04382073089932462,-0.17340375493321697,-0.21053449157135182,-0.010966794565777425,-0.0632047606198507,0.07339839199113521,-0.038122775521851664,0.008479712928056675,-0.025993014746972264,0.01697587411476376,-0.008066996971819231,0.040159807087406005,0.0844994965439228,0.04153510564934463,-0.04319882430703383,0.023147854513457154,-0.06883958403599479,0.008232552751476174,0.06506862998892506,0.1011451091404021,-0.09218848223361958,-0.03043355684862266,-0.03022281102360252,0.09231575302731643,-0.07985194474902355,0.012748547449638256,0.030624225873586854,0.08865077477784238,-0.0211885633824403,0.03053390108856472,-0.1862608769585864,0.0391145849123955,-0.07106573753094585,0.05545835262352207,-0.070242707679272,-0.06576449057567471,-0.07790291981151712,-0.03729604773076754,0.06321719484085928,-0.06682746334202627
2019-09-01,0.06108835000431011,0.13794258413744387,-0.007928466572527097,-0.05494023202646047,-0.0242929457930525,-0.017473282221946697,-0.03152814142039861,0.05429446407057958,0.05547322392540219,0.0574413862415993,0.0064293525376325385,0.10147528489797376,-0.02196204554164054,-0.04384134804652973,0.01294092620609016,0.09298866558814453,-0.04155351766307437,0.031091411218033202,-0.018853837127402972,0.04223293668014027,0.03506268971543585,0.04182839294788384,0.07903616586955024,0.015912699403971865,0.024900782812604223,0.010784955048792583,0.03541222993212731,0.0022109325535968373,0.055169611779571984,-0.002607709681832748,0.024022258981638928,-0.006108543429394457,-0.05311802396865281,0.001619772057560311,-0.03347581958450989,-0.015590925030583963,0.03795143488223596,0.022941969810972213,0.06754532443659149,-0.03999789804290228,-0.08201818011634038,0.11638301276943913,0.04339723318115368,0.0037354433012323266,0.022714569696976522,0.041508794961347906,0.031211875083966986,-0.06863361000909315,0.06336692652804277,0.05404427363255404,0.0488400649950468,0.06189869284638842,0.056259870425165524,0.08606692608863191,0.07123214436615802,-0.0684760504229412,0.005826315788144416,0.08643083059899624,0.03654528969993252,0.03855368659435251
2019-10-01,0.09172659794421352,0.04117174087175868,-0.012043731302729649,-0.016153691540279815,0.018519566410659254,-0.03513464810498795,0.068865115937978,0.07915134863755782,0.04900756759615675,0.09567622049164767,-0.05985370324055802,-0.02869899854547718,0.020122014685327434,0.0476954227803718,-0.026157539135092004,0.03408219812913929,-0.005908013217278227,-0.01863998109715468,-0.08479216781550346,-0.013680622334921785,-0.06692022721224847,0.027717685115039054,0.11752580962113685,0.03734461131572775,0.036243642884818204,0.01847863744494768,0.027814305254710493,0.020405075769220515,0.060416771186212206,0.01101780736876612,0.023256802122111474,0.016134007091599126,-0.005756050363458245,-0.08059603188261368,0.0724311306660619,0.03416001538300099,0.07663315679976943,0.03261373016243216,0.02006244024709648,0.05922117435611787,0.08126801413991652,-0.043096010305064006,0.1449085717348522,0.02614797533004773,0.08141988882843362,-0.004266097801790659,0.034891982594714835,-0.0868763122322923,0.05006061788945426,0.03815688391902323,-0.02782372249728342,0.0014162319514740163,-0.031902318404550434,0.025472706957608025,0.2621100353193306,0.15501059431458167,0.02394260476510916,0.013655292354908947,0.0018073964206697275,-0.03915426669267258
2019-11-01,0.04616875813693072,0.09613093601504501,-0.033380346678640364,-0.007354148761311833,0.00597314731945075,0.09317200165034947,0.07619701239063262,0.06473151622303702,0.0707134673937881,0.06723730269925349,-0.015308822197564822,0.0653025567591912,-0.008866100828822774,0.02830104377473297,0.0016257859510084485,-0.04700942107039371,0.1297673933928957,-0.08955067788826448,0.02277250540155801,0.003414874208934721,-0.02672307526813021,0.1616505770710895,0.1336905072329572,0.0423706641192891,0.040346105606129966,-0.058383568604261714,0.035109321040350215,0.04601557563069714,0.08422150557186472,-0.0364968065149181,0.03286344554135974,0.024200188711335686,0.0495167341918815,-0.0072471391516831804,0.04976988029543543,-0.007644089179260786,0.07483798979410525,0.040058509496571644,-0.013904665411423777,-0.023306075767503834,0.0739044855917023,0.03133708660335338,0.06431869898865371,-0.006420486556124419,0.0029529625572064363,-0.009831088418760865,0.04544300018890887,-0.040016079248617525,0.042485929099058066,0.026611836057522077,0.1198690977738108,0.004008311109912326,0.029323119681103117,-0.01817759007225427,0.06159117524347698,0.10033691422730733,0.0857922862306026,0.07273827776216024,0.03303921702696642,0.03177885871979994
2019-12-01,0.0666279903063044,-0.003572169438008619,0.03570695229430215,0.051038234128327434,0.039111615756844874,-0.009059800315437906,-0.0038548945994187683,0.05729052006761727,0.02284142641378712,0.02509312100716043,0.027966643109613908,0.08812190830551452,-0.022017734419968037,0.0021485244372242253,0.03898428720213172,0.02691703348175286,-0.04127117116971348,0.047723326632550495,0.1369927374311492,0.027831769135926734,0.040836751653643436,0.14038480687324156,-0.004485047722957941,0.04323892801095613,0.055861676536405655,-0.0002875630257021238,0.00211677466564673,0.02694694629949771,0.06585438775713373,0.04053302568734031,0.001552388581383693,0.09792982508884225,0.027935373208520325,0.016284147170688837,0.0031755237198260473,0.04054376292057394,0.03726226102727519,0.041729798170402066,0.044587510605675396,0.13769178628150375,0.03176464656064627,0.08762139226409849,0.09657130260428727,0.015803685021886848,0.04798509456405813,0.02336545904061064,-0.023149568010867958,0.00855374995011203,0.024868813486326056,0.022910535224407072,0.10817449810143337,0.022712213748044593,-0.004013020794145729,0.066985763571565,0.2364665242708898,0.04981768211971281,0.03127853320767085,-0.03153263626094038,0.004468820448034819,0.047592003708664274
2020-01-01,0.0454721780742118,-0.10223505322272855,0.12096872003108977,0.018138326101037255,0.08506219772244009,0.017490353825449778,-0.018589772356450793,-0.05734098629966871,0.06336052249940399,-0.10526852006609745,0.06910537735201648,-0.10490930714640052,0.034267352211743644,0.10518139888470864,-0.12228413026627943,-0.09665727480348177,-0.05204182049815127,0.05949275746309901,-0.13614312268773393,0.006316889725174848,0.031899257727516186,-0.16236770852297117,0.12296155743166497,0.08195524603405786,0.03778511319713657,0.05310975659730101,-0.016664518496289627,0.03109144001511726,-0.03603507537389622,0.0432765898596311,-0.04510215063440571,0.057307922237036936,-0.01988087998570489,0.0717543686089966,-0.03175737616926458,-0.07199732189039323,0.009961628725434648,0.06518012799780978,0.10302337251672004,0.038549395954878475,0.05732248246299962,-0.05965059940528127,0.005945497497592765,0.0639556837036786,-0.03564859621081674,-0.00994491503870084,0.038871423638846506,0.05520143834926108,-0.0010448072966296388,-0.047399390150147123,-0.16180292193538767,0.09562943745266818,-0.10717312369597887,-0.040280074367684285,0.4368359507616181,-0.0737998293223691,0.00017067540603055327,-0.13924597798871374,-0.00683352265593485,-0.1023159611449108
2020-02-01,-0.08785322133576905,0.09249929599359674,-0.10426244936602999,-0.019828994218807374,-0.073078993710156,-0.06655023214282091,-0.10142314401605985,-0.1381945923223766,-0.1203948412723834,-0.03662493962365157,-0.08833955825538507,-0.22246821401612435,-0.09547109322845317,-0.08073198047964722,-0.14595673232948908,-0.020104040154641872,-0.19492426052575346,-0.07573368338198896,-0.1361636535031953,-0.03179895036466756,-0.11308907790097472,-0.09502439827901311,-0.11973428055475423,-0.06117802590446897,-0.16109305894880238,-0.04521409307359036,-0.052802888882063775,-0.11018012460008327,-0.12405479562612617,-0.09650095599065579,-0.06406251265814573,-0.09820885213396052,-0.09485505263131118,-0.08867678960691286,-0.049804517715065305,-0.12538584677960102,-0.14994277665230196,-0.052104469848979706,-0.04208057491456253,-0.023244878067647065,0.042940458503151896,-0.09099560495541045,0.11741522484032066,-0.08493100295638671,-0.11678823479630912,-0.07887712055207172,-0.11738310102148765,-0.054988979541383806,-0.13834721725437243,-0.09631011366825311,-0.19588169820719817,-0.14421134915617093,-0.05166932663419102,-0.08554369989191632,0.0010836030978932688,-0.05668485908133844,-0.08856077698047632,-0.13805426711718202,-0.054902377555332574,-0.16037646181569262
2020-03-01,-0.08250939503058592,-0.13540279093553448,-0.12141213371340541,-0.05648185384149264,0.024128628075926258,-0.11855504571686735,-0.1793170102506721,-0.28471914903755885,-0.04316511218576004,-0.06715107567784108,-0.054314709235724026,-0.46941020711001696,-0.005756856120074372,-0.16499719792434261,-0.24929585873068166,-0.12813319864407222,-0.2229282849299294,-0.1781148102460047,-0.5540817013673012,0.0892809928457761,-0.13665939301671884,-0.3937328910094974,-0.31350706567459447,-0.15696057875804892,-0.25048602845721435,-0.15552153633254162,-0.1933813083563176,-0.024751852449137652,-0.25826854361087687,-0.21278301887022671,-0.13512726731864957,0.07807942132216739,-0.2570945873219699,-0.13633700091430678,-0.1329358226430498,0.019739896141791943,-0.2627869484828673,-0.03648529495837427,-0.013116097130716035,0.044360539470033655,-0.04468648001720675,-0.10839609356658661,-0.04773333507620333,-0.1612402683084554,-0.06510420347714263,0.021825143065947062,-0.015203001801964239,0.01051852282462138,-0.2629433143566339,-0.07710985040731944,-0.6445206512710095,-0.053649431641727245,-0.7342962817910996,-0.21632220270267422,-0.1965100747016188,0.001375639723995313,-0.06835843111147687,-0.28591194992706576,0.02749973886710822,-0.24948279252998234
2020-04-01,0.15521315024886365,0.06702801570063338,0.06607864888771478,0.08413110742208006,0.23085069865209198,0.13516007738388627,0.16243576796220144,0.14638581479796245,0.15534126688480382,0.007388958148864717,0.05908294308078708,0.2933755004382515,0.049816160145863875,0.0975996243162878,0.23667330762388483,0.027947399156385996,0.08858051707933168,0.02776024486561923,0.35334880950936937,0.0778100752452805,-0.002383470945889701,0.2613321786168737,-0.1481363367649363,0.13938814913956105,0.16306892861548175,0.15833058103648412,0.06689222906003851,0.16146705946271178,0.06012839328097194,0.039164730419128976,0.06487634191252935,0.10781210905706716,0.18419296707618812,0.13020787951437995,0.18768527202703553,0.036005927724161224,0.13553270677151513,0.10859547295658604,-0.051563534988327143,0.26093913384574996,0.09977828963044887,0.04286590355754696,0.11755726357343425,0.14025007592565128,0.18803815382168343,0.06654898128342056,0.10356697681325454,-0.055647549579492445,0.0835567288055305,0.1382542714738785,0.21789714539977198,0.03486071771386206,0.19460160951980293,0.08175662677462553,0.3901696737532354,0.15373946900854263,0.12574565767385026,0.025205125306914506,0.09847697837779283,0.20989388298726433
2020-05-01,0.06074776567316012,0.07550593387483757,0.05919074315600538,0.05695464921925211,-0.055662311282748345,0.04252986265674133,0.0505658451963644,0.03600248760482127,0.061039880698170165,0.05887929558935219,0.04209879290259054,-0.006927851978248765,0.008777915774898894,0.07068659139813789,-0.003981041922781695,0.04053017877444891,0.05967954922117699,-0.06274522639894968,0.140164150008828,0.021000260887737945,0.008884693642093155,0.012285612856489173,-0.03355901322384915,0.07320760487863805,0.06775881544974627,0.10405031705989697,0.026497397949729988,0.03607584502521739,0.034083011959442217,0.0019862266100356615,0.07540702741404848,-0.03681495823619903,0.1743730364271709,0.028016036691275448,0.09024613734556246,0.010979023139036205,0.13039970165985001,0.01269176431135821,0.1123926896318521,0.02116442230916977,-0.020297232008549715,0.09885783073038457,0.16552601318844476,0.010692977290486315,-0.0010667244985518606,-0.00944353885355371,0.040180785510377126,0.11956246389781175,0.010001754776359652,0.09666208963831552,0.11331816920227082,-0.0017137282730802315,-0.08221513686097012,0.005991994411162785,0.0886553187446507,0.03579465789939666,0.06926994169301633,-0.027403508428482465,0.05910496780343015,0.007019090200546533
2020-06-01,0.09950343633027996,-0.01506496925305606,-0.019409400316584828,0.002917728050898614,0.10191202293601158,-0.022783297516989452,0.07942165514076248,0.020864258892378786,0.05357243949900319,0.0770859016962307,0.023758746025813147,-0.017745063990524428,-0.046199367974288696,0.04337850979963803,-0.02730074635047027,0.006396157598853796,-0.07753997935359687,-0.12354326156372392,0.03209873415048207,-0.0036222136521085746,-0.062357564775901486,0.23700404586273308,0.06330408183083144,0.00846859265174607,0.01549403437040675,0.0029922600327958425,0.01426576520125535,-0.01731498438557349,-0.003510849561220983,-0.06870276848164647,0.020784424027065117,0.05160671180661858,0.004823106944765884,-0.00045367662198841875,-0.021558841047225254,-0.06361431177707799,0.07462647536261045,0.0733334844687969,-0.07083540410734705,0.0724053322539859,0.07814606623192341,-0.01322287429397464,0.0837603678263003,0.06384975695358591,-0.09057837353454518,0.008626818396732724,0.02776476690976533,-0.042674052510561666,-0.02614109455681974,-0.008887950777365209,0.006210685707554298,-0.1074780028293576,0.18470367254197861,0.00821522297221973,0.26442567999559335,-0.04233115784721583,0.013027286911295602,0.009392070447902998,0.038945409234633056,0.032680735809147925
2020-07-01,0.1416743803030507,-0.0837691733910062,0.15978305208221155,0.014014900177149035,0.11802655281849454,0.1560221036396049,-0.0019581967245200244,0.07564197220547711,0.07820907491767083,0.07022498224738571,0.046679658304361146,-0.12097204984993251,0.0657228772631665,0.048648773198467804,-0.037258158621605815,0.10693594904726135,0.02350459778847786,0.007016706780809408,0.010947443506172924,0.10556767383748676,0.043018012136549044,0.11339729429051364,-0.09770621708297947,0.054526511177649555,-0.007936435003180139,0.052663857245155946,0.03225156806812529,0.05736911390766381,0.035533158201200774,0.0660976492361158,0.13431839760169723,-0.11576918090790682,0.05837698193384419,0.06147634495226138,0.09750832457204718,0.03296232866063571,0.010612003779976887,-0.011829128932298394,0.15129446624546203,0.14346929739267897,0.05192494378674386,-0.027789295797166106,0.08837301562921732,0.05132454459938099,0.16174004923881916,0.08671391634518975,0.1409565560601183,0.06283533577819904,-0.076947106798867,0.11794427055116558,0.0007930367232636378,0.05245340718588098,-0.05922867524577278,-0.043464970790079084,0.2914908627294019,0.015599234532917254,0.01974311113973655,-0.020126315266539456,0.09876569334349992,-0.03369740489543874
2020-08-01,0.2084116507019419,-0.0005448284538993459,0.11767722320820835,-0.025826804760403797,0.027779737016319896,0.021391098779645453,0.14280830945546957,0.11801745933543017,0.11026523292282783,0.18467459425760985,0.030628883796329578,0.01816291255061496,0.02916961635474897,0.24286321322994003,-0.0023289047297944676,0.09657114772719388,0.029534399817050472,-0.04704238586172439,-0.02005443745750225,0.022859727227036004,-0.11450879093406528,0.1881771704611677,0.13618429941755408,0.1521834478259938,0.06892105012567717,0.08843121211515978,0.13752721758712128,0.0032825400398067625,0.08853062575966739,0.06928999631964321,0.05565954695100156,-0.06569923149734974,0.14674946650698717,0.08921475665235325,0.08325484404170211,0.006254872342293952,0.0710739809743713,0.04400937103190445,-0.021750146493312847,-0.0026023107003372813,0.09960735508269503,0.11344609787319748,0.20346007064039703,0.06762751694113525,0.06209346022248343,-0.040654236985557084,-0.07385705867330926,0.01874966734289106,0.01898408459454519,0.01893880510739741,0.09959288534555945,-0.1007016578126637,0.1226530374105677,-0.08256219824342698,0.4484107608433157,0.019583427180170962,0.10483610241655093,-0.05966128451040961,0.17775397418342065,0.014794112499708953
2020-09-01,-0.061733982144023945,-0.064721663008729,0.04412177931514294,-0.03431484183704948,-0.08334182509820821,0.007569646233581735,0.021669251662392988,-0.09646605616158188,-0.07127967928611642,0.02360156077814772,-0.05067387847629766,-0.12953249879728182,0.040309309720709535,-0.03822784481575932,-0.11014013080929323,0.06687452886122422,-0.03363093556621674,0.134267123032701,-0.11680886562359244,-0.04029812514200641,-0.015526475014086227,-0.0037770298674688133,-0.04326685722055773,-0.1295097516785737,-0.04177739785735213,-0.05157384965510027,-0.03148184553348363,-0.01664692596307149,-0.06662083204844482,0.003691422197790287,-0.038593059491510026,0.0037478403708317955,0.00037756050891133916,0.02846799367560994,-0.09623363368729886,-0.020176448247564795,-0.07733076734307653,-0.05235217944912115,-0.012271603872639631,-0.06973191729779288,-0.0750024629335788,0.11263866579534916,-0.005435545905711801,-0.04228936544365769,-0.06910088029029253,0.03537134476302071,-0.0007479960549080754,0.04948823102532542,-0.045053398608699745,0.021489299910535768,-0.21507496169054266,0.06173529460179902,-0.03873285520296657,-0.04786536371899487,-0.1407945682341776,-0.0006976511220978551,0.01489690922122296,0.026684824400699064,-0.01813309072281972,-0.16177158679944648
2020-10-01,-0.034821036656357995,-0.007424983097535712,0.02182774546748041,-0.05417432284913653,-0.027158250306793655,-0.06429343075793685,-0.04450777709917249,-0.03701492662392842,0.04527754987175053,-0.0009188158606004762,0.025062711867006093,-0.12266997763924518,0.010928103834793774,-0.027714429749770335,-0.018725051564058928,0.039221666790920214,0.01484128213030714,0.05473538472634776,-0.0015571569314748804,-0.041475648689281434,0.12396354249539893,0.09436963016565003,0.1434507360086407,0.05240999515811489,-0.09529563289990231,-0.06321377305216155,-0.015090719597451884,-0.03174894429057824,-0.024737723984572864,-0.007126580969633044,-0.06879632863247881,-0.10018279383935905,-0.09759612223033662,-0.03436247821581493,0.019144671182362977,-0.07009567307195176,-0.009732499827125856,-0.027193740487671397,0.02619115250067866,-0.045154288240313166,-0.03435370082655406,-0.01981245079455688,-0.04776574709740462,-0.00015593523056071923,-0.028288748746071634,0.01556021323304618,0.011852829904338455,0.04710904113133351,-0.03949397969360577,-0.02809651097779119,-0.07123098664160045,0.05576240914602973,-0.054757641127584064,0.03490064406338099,-0.09376459958642401,-0.02874047849680649,-0.1338352849830574,-0.06861098808027549,-0.031002113915995007,-0.09973047733810993
2020-11-01,0.11360566974940352,0.24957452658042556,-0.05182305456928036,0.011191194417685665,0.04959527513404642,0.04070678375661045,0.17690523727581653,0.1835612258801003,0.16244710732566098,0.11712908984778929,0.0945399723590539,0.3375179349689745,0.09666563495128142,0.013494352103379528,0.20222486236344858,0.14418716520091868,0.18338949718854622,0.03916934171224731,0.26374809003336896,-0.0225399174150491,0.022163052323694248,0.3024062821654571,0.3358212134385021,0.08551337453363571,0.21178123653257294,0.054159981689266626,0.23143558996773497,0.013735024057907955,0.19903502299953224,0.09404674855545192,0.18185135482254172,0.12705493790240208,-0.0016634481750188689,0.028751896901949667,0.05417524716784811,0.06720223700031963,0.2611354568014773,0.05486449194069444,0.01651819773658661,-0.07728919115754833,0.053233409830846075,0.12283416519654156,0.06919749558802885,0.0950503917228725,0.1409343771036971,-0.00478904913458739,-0.022471892021492145,-0.041577838043311235,0.2464067958080627,0.05835943007558663,0.3404395546172504,0.025297985973809667,0.2680435371123262,0.0693241975127135,0.33955183889300455,0.09102819833783309,0.1362582167448298,0.1854609119191684,0.09557371954184218,0.1676176063584564
2020-12-01,0.09359477923365953,0.010010679761098481,-0.008504475470558819,-0.03265654777024577,0.040590842885646176,-0.024844069083300904,0.10037375551290292,0.08500524214645352,0.04601327737315251,0.05749324942398255,-0.0012490902041116152,-0.017387166798174133,-0.05468831536662899,-0.12380060193613976,-0.043582029885826816,0.02713871892061392,0.17996123674803882,-0.019701204256624846,0.04161363760686618,0.026668110419549803,0.023768066167091168,0.11778875613014272,0.08899466090534595,0.003624349561224156,0.14590314820336084,-0.02307462041969419,0.06883833760812336,0.06492588216292985,0.0906053391212239,0.05587629766864504,0.014236034692982721,0.15197968801699815,0.039910649556327005,-0.010243345271520377,-0.030169665217410456,0.0013489667347747758,0.09256737050253624,0.014288771302676372,0.0634635912850341,0.015333075696410538,0.0908762138008894,0.04491864006669191,0.00452134731139598,0.05462017784134479,0.003998296652726555,-0.010712722269352649,-0.023057495878018867,0.025742773279084318,-0.004157197576470713,-0.01305889175342442,0.06722258731873065,0.035092092971343095,0.026540845192684195,0.020550894876975527,0.20387248140286357,0.046951123772708096,0.04936647356756954,0.0784430591850269,-0.0249827993675428,0.1337613618000151
2021-01-01,0.017584331371483516,-0.02523054332275611,-0.05035219799375615,0.017099455101304627,-0.010931488210797716,0.0035741295431946304,0.05958663150227113,-0.012143995266653834,-0.01916346226878458,-0.010112299734282394,-0.0733192271911545,0.0057318031508157355,-0.039949127891374746,0.014820629894818235,0.0005748568169237859,0.0769894427909873,-0.07507954252349341,0.04057966786872402,0.0076524975659292074,0.035002763776928784,-0.022161888816891986,0.030402147619006236,-0.011613905270518879,0.02360863098422183,0.03241099441589448,0.024910795895301575,-0.06730407373053715,0.03696131186054088,-0.007606498406732803,-0.12102202958969159,-0.055856835981060046,0.2284539200628025,0.02967721629065591,-0.03126846845448515,-0.05821480949679315,-0.047768996661126564,-0.02762453593613024,0.035450974240114716,0.03682658542554242,-0.024412359241889663,0.009150089876344246,-0.037194548494294544,0.02410239515886451,-0.040549758479612105,0.0013965140802852938,-0.08996301921621698,0.02234049753597002,-0.015410858946726592,-0.08369442688703378,-0.08007291004206803,0.014400310000607883,-0.05093492122550326,0.08050087599018979,0.02715778827973202,0.08790588875581969,-0.051721478868321485,-0.06503799682966427,-0.035320208101354916,-0.028946800816673404,0.0722653132855405
2021-02-01,-0.04955188308989532,0.09849351264531407,-0.12435037660101822,-0.060466769672065226,-0.0075475675766930456,-0.02645484094470308,0.049790925816188804,0.14470966080522024,-0.01976941369728482,0.13780382275056452,-0.02478435495991878,0.2606313721530204,-0.07278685779621596,-0.007340049183631972,0.13504210912749848,0.20073932241886025,0.11678073674490201,-0.08041367083276245,0.2543713528691831,-0.1327350908260633,-0.0705806590037979,0.2256107701829177,0.14672753782632594,0.0573207826385678,0.1554252669519676,-0.048012103940915325,0.04893303383244674,-0.027576843274889656,0.10294750767462829,0.026248014525866684,-0.005335408442462567,-0.00024628799075698815,-0.060824270821175704,-0.009118409675151469,0.007546080714903241,-0.047770462821455875,0.13849072754035188,-0.005664421251008894,-0.09276858074606366,-0.12242132615559763,0.02060895158279865,0.019490088219415412,0.08614051928914834,-0.040688658070715325,-0.049310686734522526,-0.006464319466916488,-0.04058194295743735,0.040533825415432975,0.08973826955400757,-0.02458087154914696,0.22624776131038057,-0.02703453808293798,0.18514876933653115,0.037991380159721345,-0.17880868964791427,-0.008930401530886162,0.04067412308085764,0.18024861905935374,-0.1293975150375019,0.17727867570839045
2021-03-01,0.0107819189799646,-0.009389878824698751,0.13562591159410736,0.08505714923085131,0.010153514399197764,0.08325691262754585,-0.02747974052099718,0.10061733122590619,0.07568198826851552,0.06121645606333859,0.0588674299804787,0.027902176203994114,0.06497069051025073,0.0006177588661499048,0.0778148113559055,0.06461930669263026,-0.0033256774266105515,0.1392707132180502,0.14834887046745687,0.049867161104819646,0.11658044540374309,-0.03569107098717918,0.041746529173246415,0.008299721783957265,0.011788984461814646,0.15356910201734697,0.07142281556014646,0.07046358833722799,0.021612213651785016,0.06709247518683803,0.1405067531403275,-0.08466193977017789,0.16952030823633232,0.07544581069507163,0.12733936615057653,0.054227891891261995,0.004935379570165132,0.021666563108410027,0.022160821641627915,0.09601596232915983,-0.021240954936682724,0.0029242792696707633,-0.004581863675513238,0.09049329479257488,0.09043984845031025,0.09493212522759949,0.07366217696597849,0.04328432783941821,0.0831577258737033,0.08203836450937725,-0.03792196794022436,0.09749951903161504,0.009757400456546494,0.08327201332751306,-0.00933802579644136,0.11469954922509093,0.06548469759998839,0.11235160460840274,0.03642410581048612,0.02850358168424426
2021-04-01,0.06403582182010983,0.02650209885528043,0.049881033903182576,0.07835698295599286,0.09052917722294576,0.05190884897843711,0.017945057908066907,0.07122726389552742,0.10266620059794666,0.0025803302890476075,0.028739979149168298,-0.021137149317816455,0.06429649343203706,0.03263915308299607,-0.01550876577774154,-0.01800251768336061,0.003460347283704119,0.05013551891989905,-0.039371846866954566,0.06565532448052791,0.04707201034183448,0.12862851557560465,0.0007802165955581549,0.1524955468185674,0.07292845655708356,0.07002419133229577,0.03209966034965464,-0.011155181805261014,0.018887472587819684,0.04381018404645985,0.037075685695085035,-0.022692610928028868,0.037561320983141556,0.06921696586856536,0.09294554260498855,-0.019322877667542863,0.0669637218365317,0.06494788759978343,0.014543090614502605,0.05332858082694607,0.001972819048169386,0.007455406472490962,0.11031107865555953,0.040860193430553055,0.06711341874184545,-0.039114853481825716,0.09050152113290838,0.1289468492293552,0.05356478287876014,0.10195871757306817,-0.008637936536757896,0.04500880658940283,0.043361025815861945,0.045380813508372,0.05568256490812596,0.05924266257709691,-0.0055200736615669205,0.12798966391450073,0.04874655710360823,0.023798552174509574
2021-05-01,-0.04390333819152908,0.03262682093569904,-0.03143048025674243,-0.002936458883052403,-0.06382517328234907,0.038584665183592964,0.023916890247593615,0.02926963323594881,0.05427416218122484,0.048292218633138956,0.05221747312447777,0.09552560071164014,0.025206328030350417,0.05487537998444825,0.025149520612398314,-0.01621695992251316,-0.021379577911288597,0.009727365537262325,0.08648139367326453,0.02180798813128879,0.006311093701232088,0.12618174851149136,0.04717541676899545,-0.006439425468358306,0.05812074606661759,-0.027076825465560693,0.030222633548916866,0.05100979687856236,0.055980024872633455,0.029945428264840625,0.056038359921769525,0.09583483307588272,0.000174600058710935,-0.011319586466313387,0.015819778130912347,0.028801091362253912,0.10323140442669691,0.00800748973663607,-0.058231249121899385,0.15999306739457303,-0.014591136470459365,0.036167949960444534,0.07781983891259912,0.0024774478838743355,-0.016055141777212477,0.03127323769886777,0.024331322115197562,0.00393463915169123,0.07314890176037325,0.03652725825480691,0.13646539145120642,-0.03481907537240365,0.06911757958408965,-0.06010658785425391,-0.11681445533145068,0.03596380732948997,0.0016784459106901455,0.05305612035629326,-0.0274640108841055,-0.002552014454431501
2021-06-01,0.04596794176493674,-0.019757717981205528,-0.03400648855445806,0.08328126140015343,0.022015517067741262,-0.04378971041893844,0.019751309152457455,-0.0015722001462633271,0.0115663714502885,-0.07371376735701342,-0.04869895980479968,0.09361522852266783,0.04817098023484672,-0.026550278625829857,0.0012578577815457008,-0.030028244801125103,-0.03305134271203025,-0.04412394192474512,-0.0027278217729063622,0.09095365966258369,0.011706035789986918,-0.14014796955579822,-0.013004953793069308,0.060673285990411496,0.03462514381164322,0.015814589293807642,-0.0627541589330053,-0.03933941093310285,-0.013510308890924687,-0.030063641316083856,-0.06633930815798855,0.117491741719506,-0.003260496516246247,0.01127102891377204,0.05806676602496138,0.06793747520071451,0.016947049859725616,0.07349044307546465,0.01612159406607264,-0.1207224091431634,0.01879553560783922,0.0950110125278808,0.15605368594015134,-0.015397522100112386,-0.004372791806144961,-0.0004516011818301353,0.021813353385368967,0.08919113404852538,-0.02849309366126979,-0.013384191375022551,0.05065559591861957,-0.029285208067800574,0.02051653556061545,0.004369935965969709,0.11837821576050991,-0.03258550293370524,0.005136612630678366,-0.05138618225797527,0.05748977923893802,0.13282601170158126
2021-07-01,0.048657948860957326,0.02018401893715078,0.030547416338753998,0.05544615507358889,-0.028977524278112423,-0.008490849612296982,0.01457614609066653,-0.05717002421606886,0.00930636956085081,-0.04151315364052205,-0.04926926697542712,-0.10779918945747888,0.059140838866253626,0.001276640179084878,-0.04659766232185272,0.017615143801802607,-0.025719753761650945,0.02819078876819653,-0.09889242016706878,0.015943817062590564,0.049831006533114806,0.019961110627072374,-0.006641305158973425,0.0960385791582737,-0.007704545781571783,0.0489815788905783,0.0651383671655558,0.024867745108777504,-0.010856967398584551,0.02708696787995491,0.03195655058286972,0.04196242334431535,-0.02763048851045735,0.049041963463262034,0.020957982452611802,-0.02521119957543033,0.038204964079126436,0.02954110647869282,0.06969652622112305,0.01369544631702088,-0.050132669832077856,0.06148841548930109,-0.016313658481933224,0.0856660867518681,0.11558929662034041,0.05288700463250854,0.06861624337132108,0.05688200923404298,0.03326515447335833,0.0748564536825506,-0.0758271725633676,0.07967793970566124,-0.0045161845935851146,-0.013185537836948317,0.0018283978142566593,0.042876579523590835,0.03998612190586423,0.03626680491807206,0.03787907188782767,-0.0534447090556232
2021-08-01,0.03805658587313953,0.04282484394706393,0.0021837954789124467,0.04633114741053124,0.05513149391864938,-0.09026747903090385,0.02030516502891161,0.08515909326464731,0.08207888020852588,0.03507730501077456,-0.03789261292813592,-0.004026510911957852,0.05561966716476706,0.050326689843632526,-0.06422763741911958,0.042827923618690394,0.02315406099568558,-0.006677006679120048,-0.07761185153567328,0.03474777592918415,0.05801507239454131,-0.04910602785973073,0.04371665436704883,0.06254778247065126,0.09883699143030285,0.00934309098978626,-0.010812019040687522,-0.029121867342636845,0.056994481577232727,-0.03137641181086792,0.023929830489682516,0.04200731421537007,0.06877094535370297,-0.006156503997265601,0.07020092180612329,-0.011649992275493728,0.0962864019986478,0.05291409547878742,0.07976457211449985,-0.06160670355736722,0.0777057820713784,-0.026363540152197128,0.12245360226349333,-7.144452108640183e-07,0.07997286056408917,0.011412125281856065,0.04693980092650332,0.04687471728951893,-0.016836247441936673,0.052752789273136036,0.000374313977003958,0.03949681462191312,0.08254344425978123,0.00201220937528665,0.06499545304020736,0.013316568889121071,0.025913600952451092,-0.008009303577525556,0.0337745413700039,-0.026812434222290932
2021-09-01,-0.03387800699859822,-0.0869648211976318,-0.07527660950016339,-0.1041515224298808,-0.04295076384844011,-0.028904881318365546,-0.0029881313498304647,0.0075672606719807255,-0.1261885067895695,-0.10319771502708772,-0.026539166423410237,0.21888713636510665,-9.518177123985123e-05,0.007355136514172142,0.06816653393249701,-0.11446970054011653,-0.05598319969925257,-0.010471535891363577,0.16555246777801286,-0.04944784627825589,-0.006963874598037644,-0.12103791014914372,-0.027358683186682543,-0.08988316617625217,-0.08807850779416103,0.005804034344970273,-0.07486185203440684,-0.07626748783249243,-0.005822110391615506,-0.05258717379792019,-0.04103057705439825,-0.08897082620963868,0.012595678793047765,0.027449301887586857,-0.10872035388595587,-0.006266158368030643,-0.0672137406352801,-0.05376804136764336,-0.06778562798225138,-0.07784701673399218,0.0939317165826554,-0.10215766625432539,-0.062280835329683544,-0.02435766176109251,-0.06248092694179501,-0.03102029053111545,-0.08944196826973008,-0.10638711426663348,-0.0022505341528543665,-0.10403476486894277,0.04335908258463017,-0.06815998152168033,-0.059552128363111065,-0.0259409853867186,0.019773456553424627,-0.07462039874208752,-0.12260410851274987,-0.016752126549386986,-0.08435629638687481,0.0711610877024732
2021-10-01,0.09726344127189845,0.06846017383027647,0.03823366977320048,0.11507735924838192,0.06988877403236021,0.17394665655083538,0.13555136482194458,0.15749680182599382,0.15414952262376147,0.0791604763867434,-0.0071745127437948236,0.10957759201551234,0.06503346344536218,-0.01697507178746581,0.07725333802941733,-0.021226482134380362,-0.0249726562892065,0.07804750824117307,0.150490079155566,0.07190501439640588,0.11830869541599265,0.13410473551458577,0.06570430014888154,0.07850504293038821,0.093111404191665,0.13856089045629785,0.04420261112557747,-0.04462673903696633,0.040982796487789595,0.08768570693571459,0.13176655987984853,0.08015471931621979,0.14374679145486746,0.041941773863315594,-0.04076286849562021,0.15051550197305152,0.05281562125565535,0.13822204987638775,0.07866171344855247,0.01816120471248196,0.12352033252113771,0.13446545911309993,0.18329304103423652,0.12584893152569032,0.03566945878244779,-0.00855205410203021,0.11656754411385999,0.12283397774336098,0.0024539931398608363,0.10600294306690176,0.10257699951591868,-0.016543348520412473,0.10761659046373764,-0.030698367722215465,0.31345562469264077,0.16248573089744534,0.22341975764985061,0.035082293861057996,0.09086096032844235,0.12435307731978851
2021-11-01,0.07731003647455524,-0.004749189091614491,-0.08076991206381143,-0.06119716615000177,0.05182991538595226,-0.06576403900176638,0.009874767661707189,-0.09937418051945067,-0.06763813403321109,-0.04232285242653698,-0.052026072952052416,-0.04968764023422948,0.08644532586820831,-0.08413545509798002,-0.006533751530614116,0.01437904129196744,-0.16601161572444229,-0.05485085315102653,-0.10292693132297265,-0.029307337910112054,0.01313166301419234,-0.007186571659541625,-0.08489350899726089,-0.030644244513741557,-0.06915715603453293,0.08731417369887257,-0.08202298922797731,-0.0512739663453072,-0.05399947109247599,-0.09963583247205013,-0.011465535728731917,-0.042151142161941095,0.05095447418964002,0.022117071841148597,0.02362788856955357,-0.1545049565905295,-0.05959490348012199,0.012034588758922172,0.02467065538329278,0.06142122741300196,-0.11359372186841338,-0.0007205321873093272,0.19393366722667904,-0.03690030461646282,0.16122243399179412,0.03901500322729925,0.06446808916083929,0.017368245193120566,-0.053332146252073526,0.07066456740541902,-0.10253066527795218,-0.0006936320545020691,0.07503243070724905,-0.098694179343279,0.0460462368547102,-0.02766331191715357,0.015045043731482171,-0.03161400235084673,-0.07681249569698517,-0.050862414879427637
2021-12-01,0.013645329568124032,0.1372053462349306,0.14842519827575895,0.08857812588315198,-0.07125445760437886,0.03359668387415933,0.17946862433300562,0.008733188639120617,0.001607092505157233,0.06015444757709654,0.15633888875834437,-0.0008844832276920234,0.056145917798627744,-0.03520715519213656,0.05162826676325822,0.017272487892654762,0.07769427133246228,0.03150201874425749,0.012265890011206194,0.03133702226765471,0.0784672204853312,0.11896639807462867,-0.007881919094396764,0.037970859905021234,-0.02438507506392547,0.024994894302044067,0.006858494492924302,0.09910487907694521,0.0043482310714334435,0.12293983359493103,0.03802389105311135,0.07984482425178464,0.06225342538521141,0.07333183000967801,0.018277777992591338,0.020386023058358703,0.021924763073098763,-0.011001479778137736,0.0698872970157498,0.11343470686102991,-0.04236094746479408,-0.03199361411575073,-0.06327261632162337,0.07988854787271613,0.14094593813748058,0.1324671001672778,0.13196131186699256,0.1393452574249921,0.08870723820662932,0.09184695061194119,0.054882517830559634,0.14663383948498954,0.06866593479907225,0.07418172861686569,-0.02658953792135886,0.11714984444784382,0.06938964817587648,0.04912690070318561,0.03912228735535056,0.031510477546502755
2022-01-01,-0.062455936830286725,0.04678626184655932,-0.036850789156716336,-0.1493030169905316,-0.1035887764953717,-0.03650417355731958,-0.07597878827328472,0.030928426976644247,-0.11568984953981254,-0.060591205920151034,0.037130142555333756,0.2353011826421883,-0.08122793053065913,-0.05860226603204906,0.13576433195890683,0.11752747864736432,-0.011662146642625257,0.017469832776091637,0.09796414005776424,-0.12473709129928837,0.01827126189529473,-0.14093612442693448,-0.006329638197102702,-0.08935668686672663,-0.10754866455344583,-0.13387506474976457,-0.0075740216378733845,-0.00989401880826401,-0.09533226890326355,0.08181622523197286,-0.07879711672051884,-0.13410702874217867,-0.10474587964891494,-0.03982348686700436,-0.06455166788466903,0.08691286719246208,0.04962647084457128,-0.07404026900977198,-0.18076487083596765,-0.047335226557845375,-0.2568166493485383,-0.055146381638179844,-0.11137201119786631,0.04690226525109732,-0.054725884635592956,-0.043120360706177634,-0.0682419988273808,-0.07072685042468688,0.025916294997533347,-0.2063684974111479,0.2568961631338339,0.007754815597572681,-0.13334445809833242,0.09635570847284006,-0.11428850846566002,-0.07845349732748844,-0.07872794812077707,0.06401524681722517,-0.09283321346464951,0.17402887288496932
2022-02-01,-0.047150277723347754,0.1042014179233758,-0.04647487495334449,-0.09721004031780073,0.022054930522094566,-0.14917994871348347,0.026096317831083196,-0.03693086006806272,-0.09489580778781093,-0.08258351650572483,-0.036033739360621764,0.09057067447620906,0.04164219697206892,-0.11574226990210436,0.10384005804270438,-0.05249088703519632,0.041152151006167106,-0.030098259649498887,-0.03919946299078005,-0.024427506988007646,0.05031303764574174,0.22136246139164284,0.008774448187508747,-0.006944848008757221,-0.03464510122934871,-0.150600062314207,-0.05675408098113528,-0.030339805050987566,-0.04223456412324539,0.042459049235695046,-0.12114771649059443,0.025272388264751464,-0.10907198765761508,-0.05258680413083583,-0.37019537790844903,-0.04440409407723503,-0.09495908844959632,-0.020730804159414928,0.017191079543311637,0.08139243091184586,-0.066528921559328,-0.05082207513244274,0.006138528182920742,-0.0685594859376869,-0.11486716321505523,-0.03881173100632808,-0.07149744691785126,-0.01280933537721399,0.1256164099606057,-0.06982155108554351,0.005554584330389299,-0.08678102182529635,-0.08620067626399791,-0.019974449725685812,-0.07145287479544253,0.006013671420408063,-0.02618150114623643,-0.04290848541642886,-0.07574913967011777,0.008047866222999044
2022-03-01,0.0356767229463259,0.08401024502558765,0.07502783748823272,0.10031956513271428,0.07622832962164422,0.06895341468280614,0.07044741978873516,-0.062332531478745505,0.018700072737640273,0.17610268222724246,-0.020677747312306892,0.06460360675654934,0.09530996777571125,0.010658566478165264,0.1262695748700779,0.1519066329616359,-0.0879830386680875,0.13626496994062487,0.02654809644660165,0.035262268727683475,0.1117388228838831,0.06909519555279821,-0.060091370382278304,0.045723087105908944,-0.023015702766637093,-0.045830606516880396,0.03447061116759698,0.09555232432119597,-0.041279591419427296,-0.00856669898314356,0.10863965549443357,0.1744353752917497,-0.04631589582062003,0.027501988462944386,0.03935872450353752,0.0674359462321655,-0.052655308034829554,0.03743981080795128,0.0581689397271212,0.18080206381032077,-0.04834109426331079,-0.01429572287284997,0.1009373689098661,0.04261844556269011,0.09144395662013347,-0.013488716606331625,0.09415084424211627,0.0870784931741306,-0.0368379408211871,-0.07811878172974063,0.028263422159243004,0.12874446762308486,-0.04899639707499687,0.00728665625731472,0.1864516336829375,0.062418096628450895,0.11739260249372158,-0.08895343941162127,0.11965587668814483,0.06489328396787619
2022-04-01,-0.07144356285325652,-0.05620039291515246,0.024581602051477122,-0.03086468904886304,-0.2899182271750943,-0.07642993037307744,-0.122351336302254,-0.18164811677045656,-0.22297680799517655,-0.10362927581956871,0.05105919074271354,-0.02601158736106903,-0.04487958046347772,-0.14382336783698224,0.004556234163146655,-0.07353250413586922,-0.16597605005536525,0.0005714705747518738,-0.10093976570386427,-0.03678425818086095,-0.005978642882243144,-0.22527282141121086,-0.2222092975353696,-0.2488136344239207,-0.10773285898189754,0.0001415945331032526,0.01998547338508459,-0.017385180354539974,-0.18407681149299854,0.07978526906326516,-0.07770927086450513,-0.028972944698066497,-0.08294889374278186,-0.010847465266021825,-0.06936414210201926,0.1149341532497561,-0.054093393682373286,-0.08966697054343538,-0.12435332775523181,-0.09272549584979332,-0.6179865468572402,-0.022489507749576386,-0.32641890957147385,0.03494568916246104,-0.02368410722473384,0.041680970464660475,0.00012879040172626916,-0.04972689505245028,-0.04174276399379571,0.1325296086075777,-0.032617421696718586,-0.001505220172041381,-0.10584053534233456,0.04214635832968239,-0.17186803108969276,-0.018174575024522063,-0.21184113212799294,-0.11418339694636792,-0.012673919295086811,-0.009523216755891253
2022-05-01,-0.07038742194089324,0.010853900303653826,0.05608713409956486,0.06154499436712644,-0.048768365845630435,0.026539315495650202,0.01776329851406993,0.012356264030460046,0.040791885876244494,0.013085015327082186,0.013283347996278805,0.16460230557549083,-0.1214438697171921,-0.05366697299501429,0.12802012277372685,-0.03113746684200843,0.0027250643021687823,0.008015216498700243,0.14195748483055415,-0.05493038442580621,0.0504156168433105,-0.035183457957681734,0.03459528664874168,-9.135327557531405e-06,0.051175372278428666,0.005792704394973062,-0.011584409323790328,-0.020107060743289468,0.11187878410506231,-0.028748643314354273,0.01212519518936887,0.03672239369189125,-0.008608618620912164,0.014463790190138784,-0.02006630676925826,0.04217286305578928,0.08364050551214783,-0.004619228639162809,0.09467647235378177,-0.06055498427163742,0.04242724793869261,-0.043505962764743354,0.007927096700805384,-0.054375114432598126,0.06967057358449832,-0.0585597678865991,-0.2108888978924893,-0.10031772952005935,0.023206135202486794,0.002850885753621756,0.1900714869383437,0.045273784200638656,-0.005022276994158897,0.08675995117101426,-0.09914926939937327,-0.02638772171607735,-0.06750491867360822,0.08177215519192405,-0.20200125040365333,0.11666260910367342
2022-06-01,-0.06927150361145293,0.035740532509376546,-0.026664290080597855,0.007077619199306216,-0.14659680390708005,-0.04682961441391939,-0.19474315549828264,-0.18533444523731535,-0.09655167472103585,-0.2003243616995437,0.0012172608967266508,-0.2237769749851345,0.034954155226526507,0.0521594040017363,-0.16659054565428247,-0.17562789267889528,-0.15609987002866574,-0.06678151945889678,-0.1442138669263259,-0.047715621054793884,-0.07614349303493476,-0.2952231071768751,-0.20138360994889004,-0.043824927794888696,-0.10180889141927732,-0.10401429377304769,-0.10818208808315949,-0.02838946959341884,-0.14505108762403898,-0.015767541643606185,-0.15634466967354593,0.0030315883806298696,-0.15261972089534842,-0.03361892164715069,-0.17800524588306774,-0.008616779208713905,-0.1213544143206925,-0.056217828552652234,0.04847778086129009,-0.13336035537193808,-0.11128527513257344,-0.13528759953086494,-0.18937916930672297,-0.013126219126925808,0.00811094657809575,-0.03459542992621408,-0.07462093442823341,-0.04752662827884449,0.02385491882187777,-0.1524080032373428,-0.2264033494506445,-0.05952638045922902,-0.18695704236401403,-0.03578562304649962,-0.10010392542986044,0.03416731441188103,-0.03700592273895416,-0.13992866404641893,-0.03785666102963638,-0.10057655074211591
2022-07-01,0.1479239878293305,-0.09562472978467913,-0.007870849998172016,0.05395172100130739,0.2505496114123234,0.04733685903024497,0.11684508196988816,0.12005838421495996,0.1286190552719844,0.12098683837038736,-0.0076325038356883385,0.08087648105786252,0.10513161411946118,0.0807856014796762,0.10960456156351382,0.11626975569193607,0.09386308874346962,-0.009740524926209883,0.010840997366547526,0.06377400002168682,0.032931548268556356,0.08527295761727612,0.16805285939177853,0.06696798725058498,0.1382200101344235,0.10574912506190563,0.11910254269931395,0.006463596120186842,0.029381757827222892,0.022312108177906565,0.052790094457112115,0.03466231309380393,0.06588487717493521,0.06811446882091403,-0.023833364050896,-0.01769697627907721,0.10343168511066012,0.07031417972452808,0.06663866771079857,-0.25192646736158414,0.2247800054130181,0.0966664626354774,0.17331579394571173,0.07490404260494911,-0.03296798526157226,-0.04998749639522686,0.1320377037105564,0.05213089454707146,-0.021199986423513006,0.08346457492572851,0.02358258420242276,0.07184841946998748,0.16134672011336357,-0.05700818575408563,0.2839740519935053,0.0665386080727895,0.08161447259090433,0.10485432966863134,0.11381501460121658,0.13467332556970601
2022-08-01,-0.03911256848936881,-0.055039765471476126,-0.03849523285441372,-0.061437841263807594,-0.06062212268825249,0.02787713265669415,-0.05254571026255721,-0.010377265089392282,-0.01608464244771015,-0.07531967445864526,0.018987085161862097,0.11789057926697122,-0.03189683560542984,-0.18408018570133214,-0.04415599236442786,0.07213053057460446,0.06779995988680251,-0.010053109679779175,0.009397540151892758,-0.06539916592074028,-0.05511170991108865,-0.07286244907736004,-0.017662955034726497,-0.08007627506532515,-0.0044175838527772,-0.03237697335516407,-0.005352848814966296,-0.07118211396791117,-0.025770678552810712,-0.044767360631447,-0.05877540397369216,-0.07210345577041812,0.03147336246950416,-0.03861826412496859,0.024910859898748687,-0.03658598126142287,0.02027342623072737,-0.06720292979644522,0.003254243111304814,-0.10015826360670017,0.026875892139346616,-0.044708035772297094,-0.14853030709103943,0.028025583047737168,-0.06642190891333463,-0.003818241786195894,-0.07208710718419348,0.0502197877168038,-0.04230175483990688,-0.0460129905198328,0.024139001006646378,-0.0011400193847673976,-0.0860632102501516,-0.019834903506895214,-0.08571004723741887,-0.048546656422042776,-0.016884538340286637,-0.022037394213721626,-0.015928130803950776,-0.024909727511886377
2022-09-01,-0.08423791167432451,0.03714248006062167,-0.17143302064010463,-0.1657006802319161,-0.12479902682469154,-0.070555407092315,-0.11235330231145575,-0.10809104520284535,-0.18785338047902816,-0.13617398451529927,-0.107895921465525,-0.03434077194979056,-0.0670568721959253,-0.06153617391601644,-0.0680343851692111,-0.08103353317856132,-0.16762284854239773,-0.1163356925649381,-0.0685329927762313,-0.1308810566474959,-0.13174252062985428,-0.09828927295206936,-0.16898061666241151,-0.13774501666653724,-0.11728431558455947,-0.04135822282803246,-0.11007486222386173,-0.011372765631465248,-0.09487839227806077,-0.07505649627233213,-0.06361504856876268,0.06270063610349197,-0.09995033752459805,-0.0908925111385264,-0.1641330744637931,0.030042828697511917,-0.05150334408945703,-0.10074480212114523,-0.06850209134089227,0.012419404052355861,0.0844760908269053,-0.22028694392849796,-0.2056615524724193,-0.06780308227882487,-0.0351130035209233,-0.09112954330400676,-0.2053603359376587,-0.12106173264429658,-0.09336415943412299,-0.12996797599383245,-0.08142777370268978,-0.12830263058981356,-0.14178101340196242,-0.153799534709758,-0.05464958772869391,-0.022206735877899123,-0.15213917469798566,-0.11505260557119856,-0.051461463280652986,-0.10646846015981763
2022-10-01,0.06245260086073792,0.08113705060832271,0.006632693847221434,-0.05699205862175071,-0.07615314423695402,0.08862165313980792,0.050740001111567935,0.16255546708497817,0.14099826939082916,0.27479192367915584,0.043126402011642,0.2509747748724822,0.043372172960877184,0.1435497879553489,0.2307554490604441,0.2083929634659948,0.13398910869298614,0.0011886224556998438,0.11286927306100275,0.004677745102185755,0.04244956416277391,0.16069247718629617,0.22337643752522568,0.004401413950698416,0.16670729337157003,0.0496564846457187,0.19767552839439584,0.08037398273158641,0.18561566991993494,0.06444841675390296,0.12094406972401736,0.10845570173118112,0.08163585908810204,0.2129352613368029,-0.339345518903976,0.16951919131959928,0.04885734420790332,0.035822268634964696,0.0001591532614599097,0.05958376825307862,0.16890223873111446,0.05564160512572172,0.031913385414143,0.0452535636103303,-0.010777259845342106,0.08704018025171084,0.11950086952451738,0.07054844288092704,0.16529165344228117,0.10158986704916438,0.38461339109441817,-0.013701546985864753,0.26178519976292136,0.1159601719724089,-0.1292722299881877,0.09854857257963202,0.026610851271039335,0.20767809715050473,0.03704142912162251,0.25309666834279415
2022-11-01,-0.07440186027268766,0.08997209903937523,0.11550206527368884,0.057489224026520166,-0.04431382893333584,0.1902594218226088,0.14178096327154183,0.06619976165742297,0.12445658280512689,0.10949196096587129,0.0406345757117291,-0.021739509139606317,0.07570641858143871,-0.004035323366480208,0.008449580810964516,0.10702371061104096,-0.09493014799753244,0.02413976849402224,0.12366846092213375,0.19594654627883462,0.07342930526966954,0.23998186325676016,0.13418774225478922,0.058173859119130734,0.1159761388180772,0.09971443692860127,0.07288063872917175,0.01745532179014765,0.10901471348167696,0.06312797664445904,0.07884748243400638,0.0051557209036590945,0.06659181600881257,-0.006199661542816687,0.23320904562521974,0.08088091281511739,0.14180339471378686,0.08386018227528907,0.09167238852073663,0.1518523679239455,-0.009403726379581409,0.11532321890642322,0.18274619808848258,-0.0394445444204891,0.043722446188239825,0.11098384409577311,0.09067544972664378,-0.021006831384215812,0.06797302224449037,0.13800388367276123,-0.0028100706727653153,0.04539916606584544,0.12297331376723071,0.05746901756226689,-0.11436937430010616,-0.004244064453174594,0.1168381121004069,0.0592509526883124,0.08372239248985675,0.026154278734173073
2022-12-01,-0.14003660329451717,-0.010832283326220252,0.03681111831477498,-0.05350001386617897,-0.15696922371033672,-0.038261344169989886,-0.016662593685872414,-0.13865091164575352,-0.01242457803585754,0.0038176678773164854,-0.006972700665612359,-0.03218956004982399,-0.14766529170442594,-0.1395779385240992,0.006092751731848469,-0.011109530882373639,-0.11963786868258229,0.005936495678287718,0.006825107385279763,-0.05320152175580463,0.0630954375357625,-0.06658199019504499,-0.012846335272205092,-0.13465476344963362,-0.11880701864975762,-0.02780732491054594,-0.023265697201062873,-0.028575574408207613,-0.007710997362306474,-0.005827879132251937,-0.0854087529874368,-0.05452382607805613,-0.10307561837666826,-0.03057998483210387,0.02167605822512816,0.010998978707625368,-0.0764246681907514,-0.0591433000829113,0.005877985329333145,0.01812333811642579,-0.030052920939571636,0.059783964723192314,-0.14327479331820434,-0.051197400290799014,0.028681453190943344,0.02283484209518511,-0.02640123243804576,-0.044879745144840354,0.04778152367472811,-0.023029412066053533,0.033383625916249646,0.06363784403936602,-0.007167666071763036,-0.10391927892362121,-0.4229313022287577,-0.030820018208954948,-0.048674414183479,-0.1297733327653738,-0.07793620304780091,-0.003803572152815643
2023-01-01,0.11408902702697091,-0.08994516153343934,-0.020322590008938976,0.060183269099822696,0.22774489547888757,0.06500312665076488,0.08083232868135581,0.08260815822455891,0.08033446489242493,0.05986362975334873,-0.03491299237677613,0.022966666260597315,0.0941083856626588,0.19333282081134923,-0.05342696661845509,-0.03410009222337371,0.2142404516565734,0.02252527606118694,0.014781971828755524,0.11527058972419751,-0.03482116190185151,0.17525344178343696,0.1964957595977376,0.11193423823892619,0.06735971677892238,0.030571851121545594,-0.026223808933297378,-0.05272555788842384,0.024777856486297517,-0.028800140804621555,0.057556384970759156,-0.02052908480944165,0.08152567733192118,0.012551489583304813,0.19848181413491875,-0.03429597622000327,0.11869196413240012,0.022783839751070706,-0.12917098085792386,0.10186146079023431,0.1790778526484252,0.09451404552088634,0.298759186064631,-0.0158368989098272,-0.13698651640960458,-0.0766278841450542,0.1244177137684229,0.07291243143327153,-0.029528818680819607,-0.02336693594120162,0.0671721536492419,-0.05667605938402741,0.09047764135122438,0.15796332713089584,0.31486813056246055,-0.06276143779941701,-0.014013522669535556,0.11407277676429145,0.03588347689905659,0.049426365445325506
2023-02-01,0.027933454737754576,0.051570043257591805,-0.06869161875863775,-0.12118327594644647,-0.07499036878935435,-0.1040314382419489,0.031591558296769504,-0.024570474913881965,-0.090081076795828,-0.04168813854853607,0.0027856046769764425,-0.1751748815559852,-0.06614444392155273,-0.051511767010120536,-0.09616320335204495,-0.023463038634939586,-0.09468223471109385,-0.06967310340951448,-0.1430080498688529,-0.07051014287462921,-0.04757911406964075,-0.07763132807851059,0.04768024221004471,-0.10024736948903445,-0.03767032892653538,-0.08536244560576639,-0.08307141608856852,-0.05051620995549843,0.01654313942385186,-0.0225602255061964,0.06528856214085856,-0.07803166476651416,0.008743646426852408,-0.01605065687435412,0.14914562002291937,-0.014415972856743332,-0.008525535516949564,-0.0017633608973753332,-0.056441987325106587,-0.20682417836642067,-0.09606393005523471,-0.06759260074902612,0.18001082484721956,0.03667423397604725,-0.06363609927225455,-0.03824751619196033,-0.05796944479846598,-0.02836710292209192,-0.02711000042059949,-0.07864023299146322,-0.06902649841684699,-0.072855322073587,-0.059653523659494716,-0.025320467083653132,0.1592894730155176,-0.05032409861002302,0.011018097013408161,-0.014985764435572922,-0.0049230318936051435,-0.05352138415853178
2023-03-01,0.03825191937305919,-0.037180563924094065,0.00824561405349649,0.016491544498144422,0.10050839046296244,-0.023527398527713076,0.08947987576625643,-0.16184293702407881,-0.019887111842131495,-0.029215503970391226,0.046286272771883685,-0.05918996928634057,0.002254758772006017,0.14190119832220172,0.013002474043143341,-0.0734538168029108,0.006842232336526052,-0.01402063545862045,-0.0025066648194964902,0.031967483291908634,0.03396588509510845,0.007642016317894968,0.15770555214769164,0.12249090587273448,-0.06732020631531022,0.03383132356790016,0.02201120123652515,0.026270942841049756,-0.08951441289877216,0.0242983498731893,-0.013935997485317625,0.12144591289719722,-0.024798070124579442,0.0499372218948127,0.17542831073591786,-0.007332611127501789,-0.10539961680383035,0.10857024119043146,0.08266695530867231,0.16274779138305281,-0.010315028277227689,-0.010154737806581,0.16106231206187188,0.0327290047478373,0.025078901944848245,0.0810641232991928,0.041790141291387896,0.03272283089611983,0.04615278548319147,0.07447784792080005,-0.050472723651430684,0.13110995961272137,-0.06378069222971586,0.07884462782913622,0.06982104792223563,-0.01130921333790997,-0.02419835321684663,-0.1679991288342635,0.10045258520807243,0.05917295218997995
2023-04-01,-0.0005272371343714444,-0.08284588665992548,-0.009815275254272832,0.000960573547748929,0.0025924806043119662,0.017033573988022417,-0.024700571054249353,0.03655400678579766,0.01978584055457326,-0.04497967022515119,0.056572504786116036,0.03949630816667296,0.013316022743025707,-0.010015505964119726,0.040440132868883955,-0.08872716565952737,0.02481846861442617,-0.014543252511673585,0.05193943697052756,0.005419352417510825,0.014636010039369504,-0.08683372468641343,0.05206609472313262,0.03467175022244751,0.055685059786704856,0.03708412643842048,0.05520290509150029,0.047309874728238284,0.07451683364808159,0.026998640213078396,-0.003854749019302349,0.12485824211726614,0.018754495957575917,0.05220963881292383,0.12060338184258185,0.09022670180970958,0.026784123867654063,0.052028491004685026,-0.007974395524223785,-0.0070968472781013855,-0.05317250756022725,0.02888773848007211,0.0067669104837486775,0.05987078377962338,-0.030306902038048346,0.053463726686770026,0.02747830269548148,-0.0017478180170926155,0.03881533778551692,0.0813520095549707,0.004850188419936695,0.05818153189056939,0.029955516750132898,-0.0696329474765017,-0.20935028405449513,0.047920213808758695,-0.020442477627787697,0.0680854578065452,0.07332337796105537,0.08554071555282446
2023-05-01,0.04136413012963019,-0.07914509966477326,-0.10998889662222351,-0.1109524231986231,0.14926812727903765,-0.07960740840790075,0.25494021499191416,-0.031807292474947874,-0.009698700091199094,-0.014893282129679372,-0.0725578377445742,-0.04117500538605844,0.017787455351596815,0.08825320966765829,-0.12189521433211317,-0.08895494002779766,-0.15297626362434869,-0.10461606572979622,-0.17036226322909503,0.04537470519519757,-0.06373199727268418,-0.09198310338842887,0.03753171033826521,0.13017037779595414,-0.04155062083468458,-0.02408984910383318,-0.03664693006187934,-0.02891124760691744,-0.026863583865204745,-0.06856771463188992,-0.09168127379973948,0.10534927874403341,0.044435797130755156,-0.04629955563409499,0.07867439363529498,-0.04157179943652395,-0.0794201293190717,0.07952235767319915,-0.04256675767380926,-0.1445313588832516,0.1451354844137564,-0.20412892677785238,0.2748970048603896,-0.07867464190714304,-0.05181558239789643,-0.06917406119298619,-0.009025183753337081,-0.048670613165954134,-0.08040761478110205,-0.04787904095595502,-0.1418820483669132,-0.03109005597114553,-0.06100126720695609,-0.08901691366504955,0.21961493560053186,0.015566861418348454,0.010732809689434002,-0.05199140569952242,-0.05509650881282641,-0.12958373566292136
2023-06-01,0.09041412434282718,-0.023191282958048967,0.025106445772707577,0.05077644488553237,0.08220326258213317,0.10178089395801192,0.07009194238554313,0.018844538563772772,0.03740921121441525,0.16005997143603226,0.040554961479720056,0.05676525721270591,0.04932872317000405,-0.03730422167130131,0.05753495849866575,0.16324608916165884,0.01870998938816091,0.02979058578137248,0.0891242861982087,0.049265502761580315,0.03522383333252021,0.15410671347421964,0.06739927153151787,-0.023262437632047512,-0.004717567537776281,0.0804227961531317,0.08376289806404018,0.05415859045900119,0.06683110586767035,0.010447092046150717,0.11763556038609099,0.08527252333334655,0.08470066553031808,0.06434692723591458,0.09324270758681008,0.04226696732166236,0.039676499049400855,0.030350564384957694,0.013884058072433772,0.05776238440620091,0.12730257206877876,0.05419093361251857,0.12124832625119678,0.02942611453254836,-0.02036363290407866,0.05914814603129518,-0.01233162116205027,0.03617753608416088,0.07008648779261106,0.15422166031835605,0.12999633668106145,0.013743837512301672,0.09257637288540722,-0.003844936597802384,0.23762201683706355,-0.03384603434891874,0.0624691145965493,0.1161445845516622,0.052152980047646194,0.04653989560918852
2023-07-01,-0.0046056763087570785,0.09289182105503034,-0.013909432620476447,-0.014673686445348492,0.024100653492318363,0.024842182257273204,0.03357170907465977,0.11793532767506748,0.07405225490388241,0.07905785239832859,-0.014937827601060693,0.13462612704391966,0.03657292603134073,0.05498093636108819,0.03601202210652613,0.06727812980462466,-0.007852942793932121,0.030924851516632573,0.09455858146139676,0.03725065866222073,0.03216675392336166,0.10791589659009178,0.05103272027206494,0.09998132579041472,0.10340623794602993,0.07709261837361214,-0.06362854693298403,0.026035528284965595,0.07886383373974933,0.020773841770836986,0.014452502630810368,-0.03168382514679816,0.05728953965142469,-0.007967334957265385,0.10612765675735682,-0.06963375726521365,0.07737230398638723,-0.004286813392002485,-0.016328462710850887,0.02339471012945976,-0.017257642617516274,-0.004838182722440758,0.0915435476805293,0.00951009170619658,-0.02352454730190528,0.0370717799875348,0.03329741965339476,-0.015822882665328587,-0.0936293063015315,0.047558923400562184,0.18183706846418726,0.03767842168661614,0.10394871046702746,-0.08759120792611245,0.03119628635601556,0.06379539741569715,0.13738077144731287,0.08602779283561154,0.0069324897315004765,0.01009829277989992
2023-08-01,-0.033317394659792735,0.01784784577303948,-0.0730325940124752,-0.016783118912701796,0.006721060956972294,-0.02014114516036774,-0.002784387327132022,-0.13044358662549738,-0.06403448357616483,0.033735310237502245,-0.04880427208308918,0.036170372798478616,-0.0028526085442851096,0.035948476667703226,-0.0009307976861302487,-0.00541835144578004,-0.0595339217325859,-0.07191718664585138,-0.09140375236880438,-0.02832956203796419,-0.021065206900990546,-0.1446023734547651,0.01884695062108472,0.01717014826346365,-0.09179592596156788,-0.025741541325979472,-0.018586294985586213,-0.020515280782374384,-0.0699416628444794,-0.039834810912062174,-0.0011884382639738358,0.15022657039469894,-0.008285787561848678,-0.04561102942680965,-0.04483341437769501,0.03792085826880006,-0.039737682624988585,0.00238456410529728,-0.0930948511265864,-0.07348530235131248,0.0150631762943181,-0.08086451579053369,0.06073473181489984,-0.05832748794627485,-0.013248143736694331,-0.004292341778938214,-0.001279325868195624,-0.008063421420064373,-0.021255333819027614,-0.015106801184888274,-0.007531222362403847,-0.09167053732989186,-0.09822739519284282,0.003228826875675654,-0.036610203131259574,-0.04863098647922312,-0.05234969722633455,-0.11682892425181403,-0.014561475334987896,0.02348328677890546
2023-09-01,-0.06801653092949674,0.029922423222360713,-0.016078658424443285,-0.0881029101116515,-0.0932650604889594,-0.041575337842744566,-0.09588943972642168,-0.03469601469570876,-0.07507746615556637,-0.04555587028447865,-0.013990167517318821,0.006513048320565688,0.04464611917068213,-0.05319702404833356,0.06189486364778297,-0.08928613348374373,-0.03448818698268269,0.01796310403677181,0.041390097998230714,-0.07669665282383496,-0.05674541857109335,-0.07938218350081505,-0.04902547578131794,-0.040110896613672516,-0.014404970074294076,-0.09821341845097052,-0.008459057283672612,-0.04655966010941328,-0.0002476072504414232,-0.04890583183791703,-0.021758195793801064,-0.03840549300548518,-0.13181746950988035,-0.071063106054686,0.011069195926559715,-0.0613380652054726,-0.0472606751373022,-0.046785347325595125,-0.13876771612949856,-0.09411546709308569,-0.08614226103015268,-0.034585802303814916,-0.08552206225085288,-0.019935659050908317,-0.03303387789844994,-0.06281480850618536,-0.11420915762299227,-0.05258123563699702,-0.19119112639490593,-0.07375645009636225,-0.026022040163810364,-0.05557411208760442,-0.07461994878675156,0.004646465338620983,-0.04451364630574726,0.03805941264281912,-0.09596810165340072,-0.028390061272711785,-0.010599444172522262,0.038593596917696066
2023-10-01,-0.03678189740140235,-0.08718289030836321,-0.05754748497461146,0.06421981249154504,0.002415052367281352,0.0006651062111105452,0.020215018957427194,-0.009681509962648133,-0.03653909304652834,-0.1524430533803409,0.05773847229221921,-0.020164402694740357,-0.022916816840923556,-0.04517360334013803,-0.15553491357856783,-0.04263639265316391,0.006137635591976089,-0.04518783879726881,-0.0732407130389046,-0.003484421875530469,0.04112691377020734,-0.10150263181613463,-0.01296687227227433,-0.05241715002657624,-0.03646270790015024,-0.04123541352716906,-0.01265751873597741,-0.013476402667289292,-0.024007672942252548,-0.013590155709656163,-0.026710261235859983,0.026986418434363935,-0.08834804888903841,-0.0205405699354659,-0.02738199152937948,0.006060455537496701,-0.13474422183722554,0.062289540123580664,0.016495185286725552,0.03605622690043256,0.0886603859223974,0.08934298317665382,-0.03022449837745056,-0.017104188376278157,-0.040463208117468445,0.02432927707331131,-0.08815502183088667,-0.0793432102632614,0.14138947197707424,-0.030207254346459232,-0.02167565506939572,0.0492262120000576,0.03135756896971503,0.07944704025474209,-0.1765935276589461,0.08569735446254242,0.014132795349798399,-0.06448552630395339,0.04482504303024032,-0.08546402186548954
2023-11-01,0.08099559674496021,-0.006742408002462508,0.07853520929444079,0.1699202363800076,0.10833719741798356,-0.04769637618884239,0.09688522888542313,0.1525581754694582,0.2088000277930568,0.1327917228002976,0.04915619046510501,-0.05019658830333157,0.04046433208190463,0.1817415751374097,-0.03593875438105332,-0.02188632808510477,0.11694695717846089,0.03367589001154842,-0.01693012164491238,0.10689128150013692,-0.019698482080327498,0.12836224150984513,0.11863110470347507,0.08239656204038295,0.12693566651940064,0.10720164020809289,0.056041845605918864,0.07291355750928336,0.12795789529633478,0.028767284421964003,0.09580612951611588,0.08408872234324466,0.08604193018949773,0.06987460834000656,0.06739742183420318,-0.01457448144675487,0.11198874798170766,0.10341440521748689,-0.00097777171973241,0.074906559047057,0.08717749479874767,0.043140655618251755,0.09268922729777429,0.01546243805702797,-0.03471955707424498,0.03212316261873527,0.13748062236369782,0.08245612233430528,0.013097404169854079,0.16677388859284278,-0.050592581394520844,0.0663076607986148,0.1474851260035898,0.1172404407178408,0.18876044039746756,0.03429699569602618,0.1009338578497032,0.1286837670279949,-0.01460472787879439,-0.006197993930092734
2023-12-01,0.01511410294696193,0.09172510525736738,0.06765653505890146,0.04967524291990508,0.040303649061101184,0.01077394437558243,0.17372406200514384,0.10258050374418,0.06782552491970749,0.16144831334596457,0.00433203610213222,0.0015379205221124417,0.10845564136933879,0.05805361846938728,0.04297241621048674,0.09058249344080936,-0.03763921507443243,0.0664974450698535,-0.036362707622721535,-0.012251832037972489,-0.060362090078471486,0.12854581403723453,0.04418756172822277,0.049348623157946914,0.12598151314899725,0.10709301137498951,0.06555529276592012,0.04614369961116512,0.08175916122033544,0.019365837981262107,0.031326330536668556,-0.02222700698226305,0.12089188454904898,0.048330221954152264,0.07661859916147971,0.05900633771959085,0.15892196065226333,-0.003629323093548422,0.04729784289846504,0.040281163445973,0.027761313314236244,-0.02125660590535952,0.06132544991110088,0.02142618686584203,-0.04032371074311281,-0.058169200275817706,0.1474728204555558,0.16674375752967363,0.036264612892817065,0.11944578956882432,-0.004185455956913026,-0.009597535481426826,0.13791289045628813,0.01580292401238184,0.03155738365848592,-0.04023507408264274,0.08629239841735435,0.09633628016150951,0.0085017754516053,-0.01887478345882931
2024-01-01,-0.06047388124969588,0.03485457911199143,-0.022663385994821816,-0.1026488384258255,0.05744934072854775,-0.06634729449451181,0.061582317325392814,0.015575735064010592,-0.04173573728873826,0.04166404328599697,0.04900308910575106,-0.05498348847363149,0.04210326497221571,0.0013227924250177464,-0.04599364817753444,-0.04092645191256229,0.052281490982183675,0.0033973143573298344,-0.02425147027993577,0.019701029229421917,-0.03542149090095302,-0.04050444439607915,0.04033334405223818,0.004956359092944227,0.010928142406534794,0.03548067151701663,-0.057237730801276934,0.05743134801596571,0.015976035635058408,0.006942799458792034,0.02538654997373467,0.14299831116700323,0.007689188707330964,-0.004694288180155623,0.08312263665291077,0.10101276876884986,-0.0759487699418417,0.052653068084797125,-0.034786683550653355,-0.16166464946648273,0.05620165809003348,-0.11951788716181638,0.14305398290853144,-0.04675155305303809,-0.11376428860452412,0.07529706306952999,-0.034877464235116,-0.05717842575811827,0.09806899653675001,-0.016644591578293053,-0.043939326527852776,0.012450531337695874,0.018264580030780193,0.07127545280312558,-0.2677642791017029,-0.01902060940555468,0.017571743467507873,0.04666828494082841,0.07238153806673708,0.05773820863569741
2024-02-01,-0.018615746879094994,0.07684470346156108,0.0885541103944992,0.00825064092801843,0.1466065199923394,-0.08699258136858616,0.09826442261365993,0.020695528800406517,0.03785460890593786,0.13298630360608424,0.018449481895826625,0.00238219327213241,0.05275721157877884,0.05971369152152442,0.007641359473234702,-0.09759348332563048,0.15183819187210965,-0.019480789774342873,0.022634247480833217,0.06869410161855395,0.028172522684381092,-0.023654783574991196,0.16711006271889087,-0.014242965782050332,0.027544030373933708,0.08863901153937094,-0.04410579448616346,0.03923839584023928,0.06994639446959107,0.016888731764723428,0.1170193391169628,0.18008008247666066,0.1703395537717123,-0.0042382321102088505,0.21818849428310422,0.04613262947348276,-0.007137490557464286,0.0431415687522592,-0.054904846461663326,-0.09226887031352514,0.00859226460677294,-0.0070166284733617565,0.20442602190187067,-0.05761127161230152,-0.044463501565931166,0.028512669183799983,0.05792288948516951,0.0034393546800838845,-0.009592737029678805,0.08941072276962872,0.005382651479772597,-0.02051336126810789,0.08947961057701836,-0.016256200113241182,0.07828443175081326,-0.03199462101813449,0.05003850945638099,0.1031528557640832,0.07454135437605675,0.03356574955216712
2024-03-01,-0.02875241157566725,0.06038278681427577,0.03620356553838136,-3.8547646403671795e-05,0.024341109592168026,0.045316184235407356,0.021141663615940436,0.09697118774315272,0.01932881194741916,0.09011763151855615,0.03829165936469323,0.13915037241950792,-0.006830254847444765,-0.017812410602690246,0.048604822068988515,0.11883604567636291,0.09246211814892014,0.08961640941065213,0.11260821956482683,-0.0638979150419752,0.04885694155159479,0.21410923144901084,0.10660004534287672,0.08037095842995166,0.0779708213220363,0.007410996508384085,0.027595017153501322,-0.01035947131022314,0.06556832359759697,0.03618614917242611,0.05322332335668067,0.0369589148499861,0.06352233757722153,-0.03431876822763099,-0.0015174149045666142,0.04166033973208769,0.09257454724399672,0.030848234829973502,0.16283337497010464,0.13264864285706274,0.005215205753050458,-0.10181684760285366,0.12548511598684647,0.04762196224476745,0.029083437558685216,0.016429816522651984,-0.029501819285232454,0.016287724169892534,0.07917114433345541,0.033778788683143955,0.1259840167784998,0.06864986600079945,0.05085196551513574,0.02690156749655818,-0.15187421175982183,0.004114305633582649,-0.03551318603391314,0.03212207372322115,0.01113059428517223,0.10946623330800839
2024-04-01,0.00895659283187304,-0.08418982863345081,-0.0005411420754471061,-0.1265359990656714,-0.044720382151400194,-0.0053239187203470584,-0.027559437938951742,-0.029311574433807126,-0.11619605091342694,-0.1096017479873255,0.028564759220339346,0.004198988562684148,0.010722553834743728,-0.06659887303041334,0.034428379893808564,-0.01999536979985757,-0.08628196749630493,0.033025612933685305,-0.035906331185689505,-0.15255910116640745,0.03161356591593954,0.036988715921845175,0.13243014590954738,0.04940883240150755,0.0239134773119768,-0.12839453840217155,-0.07707189657674592,-0.07754219941618487,-0.06452691966290955,0.029418079518680057,-0.03718195823703565,-0.02449890325859365,-0.1316884777526991,-0.03198987990089063,-0.10143620806276572,0.00906759275714516,-0.01205329229733015,-0.04780758119141715,0.08045258919902196,0.15317421088684502,-0.08674269554972477,-0.008402006452292665,-0.023294388544290345,-0.017410661702833362,-0.07595173725026781,-0.013884365181680087,-0.22939228131917141,-0.08748107633147523,0.04194572482219077,-0.1354299402236157,-0.17437064298805532,-0.001988326881029713,-0.0982385294585672,-0.05526028002977767,0.03053454315562292,0.0006185278579534971,-0.04235463665689077,-0.02405608660105807,-0.059227469090211544,-0.0013355983828941993
2024-05-01,0.054928946087526506,-0.040280262042378605,-0.004736016894640975,0.11256264027275042,0.04045761411640607,0.1372520234605921,0.05286592299436771,0.07569911080002242,0.01514639218775626,0.01337059827785469,0.0532644111239671,-0.05486246953206332,0.10931440018196201,-0.19706027119089384,0.0010002024291052595,-0.08225618878921709,-0.04587368018313828,0.08349742100890047,-0.026426327195772027,0.08644239723449253,-0.02769231755847148,0.028641015644378893,0.0349314651611356,0.07791179340495022,0.07989993355149404,0.021933752581644,0.0773188556504081,0.002241498871371978,0.07157692590128363,0.020883635076135235,0.07633970781182368,0.08733791017825593,0.008595588246065097,0.007490794640490919,0.08257250776175602,-0.04392628076149929,0.051822218578312505,0.07167766966494418,0.14762480700693326,0.07075710887638015,0.04890795131862366,-0.04384666877636867,0.17364803887094182,-0.050455241765347034,0.0783490944144644,0.03877040393567636,0.09690515966441791,0.06652396022474259,0.06627774970094609,-0.011095836542478834,-0.048675018804360905,0.11545936881603658,0.07970463538203232,0.09077394161392052,-0.02686680861090984,-0.008333735614547966,-0.009498116839540128,0.0980593684260746,0.10267502298922161,0.02618414298229821
2024-06-01,0.05996652376269069,0.026070967186014628,-0.08740458002589015,-0.04058778428769933,0.07600359168163845,-0.048675440717260966,0.18112444534631686,0.0073642449879991875,0.014862479405899728,0.006001163479840369,0.03993329577850419,-0.009889659375477826,0.03990939420434285,0.032158972279772664,-0.04723384781162888,-0.017154544809433975,-0.03314204276202831,-0.04869307649411826,-0.024778519569474505,-0.014592276949970775,-0.050240494851541084,-0.057503077128186864,-0.03569184755743079,0.0429031437339019,0.024722664898804488,0.049108993147422876,0.03168761332998893,0.002422512763844137,0.01810806962218326,-0.001588085966462767,-0.04909047350226176,0.10558378389350984,0.0065171751936462605,-0.012516528359890852,0.07352945068296278,-0.0015511191848866911,0.007932067142536506,0.06832434547737919,-0.12110501620298655,0.02242206789077137,0.029754047789218415,-0.23218108413888358,0.11357349852733944,-0.045789511591398886,0.0011531296169386366,-0.015305972066596158,0.04568234774441925,0.06904174657598217,-0.024433433883462585,0.03069911449311858,0.03869684802630134,-0.013367894662191966,0.033096088944945874,0.08217464007883055,0.1330444579475799,0.0452353625559318,0.016926146911663685,-0.01264243581536726,0.038376145320315545,0.004763551894227398
2024-07-01,0.040828479039430654,0.08392328625665325,0.07766609264381484,0.0950649409901985,-0.025075933170342058,0.027766708027926315,0.010614590872635544,0.010578818547522278,0.12177331882408908,0.0024400733827638424,0.0243980313041933,0.004817533350611622,0.004572000621161622,0.0471626822531573,0.06071256433902031,0.019287713878934392,-0.022465280240960617,0.09098789105893247,0.028866028196185545,0.050301411436257965,0.05468980492601695,-0.07655053919547078,0.06796841762808278,-0.08253418291360456,0.09125817559878863,0.04887294375430072,0.027220250840804136,0.03981626540189937,0.021063544968882332,0.05518292417404435,0.10033835560581142,-0.11299634568459503,0.06671710829803806,0.07619851677489861,-0.03604121876472134,-0.07914033865370142,0.06146400608177104,-0.0518739066394622,0.05893104627014574,0.17739550797072912,-0.060808762171466885,-0.018492598338608127,-0.0669719779061391,0.033363414297115083,0.06954005455797775,0.022730363327659545,0.13149057441001824,0.04639533660727154,0.1500461569101902,0.1361565992096081,0.013802118282503138,0.09149026207326172,-0.0022453276736262053,-0.04751520776434559,0.14452992889058086,0.09020911224842496,0.06231315641856866,0.08859706995168505,-0.021518725070929237,0.017272816917539097
2024-08-01,0.0056936225444583,0.04037288462314599,0.06038840869906427,0.03871126441471935,-0.029006776424887887,0.036813781551649605,-0.008996582492441507,-0.0010443968887983018,0.042044312249748236,0.027580374403143967,0.05733300930180095,0.003734078119250552,0.0720755084235415,0.022746881581016305,-0.07445452929350463,0.04337883362826868,-0.031998961400131115,0.005958309967923459,0.0474408185240344,0.05071631400899185,0.011528032170637477,-0.01847520650629904,0.04673716308407638,-0.02728077334501795,-0.022186527043272293,-0.017763448534622334,0.05199010224901872,0.05205674887051907,0.05331717149327198,0.05428920373951185,0.0544791033585171,0.16747273973212856,0.008130594098323235,0.06852124183966571,0.07431977782239829,0.020437462829519713,-0.008281136948504712,-0.020212946610322052,0.039712237421318186,0.06892031463063933,0.11865922351525096,0.11026804074623892,0.031366841661361305,0.024668955771801504,-0.03147907470990863,0.10215940023981152,-0.003395092183063466,0.1437603782662603,0.03881950004820883,0.048980988990284705,-0.0627895201594084,0.05363566752689006,0.08827169437892053,0.04384664799967371,-0.057272907386430226,0.005000269238298858,0.0320931678946748,0.030476017163711257,0.1401774563839938,0.013360242747145418
2024-09-01,0.021788690927223405,0.010365990739483636,0.019792909386721267,0.03187554007867447,0.03791013627047754,0.06926229097714956,0.06264506702340815,-0.023953056188076933,0.04848916145011381,0.0932766612269609,-0.020932177660474234,-0.06457898551210402,-0.0026275935631379687,0.06703145990104206,0.006470632926598007,0.07828608383369759,0.06493592448122892,0.028822958887789383,-0.05782385711698238,0.06650378350233868,0.0755079471446986,0.11654621950307459,0.07235696442415711,0.005525936216673841,-0.01835973303348931,0.10492852503383694,0.00032807346937442346,-0.01641894469194791,-0.06346673790897353,-0.002665050681873088,-0.0023306359852307205,-0.07764379152984784,0.08798914650093656,0.06026064450375474,0.1009130066356509,-0.0331520798046739,0.011970481119278027,0.03813845783613261,0.057635650192884066,0.009953109784127842,0.006874604926282938,0.05608635471923738,0.010909052154013093,-0.02574659742806326,-0.006193635248588569,0.0072364284778245296,-0.00540519197083655,0.06190251975156974,-0.007170067183902142,0.03622161000484848,-0.05709938571053223,0.048064089397005696,0.008722050303375369,0.10102534053749682,0.196022836831391,-0.0057658987327235,-0.033257560505057404,-0.032363428080887116,0.03836063449441945,-0.0030713509989990576
2024-10-01,-0.015910689336826773,0.046231810596740225,-0.035188188250273325,-0.09256215821547334,-0.0013131719357970411,0.0693255599475715,0.02291231817188274,0.0818956278382806,0.04353535186729812,-0.024045860511053452,-0.08404730470339379,0.048567581888233215,-0.018777996749222915,0.005994648424316643,-0.00420273150478419,-0.05055501490752552,0.0011436786318117134,0.04134174558170684,-0.025702130726307698,0.027978765258059583,-0.03166353033321613,-0.11548795893543776,-0.10187457712003406,0.015627070434122748,0.05868963899931376,-0.02260122587401893,0.010738132103257813,-0.010304599192697167,0.04341498477173963,-0.06375862308684765,-0.020836705447708975,-0.04977416443806339,0.01197585867846434,-0.01518132389740236,0.0037262140045618234,-0.08766198192596873,0.11118927085733356,-0.04439805359098634,-0.05380081295271035,-0.14791259022874775,0.029359478385402905,-0.1516947634866958,0.049856179440913764,-0.07169067117488616,-0.04974205394687478,-0.04971175467047311,-0.09078219817900066,-0.08548144169455879,0.006208959429834503,-0.07286987537565567,-0.06419970419335659,0.007835438473259201,0.009098082659109698,0.040073951234261856,-0.061405019563776114,-0.03081879825783368,-0.07320428827384351,0.11513975519379874,-0.01129691143885255,-0.011049392066495387
2024-11-01,0.0996376276844901,-0.06368967860068507,0.058251293236543815,0.00510527155100109,0.11253685148864159,0.11192600136805511,-0.009786456128227858,0.14300276949188379,0.04058990536732489,0.12979020440440775,0.039944040644392415,-0.011648392555598974,0.0914689608672487,0.06409941922054772,0.04939502621276865,0.10620728495209118,0.1693543404095888,0.07042879890593531,0.05458960545769505,0.08355119631684449,0.01866792430382976,-0.043226663241424546,0.04283520302045667,0.011967689677438996,0.17122043597182926,0.10007735383771155,0.09518059644195831,-0.006731818403843969,0.1146127093308181,0.020033065922259143,0.0031740535440126817,-0.05335530715511612,0.09751601297153903,0.01680345092247371,0.00972667352877677,-0.005269547913580305,0.13948083773714298,0.05560854442607924,0.014464936970870562,-0.09537793918772094,0.1766306924847361,0.04188217381103798,0.029930257569297555,-0.04650161471765804,-0.08724296852728866,0.040270550540500626,0.036513034394019296,0.0531009497475643,0.004873475414341001,0.08820385576264642,0.06497751998437368,-0.039321287203130384,0.08398966888882076,0.07141905214359275,0.2873449178714543,0.10497439634283773,0.039979543954796345,0.054157876732166904,0.1045481375750224,-0.002629518057006907
2024-12-01,0.032563836601148255,-0.038579904627435,-0.12504500123142925,-0.11491832263900424,0.042075134276997446,-0.16768050604800713,0.320273074202951,-0.10384435399958754,-0.019385090244180447,-0.15629189603503416,-0.0755845016537773,-0.0711085534587671,-0.01669982299809429,0.07648474543200735,-0.07904679193485509,-0.05676315479566355,-0.04450889043135079,-0.11579503105572445,-0.0762880409383637,-0.047736557936633985,-0.038281638216451815,-0.13561684107723482,-0.08941152078487775,0.09506402709626328,-0.06816123928841723,-0.10071499854668067,-0.015717717788497267,-0.07119854170853462,-0.034942652947862536,-0.04367291253140823,-0.11595161622024146,-0.03486820364116941,-0.1648525369092012,-0.028146308323911243,0.028438108335836446,-0.013087345904134155,-0.03544782468432203,-0.01684393603160376,-0.10686213466648214,-0.10040601503197889,0.02897860201724465,-0.0331862827048557,0.007793549187710653,-0.019350042446680774,0.05513336096419939,-0.054197063057078596,-0.10085534169349075,-0.14067415405130645,-0.044355068678337266,-0.14419790201630817,-0.1318770928284294,-0.05905129680338854,-0.06585317215288922,-0.054143811255609305,0.16676401911807479,-0.18322116321263857,-0.05585952004679488,-0.02211120093871033,-0.019656503952735712,-0.08364629864739878
